b6,tumor0,nk0,T365,Tfinal,logTfinal,final_regime,regime_code
1.5e-6,1.0,100.0,473.7846923448969,473.77863871879924,2.676491170907561,controlled,0
1.5e-6,1.4962356560944334,100.0,473.7852112517992,473.77863393419364,2.6764911665309365,controlled,0
1.5e-6,2.2387211385683394,100.0,473.7858448173779,473.77864079174276,2.6764911728037455,controlled,0
1.5e-6,3.3496543915782766,100.0,473.78663505866865,473.77863918844395,2.6764911713371595,controlled,0
1.5e-6,5.011872336272722,100.0,473.78764685709217,473.7786396925659,2.676491171798295,controlled,0
1.5e-6,7.498942093324558,100.0,473.78898753177725,473.77864172813366,2.676491173660291,controlled,0
1.5e-6,11.220184543019636,100.0,473.7908475018554,473.77864050180915,2.6764911725385345,controlled,0
1.5e-6,16.788040181225607,100.0,473.7936006554761,473.77864077198063,2.6764911727856684,controlled,0
1.5e-6,25.118864315095795,100.0,473.7980760934004,473.77864072919346,2.67649117274653,controlled,0
1.5e-6,37.583740428844415,100.0,473.8065841651676,473.7786420432725,2.676491173948558,controlled,0
1.5e-6,56.23413251903491,100.0,473.8287368928369,473.77865472528384,2.67649118554918,controlled,0
1.5e-6,84.13951416451951,100.0,474.00834555731444,473.778675208107,2.676491204285441,controlled,0
1.5e-6,125.89254117941675,100.0,9.72146068891843e6,9.721460689612046e6,6.987731569042199,tumor_dominant,2
1.5e-6,188.36490894898,100.0,9.72146068954129e6,9.72146068961205e6,6.987731569042199,tumor_dominant,2
1.5e-6,281.8382931264455,100.0,9.721460689590534e6,9.721460689612173e6,6.987731569042205,tumor_dominant,2
1.5e-6,421.6965034285823,100.0,9.721460689605681e6,9.721460689612046e6,6.987731569042199,tumor_dominant,2
1.5e-6,630.957344480193,100.0,9.721460689609744e6,9.721460689612046e6,6.987731569042199,tumor_dominant,2
1.5e-6,944.0608762859235,100.0,9.721460689606117e6,9.721460689612076e6,6.987731569042201,tumor_dominant,2
1.5e-6,1412.537544622754,100.0,9.72146068961344e6,9.721460689612046e6,6.987731569042199,tumor_dominant,2
1.5e-6,2113.489039836648,100.0,9.721460689610422e6,9.72146068961217e6,6.987731569042205,tumor_dominant,2
1.5e-6,3162.2776601683795,100.0,9.72146068960798e6,9.721460689612078e6,6.987731569042201,tumor_dominant,2
1.5e-6,4731.512589614803,100.0,9.721460689614087e6,9.721460689612076e6,6.987731569042201,tumor_dominant,2
1.5e-6,7079.457843841381,100.0,9.72146068961172e6,9.721460689612048e6,6.987731569042199,tumor_dominant,2
1.5e-6,10592.537251772897,100.0,9.721460689612119e6,9.721460689612133e6,6.987731569042204,tumor_dominant,2
1.5e-6,15848.93192461114,100.0,9.721460689615361e6,9.721460689612051e6,6.987731569042199,tumor_dominant,2
1.5e-6,23713.737056616552,100.0,9.721460689610617e6,9.721460689612158e6,6.987731569042205,tumor_dominant,2
1.5e-6,35481.33892335753,100.0,9.721460689608783e6,9.721460689612104e6,6.987731569042202,tumor_dominant,2
1.5e-6,53088.444423098794,100.0,9.721460689612426e6,9.721460689612132e6,6.987731569042203,tumor_dominant,2
1.5e-6,79432.82347242821,100.0,9.721460689615102e6,9.721460689612046e6,6.987731569042199,tumor_dominant,2
1.5e-6,118850.22274370189,100.0,9.721460689610867e6,9.721460689612051e6,6.987731569042199,tumor_dominant,2
1.5e-6,177827.94100389228,100.0,9.721460689610634e6,9.721460689612053e6,6.987731569042199,tumor_dominant,2
1.5e-6,266072.50597988087,100.0,9.72146068960928e6,9.721460689612065e6,6.9877315690422,tumor_dominant,2
1.5e-6,398107.1705534969,100.0,9.721460689609472e6,9.721460689612126e6,6.987731569042203,tumor_dominant,2
1.5e-6,595662.1435290109,100.0,9.721460689610705e6,9.721460689612158e6,6.987731569042205,tumor_dominant,2
1.5e-6,891250.9381337459,100.0,9.721460689609578e6,9.721460689612063e6,6.9877315690422,tumor_dominant,2
1.5e-6,1.333521432163324e6,100.0,9.721460689611046e6,9.721460689612051e6,6.987731569042199,tumor_dominant,2
1.5e-6,1.9952623149688789e6,100.0,9.721460689610666e6,9.721460689612053e6,6.987731569042199,tumor_dominant,2
1.5e-6,2.985382618917957e6,100.0,9.7214606896099e6,9.721460689612059e6,6.9877315690422,tumor_dominant,2
1.5e-6,4.466835921509635e6,100.0,9.72146068961497e6,9.721460689612046e6,6.987731569042199,tumor_dominant,2
1.5e-6,6.683439175686149e6,100.0,9.721460689614912e6,9.721460689612066e6,6.9877315690422,tumor_dominant,2
1.5e-6,1.0e7,100.0,9.721460689612305e6,9.72146068961214e6,6.987731569042204,tumor_dominant,2
1.5e-6,1.0,125.89254117941675,473.7846889303978,473.77863903953374,2.6764911712009467,controlled,0
1.5e-6,1.4962356560944334,125.89254117941675,473.7852073544225,473.7786349070062,2.6764911674207976,controlled,0
1.5e-6,2.2387211385683394,125.89254117941675,473.78583993201704,473.77864097342643,2.676491172969937,controlled,0
1.5e-6,3.3496543915782766,125.89254117941675,473.78662943936683,473.7786392343692,2.6764911713791686,controlled,0
1.5e-6,5.011872336272722,125.89254117941675,473.7876396138775,473.77863979769836,2.676491171894463,controlled,0
1.5e-6,7.498942093324558,125.89254117941675,473.7889782649576,473.7786414655979,2.6764911734201413,controlled,0
1.5e-6,11.220184543019636,125.89254117941675,473.7908346629168,473.77864072025403,2.6764911727383525,controlled,0
1.5e-6,16.788040181225607,125.89254117941675,473.7935819808944,473.7786410111477,2.676491173004442,controlled,0
1.5e-6,25.118864315095795,125.89254117941675,473.79804556718653,473.778640828773,2.6764911728376184,controlled,0
1.5e-6,37.583740428844415,125.89254117941675,473.8065237420895,473.77864199378604,2.6764911739032913,controlled,0
1.5e-6,56.23413251903491,125.89254117941675,473.8285519912063,473.7786593885079,2.6764911898147727,controlled,0
1.5e-6,84.13951416451951,125.89254117941675,474.0048854738446,473.7786964186099,2.676491223687332,controlled,0
1.5e-6,125.89254117941675,125.89254117941675,9.721460688902965e6,9.721460689612055e6,6.9877315690422,tumor_dominant,2
1.5e-6,188.36490894898,125.89254117941675,9.721460689542415e6,9.721460689612046e6,6.987731569042199,tumor_dominant,2
1.5e-6,281.8382931264455,125.89254117941675,9.721460689590909e6,9.72146068961205e6,6.987731569042199,tumor_dominant,2
1.5e-6,421.6965034285823,125.89254117941675,9.721460689599665e6,9.721460689612085e6,6.987731569042201,tumor_dominant,2
1.5e-6,630.957344480193,125.89254117941675,9.72146068960418e6,9.721460689612074e6,6.987731569042201,tumor_dominant,2
1.5e-6,944.0608762859235,125.89254117941675,9.721460689607367e6,9.72146068961214e6,6.987731569042204,tumor_dominant,2
1.5e-6,1412.537544622754,125.89254117941675,9.721460689610075e6,9.721460689612048e6,6.987731569042199,tumor_dominant,2
1.5e-6,2113.489039836648,125.89254117941675,9.721460689613461e6,9.721460689612078e6,6.987731569042201,tumor_dominant,2
1.5e-6,3162.2776601683795,125.89254117941675,9.721460689608233e6,9.72146068961211e6,6.987731569042202,tumor_dominant,2
1.5e-6,4731.512589614803,125.89254117941675,9.721460689615045e6,9.721460689612051e6,6.987731569042199,tumor_dominant,2
1.5e-6,7079.457843841381,125.89254117941675,9.7214606896097e6,9.721460689612057e6,6.9877315690422,tumor_dominant,2
1.5e-6,10592.537251772897,125.89254117941675,9.721460689613836e6,9.721460689612087e6,6.987731569042201,tumor_dominant,2
1.5e-6,15848.93192461114,125.89254117941675,9.721460689614637e6,9.721460689612044e6,6.987731569042199,tumor_dominant,2
1.5e-6,23713.737056616552,125.89254117941675,9.721460689612847e6,9.721460689612115e6,6.987731569042203,tumor_dominant,2
1.5e-6,35481.33892335753,125.89254117941675,9.721460689609662e6,9.721460689612132e6,6.987731569042203,tumor_dominant,2
1.5e-6,53088.444423098794,125.89254117941675,9.721460689614266e6,9.721460689612081e6,6.987731569042201,tumor_dominant,2
1.5e-6,79432.82347242821,125.89254117941675,9.721460689613435e6,9.721460689612044e6,6.987731569042199,tumor_dominant,2
1.5e-6,118850.22274370189,125.89254117941675,9.721460689609887e6,9.721460689612059e6,6.9877315690422,tumor_dominant,2
1.5e-6,177827.94100389228,125.89254117941675,9.721460689609444e6,9.721460689612063e6,6.9877315690422,tumor_dominant,2
1.5e-6,266072.50597988087,125.89254117941675,9.721460689608648e6,9.721460689612081e6,6.987731569042201,tumor_dominant,2
1.5e-6,398107.1705534969,125.89254117941675,9.721460689611036e6,9.721460689612167e6,6.987731569042205,tumor_dominant,2
1.5e-6,595662.1435290109,125.89254117941675,9.721460689612813e6,9.721460689612117e6,6.987731569042203,tumor_dominant,2
1.5e-6,891250.9381337459,125.89254117941675,9.7214606896089e6,9.721460689612072e6,6.9877315690422,tumor_dominant,2
1.5e-6,1.333521432163324e6,125.89254117941675,9.72146068961075e6,9.721460689612053e6,6.987731569042199,tumor_dominant,2
1.5e-6,1.9952623149688789e6,125.89254117941675,9.721460689610114e6,9.721460689612057e6,6.9877315690422,tumor_dominant,2
1.5e-6,2.985382618917957e6,125.89254117941675,9.721460689609293e6,9.721460689612066e6,6.9877315690422,tumor_dominant,2
1.5e-6,4.466835921509635e6,125.89254117941675,9.721460689614138e6,9.721460689612044e6,6.987731569042199,tumor_dominant,2
1.5e-6,6.683439175686149e6,125.89254117941675,9.72146068961546e6,9.721460689612051e6,6.987731569042199,tumor_dominant,2
1.5e-6,1.0e7,125.89254117941675,9.721460689612804e6,9.721460689612124e6,6.987731569042203,tumor_dominant,2
1.5e-6,1.0,158.48931924611142,473.7846845791848,473.7786393377934,2.676491171473774,controlled,0
1.5e-6,1.4962356560944334,158.48931924611142,473.7852024437868,473.77863597541983,2.6764911683981083,controlled,0
1.5e-6,2.2387211385683394,158.48931924611142,473.78583383413053,473.7786411977082,2.6764911731750947,controlled,0
1.5e-6,3.3496543915782766,158.48931924611142,473.7866223312839,473.7786393521238,2.6764911714868824,controlled,0
1.5e-6,5.011872336272722,158.48931924611142,473.78763047595106,473.77863986705796,2.6764911719579083,controlled,0
1.5e-6,7.498942093324558,158.48931924611142,473.78896657294746,473.7786412307936,2.676491173205359,controlled,0
1.5e-6,11.220184543019636,158.48931924611142,473.7908186142486,473.7786410775048,2.676491173065141,controlled,0
1.5e-6,16.788040181225607,158.48931924611142,473.7935585397802,473.7786408815922,2.6764911728859335,controlled,0
1.5e-6,25.118864315095795,158.48931924611142,473.7980073144344,473.778641046193,2.676491173036499,controlled,0
1.5e-6,37.583740428844415,158.48931924611142,473.8064481055514,473.7786425370012,2.6764911744001867,controlled,0
1.5e-6,56.23413251903491,158.48931924611142,473.82832107927993,473.77866435488687,2.676491194357671,controlled,0
1.5e-6,84.13951416451951,158.48931924611142,474.00066998679256,473.77872375748865,2.6764912486950334,controlled,0
1.5e-6,125.89254117941675,158.48931924611142,9.721460688892618e6,9.721460689612044e6,6.987731569042199,tumor_dominant,2
1.5e-6,188.36490894898,158.48931924611142,9.721460689538542e6,9.721460689612059e6,6.9877315690422,tumor_dominant,2
1.5e-6,281.8382931264455,158.48931924611142,9.721460689593479e6,9.721460689612083e6,6.987731569042201,tumor_dominant,2
1.5e-6,421.6965034285823,158.48931924611142,9.721460689606695e6,9.721460689612055e6,6.9877315690422,tumor_dominant,2
1.5e-6,630.957344480193,158.48931924611142,9.721460689608343e6,9.721460689612119e6,6.987731569042203,tumor_dominant,2
1.5e-6,944.0608762859235,158.48931924611142,9.721460689612737e6,9.721460689612063e6,6.9877315690422,tumor_dominant,2
1.5e-6,1412.537544622754,158.48931924611142,9.721460689607006e6,9.72146068961208e6,6.987731569042201,tumor_dominant,2
1.5e-6,2113.489039836648,158.48931924611142,9.721460689613849e6,9.721460689612046e6,6.987731569042199,tumor_dominant,2
1.5e-6,3162.2776601683795,158.48931924611142,9.72146068961066e6,9.721460689612174e6,6.9877315690422055,tumor_dominant,2
1.5e-6,4731.512589614803,158.48931924611142,9.721460689613277e6,9.721460689612044e6,6.987731569042199,tumor_dominant,2
1.5e-6,7079.457843841381,158.48931924611142,9.721460689608335e6,9.72146068961208e6,6.987731569042201,tumor_dominant,2
1.5e-6,10592.537251772897,158.48931924611142,9.721460689615268e6,9.721460689612055e6,6.9877315690422,tumor_dominant,2
1.5e-6,15848.93192461114,158.48931924611142,9.721460689612623e6,9.721460689612046e6,6.987731569042199,tumor_dominant,2
1.5e-6,23713.737056616552,158.48931924611142,9.721460689615253e6,9.72146068961206e6,6.9877315690422,tumor_dominant,2
1.5e-6,35481.33892335753,158.48931924611142,9.721460689611519e6,9.721460689612163e6,6.987731569042205,tumor_dominant,2
1.5e-6,53088.444423098794,158.48931924611142,9.721460689615462e6,9.721460689612051e6,6.987731569042199,tumor_dominant,2
1.5e-6,79432.82347242821,158.48931924611142,9.721460689610934e6,9.721460689612051e6,6.987731569042199,tumor_dominant,2
1.5e-6,118850.22274370189,158.48931924611142,9.721460689609103e6,9.721460689612068e6,6.9877315690422,tumor_dominant,2
1.5e-6,177827.94100389228,158.48931924611142,9.721460689608676e6,9.72146068961208e6,6.987731569042201,tumor_dominant,2
1.5e-6,266072.50597988087,158.48931924611142,9.721460689608892e6,9.721460689612107e6,6.987731569042202,tumor_dominant,2
1.5e-6,398107.1705534969,158.48931924611142,9.721460689613309e6,9.721460689612104e6,6.987731569042202,tumor_dominant,2
1.5e-6,595662.1435290109,158.48931924611142,9.721460689614974e6,9.721460689612066e6,6.9877315690422,tumor_dominant,2
1.5e-6,891250.9381337459,158.48931924611142,9.721460689608762e6,9.721460689612078e6,6.987731569042201,tumor_dominant,2
1.5e-6,1.333521432163324e6,158.48931924611142,9.721460689610083e6,9.721460689612057e6,6.9877315690422,tumor_dominant,2
1.5e-6,1.9952623149688789e6,158.48931924611142,9.721460689609379e6,9.721460689612065e6,6.9877315690422,tumor_dominant,2
1.5e-6,2.985382618917957e6,158.48931924611142,9.721460689608755e6,9.72146068961208e6,6.987731569042201,tumor_dominant,2
1.5e-6,4.466835921509635e6,158.48931924611142,9.721460689612878e6,9.721460689612046e6,6.987731569042199,tumor_dominant,2
1.5e-6,6.683439175686149e6,158.48931924611142,9.721460689614829e6,9.721460689612046e6,6.987731569042199,tumor_dominant,2
1.5e-6,1.0e7,158.48931924611142,9.721460689614894e6,9.721460689612044e6,6.987731569042199,tumor_dominant,2
1.5e-6,1.0,199.52623149688787,473.78467905356683,473.77863951265726,2.676491171633727,controlled,0
1.5e-6,1.4962356560944334,199.52623149688787,473.7851962486282,473.7786370051252,2.6764911693400113,controlled,0
1.5e-6,2.2387211385683394,199.52623149688787,473.7858262234324,473.77864146734674,2.676491173421741,controlled,0
1.5e-6,3.3496543915782766,199.52623149688787,473.7866133284353,473.778639366846,2.676491171500349,controlled,0
1.5e-6,5.011872336272722,199.52623149688787,473.787618966457,473.77863974401953,2.6764911718453614,controlled,0
1.5e-6,7.498942093324558,199.52623149688787,473.78895184094887,473.77864017146123,2.6764911722363554,controlled,0
1.5e-6,11.220184543019636,199.52623149688787,473.79079857429633,473.7786411513363,2.6764911731326766,controlled,0
1.5e-6,16.788040181225607,199.52623149688787,473.79352914405376,473.7786410833908,2.676491173070525,controlled,0
1.5e-6,25.118864315095795,199.52623149688787,473.79795943238287,473.7786414246765,2.6764911733827095,controlled,0
1.5e-6,37.583740428844415,199.52623149688787,473.80635352134794,473.7786434220308,2.67649117520975,controlled,0
1.5e-6,56.23413251903491,199.52623149688787,473.8280333728997,473.7786539460038,2.6764911848363484,controlled,0
1.5e-6,84.13951416451951,199.52623149688787,473.99557445717784,473.7786631839996,2.6764911932866244,controlled,0
1.5e-6,125.89254117941675,199.52623149688787,9.721460688872289e6,9.721460689612174e6,6.9877315690422055,tumor_dominant,2
1.5e-6,188.36490894898,199.52623149688787,9.721460689541271e6,9.721460689612113e6,6.987731569042202,tumor_dominant,2
1.5e-6,281.8382931264455,199.52623149688787,9.721460689589519e6,9.721460689612154e6,6.987731569042205,tumor_dominant,2
1.5e-6,421.6965034285823,199.52623149688787,9.721460689600099e6,9.721460689612115e6,6.987731569042203,tumor_dominant,2
1.5e-6,630.957344480193,199.52623149688787,9.721460689606912e6,9.72146068961205e6,6.987731569042199,tumor_dominant,2
1.5e-6,944.0608762859235,199.52623149688787,9.721460689607807e6,9.721460689612055e6,6.9877315690422,tumor_dominant,2
1.5e-6,1412.537544622754,199.52623149688787,9.721460689609908e6,9.721460689612169e6,6.987731569042205,tumor_dominant,2
1.5e-6,2113.489039836648,199.52623149688787,9.721460689609341e6,9.721460689612055e6,6.9877315690422,tumor_dominant,2
1.5e-6,3162.2776601683795,199.52623149688787,9.721460689614493e6,9.721460689612065e6,6.9877315690422,tumor_dominant,2
1.5e-6,4731.512589614803,199.52623149688787,9.721460689609768e6,9.721460689612055e6,6.9877315690422,tumor_dominant,2
1.5e-6,7079.457843841381,199.52623149688787,9.721460689609166e6,9.721460689612126e6,6.987731569042203,tumor_dominant,2
1.5e-6,10592.537251772897,199.52623149688787,9.721460689614046e6,9.721460689612044e6,6.987731569042199,tumor_dominant,2
1.5e-6,15848.93192461114,199.52623149688787,9.721460689609876e6,9.721460689612057e6,6.9877315690422,tumor_dominant,2
1.5e-6,23713.737056616552,199.52623149688787,9.721460689613858e6,9.721460689612044e6,6.987731569042199,tumor_dominant,2
1.5e-6,35481.33892335753,199.52623149688787,9.721460689614061e6,9.721460689612085e6,6.987731569042201,tumor_dominant,2
1.5e-6,53088.444423098794,199.52623149688787,9.721460689613795e6,9.721460689612044e6,6.987731569042199,tumor_dominant,2
1.5e-6,79432.82347242821,199.52623149688787,9.721460689609142e6,9.721460689612066e6,6.9877315690422,tumor_dominant,2
1.5e-6,118850.22274370189,199.52623149688787,9.72146068960863e6,9.721460689612081e6,6.987731569042201,tumor_dominant,2
1.5e-6,177827.94100389228,199.52623149688787,9.721460689608853e6,9.721460689612105e6,6.987731569042202,tumor_dominant,2
1.5e-6,266072.50597988087,199.52623149688787,9.721460689610424e6,9.72146068961215e6,6.987731569042204,tumor_dominant,2
1.5e-6,398107.1705534969,199.52623149688787,9.721460689615358e6,9.721460689612059e6,6.9877315690422,tumor_dominant,2
1.5e-6,595662.1435290109,199.52623149688787,9.721460689615337e6,9.721460689612059e6,6.9877315690422,tumor_dominant,2
1.5e-6,891250.9381337459,199.52623149688787,9.721460689608637e6,9.721460689612087e6,6.987731569042201,tumor_dominant,2
1.5e-6,1.333521432163324e6,199.52623149688787,9.72146068960929e6,9.721460689612066e6,6.9877315690422,tumor_dominant,2
1.5e-6,1.9952623149688789e6,199.52623149688787,9.721460689608732e6,9.72146068961208e6,6.987731569042201,tumor_dominant,2
1.5e-6,2.985382618917957e6,199.52623149688787,9.721460689608695e6,9.721460689612092e6,6.987731569042201,tumor_dominant,2
1.5e-6,4.466835921509635e6,199.52623149688787,9.72146068961102e6,9.721460689612051e6,6.987731569042199,tumor_dominant,2
1.5e-6,6.683439175686149e6,199.52623149688787,9.721460689613272e6,9.721460689612046e6,6.987731569042199,tumor_dominant,2
1.5e-6,1.0e7,199.52623149688787,9.72146068961552e6,9.721460689612048e6,6.987731569042199,tumor_dominant,2
1.5e-6,1.0,251.18864315095797,473.78467205831043,473.77863977242515,2.6764911718713447,controlled,0
1.5e-6,1.4962356560944334,251.18864315095797,473.7851884190048,473.77863793653233,2.676491170191998,controlled,0
1.5e-6,2.2387211385683394,251.18864315095797,473.7858167248365,473.7786418024248,2.6764911737282473,controlled,0
1.5e-6,3.3496543915782766,251.18864315095797,473.7866019106141,473.7786388735356,2.6764911710491033,controlled,0
1.5e-6,5.011872336272722,251.18864315095797,473.78760449458025,473.7786399857097,2.6764911720664424,controlled,0
1.5e-6,7.498942093324558,251.18864315095797,473.78893329710536,473.7786399551653,2.676491172038503,controlled,0
1.5e-6,11.220184543019636,251.18864315095797,473.7907735664094,473.77864153082487,2.6764911734798065,controlled,0
1.5e-6,16.788040181225607,251.18864315095797,473.79349232787,473.7786414018453,2.676491173361825,controlled,0
1.5e-6,25.118864315095795,251.18864315095797,473.797899576878,473.77864203997296,2.6764911739455397,controlled,0
1.5e-6,37.583740428844415,251.18864315095797,473.80623535158674,473.77864335231413,2.676491175145978,controlled,0
1.5e-6,56.23413251903491,251.18864315095797,473.8276759380249,473.7786458191929,2.6764911774025073,controlled,0
1.5e-6,84.13951416451951,251.18864315095797,473.98947361551444,473.7786543805924,2.67649118523388,controlled,0
1.5e-6,125.89254117941675,251.18864315095797,9.721460688847553e6,9.721460689612055e6,6.9877315690422,tumor_dominant,2
1.5e-6,188.36490894898,251.18864315095797,9.721460689537406e6,9.721460689612145e6,6.987731569042204,tumor_dominant,2
1.5e-6,281.8382931264455,251.18864315095797,9.721460689590124e6,9.721460689612173e6,6.987731569042205,tumor_dominant,2
1.5e-6,421.6965034285823,251.18864315095797,9.72146068960075e6,9.72146068961206e6,6.9877315690422,tumor_dominant,2
1.5e-6,630.957344480193,251.18864315095797,9.721460689608036e6,9.721460689612128e6,6.987731569042203,tumor_dominant,2
1.5e-6,944.0608762859235,251.18864315095797,9.721460689609116e6,9.72146068961216e6,6.987731569042205,tumor_dominant,2
1.5e-6,1412.537544622754,251.18864315095797,9.721460689612849e6,9.721460689612044e6,6.987731569042199,tumor_dominant,2
1.5e-6,2113.489039836648,251.18864315095797,9.72146068960808e6,9.721460689612117e6,6.987731569042203,tumor_dominant,2
1.5e-6,3162.2776601683795,251.18864315095797,9.721460689612174e6,9.721460689612044e6,6.987731569042199,tumor_dominant,2
1.5e-6,4731.512589614803,251.18864315095797,9.721460689608192e6,9.721460689612096e6,6.987731569042202,tumor_dominant,2
1.5e-6,7079.457843841381,251.18864315095797,9.721460689613152e6,9.7214606896121e6,6.987731569042202,tumor_dominant,2
1.5e-6,10592.537251772897,251.18864315095797,9.721460689610466e6,9.721460689612053e6,6.987731569042199,tumor_dominant,2
1.5e-6,15848.93192461114,251.18864315095797,9.721460689608457e6,9.72146068961209e6,6.987731569042201,tumor_dominant,2
1.5e-6,23713.737056616552,251.18864315095797,9.721460689608743e6,9.721460689612074e6,6.987731569042201,tumor_dominant,2
1.5e-6,35481.33892335753,251.18864315095797,9.721460689615393e6,9.72146068961205e6,6.987731569042199,tumor_dominant,2
1.5e-6,53088.444423098794,251.18864315095797,9.721460689610679e6,9.721460689612053e6,6.987731569042199,tumor_dominant,2
1.5e-6,79432.82347242821,251.18864315095797,9.721460689608604e6,9.721460689612083e6,6.987731569042201,tumor_dominant,2
1.5e-6,118850.22274370189,251.18864315095797,9.721460689608712e6,9.7214606896121e6,6.987731569042202,tumor_dominant,2
1.5e-6,177827.94100389228,251.18864315095797,9.721460689610442e6,9.721460689612152e6,6.987731569042204,tumor_dominant,2
1.5e-6,266072.50597988087,251.18864315095797,9.721460689613156e6,9.721460689612107e6,6.987731569042202,tumor_dominant,2
1.5e-6,398107.1705534969,251.18864315095797,9.72146068961522e6,9.721460689612048e6,6.987731569042199,tumor_dominant,2
1.5e-6,595662.1435290109,251.18864315095797,9.72146068961542e6,9.72146068961205e6,6.987731569042199,tumor_dominant,2
1.5e-6,891250.9381337459,251.18864315095797,9.72146068960886e6,9.721460689612104e6,6.987731569042202,tumor_dominant,2
1.5e-6,1.333521432163324e6,251.18864315095797,9.721460689608667e6,9.721460689612083e6,6.987731569042201,tumor_dominant,2
1.5e-6,1.9952623149688789e6,251.18864315095797,9.721460689608734e6,9.721460689612096e6,6.987731569042202,tumor_dominant,2
1.5e-6,2.985382618917957e6,251.18864315095797,9.721460689609624e6,9.721460689612128e6,6.987731569042203,tumor_dominant,2
1.5e-6,4.466835921509635e6,251.18864315095797,9.721460689609034e6,9.721460689612072e6,6.9877315690422,tumor_dominant,2
1.5e-6,6.683439175686149e6,251.18864315095797,9.721460689610522e6,9.721460689612055e6,6.9877315690422,tumor_dominant,2
1.5e-6,1.0e7,251.18864315095797,9.72146068961491e6,9.721460689612046e6,6.987731569042199,tumor_dominant,2
1.5e-6,1.0,316.22776601683796,473.78466322675035,473.77864001481873,2.6764911720930695,controlled,0
1.5e-6,1.4962356560944334,316.22776601683796,473.78517850064026,473.77863871577193,2.676491170904792,controlled,0
1.5e-6,2.2387211385683394,316.22776601683796,473.78580486951057,473.7786402235869,2.6764911722840363,controlled,0
1.5e-6,3.3496543915782766,316.22776601683796,473.78658745766825,473.77863933994837,2.676491171475745,controlled,0
1.5e-6,5.011872336272722,316.22776601683796,473.7875863332611,473.77864023696225,2.676491172296271,controlled,0
1.5e-6,7.498942093324558,316.22776601683796,473.78890998304433,473.77863997638747,2.6764911720579154,controlled,0
1.5e-6,11.220184543019636,316.22776601683796,473.7907423484845,473.7786420424002,2.67649117394776,controlled,0
1.5e-6,16.788040181225607,316.22776601683796,473.7934462902767,473.77864189404,2.6764911738120505,controlled,0
1.5e-6,25.118864315095795,316.22776601683796,473.7978248682511,473.77864278675725,2.676491174628646,controlled,0
1.5e-6,37.583740428844415,316.22776601683796,473.8060877573431,473.7786452023389,2.676491176838252,controlled,0
1.5e-6,56.23413251903491,316.22776601683796,473.82723338547777,473.77864329746967,2.6764911750958102,controlled,0
1.5e-6,84.13951416451951,316.22776601683796,473.9822498507531,473.77868277111185,2.676491211203551,controlled,0
1.5e-6,125.89254117941675,316.22776601683796,9.72146068881948e6,9.721460689612044e6,6.987731569042199,tumor_dominant,2
1.5e-6,188.36490894898,316.22776601683796,9.72146068954068e6,9.72146068961208e6,6.987731569042201,tumor_dominant,2
1.5e-6,281.8382931264455,316.22776601683796,9.72146068959385e6,9.721460689612048e6,6.987731569042199,tumor_dominant,2
1.5e-6,421.6965034285823,316.22776601683796,9.721460689601814e6,9.721460689612053e6,6.987731569042199,tumor_dominant,2
1.5e-6,630.957344480193,316.22776601683796,9.721460689603934e6,9.721460689612083e6,6.987731569042201,tumor_dominant,2
1.5e-6,944.0608762859235,316.22776601683796,9.72146068960738e6,9.721460689612057e6,6.9877315690422,tumor_dominant,2
1.5e-6,1412.537544622754,316.22776601683796,9.721460689607114e6,9.721460689612102e6,6.987731569042202,tumor_dominant,2
1.5e-6,2113.489039836648,316.22776601683796,9.721460689614467e6,9.721460689612057e6,6.9877315690422,tumor_dominant,2
1.5e-6,3162.2776601683795,316.22776601683796,9.721460689607866e6,9.721460689612089e6,6.987731569042201,tumor_dominant,2
1.5e-6,4731.512589614803,316.22776601683796,9.721460689612698e6,9.72146068961211e6,6.987731569042202,tumor_dominant,2
1.5e-6,7079.457843841381,316.22776601683796,9.721460689614175e6,9.721460689612044e6,6.987731569042199,tumor_dominant,2
1.5e-6,10592.537251772897,316.22776601683796,9.721460689608393e6,9.721460689612092e6,6.987731569042201,tumor_dominant,2
1.5e-6,15848.93192461114,316.22776601683796,9.721460689611685e6,9.721460689612152e6,6.987731569042204,tumor_dominant,2
1.5e-6,23713.737056616552,316.22776601683796,9.721460689608676e6,9.7214606896121e6,6.987731569042202,tumor_dominant,2
1.5e-6,35481.33892335753,316.22776601683796,9.721460689612875e6,9.721460689612046e6,6.987731569042199,tumor_dominant,2
1.5e-6,53088.444423098794,316.22776601683796,9.721460689608797e6,9.721460689612074e6,6.987731569042201,tumor_dominant,2
1.5e-6,79432.82347242821,316.22776601683796,9.7214606896089e6,9.721460689612107e6,6.987731569042202,tumor_dominant,2
1.5e-6,118850.22274370189,316.22776601683796,9.72146068960986e6,9.721460689612137e6,6.987731569042204,tumor_dominant,2
1.5e-6,177827.94100389228,316.22776601683796,9.721460689613411e6,9.7214606896121e6,6.987731569042202,tumor_dominant,2
1.5e-6,266072.50597988087,316.22776601683796,9.721460689615345e6,9.721460689612059e6,6.9877315690422,tumor_dominant,2
1.5e-6,398107.1705534969,316.22776601683796,9.721460689614272e6,9.721460689612044e6,6.987731569042199,tumor_dominant,2
1.5e-6,595662.1435290109,316.22776601683796,9.721460689614529e6,9.721460689612044e6,6.987731569042199,tumor_dominant,2
1.5e-6,891250.9381337459,316.22776601683796,9.721460689609837e6,9.721460689612135e6,6.987731569042204,tumor_dominant,2
1.5e-6,1.333521432163324e6,316.22776601683796,9.72146068960899e6,9.72146068961211e6,6.987731569042202,tumor_dominant,2
1.5e-6,1.9952623149688789e6,316.22776601683796,9.721460689609949e6,9.721460689612137e6,6.987731569042204,tumor_dominant,2
1.5e-6,2.985382618917957e6,316.22776601683796,9.721460689612053e6,9.721460689612143e6,6.987731569042204,tumor_dominant,2
1.5e-6,4.466835921509635e6,316.22776601683796,9.721460689608721e6,9.721460689612092e6,6.987731569042201,tumor_dominant,2
1.5e-6,6.683439175686149e6,316.22776601683796,9.721460689609846e6,9.72146068961206e6,6.9877315690422,tumor_dominant,2
1.5e-6,1.0e7,316.22776601683796,9.721460689611088e6,9.721460689612053e6,6.987731569042199,tumor_dominant,2
1.5e-6,1.0,398.1071705534973,473.7846521098326,473.7786402639329,2.676491172320942,controlled,0
1.5e-6,1.4962356560944334,398.1071705534973,473.7851659007368,473.7786393074829,2.676491171446048,controlled,0
1.5e-6,2.2387211385683394,398.1071705534973,473.7857900688702,473.77863917885816,2.676491171328391,controlled,0
1.5e-6,3.3496543915782766,398.1071705534973,473.78656922760547,473.77863975798454,2.6764911718581357,controlled,0
1.5e-6,5.011872336272722,398.1071705534973,473.78756359196143,473.77864051858575,2.6764911725538805,controlled,0
1.5e-6,7.498942093324558,398.1071705534973,473.78888072123664,473.77864018979915,2.6764911722531295,controlled,0
1.5e-6,11.220184543019636,398.1071705534973,473.79070332059206,473.77864274956767,2.6764911745946276,controlled,0
1.5e-6,16.788040181225607,398.1071705534973,473.7933888289574,473.7786417909886,2.6764911737177863,controlled,0
1.5e-6,25.118864315095795,398.1071705534973,473.79773175721,473.7786443079026,2.6764911760200842,controlled,0
1.5e-6,37.583740428844415,398.1071705534973,473.8059034187468,473.77864911262054,2.676491180415106,controlled,0
1.5e-6,56.23413251903491,398.1071705534973,473.82668723283894,473.778645312779,2.676491176939275,controlled,0
1.5e-6,84.13951416451951,398.1071705534973,473.97380656298526,473.7786697383891,2.6764911992821236,controlled,0
1.5e-6,125.89254117941675,398.1071705534973,9.721460688774696e6,9.721460689612152e6,6.987731569042204,tumor_dominant,2
1.5e-6,188.36490894898,398.1071705534973,9.72146068953375e6,9.721460689612117e6,6.987731569042203,tumor_dominant,2
1.5e-6,281.8382931264455,398.1071705534973,9.721460689589297e6,9.721460689612163e6,6.987731569042205,tumor_dominant,2
1.5e-6,421.6965034285823,398.1071705534973,9.721460689599467e6,9.721460689612081e6,6.987731569042201,tumor_dominant,2
1.5e-6,630.957344480193,398.1071705534973,9.721460689605229e6,9.721460689612059e6,6.9877315690422,tumor_dominant,2
1.5e-6,944.0608762859235,398.1071705534973,9.721460689612553e6,9.721460689612048e6,6.987731569042199,tumor_dominant,2
1.5e-6,1412.537544622754,398.1071705534973,9.721460689612322e6,9.721460689612044e6,6.987731569042199,tumor_dominant,2
1.5e-6,2113.489039836648,398.1071705534973,9.721460689607676e6,9.721460689612076e6,6.987731569042201,tumor_dominant,2
1.5e-6,3162.2776601683795,398.1071705534973,9.721460689613974e6,9.721460689612074e6,6.987731569042201,tumor_dominant,2
1.5e-6,4731.512589614803,398.1071705534973,9.721460689612348e6,9.721460689612044e6,6.987731569042199,tumor_dominant,2
1.5e-6,7079.457843841381,398.1071705534973,9.721460689608501e6,9.721460689612072e6,6.9877315690422,tumor_dominant,2
1.5e-6,10592.537251772897,398.1071705534973,9.721460689612934e6,9.72146068961211e6,6.987731569042202,tumor_dominant,2
1.5e-6,15848.93192461114,398.1071705534973,9.721460689614408e6,9.721460689612044e6,6.987731569042199,tumor_dominant,2
1.5e-6,23713.737056616552,398.1071705534973,9.721460689609226e6,9.72146068961212e6,6.987731569042203,tumor_dominant,2
1.5e-6,35481.33892335753,398.1071705534973,9.721460689609585e6,9.72146068961206e6,6.9877315690422,tumor_dominant,2
1.5e-6,53088.444423098794,398.1071705534973,9.72146068960889e6,9.721460689612107e6,6.987731569042202,tumor_dominant,2
1.5e-6,79432.82347242821,398.1071705534973,9.721460689610867e6,9.721460689612163e6,6.987731569042205,tumor_dominant,2
1.5e-6,118850.22274370189,398.1071705534973,9.721460689612113e6,9.72146068961214e6,6.987731569042204,tumor_dominant,2
1.5e-6,177827.94100389228,398.1071705534973,9.721460689615443e6,9.721460689612051e6,6.987731569042199,tumor_dominant,2
1.5e-6,266072.50597988087,398.1071705534973,9.721460689615218e6,9.721460689612046e6,6.987731569042199,tumor_dominant,2
1.5e-6,398107.1705534969,398.1071705534973,9.721460689612357e6,9.721460689612046e6,6.987731569042199,tumor_dominant,2
1.5e-6,595662.1435290109,398.1071705534973,9.721460689612405e6,9.721460689612046e6,6.987731569042199,tumor_dominant,2
1.5e-6,891250.9381337459,398.1071705534973,9.721460689612756e6,9.721460689612119e6,6.987731569042203,tumor_dominant,2
1.5e-6,1.333521432163324e6,398.1071705534973,9.72146068961079e6,9.72146068961216e6,6.987731569042205,tumor_dominant,2
1.5e-6,1.9952623149688789e6,398.1071705534973,9.72146068961219e6,9.721460689612137e6,6.987731569042204,tumor_dominant,2
1.5e-6,2.985382618917957e6,398.1071705534973,9.72146068961499e6,9.721460689612066e6,6.9877315690422,tumor_dominant,2
1.5e-6,4.466835921509635e6,398.1071705534973,9.721460689610405e6,9.72146068961215e6,6.987731569042204,tumor_dominant,2
1.5e-6,6.683439175686149e6,398.1071705534973,9.721460689609038e6,9.72146068961211e6,6.987731569042202,tumor_dominant,2
1.5e-6,1.0e7,398.1071705534973,9.721460689608697e6,9.72146068961208e6,6.987731569042201,tumor_dominant,2
1.5e-6,1.0,501.18723362727246,473.78463816283977,473.7786405425762,2.6764911725758256,controlled,0
1.5e-6,1.4962356560944334,501.18723362727246,473.78514993368805,473.77863975919587,2.6764911718592437,controlled,0
1.5e-6,2.2387211385683394,501.18723362727246,473.7857715787351,473.77863875749443,2.6764911709429566,controlled,0
1.5e-6,3.3496543915782766,501.18723362727246,473.78654630696957,473.77864011878637,2.6764911721881717,controlled,0
1.5e-6,5.011872336272722,501.18723362727246,473.78753518667924,473.778640882086,2.676491172886385,controlled,0
1.5e-6,7.498942093324558,501.18723362727246,473.7888440794201,473.7786402721869,2.676491172328492,controlled,0
1.5e-6,11.220184543019636,501.18723362727246,473.7906544447173,473.77864290773664,2.6764911747393096,controlled,0
1.5e-6,16.788040181225607,501.18723362727246,473.7933172552696,473.77864200340287,2.676491173912088,controlled,0
1.5e-6,25.118864315095795,501.18723362727246,473.7976157839855,473.7786470338571,2.6764911785135976,controlled,0
1.5e-6,37.583740428844415,501.18723362727246,473.8056740625975,473.7786443883728,2.6764911760936925,controlled,0
1.5e-6,56.23413251903491,501.18723362727246,473.82601464521053,473.7786541347322,2.676491185008984,controlled,0
1.5e-6,84.13951416451951,501.18723362727246,473.96409563401744,473.7786693104957,2.6764911988907167,controlled,0
1.5e-6,125.89254117941675,501.18723362727246,9.721460688715372e6,9.721460689612081e6,6.987731569042201,tumor_dominant,2
1.5e-6,188.36490894898,501.18723362727246,9.7214606895375e6,9.721460689612044e6,6.987731569042199,tumor_dominant,2
1.5e-6,281.8382931264455,501.18723362727246,9.721460689591195e6,9.721460689612115e6,6.987731569042203,tumor_dominant,2
1.5e-6,421.6965034285823,501.18723362727246,9.721460689606363e6,9.721460689612057e6,6.9877315690422,tumor_dominant,2
1.5e-6,630.957344480193,501.18723362727246,9.72146068960418e6,9.721460689612072e6,6.9877315690422,tumor_dominant,2
1.5e-6,944.0608762859235,501.18723362727246,9.721460689612828e6,9.721460689612059e6,6.9877315690422,tumor_dominant,2
1.5e-6,1412.537544622754,501.18723362727246,9.72146068961237e6,9.72146068961209e6,6.987731569042201,tumor_dominant,2
1.5e-6,2113.489039836648,501.18723362727246,9.721460689614221e6,9.721460689612046e6,6.987731569042199,tumor_dominant,2
1.5e-6,3162.2776601683795,501.18723362727246,9.721460689608237e6,9.72146068961207e6,6.9877315690422,tumor_dominant,2
1.5e-6,4731.512589614803,501.18723362727246,9.721460689609252e6,9.721460689612132e6,6.987731569042203,tumor_dominant,2
1.5e-6,7079.457843841381,501.18723362727246,9.721460689613469e6,9.721460689612092e6,6.987731569042201,tumor_dominant,2
1.5e-6,10592.537251772897,501.18723362727246,9.721460689612193e6,9.721460689612046e6,6.987731569042199,tumor_dominant,2
1.5e-6,15848.93192461114,501.18723362727246,9.721460689608444e6,9.721460689612089e6,6.987731569042201,tumor_dominant,2
1.5e-6,23713.737056616552,501.18723362727246,9.721460689612845e6,9.721460689612115e6,6.987731569042203,tumor_dominant,2
1.5e-6,35481.33892335753,501.18723362727246,9.72146068960878e6,9.721460689612104e6,6.987731569042202,tumor_dominant,2
1.5e-6,53088.444423098794,501.18723362727246,9.72146068961175e6,9.721460689612154e6,6.987731569042205,tumor_dominant,2
1.5e-6,79432.82347242821,501.18723362727246,9.721460689614737e6,9.72146068961207e6,6.9877315690422,tumor_dominant,2
1.5e-6,118850.22274370189,501.18723362727246,9.721460689614847e6,9.721460689612068e6,6.9877315690422,tumor_dominant,2
1.5e-6,177827.94100389228,501.18723362727246,9.721460689613992e6,9.721460689612044e6,6.987731569042199,tumor_dominant,2
1.5e-6,266072.50597988087,501.18723362727246,9.721460689613406e6,9.721460689612044e6,6.987731569042199,tumor_dominant,2
1.5e-6,398107.1705534969,501.18723362727246,9.721460689610383e6,9.721460689612055e6,6.9877315690422,tumor_dominant,2
1.5e-6,595662.1435290109,501.18723362727246,9.721460689609803e6,9.721460689612059e6,6.9877315690422,tumor_dominant,2
1.5e-6,891250.9381337459,501.18723362727246,9.721460689615237e6,9.72146068961206e6,6.9877315690422,tumor_dominant,2
1.5e-6,1.333521432163324e6,501.18723362727246,9.72146068961319e6,9.721460689612105e6,6.987731569042202,tumor_dominant,2
1.5e-6,1.9952623149688789e6,501.18723362727246,9.721460689614335e6,9.72146068961208e6,6.987731569042201,tumor_dominant,2
1.5e-6,2.985382618917957e6,501.18723362727246,9.721460689613631e6,9.721460689612044e6,6.987731569042199,tumor_dominant,2
1.5e-6,4.466835921509635e6,501.18723362727246,9.721460689615397e6,9.721460689612057e6,6.9877315690422,tumor_dominant,2
1.5e-6,6.683439175686149e6,501.18723362727246,9.721460689611021e6,9.721460689612165e6,6.987731569042205,tumor_dominant,2
1.5e-6,1.0e7,501.18723362727246,9.721460689609945e6,9.721460689612135e6,6.987731569042204,tumor_dominant,2
1.5e-6,1.0,630.957344480193,473.7846207325992,473.77864015487296,2.6764911722211813,controlled,0
1.5e-6,1.4962356560944334,630.957344480193,473.7851297979668,473.7786400782929,2.676491172151131,controlled,0
1.5e-6,2.2387211385683394,630.957344480193,473.78574844385355,473.77863667458774,2.6764911690376585,controlled,0
1.5e-6,3.3496543915782766,630.957344480193,473.78651759617605,473.77864048524907,2.6764911725233866,controlled,0
1.5e-6,5.011872336272722,630.957344480193,473.7874998043618,473.7786414091986,2.6764911733685515,controlled,0
1.5e-6,7.498942093324558,630.957344480193,473.7887983385068,473.77864063867213,2.6764911726637273,controlled,0
1.5e-6,11.220184543019636,630.957344480193,473.7905931911038,473.77864156774257,2.6764911735135763,controlled,0
1.5e-6,16.788040181225607,630.957344480193,473.7932282611989,473.7786432404215,2.6764911750436267,controlled,0
1.5e-6,25.118864315095795,630.957344480193,473.7974710665023,473.7786446621715,2.6764911763441446,controlled,0
1.5e-6,37.583740428844415,630.957344480193,473.80539053346445,473.77864163295965,2.676491173573232,controlled,0
1.5e-6,56.23413251903491,630.957344480193,473.8251920086703,473.778646818877,2.6764911783169487,controlled,0
1.5e-6,84.13951416451951,630.957344480193,473.95312147274024,473.77865427808973,2.676491185140118,controlled,0
1.5e-6,125.89254117941675,630.957344480193,9.721460688635316e6,9.721460689612105e6,6.987731569042202,tumor_dominant,2
1.5e-6,188.36490894898,630.957344480193,9.721460689529058e6,9.721460689612105e6,6.987731569042202,tumor_dominant,2
1.5e-6,281.8382931264455,630.957344480193,9.721460689586168e6,9.721460689612087e6,6.987731569042201,tumor_dominant,2
1.5e-6,421.6965034285823,630.957344480193,9.72146068960509e6,9.721460689612083e6,6.987731569042201,tumor_dominant,2
1.5e-6,630.957344480193,630.957344480193,9.721460689607883e6,9.721460689612128e6,6.987731569042203,tumor_dominant,2
1.5e-6,944.0608762859235,630.957344480193,9.72146068961156e6,9.721460689612046e6,6.987731569042199,tumor_dominant,2
1.5e-6,1412.537544622754,630.957344480193,9.721460689610938e6,9.721460689612126e6,6.987731569042203,tumor_dominant,2
1.5e-6,2113.489039836648,630.957344480193,9.721460689611863e6,9.721460689612119e6,6.987731569042203,tumor_dominant,2
1.5e-6,3162.2776601683795,630.957344480193,9.721460689614223e6,9.721460689612044e6,6.987731569042199,tumor_dominant,2
1.5e-6,4731.512589614803,630.957344480193,9.721460689611541e6,9.721460689612048e6,6.987731569042199,tumor_dominant,2
1.5e-6,7079.457843841381,630.957344480193,9.721460689609366e6,9.72146068961206e6,6.9877315690422,tumor_dominant,2
1.5e-6,10592.537251772897,630.957344480193,9.721460689609911e6,9.721460689612143e6,6.987731569042204,tumor_dominant,2
1.5e-6,15848.93192461114,630.957344480193,9.721460689613454e6,9.721460689612096e6,6.987731569042202,tumor_dominant,2
1.5e-6,23713.737056616552,630.957344480193,9.72146068961455e6,9.721460689612044e6,6.987731569042199,tumor_dominant,2
1.5e-6,35481.33892335753,630.957344480193,9.721460689612903e6,9.721460689612115e6,6.987731569042203,tumor_dominant,2
1.5e-6,53088.444423098794,630.957344480193,9.72146068961545e6,9.721460689612051e6,6.987731569042199,tumor_dominant,2
1.5e-6,79432.82347242821,630.957344480193,9.721460689613309e6,9.721460689612044e6,6.987731569042199,tumor_dominant,2
1.5e-6,118850.22274370189,630.957344480193,9.721460689614974e6,9.721460689612046e6,6.987731569042199,tumor_dominant,2
1.5e-6,177827.94100389228,630.957344480193,9.721460689611252e6,9.72146068961205e6,6.987731569042199,tumor_dominant,2
1.5e-6,266072.50597988087,630.957344480193,9.721460689609533e6,9.721460689612063e6,6.9877315690422,tumor_dominant,2
1.5e-6,398107.1705534969,630.957344480193,9.721460689608676e6,9.72146068961208e6,6.987731569042201,tumor_dominant,2
1.5e-6,595662.1435290109,630.957344480193,9.72146068960868e6,9.721460689612081e6,6.987731569042201,tumor_dominant,2
1.5e-6,891250.9381337459,630.957344480193,9.721460689613605e6,9.721460689612044e6,6.987731569042199,tumor_dominant,2
1.5e-6,1.333521432163324e6,630.957344480193,9.721460689615423e6,9.721460689612055e6,6.9877315690422,tumor_dominant,2
1.5e-6,1.9952623149688789e6,630.957344480193,9.721460689614946e6,9.721460689612046e6,6.987731569042199,tumor_dominant,2
1.5e-6,2.985382618917957e6,630.957344480193,9.721460689613312e6,9.721460689612044e6,6.987731569042199,tumor_dominant,2
1.5e-6,4.466835921509635e6,630.957344480193,9.721460689614901e6,9.721460689612046e6,6.987731569042199,tumor_dominant,2
1.5e-6,6.683439175686149e6,630.957344480193,9.721460689614303e6,9.72146068961208e6,6.987731569042201,tumor_dominant,2
1.5e-6,1.0e7,630.957344480193,9.721460689611664e6,9.721460689612165e6,6.987731569042205,tumor_dominant,2
1.5e-6,1.0,794.3282347242813,473.7845990379702,473.77863966579196,2.676491171773804,controlled,0
1.5e-6,1.4962356560944334,794.3282347242813,473.78510453705934,473.778640459997,2.676491172500288,controlled,0
1.5e-6,2.2387211385683394,794.3282347242813,473.78571940837384,473.7786382449386,2.6764911704741063,controlled,0
1.5e-6,3.3496543915782766,794.3282347242813,473.78648178509707,473.7786408696702,2.676491172875028,controlled,0
1.5e-6,5.011872336272722,794.3282347242813,473.78745585042026,473.778642020231,2.6764911739274813,controlled,0
1.5e-6,7.498942093324558,794.3282347242813,473.78874145700513,473.77864116281785,2.6764911731431793,controlled,0
1.5e-6,11.220184543019636,794.3282347242813,473.7905164814958,473.77864092999533,2.676491172930209,controlled,0
1.5e-6,16.788040181225607,794.3282347242813,473.79311764886734,473.77864325171436,2.6764911750539566,controlled,0
1.5e-6,25.118864315095795,794.3282347242813,473.7972908397482,473.7786407226998,2.67649117274059,controlled,0
1.5e-6,37.583740428844415,794.3282347242813,473.80504296235597,473.77864305069124,2.6764911748700744,controlled,0
1.5e-6,56.23413251903491,794.3282347242813,473.8241965807461,473.77864486062174,2.676491176525673,controlled,0
1.5e-6,84.13951416451951,794.3282347242813,473.9409732985545,473.77869027538225,2.676491218067935,controlled,0
1.5e-6,125.89254117941675,794.3282347242813,9.721460688519876e6,9.721460689612133e6,6.987731569042204,tumor_dominant,2
1.5e-6,188.36490894898,794.3282347242813,9.721460689527363e6,9.721460689612055e6,6.9877315690422,tumor_dominant,2
1.5e-6,281.8382931264455,794.3282347242813,9.721460689591926e6,9.721460689612074e6,6.987731569042201,tumor_dominant,2
1.5e-6,421.6965034285823,794.3282347242813,9.721460689600786e6,9.721460689612057e6,6.9877315690422,tumor_dominant,2
1.5e-6,630.957344480193,794.3282347242813,9.72146068960391e6,9.721460689612102e6,6.987731569042202,tumor_dominant,2
1.5e-6,944.0608762859235,794.3282347242813,9.721460689605959e6,9.7214606896121e6,6.987731569042202,tumor_dominant,2
1.5e-6,1412.537544622754,794.3282347242813,9.72146068961389e6,9.721460689612055e6,6.9877315690422,tumor_dominant,2
1.5e-6,2113.489039836648,794.3282347242813,9.721460689611455e6,9.72146068961213e6,6.987731569042203,tumor_dominant,2
1.5e-6,3162.2776601683795,794.3282347242813,9.721460689614108e6,9.721460689612072e6,6.9877315690422,tumor_dominant,2
1.5e-6,4731.512589614803,794.3282347242813,9.72146068961486e6,9.72146068961206e6,6.9877315690422,tumor_dominant,2
1.5e-6,7079.457843841381,794.3282347242813,9.721460689614698e6,9.721460689612066e6,6.9877315690422,tumor_dominant,2
1.5e-6,10592.537251772897,794.3282347242813,9.72146068961144e6,9.721460689612048e6,6.987731569042199,tumor_dominant,2
1.5e-6,15848.93192461114,794.3282347242813,9.721460689611942e6,9.721460689612046e6,6.987731569042199,tumor_dominant,2
1.5e-6,23713.737056616552,794.3282347242813,9.721460689608565e6,9.72146068961208e6,6.987731569042201,tumor_dominant,2
1.5e-6,35481.33892335753,794.3282347242813,9.721460689613732e6,9.721460689612044e6,6.987731569042199,tumor_dominant,2
1.5e-6,53088.444423098794,794.3282347242813,9.721460689610085e6,9.721460689612057e6,6.9877315690422,tumor_dominant,2
1.5e-6,79432.82347242821,794.3282347242813,9.721460689608585e6,9.721460689612085e6,6.987731569042201,tumor_dominant,2
1.5e-6,118850.22274370189,794.3282347242813,9.72146068961313e6,9.721460689612044e6,6.987731569042199,tumor_dominant,2
1.5e-6,177827.94100389228,794.3282347242813,9.721460689608758e6,9.721460689612076e6,6.987731569042201,tumor_dominant,2
1.5e-6,266072.50597988087,794.3282347242813,9.721460689608628e6,9.721460689612083e6,6.987731569042201,tumor_dominant,2
1.5e-6,398107.1705534969,794.3282347242813,9.721460689610967e6,9.721460689612165e6,6.987731569042205,tumor_dominant,2
1.5e-6,595662.1435290109,794.3282347242813,9.721460689611891e6,9.721460689612148e6,6.987731569042204,tumor_dominant,2
1.5e-6,891250.9381337459,794.3282347242813,9.721460689610666e6,9.721460689612053e6,6.987731569042199,tumor_dominant,2
1.5e-6,1.333521432163324e6,794.3282347242813,9.721460689613165e6,9.721460689612044e6,6.987731569042199,tumor_dominant,2
1.5e-6,1.9952623149688789e6,794.3282347242813,9.721460689611731e6,9.72146068961205e6,6.987731569042199,tumor_dominant,2
1.5e-6,2.985382618917957e6,794.3282347242813,9.721460689609345e6,9.721460689612066e6,6.9877315690422,tumor_dominant,2
1.5e-6,4.466835921509635e6,794.3282347242813,9.721460689613262e6,9.721460689612044e6,6.987731569042199,tumor_dominant,2
1.5e-6,6.683439175686149e6,794.3282347242813,9.721460689614937e6,9.721460689612046e6,6.987731569042199,tumor_dominant,2
1.5e-6,1.0e7,794.3282347242813,9.721460689613836e6,9.721460689612044e6,6.987731569042199,tumor_dominant,2
1.5e-6,1.0,1000.0,473.7845721399225,473.77863189813024,2.6764911646684872,controlled,0
1.5e-6,1.4962356560944334,1000.0,473.78507303043585,473.77864094368806,2.6764911729427348,controlled,0
1.5e-6,2.2387211385683394,1000.0,473.7856827760601,473.7786393912754,2.6764911715226956,controlled,0
1.5e-6,3.3496543915782766,1000.0,473.78643732820404,473.7786415410835,2.6764911734891905,controlled,0
1.5e-6,5.011872336272722,1000.0,473.78740134940386,473.7786432058221,2.6764911750119773,controlled,0
1.5e-6,7.498942093324558,1000.0,473.7886710034673,473.77864210060375,2.6764911740010007,controlled,0
1.5e-6,11.220184543019636,1000.0,473.79042081700635,473.7786408141731,2.6764911728242633,controlled,0
1.5e-6,16.788040181225607,1000.0,473.79297983602635,473.7786409102032,2.676491172912105,controlled,0
1.5e-6,25.118864315095795,1000.0,473.7970684464631,473.77864169052947,2.676491173625893,controlled,0
1.5e-6,37.583740428844415,1000.0,473.80461677187037,473.77864833627893,2.6764911797049624,controlled,0
1.5e-6,56.23413251903491,1000.0,473.8229983131791,473.7786486521469,2.6764911799938966,controlled,0
1.5e-6,84.13951416451951,1000.0,473.9278231011763,473.77865895066935,2.6764911894142687,controlled,0
1.5e-6,125.89254117941675,1000.0,9.721460688348645e6,9.721460689612044e6,6.987731569042199,tumor_dominant,2
1.5e-6,188.36490894898,1000.0,9.7214606895231e6,9.721460689612152e6,6.987731569042204,tumor_dominant,2
1.5e-6,281.8382931264455,1000.0,9.721460689587535e6,9.721460689612051e6,6.987731569042199,tumor_dominant,2
1.5e-6,421.6965034285823,1000.0,9.721460689599799e6,9.721460689612063e6,6.9877315690422,tumor_dominant,2
1.5e-6,630.957344480193,1000.0,9.721460689607779e6,9.721460689612128e6,6.987731569042203,tumor_dominant,2
1.5e-6,944.0608762859235,1000.0,9.721460689607907e6,9.721460689612053e6,6.987731569042199,tumor_dominant,2
1.5e-6,1412.537544622754,1000.0,9.721460689606909e6,9.721460689612081e6,6.987731569042201,tumor_dominant,2
1.5e-6,2113.489039836648,1000.0,9.72146068961426e6,9.721460689612048e6,6.987731569042199,tumor_dominant,2
1.5e-6,3162.2776601683795,1000.0,9.721460689614741e6,9.721460689612057e6,6.9877315690422,tumor_dominant,2
1.5e-6,4731.512589614803,1000.0,9.721460689613497e6,9.721460689612089e6,6.987731569042201,tumor_dominant,2
1.5e-6,7079.457843841381,1000.0,9.72146068960959e6,9.721460689612137e6,6.987731569042204,tumor_dominant,2
1.5e-6,10592.537251772897,1000.0,9.72146068961449e6,9.721460689612072e6,6.9877315690422,tumor_dominant,2
1.5e-6,15848.93192461114,1000.0,9.721460689611021e6,9.721460689612169e6,6.987731569042205,tumor_dominant,2
1.5e-6,23713.737056616552,1000.0,9.721460689615376e6,9.72146068961205e6,6.987731569042199,tumor_dominant,2
1.5e-6,35481.33892335753,1000.0,9.721460689608784e6,9.721460689612104e6,6.987731569042202,tumor_dominant,2
1.5e-6,53088.444423098794,1000.0,9.721460689611427e6,9.721460689612169e6,6.987731569042205,tumor_dominant,2
1.5e-6,79432.82347242821,1000.0,9.721460689612905e6,9.721460689612115e6,6.987731569042203,tumor_dominant,2
1.5e-6,118850.22274370189,1000.0,9.721460689613039e6,9.721460689612111e6,6.987731569042202,tumor_dominant,2
1.5e-6,177827.94100389228,1000.0,9.721460689611116e6,9.721460689612169e6,6.987731569042205,tumor_dominant,2
1.5e-6,266072.50597988087,1000.0,9.721460689610546e6,9.721460689612154e6,6.987731569042205,tumor_dominant,2
1.5e-6,398107.1705534969,1000.0,9.721460689614287e6,9.72146068961208e6,6.987731569042201,tumor_dominant,2
1.5e-6,595662.1435290109,1000.0,9.721460689614665e6,9.721460689612072e6,6.9877315690422,tumor_dominant,2
1.5e-6,891250.9381337459,1000.0,9.721460689608702e6,9.721460689612096e6,6.987731569042202,tumor_dominant,2
1.5e-6,1.333521432163324e6,1000.0,9.721460689608864e6,9.721460689612074e6,6.987731569042201,tumor_dominant,2
1.5e-6,1.9952623149688789e6,1000.0,9.721460689609002e6,9.72146068961211e6,6.987731569042202,tumor_dominant,2
1.5e-6,2.985382618917957e6,1000.0,9.72146068960949e6,9.721460689612124e6,6.987731569042203,tumor_dominant,2
1.5e-6,4.466835921509635e6,1000.0,9.721460689608902e6,9.721460689612104e6,6.987731569042202,tumor_dominant,2
1.5e-6,6.683439175686149e6,1000.0,9.721460689608777e6,9.721460689612096e6,6.987731569042202,tumor_dominant,2
1.5e-6,1.0e7,1000.0,9.721460689611148e6,9.72146068961205e6,6.987731569042199,tumor_dominant,2
1.5e-6,1.0,1258.9254117941675,473.78453887131303,473.77863300665416,2.6764911656824877,controlled,0
1.5e-6,1.4962356560944334,1258.9254117941675,473.7850339729441,473.7786397602141,2.676491171860175,controlled,0
1.5e-6,2.2387211385683394,1258.9254117941675,473.7856366582347,473.7786401087313,2.676491172178974,controlled,0
1.5e-6,3.3496543915782766,1258.9254117941675,473.7863823775968,473.7786410501462,2.676491173040115,controlled,0
1.5e-6,5.011872336272722,1258.9254117941675,473.78733369646227,473.77863953817575,2.67649117165707,controlled,0
1.5e-6,7.498942093324558,1258.9254117941675,473.78858395710057,473.77864348482854,2.676491175267193,controlled,0
1.5e-6,11.220184543019636,1258.9254117941675,473.7903021518639,473.77864054824676,2.6764911725810125,controlled,0
1.5e-6,16.788040181225607,1258.9254117941675,473.792808824208,473.7786409015224,2.6764911729041643,controlled,0
1.5e-6,25.118864315095795,1258.9254117941675,473.7967969724733,473.7786456211826,2.676491177221381,controlled,0
1.5e-6,37.583740428844415,1258.9254117941675,473.80409679774607,473.7786450310842,2.6764911766816004,controlled,0
1.5e-6,56.23413251903491,1258.9254117941675,473.82157088613127,473.7786536325772,2.6764911845496475,controlled,0
1.5e-6,84.13951416451951,1258.9254117941675,473.91393284770754,473.778678828839,2.6764912075974348,controlled,0
1.5e-6,125.89254117941675,1258.9254117941675,9.72146068806351e6,9.721460689612044e6,6.987731569042199,tumor_dominant,2
1.5e-6,188.36490894898,1258.9254117941675,9.721460689517954e6,9.72146068961205e6,6.987731569042199,tumor_dominant,2
1.5e-6,281.8382931264455,1258.9254117941675,9.72146068958976e6,9.721460689612085e6,6.987731569042201,tumor_dominant,2
1.5e-6,421.6965034285823,1258.9254117941675,9.72146068960461e6,9.721460689612046e6,6.987731569042199,tumor_dominant,2
1.5e-6,630.957344480193,1258.9254117941675,9.721460689605266e6,9.721460689612146e6,6.987731569042204,tumor_dominant,2
1.5e-6,944.0608762859235,1258.9254117941675,9.721460689605774e6,9.721460689612083e6,6.987731569042201,tumor_dominant,2
1.5e-6,1412.537544622754,1258.9254117941675,9.721460689608494e6,9.721460689612057e6,6.9877315690422,tumor_dominant,2
1.5e-6,2113.489039836648,1258.9254117941675,9.721460689607978e6,9.721460689612115e6,6.987731569042203,tumor_dominant,2
1.5e-6,3162.2776601683795,1258.9254117941675,9.721460689610261e6,9.721460689612053e6,6.987731569042199,tumor_dominant,2
1.5e-6,4731.512589614803,1258.9254117941675,9.721460689614797e6,9.72146068961206e6,6.9877315690422,tumor_dominant,2
1.5e-6,7079.457843841381,1258.9254117941675,9.721460689609172e6,9.721460689612126e6,6.987731569042203,tumor_dominant,2
1.5e-6,10592.537251772897,1258.9254117941675,9.721460689609472e6,9.721460689612132e6,6.987731569042203,tumor_dominant,2
1.5e-6,15848.93192461114,1258.9254117941675,9.721460689608818e6,9.72146068961207e6,6.9877315690422,tumor_dominant,2
1.5e-6,23713.737056616552,1258.9254117941675,9.72146068961424e6,9.721460689612044e6,6.987731569042199,tumor_dominant,2
1.5e-6,35481.33892335753,1258.9254117941675,9.721460689614655e6,9.721460689612044e6,6.987731569042199,tumor_dominant,2
1.5e-6,53088.444423098794,1258.9254117941675,9.721460689612323e6,9.721460689612046e6,6.987731569042199,tumor_dominant,2
1.5e-6,79432.82347242821,1258.9254117941675,9.72146068961074e6,9.721460689612053e6,6.987731569042199,tumor_dominant,2
1.5e-6,118850.22274370189,1258.9254117941675,9.7214606896096e6,9.72146068961213e6,6.987731569042203,tumor_dominant,2
1.5e-6,177827.94100389228,1258.9254117941675,9.721460689615428e6,9.72146068961205e6,6.987731569042199,tumor_dominant,2
1.5e-6,266072.50597988087,1258.9254117941675,9.721460689615462e6,9.721460689612053e6,6.987731569042199,tumor_dominant,2
1.5e-6,398107.1705534969,1258.9254117941675,9.721460689612832e6,9.721460689612046e6,6.987731569042199,tumor_dominant,2
1.5e-6,595662.1435290109,1258.9254117941675,9.721460689614395e6,9.721460689612044e6,6.987731569042199,tumor_dominant,2
1.5e-6,891250.9381337459,1258.9254117941675,9.721460689610261e6,9.721460689612146e6,6.987731569042204,tumor_dominant,2
1.5e-6,1.333521432163324e6,1258.9254117941675,9.721460689609276e6,9.721460689612119e6,6.987731569042203,tumor_dominant,2
1.5e-6,1.9952623149688789e6,1258.9254117941675,9.721460689613355e6,9.721460689612102e6,6.987731569042202,tumor_dominant,2
1.5e-6,2.985382618917957e6,1258.9254117941675,9.721460689614173e6,9.721460689612083e6,6.987731569042201,tumor_dominant,2
1.5e-6,4.466835921509635e6,1258.9254117941675,9.72146068961022e6,9.721460689612145e6,6.987731569042204,tumor_dominant,2
1.5e-6,6.683439175686149e6,1258.9254117941675,9.721460689609174e6,9.721460689612113e6,6.987731569042202,tumor_dominant,2
1.5e-6,1.0e7,1258.9254117941675,9.721460689609714e6,9.72146068961213e6,6.987731569042203,tumor_dominant,2
1.5e-6,1.0,1584.893192461114,473.7844976616074,473.7786375115847,2.676491169803285,controlled,0
1.5e-6,1.4962356560944334,1584.893192461114,473.7849858082016,473.77863199884206,2.6764911647606113,controlled,0
1.5e-6,2.2387211385683394,1584.893192461114,473.78557912345616,473.77864070620365,2.6764911727255005,controlled,0
1.5e-6,3.3496543915782766,1584.893192461114,473.78631454454353,473.7786391554518,2.6764911713069806,controlled,0
1.5e-6,5.011872336272722,1584.893192461114,473.7872490986768,473.7786394345919,2.6764911715623185,controlled,0
1.5e-6,7.498942093324558,1584.893192461114,473.78847606107007,473.778640063019,2.6764911721371596,controlled,0
1.5e-6,11.220184543019636,1584.893192461114,473.7901561230832,473.7786412444953,2.676491173217892,controlled,0
1.5e-6,16.788040181225607,1584.893192461114,473.79259906263366,473.7786414641312,2.6764911734187997,controlled,0
1.5e-6,25.118864315095795,1584.893192461114,473.79646487414794,473.7786430197628,2.6764911748417832,controlled,0
1.5e-6,37.583740428844415,1584.893192461114,473.8034688698938,473.7786415404387,2.6764911734886008,controlled,0
1.5e-6,56.23413251903491,1584.893192461114,473.8198931642629,473.7786429692312,2.6764911747955606,controlled,0
1.5e-6,84.13951416451951,1584.893192461114,473.89963755392563,473.77866334333214,2.6764911934323705,controlled,0
1.5e-6,125.89254117941675,1584.893192461114,9.72146068755376e6,9.721460689612081e6,6.987731569042201,tumor_dominant,2
1.5e-6,188.36490894898,1584.893192461114,9.721460689509068e6,9.721460689612165e6,6.987731569042205,tumor_dominant,2
1.5e-6,281.8382931264455,1584.893192461114,9.721460689588167e6,9.721460689612044e6,6.987731569042199,tumor_dominant,2
1.5e-6,421.6965034285823,1584.893192461114,9.72146068960396e6,9.721460689612087e6,6.987731569042201,tumor_dominant,2
1.5e-6,630.957344480193,1584.893192461114,9.72146068960414e6,9.721460689612066e6,6.9877315690422,tumor_dominant,2
1.5e-6,944.0608762859235,1584.893192461114,9.721460689607875e6,9.721460689612053e6,6.987731569042199,tumor_dominant,2
1.5e-6,1412.537544622754,1584.893192461114,9.721460689607037e6,9.721460689612102e6,6.987731569042202,tumor_dominant,2
1.5e-6,2113.489039836648,1584.893192461114,9.72146068960746e6,9.721460689612083e6,6.987731569042201,tumor_dominant,2
1.5e-6,3162.2776601683795,1584.893192461114,9.721460689613173e6,9.721460689612092e6,6.987731569042201,tumor_dominant,2
1.5e-6,4731.512589614803,1584.893192461114,9.721460689610476e6,9.721460689612051e6,6.987731569042199,tumor_dominant,2
1.5e-6,7079.457843841381,1584.893192461114,9.721460689613482e6,9.721460689612092e6,6.987731569042201,tumor_dominant,2
1.5e-6,10592.537251772897,1584.893192461114,9.72146068960955e6,9.721460689612133e6,6.987731569042204,tumor_dominant,2
1.5e-6,15848.93192461114,1584.893192461114,9.721460689609032e6,9.721460689612066e6,6.9877315690422,tumor_dominant,2
1.5e-6,23713.737056616552,1584.893192461114,9.72146068960872e6,9.721460689612074e6,6.987731569042201,tumor_dominant,2
1.5e-6,35481.33892335753,1584.893192461114,9.721460689611241e6,9.721460689612173e6,6.987731569042205,tumor_dominant,2
1.5e-6,53088.444423098794,1584.893192461114,9.721460689612316e6,9.721460689612133e6,6.987731569042204,tumor_dominant,2
1.5e-6,79432.82347242821,1584.893192461114,9.721460689612387e6,9.72146068961213e6,6.987731569042203,tumor_dominant,2
1.5e-6,118850.22274370189,1584.893192461114,9.7214606896149e6,9.721460689612068e6,6.9877315690422,tumor_dominant,2
1.5e-6,177827.94100389228,1584.893192461114,9.721460689611174e6,9.721460689612051e6,6.987731569042199,tumor_dominant,2
1.5e-6,266072.50597988087,1584.893192461114,9.721460689609911e6,9.721460689612059e6,6.9877315690422,tumor_dominant,2
1.5e-6,398107.1705534969,1584.893192461114,9.721460689608693e6,9.721460689612096e6,6.987731569042202,tumor_dominant,2
1.5e-6,595662.1435290109,1584.893192461114,9.721460689608937e6,9.721460689612072e6,6.9877315690422,tumor_dominant,2
1.5e-6,891250.9381337459,1584.893192461114,9.72146068961542e6,9.72146068961205e6,6.987731569042199,tumor_dominant,2
1.5e-6,1.333521432163324e6,1584.893192461114,9.721460689615289e6,9.721460689612059e6,6.9877315690422,tumor_dominant,2
1.5e-6,1.9952623149688789e6,1584.893192461114,9.721460689614693e6,9.721460689612044e6,6.987731569042199,tumor_dominant,2
1.5e-6,2.985382618917957e6,1584.893192461114,9.721460689615386e6,9.72146068961205e6,6.987731569042199,tumor_dominant,2
1.5e-6,4.466835921509635e6,1584.893192461114,9.72146068961446e6,9.721460689612044e6,6.987731569042199,tumor_dominant,2
1.5e-6,6.683439175686149e6,1584.893192461114,9.721460689612396e6,9.72146068961213e6,6.987731569042203,tumor_dominant,2
1.5e-6,1.0e7,1584.893192461114,9.721460689609861e6,9.721460689612133e6,6.987731569042204,tumor_dominant,2
1.5e-6,1.0,1995.2623149688789,473.78444608015485,473.7786394075707,2.6764911715376014,controlled,0
1.5e-6,1.4962356560944334,1995.2623149688789,473.78492646539166,473.77863726477045,2.6764911695775164,controlled,0
1.5e-6,2.2387211385683394,1995.2623149688789,473.7855081715103,473.77864048225086,2.676491172520644,controlled,0
1.5e-6,3.3496543915782766,1995.2623149688789,473.7862301490044,473.77863929471846,2.676491171434372,controlled,0
1.5e-6,5.011872336272722,1995.2623149688789,473.7871436561026,473.77864050290566,2.6764911725395377,controlled,0
1.5e-6,7.498942093324558,1995.2623149688789,473.78834173727256,473.7786401110579,2.676491172181102,controlled,0
1.5e-6,11.220184543019636,1995.2623149688789,473.7899779288958,473.77864319482154,2.676491175001915,controlled,0
1.5e-6,16.788040181225607,1995.2623149688789,473.7923445993485,473.77864254719884,2.676491174409515,controlled,0
1.5e-6,25.118864315095795,1995.2623149688789,473.79606067365245,473.7786408512571,2.676491172858185,controlled,0
1.5e-6,37.583740428844415,1995.2623149688789,473.8027201143345,473.7786446761746,2.676491176356954,controlled,0
1.5e-6,56.23413251903491,1995.2623149688789,473.8179510436924,473.77864897882216,2.6764911802927163,controlled,0
1.5e-6,84.13951416451951,1995.2623149688789,473.8853177041455,473.77866839439537,2.676491198052732,controlled,0
1.5e-6,125.89254117941675,1995.2623149688789,9.721460686528012e6,9.72146068961208e6,6.987731569042201,tumor_dominant,2
1.5e-6,188.36490894898,1995.2623149688789,9.721460689498939e6,9.721460689612046e6,6.987731569042199,tumor_dominant,2
1.5e-6,281.8382931264455,1995.2623149688789,9.721460689583166e6,9.721460689612053e6,6.987731569042199,tumor_dominant,2
1.5e-6,421.6965034285823,1995.2623149688789,9.721460689604362e6,9.721460689612046e6,6.987731569042199,tumor_dominant,2
1.5e-6,630.957344480193,1995.2623149688789,9.721460689609641e6,9.721460689612046e6,6.987731569042199,tumor_dominant,2
1.5e-6,944.0608762859235,1995.2623149688789,9.72146068961226e6,9.721460689612066e6,6.9877315690422,tumor_dominant,2
1.5e-6,1412.537544622754,1995.2623149688789,9.721460689607013e6,9.721460689612072e6,6.9877315690422,tumor_dominant,2
1.5e-6,2113.489039836648,1995.2623149688789,9.72146068961224e6,9.721460689612105e6,6.987731569042202,tumor_dominant,2
1.5e-6,3162.2776601683795,1995.2623149688789,9.721460689612782e6,9.7214606896121e6,6.987731569042202,tumor_dominant,2
1.5e-6,4731.512589614803,1995.2623149688789,9.721460689614886e6,9.721460689612048e6,6.987731569042199,tumor_dominant,2
1.5e-6,7079.457843841381,1995.2623149688789,9.721460689609157e6,9.721460689612063e6,6.9877315690422,tumor_dominant,2
1.5e-6,10592.537251772897,1995.2623149688789,9.721460689615259e6,9.72146068961205e6,6.987731569042199,tumor_dominant,2
1.5e-6,15848.93192461114,1995.2623149688789,9.72146068960876e6,9.721460689612107e6,6.987731569042202,tumor_dominant,2
1.5e-6,23713.737056616552,1995.2623149688789,9.721460689609237e6,9.721460689612065e6,6.9877315690422,tumor_dominant,2
1.5e-6,35481.33892335753,1995.2623149688789,9.721460689608594e6,9.721460689612081e6,6.987731569042201,tumor_dominant,2
1.5e-6,53088.444423098794,1995.2623149688789,9.721460689609166e6,9.721460689612066e6,6.9877315690422,tumor_dominant,2
1.5e-6,79432.82347242821,1995.2623149688789,9.721460689613143e6,9.721460689612044e6,6.987731569042199,tumor_dominant,2
1.5e-6,118850.22274370189,1995.2623149688789,9.721460689611942e6,9.721460689612048e6,6.987731569042199,tumor_dominant,2
1.5e-6,177827.94100389228,1995.2623149688789,9.721460689609002e6,9.721460689612111e6,6.987731569042202,tumor_dominant,2
1.5e-6,266072.50597988087,1995.2623149688789,9.721460689609917e6,9.721460689612137e6,6.987731569042204,tumor_dominant,2
1.5e-6,398107.1705534969,1995.2623149688789,9.721460689611452e6,9.721460689612167e6,6.987731569042205,tumor_dominant,2
1.5e-6,595662.1435290109,1995.2623149688789,9.72146068961273e6,9.721460689612119e6,6.987731569042203,tumor_dominant,2
1.5e-6,891250.9381337459,1995.2623149688789,9.721460689608844e6,9.721460689612074e6,6.987731569042201,tumor_dominant,2
1.5e-6,1.333521432163324e6,1995.2623149688789,9.721460689610347e6,9.721460689612055e6,6.9877315690422,tumor_dominant,2
1.5e-6,1.9952623149688789e6,1995.2623149688789,9.72146068960941e6,9.721460689612065e6,6.9877315690422,tumor_dominant,2
1.5e-6,2.985382618917957e6,1995.2623149688789,9.721460689608755e6,9.721460689612098e6,6.987731569042202,tumor_dominant,2
1.5e-6,4.466835921509635e6,1995.2623149688789,9.721460689614356e6,9.721460689612044e6,6.987731569042199,tumor_dominant,2
1.5e-6,6.683439175686149e6,1995.2623149688789,9.721460689613555e6,9.721460689612096e6,6.987731569042202,tumor_dominant,2
1.5e-6,1.0e7,1995.2623149688789,9.721460689613666e6,9.7214606896121e6,6.987731569042202,tumor_dominant,2
1.5e-6,1.0,2511.88643150958,473.78438111832264,473.7786404007091,2.676491172446055,controlled,0
1.5e-6,1.4962356560944334,2511.88643150958,473.7848524976928,473.77863977484645,2.67649117187356,controlled,0
1.5e-6,2.2387211385683394,2511.88643150958,473.78542151499215,473.7786352274918,2.6764911677139556,controlled,0
1.5e-6,3.3496543915782766,2511.88643150958,473.7861248155745,473.77864053124205,2.676491172565458,controlled,0
1.5e-6,5.011872336272722,2511.88643150958,473.7870145631473,473.77864196182736,2.6764911738740578,controlled,0
1.5e-6,7.498942093324558,2511.88643150958,473.78817713191745,473.7786415605403,2.6764911735069883,controlled,0
1.5e-6,11.220184543019636,2511.88643150958,473.7897599405076,473.77864083537906,2.676491172843661,controlled,0
1.5e-6,16.788040181225607,2511.88643150958,473.79203348181164,473.7786411961298,2.676491173173651,controlled,0
1.5e-6,25.118864315095795,2511.88643150958,473.7955761211821,473.77864426906194,2.6764911759845553,controlled,0
1.5e-6,37.583740428844415,2511.88643150958,473.8018329889114,473.7786414098695,2.6764911733691648,controlled,0
1.5e-6,56.23413251903491,2511.88643150958,473.8157374493398,473.7786466021456,2.676491178118698,controlled,0
1.5e-6,84.13951416451951,2511.88643150958,473.87135654627843,473.7786846953698,2.6764912129637284,controlled,0
1.5e-6,125.89254117941675,2511.88643150958,9.721460683811305e6,9.721460689612096e6,6.987731569042202,tumor_dominant,2
1.5e-6,188.36490894898,2511.88643150958,9.721460689479774e6,9.721460689612046e6,6.987731569042199,tumor_dominant,2
1.5e-6,281.8382931264455,2511.88643150958,9.721460689585337e6,9.721460689612046e6,6.987731569042199,tumor_dominant,2
1.5e-6,421.6965034285823,2511.88643150958,9.721460689602636e6,9.721460689612044e6,6.987731569042199,tumor_dominant,2
1.5e-6,630.957344480193,2511.88643150958,9.7214606896083e6,9.721460689612096e6,6.987731569042202,tumor_dominant,2
1.5e-6,944.0608762859235,2511.88643150958,9.721460689606395e6,9.721460689612126e6,6.987731569042203,tumor_dominant,2
1.5e-6,1412.537544622754,2511.88643150958,9.721460689611236e6,9.721460689612044e6,6.987731569042199,tumor_dominant,2
1.5e-6,2113.489039836648,2511.88643150958,9.721460689613363e6,9.721460689612078e6,6.987731569042201,tumor_dominant,2
1.5e-6,3162.2776601683795,2511.88643150958,9.72146068960801e6,9.721460689612076e6,6.987731569042201,tumor_dominant,2
1.5e-6,4731.512589614803,2511.88643150958,9.72146068961115e6,9.721460689612048e6,6.987731569042199,tumor_dominant,2
1.5e-6,7079.457843841381,2511.88643150958,9.721460689613728e6,9.721460689612044e6,6.987731569042199,tumor_dominant,2
1.5e-6,10592.537251772897,2511.88643150958,9.721460689609174e6,9.721460689612124e6,6.987731569042203,tumor_dominant,2
1.5e-6,15848.93192461114,2511.88643150958,9.721460689612662e6,9.721460689612119e6,6.987731569042203,tumor_dominant,2
1.5e-6,23713.737056616552,2511.88643150958,9.721460689611178e6,9.721460689612173e6,6.987731569042205,tumor_dominant,2
1.5e-6,35481.33892335753,2511.88643150958,9.721460689609151e6,9.721460689612066e6,6.9877315690422,tumor_dominant,2
1.5e-6,53088.444423098794,2511.88643150958,9.721460689611174e6,9.72146068961205e6,6.987731569042199,tumor_dominant,2
1.5e-6,79432.82347242821,2511.88643150958,9.721460689614635e6,9.721460689612074e6,6.987731569042201,tumor_dominant,2
1.5e-6,118850.22274370189,2511.88643150958,9.72146068960921e6,9.721460689612119e6,6.987731569042203,tumor_dominant,2
1.5e-6,177827.94100389228,2511.88643150958,9.72146068961472e6,9.721460689612044e6,6.987731569042199,tumor_dominant,2
1.5e-6,266072.50597988087,2511.88643150958,9.721460689614447e6,9.721460689612044e6,6.987731569042199,tumor_dominant,2
1.5e-6,398107.1705534969,2511.88643150958,9.721460689610202e6,9.721460689612057e6,6.9877315690422,tumor_dominant,2
1.5e-6,595662.1435290109,2511.88643150958,9.721460689612413e6,9.721460689612046e6,6.987731569042199,tumor_dominant,2
1.5e-6,891250.9381337459,2511.88643150958,9.721460689612895e6,9.721460689612115e6,6.987731569042203,tumor_dominant,2
1.5e-6,1.333521432163324e6,2511.88643150958,9.721460689613057e6,9.72146068961211e6,6.987731569042202,tumor_dominant,2
1.5e-6,1.9952623149688789e6,2511.88643150958,9.721460689612055e6,9.721460689612143e6,6.987731569042204,tumor_dominant,2
1.5e-6,2.985382618917957e6,2511.88643150958,9.72146068961103e6,9.721460689612167e6,6.987731569042205,tumor_dominant,2
1.5e-6,4.466835921509635e6,2511.88643150958,9.72146068961005e6,9.721460689612059e6,6.9877315690422,tumor_dominant,2
1.5e-6,6.683439175686149e6,2511.88643150958,9.721460689614156e6,9.721460689612083e6,6.987731569042201,tumor_dominant,2
1.5e-6,1.0e7,2511.88643150958,9.721460689614624e6,9.721460689612078e6,6.987731569042201,tumor_dominant,2
1.5e-6,1.0,3162.2776601683795,473.78430099960815,473.77863884180255,2.676491171020076,controlled,0
1.5e-6,1.4962356560944334,3162.2776601683795,473.784760080262,473.7786407786851,2.6764911727918013,controlled,0
1.5e-6,2.2387211385683394,3162.2776601683795,473.78531498709606,473.7786394780085,2.676491171602033,controlled,0
1.5e-6,3.3496543915782766,3162.2776601683795,473.78599608080896,473.7786420963453,2.676491173997105,controlled,0
1.5e-6,5.011872336272722,3162.2776601683795,473.7868583160709,473.77863943174066,2.6764911715597104,controlled,0
1.5e-6,7.498942093324558,3162.2776601683795,473.7879787090173,473.77864014402127,2.676491172211255,controlled,0
1.5e-6,11.220184543019636,3162.2776601683795,473.78949406599054,473.7786411330297,2.6764911731159313,controlled,0
1.5e-6,16.788040181225607,3162.2776601683795,473.7916606579362,473.7786425581431,2.676491174419526,controlled,0
1.5e-6,25.118864315095795,3162.2776601683795,473.7950002754445,473.7786406541652,2.676491172677899,controlled,0
1.5e-6,37.583740428844415,3162.2776601683795,473.8008005674093,473.77864815786626,2.676491179541763,controlled,0
1.5e-6,56.23413251903491,3162.2776601683795,473.81326380303165,473.7786449299732,2.676491176589111,controlled,0
1.5e-6,84.13951416451951,3162.2776601683795,473.85810391190626,473.77865961813876,2.676491190024823,controlled,0
1.5e-6,125.89254117941675,3162.2776601683795,9.721460671826055e6,9.721460689612053e6,6.987731569042199,tumor_dominant,2
1.5e-6,188.36490894898,3162.2776601683795,9.721460689445822e6,9.721460689612063e6,6.9877315690422,tumor_dominant,2
1.5e-6,281.8382931264455,3162.2776601683795,9.721460689576725e6,9.72146068961214e6,6.987731569042204,tumor_dominant,2
1.5e-6,421.6965034285823,3162.2776601683795,9.721460689597564e6,9.721460689612135e6,6.987731569042204,tumor_dominant,2
1.5e-6,630.957344480193,3162.2776601683795,9.721460689603372e6,9.721460689612066e6,6.9877315690422,tumor_dominant,2
1.5e-6,944.0608762859235,3162.2776601683795,9.721460689605923e6,9.721460689612068e6,6.9877315690422,tumor_dominant,2
1.5e-6,1412.537544622754,3162.2776601683795,9.721460689613372e6,9.721460689612063e6,6.9877315690422,tumor_dominant,2
1.5e-6,2113.489039836648,3162.2776601683795,9.72146068961208e6,9.721460689612107e6,6.987731569042202,tumor_dominant,2
1.5e-6,3162.2776601683795,3162.2776601683795,9.721460689609952e6,9.721460689612158e6,6.987731569042205,tumor_dominant,2
1.5e-6,4731.512589614803,3162.2776601683795,9.721460689614184e6,9.721460689612074e6,6.987731569042201,tumor_dominant,2
1.5e-6,7079.457843841381,3162.2776601683795,9.721460689608302e6,9.72146068961208e6,6.987731569042201,tumor_dominant,2
1.5e-6,10592.537251772897,3162.2776601683795,9.721460689608444e6,9.721460689612078e6,6.987731569042201,tumor_dominant,2
1.5e-6,15848.93192461114,3162.2776601683795,9.721460689608794e6,9.72146068961207e6,6.9877315690422,tumor_dominant,2
1.5e-6,23713.737056616552,3162.2776601683795,9.721460689615052e6,9.721460689612065e6,6.9877315690422,tumor_dominant,2
1.5e-6,35481.33892335753,3162.2776601683795,9.721460689609034e6,9.721460689612068e6,6.9877315690422,tumor_dominant,2
1.5e-6,53088.444423098794,3162.2776601683795,9.721460689614778e6,9.721460689612044e6,6.987731569042199,tumor_dominant,2
1.5e-6,79432.82347242821,3162.2776601683795,9.721460689615466e6,9.721460689612053e6,6.987731569042199,tumor_dominant,2
1.5e-6,118850.22274370189,3162.2776601683795,9.721460689612012e6,9.721460689612048e6,6.987731569042199,tumor_dominant,2
1.5e-6,177827.94100389228,3162.2776601683795,9.7214606896109e6,9.721460689612163e6,6.987731569042205,tumor_dominant,2
1.5e-6,266072.50597988087,3162.2776601683795,9.721460689610967e6,9.721460689612165e6,6.987731569042205,tumor_dominant,2
1.5e-6,398107.1705534969,3162.2776601683795,9.72146068961303e6,9.721460689612111e6,6.987731569042202,tumor_dominant,2
1.5e-6,595662.1435290109,3162.2776601683795,9.721460689612247e6,9.721460689612135e6,6.987731569042204,tumor_dominant,2
1.5e-6,891250.9381337459,3162.2776601683795,9.721460689611455e6,9.72146068961205e6,6.987731569042199,tumor_dominant,2
1.5e-6,1.333521432163324e6,3162.2776601683795,9.72146068961253e6,9.721460689612046e6,6.987731569042199,tumor_dominant,2
1.5e-6,1.9952623149688789e6,3162.2776601683795,9.721460689613186e6,9.721460689612044e6,6.987731569042199,tumor_dominant,2
1.5e-6,2.985382618917957e6,3162.2776601683795,9.721460689612247e6,9.721460689612135e6,6.987731569042204,tumor_dominant,2
1.5e-6,4.466835921509635e6,3162.2776601683795,9.72146068960992e6,9.721460689612059e6,6.9877315690422,tumor_dominant,2
1.5e-6,6.683439175686149e6,3162.2776601683795,9.721460689614944e6,9.721460689612046e6,6.987731569042199,tumor_dominant,2
1.5e-6,1.0e7,3162.2776601683795,9.721460689614048e6,9.721460689612089e6,6.987731569042201,tumor_dominant,2
1.5e-6,1.0,3981.0717055349733,473.7842042352846,473.7786372411309,2.676491169555893,controlled,0
1.5e-6,1.4962356560944334,3981.0717055349733,473.78464777510317,473.77863167709086,2.6764911644662956,controlled,0
1.5e-6,2.2387211385683394,3981.0717055349733,473.78518282234523,473.7786409340878,2.676491172933953,controlled,0
1.5e-6,3.3496543915782766,3981.0717055349733,473.78584092982226,473.77863838931785,2.6764911706061745,controlled,0
1.5e-6,5.011872336272722,3981.0717055349733,473.78666643288716,473.7786405222736,2.6764911725572538,controlled,0
1.5e-6,7.498942093324558,3981.0717055349733,473.78773630663505,473.77864078815537,2.676491172800464,controlled,0
1.5e-6,11.220184543019636,3981.0717055349733,473.7891774882458,473.7786411737162,2.676491173153148,controlled,0
1.5e-6,16.788040181225607,3981.0717055349733,473.79121643581516,473.7786409254458,2.6764911729260477,controlled,0
1.5e-6,25.118864315095795,3981.0717055349733,473.7943235755878,473.77864409582804,2.676491175826093,controlled,0
1.5e-6,37.583740428844415,3981.0717055349733,473.7996142071377,473.7786456656861,2.67649117726209,controlled,0
1.5e-6,56.23413251903491,3981.0717055349733,473.8105607004341,473.77864571467984,2.676491177306906,controlled,0
1.5e-6,84.13951416451951,3981.0717055349733,473.8458382147591,473.7786624521676,2.6764911926171955,controlled,0
1.5e-6,125.89254117941675,3981.0717055349733,9.721460291373502e6,9.721460689612066e6,6.9877315690422,tumor_dominant,2
1.5e-6,188.36490894898,3981.0717055349733,9.721460689390484e6,9.721460689612081e6,6.987731569042201,tumor_dominant,2
1.5e-6,281.8382931264455,3981.0717055349733,9.721460689571891e6,9.721460689612152e6,6.987731569042204,tumor_dominant,2
1.5e-6,421.6965034285823,3981.0717055349733,9.721460689602094e6,9.721460689612059e6,6.9877315690422,tumor_dominant,2
1.5e-6,630.957344480193,3981.0717055349733,9.72146068960376e6,9.721460689612059e6,6.9877315690422,tumor_dominant,2
1.5e-6,944.0608762859235,3981.0717055349733,9.721460689610953e6,9.721460689612085e6,6.987731569042201,tumor_dominant,2
1.5e-6,1412.537544622754,3981.0717055349733,9.72146068961097e6,9.721460689612119e6,6.987731569042203,tumor_dominant,2
1.5e-6,2113.489039836648,3981.0717055349733,9.72146068960835e6,9.721460689612128e6,6.987731569042203,tumor_dominant,2
1.5e-6,3162.2776601683795,3981.0717055349733,9.72146068960953e6,9.721460689612148e6,6.987731569042204,tumor_dominant,2
1.5e-6,4731.512589614803,3981.0717055349733,9.721460689609654e6,9.721460689612055e6,6.9877315690422,tumor_dominant,2
1.5e-6,7079.457843841381,3981.0717055349733,9.721460689608714e6,9.721460689612068e6,6.9877315690422,tumor_dominant,2
1.5e-6,10592.537251772897,3981.0717055349733,9.721460689615268e6,9.721460689612053e6,6.987731569042199,tumor_dominant,2
1.5e-6,15848.93192461114,3981.0717055349733,9.721460689608429e6,9.721460689612089e6,6.987731569042201,tumor_dominant,2
1.5e-6,23713.737056616552,3981.0717055349733,9.721460689611798e6,9.72146068961215e6,6.987731569042204,tumor_dominant,2
1.5e-6,35481.33892335753,3981.0717055349733,9.721460689611271e6,9.721460689612173e6,6.987731569042205,tumor_dominant,2
1.5e-6,53088.444423098794,3981.0717055349733,9.721460689611683e6,9.721460689612048e6,6.987731569042199,tumor_dominant,2
1.5e-6,79432.82347242821,3981.0717055349733,9.72146068961214e6,9.721460689612139e6,6.987731569042204,tumor_dominant,2
1.5e-6,118850.22274370189,3981.0717055349733,9.721460689615449e6,9.721460689612051e6,6.987731569042199,tumor_dominant,2
1.5e-6,177827.94100389228,3981.0717055349733,9.721460689608967e6,9.72146068961207e6,6.9877315690422,tumor_dominant,2
1.5e-6,266072.50597988087,3981.0717055349733,9.721460689609433e6,9.721460689612063e6,6.9877315690422,tumor_dominant,2
1.5e-6,398107.1705534969,3981.0717055349733,9.72146068960871e6,9.721460689612078e6,6.987731569042201,tumor_dominant,2
1.5e-6,595662.1435290109,3981.0717055349733,9.721460689608652e6,9.721460689612083e6,6.987731569042201,tumor_dominant,2
1.5e-6,891250.9381337459,3981.0717055349733,9.721460689611938e6,9.721460689612146e6,6.987731569042204,tumor_dominant,2
1.5e-6,1.333521432163324e6,3981.0717055349733,9.721460689608939e6,9.721460689612107e6,6.987731569042202,tumor_dominant,2
1.5e-6,1.9952623149688789e6,3981.0717055349733,9.721460689611599e6,9.72146068961205e6,6.987731569042199,tumor_dominant,2
1.5e-6,2.985382618917957e6,3981.0717055349733,9.72146068961496e6,9.721460689612046e6,6.987731569042199,tumor_dominant,2
1.5e-6,4.466835921509635e6,3981.0717055349733,9.721460689608853e6,9.721460689612076e6,6.987731569042201,tumor_dominant,2
1.5e-6,6.683439175686149e6,3981.0717055349733,9.721460689614648e6,9.721460689612044e6,6.987731569042199,tumor_dominant,2
1.5e-6,1.0e7,3981.0717055349733,9.72146068961495e6,9.72146068961207e6,6.9877315690422,tumor_dominant,2
1.5e-6,1.0,5011.872336272725,473.78408516430227,473.7786400168999,2.6764911720949733,controlled,0
1.5e-6,1.4962356560944334,5011.872336272725,473.784512217574,473.77863961472514,2.6764911717270916,controlled,0
1.5e-6,2.2387211385683394,5011.872336272725,473.78502412360695,473.77863605813764,2.6764911684737727,controlled,0
1.5e-6,3.3496543915782766,5011.872336272725,473.78565078546546,473.7786409011445,2.6764911729038188,controlled,0
1.5e-6,5.011872336272722,5011.872336272725,473.7864363617396,473.778639111738,2.676491171266994,controlled,0
1.5e-6,7.498942093324558,5011.872336272725,473.7874483550784,473.7786395550273,2.676491171672484,controlled,0
1.5e-6,11.220184543019636,5011.872336272725,473.78879854522256,473.778642259541,2.6764911741463853,controlled,0
1.5e-6,16.788040181225607,5011.872336272725,473.7906947057034,473.77864234319804,2.676491174222909,controlled,0
1.5e-6,25.118864315095795,5011.872336272725,473.7935397243573,473.77864251059714,2.676491174376034,controlled,0
1.5e-6,37.583740428844415,5011.872336272725,473.7982777975942,473.77864619564343,2.676491177746858,controlled,0
1.5e-6,56.23413251903491,5011.872336272725,473.80767292393915,473.77864432485313,2.676491176035589,controlled,0
1.5e-6,84.13951416451951,5011.872336272725,473.8347581269443,473.7786468758604,2.6764911783690732,controlled,0
1.5e-6,125.89254117941675,5011.872336272725,474.39814610278125,473.77864483104935,2.6764911764986223,controlled,0
1.5e-6,188.36490894898,5011.872336272725,9.721460689280553e6,9.721460689612148e6,6.987731569042204,tumor_dominant,2
1.5e-6,281.8382931264455,5011.872336272725,9.721460689563004e6,9.721460689612139e6,6.987731569042204,tumor_dominant,2
1.5e-6,421.6965034285823,5011.872336272725,9.721460689598849e6,9.72146068961209e6,6.987731569042201,tumor_dominant,2
1.5e-6,630.957344480193,5011.872336272725,9.721460689608412e6,9.721460689612066e6,6.9877315690422,tumor_dominant,2
1.5e-6,944.0608762859235,5011.872336272725,9.721460689607251e6,9.721460689612161e6,6.987731569042205,tumor_dominant,2
1.5e-6,1412.537544622754,5011.872336272725,9.721460689606838e6,9.72146068961211e6,6.987731569042202,tumor_dominant,2
1.5e-6,2113.489039836648,5011.872336272725,9.721460689613929e6,9.721460689612065e6,6.9877315690422,tumor_dominant,2
1.5e-6,3162.2776601683795,5011.872336272725,9.72146068961416e6,9.721460689612068e6,6.9877315690422,tumor_dominant,2
1.5e-6,4731.512589614803,5011.872336272725,9.721460689609827e6,9.721460689612148e6,6.987731569042204,tumor_dominant,2
1.5e-6,7079.457843841381,5011.872336272725,9.721460689614771e6,9.721460689612065e6,6.9877315690422,tumor_dominant,2
1.5e-6,10592.537251772897,5011.872336272725,9.721460689615257e6,9.721460689612051e6,6.987731569042199,tumor_dominant,2
1.5e-6,15848.93192461114,5011.872336272725,9.721460689614927e6,9.721460689612065e6,6.9877315690422,tumor_dominant,2
1.5e-6,23713.737056616552,5011.872336272725,9.721460689613044e6,9.721460689612044e6,6.987731569042199,tumor_dominant,2
1.5e-6,35481.33892335753,5011.872336272725,9.721460689608704e6,9.721460689612076e6,6.987731569042201,tumor_dominant,2
1.5e-6,53088.444423098794,5011.872336272725,9.721460689612933e6,9.721460689612113e6,6.987731569042202,tumor_dominant,2
1.5e-6,79432.82347242821,5011.872336272725,9.721460689609876e6,9.721460689612137e6,6.987731569042204,tumor_dominant,2
1.5e-6,118850.22274370189,5011.872336272725,9.72146068961546e6,9.721460689612053e6,6.987731569042199,tumor_dominant,2
1.5e-6,177827.94100389228,5011.872336272725,9.721460689609861e6,9.721460689612059e6,6.9877315690422,tumor_dominant,2
1.5e-6,266072.50597988087,5011.872336272725,9.721460689612888e6,9.721460689612046e6,6.987731569042199,tumor_dominant,2
1.5e-6,398107.1705534969,5011.872336272725,9.721460689613607e6,9.721460689612044e6,6.987731569042199,tumor_dominant,2
1.5e-6,595662.1435290109,5011.872336272725,9.721460689615436e6,9.721460689612055e6,6.9877315690422,tumor_dominant,2
1.5e-6,891250.9381337459,5011.872336272725,9.721460689608693e6,9.72146068961208e6,6.987731569042201,tumor_dominant,2
1.5e-6,1.333521432163324e6,5011.872336272725,9.72146068961492e6,9.721460689612066e6,6.9877315690422,tumor_dominant,2
1.5e-6,1.9952623149688789e6,5011.872336272725,9.721460689608764e6,9.721460689612098e6,6.987731569042202,tumor_dominant,2
1.5e-6,2.985382618917957e6,5011.872336272725,9.721460689612905e6,9.721460689612046e6,6.987731569042199,tumor_dominant,2
1.5e-6,4.466835921509635e6,5011.872336272725,9.72146068960885e6,9.721460689612102e6,6.987731569042202,tumor_dominant,2
1.5e-6,6.683439175686149e6,5011.872336272725,9.721460689614205e6,9.721460689612044e6,6.987731569042199,tumor_dominant,2
1.5e-6,1.0e7,5011.872336272725,9.721460689612469e6,9.721460689612048e6,6.987731569042199,tumor_dominant,2
1.5e-6,1.0,6309.57344480193,473.7839403159485,473.77863311002915,2.676491165777048,controlled,0
1.5e-6,1.4962356560944334,6309.57344480193,473.7843459827774,473.77862981285625,2.6764911627610237,controlled,0
1.5e-6,2.2387211385683394,6309.57344480193,473.7848321975091,473.77864071746836,2.6764911727358047,controlled,0
1.5e-6,3.3496543915782766,6309.57344480193,473.785425124463,473.7786386102235,2.6764911708082435,controlled,0
1.5e-6,5.011872336272722,6309.57344480193,473.786161548609,473.77864080413417,2.6764911728150804,controlled,0
1.5e-6,7.498942093324558,6309.57344480193,473.7871049876429,473.77864163063293,2.676491173571104,controlled,0
1.5e-6,11.220184543019636,6309.57344480193,473.78835511233643,473.77864091589197,2.676491172917309,controlled,0
1.5e-6,16.788040181225607,6309.57344480193,473.79008880055864,473.77864263431235,2.6764911744892,controlled,0
1.5e-6,25.118864315095795,6309.57344480193,473.79264890913703,473.7786423257534,2.676491174206952,controlled,0
1.5e-6,37.583740428844415,6309.57344480193,473.79680272039343,473.7786463819977,2.676491177917322,controlled,0
1.5e-6,56.23413251903491,6309.57344480193,473.8046673914992,473.77864661658407,2.676491178131905,controlled,0
1.5e-6,84.13951416451951,6309.57344480193,473.824961166388,473.7786551357357,2.6764911859246325,controlled,0
1.5e-6,125.89254117941675,6309.57344480193,473.98084772849165,473.77867308519325,2.676491202343547,controlled,0
1.5e-6,188.36490894898,6309.57344480193,9.721460688968807e6,9.72146068961209e6,6.987731569042201,tumor_dominant,2
1.5e-6,281.8382931264455,6309.57344480193,9.721460689552719e6,9.721460689612081e6,6.987731569042201,tumor_dominant,2
1.5e-6,421.6965034285823,6309.57344480193,9.721460689594759e6,9.721460689612124e6,6.987731569042203,tumor_dominant,2
1.5e-6,630.957344480193,6309.57344480193,9.721460689604957e6,9.72146068961213e6,6.987731569042203,tumor_dominant,2
1.5e-6,944.0608762859235,6309.57344480193,9.72146068960893e6,9.721460689612046e6,6.987731569042199,tumor_dominant,2
1.5e-6,1412.537544622754,6309.57344480193,9.72146068960653e6,9.721460689612076e6,6.987731569042201,tumor_dominant,2
1.5e-6,2113.489039836648,6309.57344480193,9.721460689613476e6,9.721460689612072e6,6.9877315690422,tumor_dominant,2
1.5e-6,3162.2776601683795,6309.57344480193,9.72146068960794e6,9.721460689612074e6,6.987731569042201,tumor_dominant,2
1.5e-6,4731.512589614803,6309.57344480193,9.721460689614234e6,9.721460689612044e6,6.987731569042199,tumor_dominant,2
1.5e-6,7079.457843841381,6309.57344480193,9.721460689608566e6,9.72146068961211e6,6.987731569042202,tumor_dominant,2
1.5e-6,10592.537251772897,6309.57344480193,9.721460689609734e6,9.721460689612139e6,6.987731569042204,tumor_dominant,2
1.5e-6,15848.93192461114,6309.57344480193,9.721460689611757e6,9.721460689612048e6,6.987731569042199,tumor_dominant,2
1.5e-6,23713.737056616552,6309.57344480193,9.721460689610807e6,9.721460689612051e6,6.987731569042199,tumor_dominant,2
1.5e-6,35481.33892335753,6309.57344480193,9.7214606896086e6,9.721460689612094e6,6.987731569042202,tumor_dominant,2
1.5e-6,53088.444423098794,6309.57344480193,9.721460689609978e6,9.721460689612139e6,6.987731569042204,tumor_dominant,2
1.5e-6,79432.82347242821,6309.57344480193,9.721460689612255e6,9.721460689612135e6,6.987731569042204,tumor_dominant,2
1.5e-6,118850.22274370189,6309.57344480193,9.721460689611671e6,9.721460689612048e6,6.987731569042199,tumor_dominant,2
1.5e-6,177827.94100389228,6309.57344480193,9.721460689608626e6,9.721460689612081e6,6.987731569042201,tumor_dominant,2
1.5e-6,266072.50597988087,6309.57344480193,9.721460689610587e6,9.721460689612053e6,6.987731569042199,tumor_dominant,2
1.5e-6,398107.1705534969,6309.57344480193,9.72146068961235e6,9.721460689612046e6,6.987731569042199,tumor_dominant,2
1.5e-6,595662.1435290109,6309.57344480193,9.721460689611888e6,9.721460689612148e6,6.987731569042204,tumor_dominant,2
1.5e-6,891250.9381337459,6309.57344480193,9.721460689614786e6,9.72146068961207e6,6.9877315690422,tumor_dominant,2
1.5e-6,1.333521432163324e6,6309.57344480193,9.721460689608645e6,9.721460689612087e6,6.987731569042201,tumor_dominant,2
1.5e-6,1.9952623149688789e6,6309.57344480193,9.721460689610539e6,9.721460689612154e6,6.987731569042205,tumor_dominant,2
1.5e-6,2.985382618917957e6,6309.57344480193,9.72146068960967e6,9.721460689612063e6,6.9877315690422,tumor_dominant,2
1.5e-6,4.466835921509635e6,6309.57344480193,9.721460689608723e6,9.721460689612092e6,6.987731569042201,tumor_dominant,2
1.5e-6,6.683439175686149e6,6309.57344480193,9.721460689610105e6,9.721460689612059e6,6.9877315690422,tumor_dominant,2
1.5e-6,1.0e7,6309.57344480193,9.72146068961422e6,9.721460689612044e6,6.987731569042199,tumor_dominant,2
1.5e-6,1.0,7943.282347242814,473.7837672680747,473.7786397441456,2.6764911718454765,controlled,0
1.5e-6,1.4962356560944334,7943.282347242814,473.78414931925647,473.77864025608875,2.6764911723137668,controlled,0
1.5e-6,2.2387211385683394,7943.282347242814,473.7846047688548,473.778639524729,2.6764911716447695,controlled,0
1.5e-6,3.3496543915782766,7943.282347242814,473.7851554151917,473.7786376439148,2.6764911699243314,controlled,0
1.5e-6,5.011872336272722,7943.282347242814,473.7858390886578,473.77863997014043,2.676491172052201,controlled,0
1.5e-6,7.498942093324558,7943.282347242814,473.78670548394075,473.7786407774769,2.6764911727906964,controlled,0
1.5e-6,11.220184543019636,7943.282347242814,473.7878431134354,473.7786403067949,2.676491172360149,controlled,0
1.5e-6,16.788040181225607,7943.282347242814,473.7893996648711,473.7786430645388,2.6764911748827416,controlled,0
1.5e-6,25.118864315095795,7943.282347242814,473.79165513039703,473.77864263053164,2.676491174485742,controlled,0
1.5e-6,37.583740428844415,7943.282347242814,473.79521137561375,473.77864065351713,2.676491172677306,controlled,0
1.5e-6,56.23413251903491,7943.282347242814,473.80162132713883,473.77865021568573,2.676491181424113,controlled,0
1.5e-6,84.13951416451951,7943.282347242814,473.81646749231277,473.77865245296476,2.6764911834706204,controlled,0
1.5e-6,125.89254117941675,7943.282347242814,473.88527577097983,473.77865800085027,2.67649118854544,controlled,0
1.5e-6,188.36490894898,7943.282347242814,9.721460687486868e6,9.721460689612156e6,6.987731569042205,tumor_dominant,2
1.5e-6,281.8382931264455,7943.282347242814,9.721460689519675e6,9.721460689612161e6,6.987731569042205,tumor_dominant,2
1.5e-6,421.6965034285823,7943.282347242814,9.721460689587805e6,9.721460689612152e6,6.987731569042204,tumor_dominant,2
1.5e-6,630.957344480193,7943.282347242814,9.72146068960441e6,9.721460689612046e6,6.987731569042199,tumor_dominant,2
1.5e-6,944.0608762859235,7943.282347242814,9.721460689611197e6,9.721460689612055e6,6.9877315690422,tumor_dominant,2
1.5e-6,1412.537544622754,7943.282347242814,9.721460689606138e6,9.721460689612083e6,6.987731569042201,tumor_dominant,2
1.5e-6,2113.489039836648,7943.282347242814,9.721460689608663e6,9.721460689612055e6,6.9877315690422,tumor_dominant,2
1.5e-6,3162.2776601683795,7943.282347242814,9.72146068961457e6,9.721460689612059e6,6.9877315690422,tumor_dominant,2
1.5e-6,4731.512589614803,7943.282347242814,9.721460689613348e6,9.721460689612044e6,6.987731569042199,tumor_dominant,2
1.5e-6,7079.457843841381,7943.282347242814,9.721460689612066e6,9.721460689612048e6,6.987731569042199,tumor_dominant,2
1.5e-6,10592.537251772897,7943.282347242814,9.721460689609248e6,9.721460689612126e6,6.987731569042203,tumor_dominant,2
1.5e-6,15848.93192461114,7943.282347242814,9.72146068961264e6,9.721460689612046e6,6.987731569042199,tumor_dominant,2
1.5e-6,23713.737056616552,7943.282347242814,9.721460689609572e6,9.72146068961206e6,6.9877315690422,tumor_dominant,2
1.5e-6,35481.33892335753,7943.282347242814,9.72146068960945e6,9.721460689612063e6,6.9877315690422,tumor_dominant,2
1.5e-6,53088.444423098794,7943.282347242814,9.721460689615456e6,9.721460689612051e6,6.987731569042199,tumor_dominant,2
1.5e-6,79432.82347242821,7943.282347242814,9.721460689615108e6,9.721460689612046e6,6.987731569042199,tumor_dominant,2
1.5e-6,118850.22274370189,7943.282347242814,9.721460689613547e6,9.721460689612096e6,6.987731569042202,tumor_dominant,2
1.5e-6,177827.94100389228,7943.282347242814,9.721460689615425e6,9.721460689612055e6,6.9877315690422,tumor_dominant,2
1.5e-6,266072.50597988087,7943.282347242814,9.721460689609043e6,9.721460689612113e6,6.987731569042202,tumor_dominant,2
1.5e-6,398107.1705534969,7943.282347242814,9.72146068961297e6,9.721460689612046e6,6.987731569042199,tumor_dominant,2
1.5e-6,595662.1435290109,7943.282347242814,9.72146068961401e6,9.721460689612087e6,6.987731569042201,tumor_dominant,2
1.5e-6,891250.9381337459,7943.282347242814,9.7214606896089e6,9.721460689612072e6,6.9877315690422,tumor_dominant,2
1.5e-6,1.333521432163324e6,7943.282347242814,9.721460689610464e6,9.721460689612152e6,6.987731569042204,tumor_dominant,2
1.5e-6,1.9952623149688789e6,7943.282347242814,9.721460689612607e6,9.721460689612046e6,6.987731569042199,tumor_dominant,2
1.5e-6,2.985382618917957e6,7943.282347242814,9.721460689609122e6,9.721460689612113e6,6.987731569042202,tumor_dominant,2
1.5e-6,4.466835921509635e6,7943.282347242814,9.721460689611362e6,9.721460689612173e6,6.987731569042205,tumor_dominant,2
1.5e-6,6.683439175686149e6,7943.282347242814,9.721460689612227e6,9.721460689612048e6,6.987731569042199,tumor_dominant,2
1.5e-6,1.0e7,7943.282347242814,9.721460689612744e6,9.721460689612046e6,6.987731569042199,tumor_dominant,2
1.5e-6,1.0,10000.0,473.78356196808926,473.77863972481356,2.676491171827793,controlled,0
1.5e-6,1.4962356560944334,10000.0,473.78391606698113,473.77863954913505,2.6764911716670943,controlled,0
1.5e-6,2.2387211385683394,10000.0,473.7843357465781,473.7786382796629,2.67649117050587,controlled,0
1.5e-6,3.3496543915782766,10000.0,473.78484080706824,473.7786389020334,2.676491171075171,controlled,0
1.5e-6,5.011872336272722,10000.0,473.78546380470584,473.7786398609912,2.676491171952359,controlled,0
1.5e-6,7.498942093324558,10000.0,473.7862455189062,473.7786409421872,2.6764911729413616,controlled,0
1.5e-6,11.220184543019636,10000.0,473.7872604523288,473.77864079912734,2.6764911728105005,controlled,0
1.5e-6,16.788040181225607,10000.0,473.78862928826226,473.7786399585392,2.676491172041589,controlled,0
1.5e-6,25.118864315095795,10000.0,473.79057024851244,473.7786408580006,2.6764911728643535,controlled,0
1.5e-6,37.583740428844415,10000.0,473.79353740673776,473.77864339374804,2.676491175183879,controlled,0
1.5e-6,56.23413251903491,10000.0,473.7986154570994,473.7786440197588,2.67649117575651,controlled,0
1.5e-6,84.13951416451951,10000.0,473.8092289947411,473.7786433402325,2.676491175134927,controlled,0
1.5e-6,125.89254117941675,10000.0,473.8444045765757,473.77866340749455,2.6764911934910622,controlled,0
1.5e-6,188.36490894898,10000.0,9.721460595935388e6,9.721460689612044e6,6.987731569042199,tumor_dominant,2
1.5e-6,281.8382931264455,10000.0,9.721460689438114e6,9.721460689612126e6,6.987731569042203,tumor_dominant,2
1.5e-6,421.6965034285823,10000.0,9.721460689578248e6,9.721460689612059e6,6.9877315690422,tumor_dominant,2
1.5e-6,630.957344480193,10000.0,9.721460689603334e6,9.721460689612044e6,6.987731569042199,tumor_dominant,2
1.5e-6,944.0608762859235,10000.0,9.72146068960748e6,9.721460689612048e6,6.987731569042199,tumor_dominant,2
1.5e-6,1412.537544622754,10000.0,9.721460689605942e6,9.721460689612076e6,6.987731569042201,tumor_dominant,2
1.5e-6,2113.489039836648,10000.0,9.721460689610342e6,9.721460689612148e6,6.987731569042204,tumor_dominant,2
1.5e-6,3162.2776601683795,10000.0,9.721460689612282e6,9.721460689612105e6,6.987731569042202,tumor_dominant,2
1.5e-6,4731.512589614803,10000.0,9.72146068961487e6,9.721460689612055e6,6.9877315690422,tumor_dominant,2
1.5e-6,7079.457843841381,10000.0,9.721460689610662e6,9.721460689612167e6,6.987731569042205,tumor_dominant,2
1.5e-6,10592.537251772897,10000.0,9.72146068960916e6,9.721460689612124e6,6.987731569042203,tumor_dominant,2
1.5e-6,15848.93192461114,10000.0,9.721460689611496e6,9.721460689612048e6,6.987731569042199,tumor_dominant,2
1.5e-6,23713.737056616552,10000.0,9.721460689611066e6,9.72146068961205e6,6.987731569042199,tumor_dominant,2
1.5e-6,35481.33892335753,10000.0,9.721460689611696e6,9.721460689612156e6,6.987731569042205,tumor_dominant,2
1.5e-6,53088.444423098794,10000.0,9.721460689615466e6,9.721460689612051e6,6.987731569042199,tumor_dominant,2
1.5e-6,79432.82347242821,10000.0,9.721460689615142e6,9.721460689612063e6,6.9877315690422,tumor_dominant,2
1.5e-6,118850.22274370189,10000.0,9.72146068961175e6,9.721460689612154e6,6.987731569042205,tumor_dominant,2
1.5e-6,177827.94100389228,10000.0,9.721460689610615e6,9.721460689612156e6,6.987731569042205,tumor_dominant,2
1.5e-6,266072.50597988087,10000.0,9.721460689614655e6,9.721460689612044e6,6.987731569042199,tumor_dominant,2
1.5e-6,398107.1705534969,10000.0,9.72146068960925e6,9.721460689612119e6,6.987731569042203,tumor_dominant,2
1.5e-6,595662.1435290109,10000.0,9.721460689608626e6,9.721460689612087e6,6.987731569042201,tumor_dominant,2
1.5e-6,891250.9381337459,10000.0,9.721460689610602e6,9.721460689612053e6,6.987731569042199,tumor_dominant,2
1.5e-6,1.333521432163324e6,10000.0,9.721460689611696e6,9.72146068961205e6,6.987731569042199,tumor_dominant,2
1.5e-6,1.9952623149688789e6,10000.0,9.721460689608669e6,9.721460689612085e6,6.987731569042201,tumor_dominant,2
1.5e-6,2.985382618917957e6,10000.0,9.721460689613719e6,9.721460689612092e6,6.987731569042201,tumor_dominant,2
1.5e-6,4.466835921509635e6,10000.0,9.721460689615078e6,9.721460689612065e6,6.9877315690422,tumor_dominant,2
1.5e-6,6.683439175686149e6,10000.0,9.721460689609474e6,9.721460689612065e6,6.9877315690422,tumor_dominant,2
1.5e-6,1.0e7,10000.0,9.721460689609831e6,9.721460689612059e6,6.9877315690422,tumor_dominant,2
1.5e-6,1.0,12589.254117941662,473.7833202231526,473.77863935852645,2.676491171492739,controlled,0
1.5e-6,1.4962356560944334,12589.254117941662,473.7836432119664,473.77863965859916,2.676491171767225,controlled,0
1.5e-6,2.2387211385683394,12589.254117941662,473.78402390437145,473.77863862241867,2.6764911708193986,controlled,0
1.5e-6,3.3496543915782766,12589.254117941662,473.7844787101735,473.7786319510533,2.6764911647168974,controlled,0
1.5e-6,5.011872336272722,12589.254117941662,473.7850345186058,473.77864045223737,2.6764911724931895,controlled,0
1.5e-6,7.498942093324558,12589.254117941662,473.78572599679325,473.7786390784571,2.676491171236551,controlled,0
1.5e-6,11.220184543019636,12589.254117941662,473.78661204152564,473.7786393388541,2.676491171474744,controlled,0
1.5e-6,16.788040181225607,12589.254117941662,473.7877849422578,473.7786414149871,2.6764911733738463,controlled,0
1.5e-6,25.118864315095795,12589.254117941662,473.7894141906199,473.77864218219094,2.6764911740756308,controlled,0
1.5e-6,37.583740428844415,12589.254117941662,473.79182032881033,473.77864240804,2.676491174282222,controlled,0
1.5e-6,56.23413251903491,12589.254117941662,473.7957305242921,473.77864092171376,2.676491172922634,controlled,0
1.5e-6,84.13951416451951,12589.254117941662,473.8031502147046,473.7786413982167,2.6764911733585057,controlled,0
1.5e-6,125.89254117941675,12589.254117941662,473.8224016077679,473.7786521990317,2.67649118323834,controlled,0
1.5e-6,188.36490894898,12589.254117941662,473.9751249652593,473.7786722586345,2.676491201587469,controlled,0
1.5e-6,281.8382931264455,12589.254117941662,9.721460689087681e6,9.72146068961214e6,6.987731569042204,tumor_dominant,2
1.5e-6,421.6965034285823,12589.254117941662,9.721460689559422e6,9.721460689612167e6,6.987731569042205,tumor_dominant,2
1.5e-6,630.957344480193,12589.254117941662,9.721460689593548e6,9.721460689612078e6,6.987731569042201,tumor_dominant,2
1.5e-6,944.0608762859235,12589.254117941662,9.721460689604552e6,9.721460689612165e6,6.987731569042205,tumor_dominant,2
1.5e-6,1412.537544622754,12589.254117941662,9.721460689605474e6,9.721460689612076e6,6.987731569042201,tumor_dominant,2
1.5e-6,2113.489039836648,12589.254117941662,9.72146068961011e6,9.721460689612148e6,6.987731569042204,tumor_dominant,2
1.5e-6,3162.2776601683795,12589.254117941662,9.721460689611396e6,9.721460689612046e6,6.987731569042199,tumor_dominant,2
1.5e-6,4731.512589614803,12589.254117941662,9.721460689608501e6,9.72146068961212e6,6.987731569042203,tumor_dominant,2
1.5e-6,7079.457843841381,12589.254117941662,9.721460689613169e6,9.721460689612044e6,6.987731569042199,tumor_dominant,2
1.5e-6,10592.537251772897,12589.254117941662,9.721460689608296e6,9.72146068961209e6,6.987731569042201,tumor_dominant,2
1.5e-6,15848.93192461114,12589.254117941662,9.721460689614013e6,9.721460689612083e6,6.987731569042201,tumor_dominant,2
1.5e-6,23713.737056616552,12589.254117941662,9.721460689609753e6,9.721460689612059e6,6.9877315690422,tumor_dominant,2
1.5e-6,35481.33892335753,12589.254117941662,9.721460689613843e6,9.721460689612044e6,6.987731569042199,tumor_dominant,2
1.5e-6,53088.444423098794,12589.254117941662,9.721460689615443e6,9.721460689612051e6,6.987731569042199,tumor_dominant,2
1.5e-6,79432.82347242821,12589.254117941662,9.72146068961252e6,9.721460689612126e6,6.987731569042203,tumor_dominant,2
1.5e-6,118850.22274370189,12589.254117941662,9.721460689609043e6,9.721460689612068e6,6.9877315690422,tumor_dominant,2
1.5e-6,177827.94100389228,12589.254117941662,9.721460689615121e6,9.721460689612063e6,6.9877315690422,tumor_dominant,2
1.5e-6,266072.50597988087,12589.254117941662,9.721460689614914e6,9.721460689612068e6,6.9877315690422,tumor_dominant,2
1.5e-6,398107.1705534969,12589.254117941662,9.721460689615373e6,9.721460689612048e6,6.987731569042199,tumor_dominant,2
1.5e-6,595662.1435290109,12589.254117941662,9.721460689610617e6,9.721460689612156e6,6.987731569042205,tumor_dominant,2
1.5e-6,891250.9381337459,12589.254117941662,9.721460689615091e6,9.721460689612046e6,6.987731569042199,tumor_dominant,2
1.5e-6,1.333521432163324e6,12589.254117941662,9.721460689614393e6,9.721460689612078e6,6.987731569042201,tumor_dominant,2
1.5e-6,1.9952623149688789e6,12589.254117941662,9.721460689615386e6,9.72146068961205e6,6.987731569042199,tumor_dominant,2
1.5e-6,2.985382618917957e6,12589.254117941662,9.721460689612381e6,9.721460689612046e6,6.987731569042199,tumor_dominant,2
1.5e-6,4.466835921509635e6,12589.254117941662,9.721460689614564e6,9.721460689612044e6,6.987731569042199,tumor_dominant,2
1.5e-6,6.683439175686149e6,12589.254117941662,9.721460689608857e6,9.721460689612078e6,6.987731569042201,tumor_dominant,2
1.5e-6,1.0e7,12589.254117941662,9.721460689609015e6,9.72146068961211e6,6.987731569042202,tumor_dominant,2
1.5e-6,1.0,15848.93192461114,473.7830402211331,473.77863725790417,2.6764911695712357,controlled,0
1.5e-6,1.4962356560944334,15848.93192461114,473.7833290979944,473.7786396738031,2.6764911717811324,controlled,0
1.5e-6,2.2387211385683394,15848.93192461114,473.7836676890538,473.77863969989875,2.6764911718050026,controlled,0
1.5e-6,3.3496543915782766,15848.93192461114,473.78406955668424,473.7786387980276,2.6764911709800336,controlled,0
1.5e-6,5.011872336272722,15848.93192461114,473.78455339558406,473.7786293362973,2.6764911623251004,controlled,0
1.5e-6,7.498942093324558,15848.93192461114,473.78515165041847,473.7786398434466,2.67649117193631,controlled,0
1.5e-6,11.220184543019636,15848.93192461114,473.7859042999416,473.77864076519086,2.676491172779458,controlled,0
1.5e-6,16.788040181225607,15848.93192461114,473.78688466195,473.77864069820185,2.676491172718181,controlled,0
1.5e-6,25.118864315095795,15848.93192461114,473.7882125728792,473.77864235949465,2.676491174237816,controlled,0
1.5e-6,37.583740428844415,15848.93192461114,473.7901083291676,473.7786411902358,2.6764911731682592,controlled,0
1.5e-6,56.23413251903491,15848.93192461114,473.79303046561427,473.77864201236497,2.6764911739202857,controlled,0
1.5e-6,84.13951416451951,15848.93192461114,473.7981100748425,473.77864204702126,2.676491173951987,controlled,0
1.5e-6,125.89254117941675,15848.93192461114,473.80903907602124,473.77864567976593,2.6764911772749693,controlled,0
1.5e-6,188.36490894898,15848.93192461114,473.84847739219964,473.77865748049373,2.676491188069454,controlled,0
1.5e-6,281.8382931264455,15848.93192461114,9.721460677298103e6,9.721460689612063e6,6.9877315690422,tumor_dominant,2
1.5e-6,421.6965034285823,15848.93192461114,9.721460689494457e6,9.721460689612165e6,6.987731569042205,tumor_dominant,2
1.5e-6,630.957344480193,15848.93192461114,9.721460689588485e6,9.721460689612048e6,6.987731569042199,tumor_dominant,2
1.5e-6,944.0608762859235,15848.93192461114,9.721460689605305e6,9.721460689612044e6,6.987731569042199,tumor_dominant,2
1.5e-6,1412.537544622754,15848.93192461114,9.721460689608876e6,9.721460689612046e6,6.987731569042199,tumor_dominant,2
1.5e-6,2113.489039836648,15848.93192461114,9.721460689612491e6,9.721460689612046e6,6.987731569042199,tumor_dominant,2
1.5e-6,3162.2776601683795,15848.93192461114,9.721460689608442e6,9.721460689612059e6,6.9877315690422,tumor_dominant,2
1.5e-6,4731.512589614803,15848.93192461114,9.72146068961369e6,9.721460689612044e6,6.987731569042199,tumor_dominant,2
1.5e-6,7079.457843841381,15848.93192461114,9.721460689610861e6,9.721460689612173e6,6.987731569042205,tumor_dominant,2
1.5e-6,10592.537251772897,15848.93192461114,9.721460689613575e6,9.72146068961209e6,6.987731569042201,tumor_dominant,2
1.5e-6,15848.93192461114,15848.93192461114,9.721460689608632e6,9.721460689612105e6,6.987731569042202,tumor_dominant,2
1.5e-6,23713.737056616552,15848.93192461114,9.721460689612722e6,9.721460689612046e6,6.987731569042199,tumor_dominant,2
1.5e-6,35481.33892335753,15848.93192461114,9.721460689615393e6,9.721460689612055e6,6.9877315690422,tumor_dominant,2
1.5e-6,53088.444423098794,15848.93192461114,9.721460689610045e6,9.721460689612057e6,6.9877315690422,tumor_dominant,2
1.5e-6,79432.82347242821,15848.93192461114,9.721460689608617e6,9.721460689612081e6,6.987731569042201,tumor_dominant,2
1.5e-6,118850.22274370189,15848.93192461114,9.721460689610377e6,9.72146068961215e6,6.987731569042204,tumor_dominant,2
1.5e-6,177827.94100389228,15848.93192461114,9.721460689610537e6,9.721460689612154e6,6.987731569042205,tumor_dominant,2
1.5e-6,266072.50597988087,15848.93192461114,9.72146068961314e6,9.721460689612044e6,6.987731569042199,tumor_dominant,2
1.5e-6,398107.1705534969,15848.93192461114,9.721460689609015e6,9.721460689612111e6,6.987731569042202,tumor_dominant,2
1.5e-6,595662.1435290109,15848.93192461114,9.721460689615268e6,9.721460689612048e6,6.987731569042199,tumor_dominant,2
1.5e-6,891250.9381337459,15848.93192461114,9.72146068961193e6,9.721460689612048e6,6.987731569042199,tumor_dominant,2
1.5e-6,1.333521432163324e6,15848.93192461114,9.721460689609794e6,9.721460689612133e6,6.987731569042204,tumor_dominant,2
1.5e-6,1.9952623149688789e6,15848.93192461114,9.721460689609636e6,9.72146068961213e6,6.987731569042203,tumor_dominant,2
1.5e-6,2.985382618917957e6,15848.93192461114,9.721460689608743e6,9.72146068961208e6,6.987731569042201,tumor_dominant,2
1.5e-6,4.466835921509635e6,15848.93192461114,9.721460689609597e6,9.721460689612063e6,6.9877315690422,tumor_dominant,2
1.5e-6,6.683439175686149e6,15848.93192461114,9.72146068961126e6,9.721460689612173e6,6.987731569042205,tumor_dominant,2
1.5e-6,1.0e7,15848.93192461114,9.721460689613752e6,9.721460689612094e6,6.987731569042202,tumor_dominant,2
1.5e-6,1.0,19952.62314968879,473.7827218147188,473.7786319001294,2.676491164670316,controlled,0
1.5e-6,1.4962356560944334,19952.62314968879,473.7829746301239,473.7786352589107,2.6764911677426957,controlled,0
1.5e-6,2.2387211385683394,19952.62314968879,473.7832681527001,473.7786352575783,2.6764911677414767,controlled,0
1.5e-6,3.3496543915782766,19952.62314968879,473.78361326499333,473.7786307294176,2.6764911635994304,controlled,0
1.5e-6,5.011872336272722,19952.62314968879,473.78402604822395,473.77863968994643,2.676491171795899,controlled,0
1.5e-6,7.498942093324558,19952.62314968879,473.7845288695594,473.7786390679358,2.676491171226927,controlled,0
1.5e-6,11.220184543019636,19952.62314968879,473.78515130578626,473.7786407980337,2.6764911728095,controlled,0
1.5e-6,16.788040181225607,19952.62314968879,473.7859463591236,473.7786411985639,2.676491173175877,controlled,0
1.5e-6,25.118864315095795,19952.62314968879,473.7869965744258,473.77864010663086,2.676491172177053,controlled,0
1.5e-6,37.583740428844415,19952.62314968879,473.7884439163809,473.778642593066,2.676491174451471,controlled,0
1.5e-6,56.23413251903491,19952.62314968879,473.7905669856603,473.77864128725577,2.6764911732570065,controlled,0
1.5e-6,84.13951416451951,19952.62314968879,473.79397619703246,473.7786409278703,2.6764911729282654,controlled,0
1.5e-6,125.89254117941675,19952.62314968879,473.80030800698245,473.77864097733726,2.6764911729735146,controlled,0
1.5e-6,188.36490894898,19952.62314968879,473.8159740933637,473.7786474672331,2.67649117891002,controlled,0
1.5e-6,281.8382931264455,19952.62314968879,473.9119887688888,473.7786746471252,2.6764912037722937,controlled,0
1.5e-6,421.6965034285823,19952.62314968879,9.721460688951124e6,9.721460689612163e6,6.987731569042205,tumor_dominant,2
1.5e-6,630.957344480193,19952.62314968879,9.721460689562233e6,9.721460689612046e6,6.987731569042199,tumor_dominant,2
1.5e-6,944.0608762859235,19952.62314968879,9.721460689599955e6,9.721460689612044e6,6.987731569042199,tumor_dominant,2
1.5e-6,1412.537544622754,19952.62314968879,9.721460689602971e6,9.721460689612098e6,6.987731569042202,tumor_dominant,2
1.5e-6,2113.489039836648,19952.62314968879,9.721460689608378e6,9.72146068961217e6,6.987731569042205,tumor_dominant,2
1.5e-6,3162.2776601683795,19952.62314968879,9.721460689607922e6,9.721460689612063e6,6.9877315690422,tumor_dominant,2
1.5e-6,4731.512589614803,19952.62314968879,9.721460689609384e6,9.72146068961215e6,6.987731569042204,tumor_dominant,2
1.5e-6,7079.457843841381,19952.62314968879,9.721460689607998e6,9.721460689612083e6,6.987731569042201,tumor_dominant,2
1.5e-6,10592.537251772897,19952.62314968879,9.721460689609077e6,9.721460689612063e6,6.9877315690422,tumor_dominant,2
1.5e-6,15848.93192461114,19952.62314968879,9.72146068961011e6,9.721460689612148e6,6.987731569042204,tumor_dominant,2
1.5e-6,23713.737056616552,19952.62314968879,9.72146068961448e6,9.721460689612074e6,6.987731569042201,tumor_dominant,2
1.5e-6,35481.33892335753,19952.62314968879,9.721460689609138e6,9.721460689612066e6,6.9877315690422,tumor_dominant,2
1.5e-6,53088.444423098794,19952.62314968879,9.721460689612525e6,9.721460689612126e6,6.987731569042203,tumor_dominant,2
1.5e-6,79432.82347242821,19952.62314968879,9.721460689609332e6,9.721460689612065e6,6.9877315690422,tumor_dominant,2
1.5e-6,118850.22274370189,19952.62314968879,9.721460689609567e6,9.721460689612128e6,6.987731569042203,tumor_dominant,2
1.5e-6,177827.94100389228,19952.62314968879,9.721460689615458e6,9.721460689612051e6,6.987731569042199,tumor_dominant,2
1.5e-6,266072.50597988087,19952.62314968879,9.721460689613555e6,9.721460689612096e6,6.987731569042202,tumor_dominant,2
1.5e-6,398107.1705534969,19952.62314968879,9.721460689608946e6,9.72146068961211e6,6.987731569042202,tumor_dominant,2
1.5e-6,595662.1435290109,19952.62314968879,9.721460689609079e6,9.721460689612113e6,6.987731569042202,tumor_dominant,2
1.5e-6,891250.9381337459,19952.62314968879,9.721460689608784e6,9.721460689612076e6,6.987731569042201,tumor_dominant,2
1.5e-6,1.333521432163324e6,19952.62314968879,9.721460689610329e6,9.721460689612148e6,6.987731569042204,tumor_dominant,2
1.5e-6,1.9952623149688789e6,19952.62314968879,9.72146068960888e6,9.721460689612074e6,6.987731569042201,tumor_dominant,2
1.5e-6,2.985382618917957e6,19952.62314968879,9.72146068961372e6,9.721460689612044e6,6.987731569042199,tumor_dominant,2
1.5e-6,4.466835921509635e6,19952.62314968879,9.721460689609911e6,9.721460689612137e6,6.987731569042204,tumor_dominant,2
1.5e-6,6.683439175686149e6,19952.62314968879,9.72146068961538e6,9.721460689612057e6,6.9877315690422,tumor_dominant,2
1.5e-6,1.0e7,19952.62314968879,9.72146068960914e6,9.721460689612113e6,6.987731569042202,tumor_dominant,2
1.5e-6,1.0,25118.864315095823,473.78236717637446,473.77862953677055,2.6764911625084795,controlled,0
1.5e-6,1.4962356560944334,25118.864315095823,473.78258227986777,473.7786292964933,2.676491162288691,controlled,0
1.5e-6,2.2387211385683394,25118.864315095823,473.78283013840377,473.7786297939504,2.67649116274373,controlled,0
1.5e-6,3.3496543915782766,25118.864315095823,473.78311893989184,473.77862600998446,2.676491159282421,controlled,0
1.5e-6,5.011872336272722,25118.864315095823,473.7834603612127,473.77863508907836,2.676491167587345,controlled,0
1.5e-6,7.498942093324558,25118.864315095823,473.78387054307075,473.77863969739514,2.6764911718027125,controlled,0
1.5e-6,11.220184543019636,25118.864315095823,473.7843695186523,473.77862889640875,2.676491161922721,controlled,0
1.5e-6,16.788040181225607,25118.864315095823,473.7849958102439,473.7786385868208,2.676491170786836,controlled,0
1.5e-6,25.118864315095795,25118.864315095823,473.78579977910186,473.7786389810037,2.6764911711474073,controlled,0
1.5e-6,37.583740428844415,25118.864315095823,473.78687050263983,473.7786429574961,2.676491174784826,controlled,0
1.5e-6,56.23413251903491,25118.864315095823,473.7883704885344,473.77864187086794,2.676491173790854,controlled,0
1.5e-6,84.13951416451951,25118.864315095823,473.7906129480365,473.77864290779826,2.676491174739366,controlled,0
1.5e-6,125.89254117941675,25118.864315095823,473.7943247043404,473.7786437093737,2.6764911754725915,controlled,0
1.5e-6,188.36490894898,25118.864315095823,473.8016065943995,473.7786413904322,2.676491173351385,controlled,0
1.5e-6,281.8382931264455,25118.864315095823,473.82205278640276,473.77864297368467,2.6764911747996343,controlled,0
1.5e-6,421.6965034285823,25118.864315095823,474.1265746343044,473.77864232876783,2.6764911742097093,controlled,0
1.5e-6,630.957344480193,25118.864315095823,9.721460689383216e6,9.721460689612085e6,6.987731569042201,tumor_dominant,2
1.5e-6,944.0608762859235,25118.864315095823,9.721460689579908e6,9.721460689612063e6,6.9877315690422,tumor_dominant,2
1.5e-6,1412.537544622754,25118.864315095823,9.721460689599477e6,9.721460689612074e6,6.987731569042201,tumor_dominant,2
1.5e-6,2113.489039836648,25118.864315095823,9.721460689606067e6,9.721460689612145e6,6.987731569042204,tumor_dominant,2
1.5e-6,3162.2776601683795,25118.864315095823,9.72146068961178e6,9.721460689612046e6,6.987731569042199,tumor_dominant,2
1.5e-6,4731.512589614803,25118.864315095823,9.721460689607969e6,9.721460689612066e6,6.9877315690422,tumor_dominant,2
1.5e-6,7079.457843841381,25118.864315095823,9.721460689614713e6,9.721460689612048e6,6.987731569042199,tumor_dominant,2
1.5e-6,10592.537251772897,25118.864315095823,9.721460689610817e6,9.721460689612173e6,6.987731569042205,tumor_dominant,2
1.5e-6,15848.93192461114,25118.864315095823,9.721460689609004e6,9.72146068961212e6,6.987731569042203,tumor_dominant,2
1.5e-6,23713.737056616552,25118.864315095823,9.721460689610817e6,9.721460689612165e6,6.987731569042205,tumor_dominant,2
1.5e-6,35481.33892335753,25118.864315095823,9.721460689609598e6,9.72146068961206e6,6.9877315690422,tumor_dominant,2
1.5e-6,53088.444423098794,25118.864315095823,9.721460689614952e6,9.721460689612046e6,6.987731569042199,tumor_dominant,2
1.5e-6,79432.82347242821,25118.864315095823,9.72146068960936e6,9.721460689612122e6,6.987731569042203,tumor_dominant,2
1.5e-6,118850.22274370189,25118.864315095823,9.721460689614082e6,9.721460689612085e6,6.987731569042201,tumor_dominant,2
1.5e-6,177827.94100389228,25118.864315095823,9.721460689613836e6,9.721460689612044e6,6.987731569042199,tumor_dominant,2
1.5e-6,266072.50597988087,25118.864315095823,9.721460689615432e6,9.721460689612055e6,6.9877315690422,tumor_dominant,2
1.5e-6,398107.1705534969,25118.864315095823,9.7214606896135e6,9.721460689612044e6,6.987731569042199,tumor_dominant,2
1.5e-6,595662.1435290109,25118.864315095823,9.72146068961168e6,9.721460689612158e6,6.987731569042205,tumor_dominant,2
1.5e-6,891250.9381337459,25118.864315095823,9.721460689611692e6,9.72146068961205e6,6.987731569042199,tumor_dominant,2
1.5e-6,1.333521432163324e6,25118.864315095823,9.721460689613307e6,9.721460689612044e6,6.987731569042199,tumor_dominant,2
1.5e-6,1.9952623149688789e6,25118.864315095823,9.721460689610884e6,9.721460689612053e6,6.987731569042199,tumor_dominant,2
1.5e-6,2.985382618917957e6,25118.864315095823,9.721460689612595e6,9.721460689612124e6,6.987731569042203,tumor_dominant,2
1.5e-6,4.466835921509635e6,25118.864315095823,9.721460689613856e6,9.721460689612044e6,6.987731569042199,tumor_dominant,2
1.5e-6,6.683439175686149e6,25118.864315095823,9.72146068961459e6,9.721460689612044e6,6.987731569042199,tumor_dominant,2
1.5e-6,1.0e7,25118.864315095823,9.72146068961212e6,9.721460689612048e6,6.987731569042199,tumor_dominant,2
1.5e-6,1.0,31622.776601683792,473.7819800520997,473.7786308972602,2.676491163752961,controlled,0
1.5e-6,1.4962356560944334,31622.776601683792,473.7821585046093,473.7786358355765,2.6764911682701893,controlled,0
1.5e-6,2.2387211385683394,31622.776601683792,473.7823619366771,473.77863848989875,2.6764911706981787,controlled,0
1.5e-6,3.3496543915782766,31622.776601683792,473.78259610866627,473.7786386886915,2.6764911708800208,controlled,0
1.5e-6,5.011872336272722,31622.776601683792,473.7828690604597,473.77863831692196,2.6764911705399514,controlled,0
1.5e-6,7.498942093324558,31622.776601683792,473.7831913506577,473.7786353343864,2.6764911678117356,controlled,0
1.5e-6,11.220184543019636,31622.776601683792,473.7835795419434,473.7786362291189,2.6764911686301747,controlled,0
1.5e-6,16.788040181225607,31622.776601683792,473.7840555466297,473.778638197861,2.676491170431043,controlled,0
1.5e-6,25.118864315095795,31622.776601683792,473.78465110545216,473.7786402199265,2.676491172280688,controlled,0
1.5e-6,37.583740428844415,31622.776601683792,473.7854196154731,473.77864020013106,2.67649117226258,controlled,0
1.5e-6,56.23413251903491,31622.776601683792,473.78644870329066,473.778639102315,2.6764911712583745,controlled,0
1.5e-6,84.13951416451951,31622.776601683792,473.7878975337696,473.77863976384424,2.6764911718634954,controlled,0
1.5e-6,125.89254117941675,31622.776601683792,473.790082797258,473.778643085455,2.676491174901874,controlled,0
1.5e-6,188.36490894898,31622.776601683792,473.7937511851222,473.77864312895076,2.676491174941661,controlled,0
1.5e-6,281.8382931264455,31622.776601683792,473.801134316856,473.778647394202,2.676491178843216,controlled,0
1.5e-6,421.6965034285823,31622.776601683792,473.8232269070507,473.77864841505345,2.67649117977702,controlled,0
1.5e-6,630.957344480193,31622.776601683792,474.8105638972055,473.77863984031137,2.6764911719334425,controlled,0
1.5e-6,944.0608762859235,31622.776601683792,9.72146068947291e6,9.72146068961214e6,6.987731569042204,tumor_dominant,2
1.5e-6,1412.537544622754,31622.776601683792,9.721460689589344e6,9.721460689612053e6,6.987731569042199,tumor_dominant,2
1.5e-6,2113.489039836648,31622.776601683792,9.721460689606812e6,9.721460689612046e6,6.987731569042199,tumor_dominant,2
1.5e-6,3162.2776601683795,31622.776601683792,9.721460689611046e6,9.721460689612087e6,6.987731569042201,tumor_dominant,2
1.5e-6,4731.512589614803,31622.776601683792,9.721460689607223e6,9.72146068961207e6,6.9877315690422,tumor_dominant,2
1.5e-6,7079.457843841381,31622.776601683792,9.721460689614564e6,9.721460689612059e6,6.9877315690422,tumor_dominant,2
1.5e-6,10592.537251772897,31622.776601683792,9.72146068961332e6,9.72146068961209e6,6.987731569042201,tumor_dominant,2
1.5e-6,15848.93192461114,31622.776601683792,9.721460689613145e6,9.721460689612044e6,6.987731569042199,tumor_dominant,2
1.5e-6,23713.737056616552,31622.776601683792,9.72146068961469e6,9.721460689612068e6,6.9877315690422,tumor_dominant,2
1.5e-6,35481.33892335753,31622.776601683792,9.72146068961142e6,9.721460689612165e6,6.987731569042205,tumor_dominant,2
1.5e-6,53088.444423098794,31622.776601683792,9.721460689612208e6,9.721460689612046e6,6.987731569042199,tumor_dominant,2
1.5e-6,79432.82347242821,31622.776601683792,9.721460689613696e6,9.721460689612092e6,6.987731569042201,tumor_dominant,2
1.5e-6,118850.22274370189,31622.776601683792,9.72146068960863e6,9.721460689612094e6,6.987731569042202,tumor_dominant,2
1.5e-6,177827.94100389228,31622.776601683792,9.721460689610912e6,9.721460689612051e6,6.987731569042199,tumor_dominant,2
1.5e-6,266072.50597988087,31622.776601683792,9.721460689611543e6,9.72146068961205e6,6.987731569042199,tumor_dominant,2
1.5e-6,398107.1705534969,31622.776601683792,9.721460689609079e6,9.721460689612113e6,6.987731569042202,tumor_dominant,2
1.5e-6,595662.1435290109,31622.776601683792,9.721460689608626e6,9.721460689612085e6,6.987731569042201,tumor_dominant,2
1.5e-6,891250.9381337459,31622.776601683792,9.721460689612387e6,9.721460689612046e6,6.987731569042199,tumor_dominant,2
1.5e-6,1.333521432163324e6,31622.776601683792,9.721460689612444e6,9.721460689612128e6,6.987731569042203,tumor_dominant,2
1.5e-6,1.9952623149688789e6,31622.776601683792,9.721460689610867e6,9.721460689612161e6,6.987731569042205,tumor_dominant,2
1.5e-6,2.985382618917957e6,31622.776601683792,9.72146068961022e6,9.721460689612145e6,6.987731569042204,tumor_dominant,2
1.5e-6,4.466835921509635e6,31622.776601683792,9.72146068961313e6,9.721460689612107e6,6.987731569042202,tumor_dominant,2
1.5e-6,6.683439175686149e6,31622.776601683792,9.721460689610891e6,9.721460689612161e6,6.987731569042205,tumor_dominant,2
1.5e-6,1.0e7,31622.776601683792,9.72146068961151e6,9.721460689612167e6,6.987731569042205,tumor_dominant,2
1.5e-6,1.0,39810.71705534969,473.78156718686967,473.7786363973267,2.6764911687840396,controlled,0
1.5e-6,1.4962356560944334,39810.71705534969,473.7817087641917,473.7786327949479,2.6764911654888337,controlled,0
1.5e-6,2.2387211385683394,39810.71705534969,473.78186968906107,473.7786282665276,2.67649116134655,controlled,0
1.5e-6,3.3496543915782766,39810.71705534969,473.78205340092984,473.77863440582547,2.6764911669623523,controlled,0
1.5e-6,5.011872336272722,39810.71705534969,473.7822646943622,473.77863478133276,2.6764911673058407,controlled,0
1.5e-6,7.498942093324558,39810.71705534969,473.78251052076644,473.77863420585373,2.6764911667794324,controlled,0
1.5e-6,11.220184543019636,39810.71705534969,473.7828010855586,473.77862977643457,2.6764911627277077,controlled,0
1.5e-6,16.788040181225607,39810.71705534969,473.7831511032121,473.7786394446705,2.6764911715715374,controlled,0
1.5e-6,25.118864315095795,39810.71705534969,473.78357669679593,473.778629288275,2.6764911622811733,controlled,0
1.5e-6,37.583740428844415,39810.71705534969,473.784111716161,473.7786390556345,2.6764911712156745,controlled,0
1.5e-6,56.23413251903491,39810.71705534969,473.7847987539239,473.77864003795713,2.676491172114235,controlled,0
1.5e-6,84.13951416451951,39810.71705534969,473.7857166785515,473.7786374093943,2.6764911697098084,controlled,0
1.5e-6,125.89254117941675,39810.71705534969,473.7870042092442,473.7786391926097,2.67649117134097,controlled,0
1.5e-6,188.36490894898,39810.71705534969,473.7889362169397,473.7786429328693,2.6764911747622993,controlled,0
1.5e-6,281.8382931264455,39810.71705534969,473.79215356099337,473.77864245510136,2.67649117432527,controlled,0
1.5e-6,421.6965034285823,39810.71705534969,473.79853158612383,473.7786451594124,2.676491176798986,controlled,0
1.5e-6,630.957344480193,39810.71705534969,473.81688628432767,473.7786490786741,2.676491180384054,controlled,0
1.5e-6,944.0608762859235,39810.71705534969,474.187242577615,473.77864293095683,2.67649117476055,controlled,0
1.5e-6,1412.537544622754,39810.71705534969,9.72146068948035e6,9.721460689612102e6,6.987731569042202,tumor_dominant,2
1.5e-6,2113.489039836648,39810.71705534969,9.721460689591635e6,9.721460689612057e6,6.9877315690422,tumor_dominant,2
1.5e-6,3162.2776601683795,39810.71705534969,9.721460689607063e6,9.721460689612046e6,6.987731569042199,tumor_dominant,2
1.5e-6,4731.512589614803,39810.71705534969,9.72146068961298e6,9.721460689612053e6,6.987731569042199,tumor_dominant,2
1.5e-6,7079.457843841381,39810.71705534969,9.721460689609485e6,9.72146068961216e6,6.987731569042205,tumor_dominant,2
1.5e-6,10592.537251772897,39810.71705534969,9.721460689609367e6,9.721460689612057e6,6.9877315690422,tumor_dominant,2
1.5e-6,15848.93192461114,39810.71705534969,9.721460689613027e6,9.7214606896121e6,6.987731569042202,tumor_dominant,2
1.5e-6,23713.737056616552,39810.71705534969,9.721460689609764e6,9.721460689612139e6,6.987731569042204,tumor_dominant,2
1.5e-6,35481.33892335753,39810.71705534969,9.721460689615278e6,9.72146068961205e6,6.987731569042199,tumor_dominant,2
1.5e-6,53088.444423098794,39810.71705534969,9.721460689611789e6,9.721460689612152e6,6.987731569042204,tumor_dominant,2
1.5e-6,79432.82347242821,39810.71705534969,9.721460689613558e6,9.721460689612096e6,6.987731569042202,tumor_dominant,2
1.5e-6,118850.22274370189,39810.71705534969,9.721460689615086e6,9.721460689612046e6,6.987731569042199,tumor_dominant,2
1.5e-6,177827.94100389228,39810.71705534969,9.721460689611593e6,9.72146068961205e6,6.987731569042199,tumor_dominant,2
1.5e-6,266072.50597988087,39810.71705534969,9.721460689608859e6,9.721460689612105e6,6.987731569042202,tumor_dominant,2
1.5e-6,398107.1705534969,39810.71705534969,9.721460689614983e6,9.721460689612046e6,6.987731569042199,tumor_dominant,2
1.5e-6,595662.1435290109,39810.71705534969,9.72146068961524e6,9.72146068961206e6,6.9877315690422,tumor_dominant,2
1.5e-6,891250.9381337459,39810.71705534969,9.721460689613776e6,9.721460689612044e6,6.987731569042199,tumor_dominant,2
1.5e-6,1.333521432163324e6,39810.71705534969,9.721460689614581e6,9.721460689612074e6,6.987731569042201,tumor_dominant,2
1.5e-6,1.9952623149688789e6,39810.71705534969,9.72146068961113e6,9.721460689612051e6,6.987731569042199,tumor_dominant,2
1.5e-6,2.985382618917957e6,39810.71705534969,9.721460689613154e6,9.721460689612107e6,6.987731569042202,tumor_dominant,2
1.5e-6,4.466835921509635e6,39810.71705534969,9.721460689611703e6,9.721460689612156e6,6.987731569042205,tumor_dominant,2
1.5e-6,6.683439175686149e6,39810.71705534969,9.721460689609036e6,9.72146068961211e6,6.987731569042202,tumor_dominant,2
1.5e-6,1.0e7,39810.71705534969,9.721460689614598e6,9.721460689612074e6,6.987731569042201,tumor_dominant,2
1.5e-6,1.0,50118.72336272725,473.7811354903123,473.77860512550353,2.676491140178749,controlled,0
1.5e-6,1.4962356560944334,50118.72336272725,473.78124560321055,473.77863355170325,2.676491166181061,controlled,0
1.5e-6,2.2387211385683394,50118.72336272725,473.7813688397944,473.7786379418739,2.6764911701968837,controlled,0
1.5e-6,3.3496543915782766,50118.72336272725,473.7815068085198,473.77863706589045,2.676491169395595,controlled,0
1.5e-6,5.011872336272722,50118.72336272725,473.7816639067918,473.7786362869966,2.676491168683117,controlled,0
1.5e-6,7.498942093324558,50118.72336272725,473.7818447987462,473.77863687536603,2.6764911692213165,controlled,0
1.5e-6,11.220184543019636,50118.72336272725,473.7820550485402,473.7786377816692,2.6764911700503395,controlled,0
1.5e-6,16.788040181225607,50118.72336272725,473.7823011374283,473.77863491405,2.676491167427241,controlled,0
1.5e-6,25.118864315095795,50118.72336272725,473.782596325621,473.77863404229197,2.6764911666298175,controlled,0
1.5e-6,37.583740428844415,50118.72336272725,473.78295560613975,473.77863714582,2.6764911694687092,controlled,0
1.5e-6,56.23413251903491,50118.72336272725,473.7834022632108,473.77863964958937,2.676491171758983,controlled,0
1.5e-6,84.13951416451951,50118.72336272725,473.7839720229516,473.7786394735556,2.67649117159796,controlled,0
1.5e-6,125.89254117941675,50118.72336272725,473.7847265663104,473.77863969682346,2.6764911718021898,controlled,0
1.5e-6,188.36490894898,50118.72336272725,473.7857723548851,473.7786396819281,2.676491171788564,controlled,0
1.5e-6,281.8382931264455,50118.72336272725,473.7873112836514,473.77864344880055,2.6764911752342373,controlled,0
1.5e-6,421.6965034285823,50118.72336272725,473.78980002010303,473.77864242593563,2.6764911742985915,controlled,0
1.5e-6,630.957344480193,50118.72336272725,473.79448274984344,473.77864154448275,2.6764911734922996,controlled,0
1.5e-6,944.0608762859235,50118.72336272725,473.8063675968768,473.77864334924476,2.6764911751431706,controlled,0
1.5e-6,1412.537544622754,50118.72336272725,473.88930985637313,473.77865115917155,2.6764911822871484,controlled,0
1.5e-6,2113.489039836648,50118.72336272725,9.721460689381283e6,9.721460689612057e6,6.9877315690422,tumor_dominant,2
1.5e-6,3162.2776601683795,50118.72336272725,9.72146068959064e6,9.72146068961216e6,6.987731569042205,tumor_dominant,2
1.5e-6,4731.512589614803,50118.72336272725,9.721460689607268e6,9.721460689612119e6,6.987731569042203,tumor_dominant,2
1.5e-6,7079.457843841381,50118.72336272725,9.721460689611016e6,9.721460689612046e6,6.987731569042199,tumor_dominant,2
1.5e-6,10592.537251772897,50118.72336272725,9.721460689613953e6,9.721460689612066e6,6.9877315690422,tumor_dominant,2
1.5e-6,15848.93192461114,50118.72336272725,9.72146068960795e6,9.721460689612087e6,6.987731569042201,tumor_dominant,2
1.5e-6,23713.737056616552,50118.72336272725,9.721460689614203e6,9.721460689612046e6,6.987731569042199,tumor_dominant,2
1.5e-6,35481.33892335753,50118.72336272725,9.721460689608494e6,9.721460689612098e6,6.987731569042202,tumor_dominant,2
1.5e-6,53088.444423098794,50118.72336272725,9.721460689611362e6,9.72146068961205e6,6.987731569042199,tumor_dominant,2
1.5e-6,79432.82347242821,50118.72336272725,9.721460689610405e6,9.721460689612055e6,6.9877315690422,tumor_dominant,2
1.5e-6,118850.22274370189,50118.72336272725,9.721460689608576e6,9.721460689612089e6,6.987731569042201,tumor_dominant,2
1.5e-6,177827.94100389228,50118.72336272725,9.721460689612383e6,9.721460689612046e6,6.987731569042199,tumor_dominant,2
1.5e-6,266072.50597988087,50118.72336272725,9.721460689612549e6,9.721460689612126e6,6.987731569042203,tumor_dominant,2
1.5e-6,398107.1705534969,50118.72336272725,9.721460689611599e6,9.721460689612161e6,6.987731569042205,tumor_dominant,2
1.5e-6,595662.1435290109,50118.72336272725,9.721460689610418e6,9.72146068961215e6,6.987731569042204,tumor_dominant,2
1.5e-6,891250.9381337459,50118.72336272725,9.721460689610315e6,9.721460689612148e6,6.987731569042204,tumor_dominant,2
1.5e-6,1.333521432163324e6,50118.72336272725,9.72146068961285e6,9.721460689612115e6,6.987731569042203,tumor_dominant,2
1.5e-6,1.9952623149688789e6,50118.72336272725,9.721460689608734e6,9.721460689612098e6,6.987731569042202,tumor_dominant,2
1.5e-6,2.985382618917957e6,50118.72336272725,9.721460689609006e6,9.72146068961207e6,6.9877315690422,tumor_dominant,2
1.5e-6,4.466835921509635e6,50118.72336272725,9.721460689614449e6,9.721460689612076e6,6.987731569042201,tumor_dominant,2
1.5e-6,6.683439175686149e6,50118.72336272725,9.721460689609446e6,9.721460689612122e6,6.987731569042203,tumor_dominant,2
1.5e-6,1.0e7,50118.72336272725,9.721460689608758e6,9.721460689612081e6,6.987731569042201,tumor_dominant,2
1.5e-6,1.0,63095.7344480193,473.78069642258856,473.7785454387402,2.6764910855814414,controlled,0
1.5e-6,1.4962356560944334,63095.7344480193,473.78077782220055,473.77863219673446,2.6764911649416296,controlled,0
1.5e-6,2.2387211385683394,63095.7344480193,473.7808682506783,473.7786381890191,2.676491170422955,controlled,0
1.5e-6,3.3496543915782766,63095.7344480193,473.7809677296519,473.7785789073412,2.6764911161961953,controlled,0
1.5e-6,5.011872336272722,63095.7344480193,473.78107995880777,473.7785897701082,2.6764911261327002,controlled,0
1.5e-6,7.498942093324558,63095.7344480193,473.7812073970816,473.7785866105572,2.6764911232425623,controlled,0
1.5e-6,11.220184543019636,63095.7344480193,473.7813533818525,473.7786365070624,2.676491168884418,controlled,0
1.5e-6,16.788040181225607,63095.7344480193,473.7815223224647,473.7786378152862,2.67649117008109,controlled,0
1.5e-6,25.118864315095795,63095.7344480193,473.7817187102437,473.77863423652656,2.6764911668074896,controlled,0
1.5e-6,37.583740428844415,63095.7344480193,473.7819516292197,473.7786323232281,2.676491165057337,controlled,0
1.5e-6,56.23413251903491,63095.7344480193,473.78223465637103,473.77863796764564,2.676491170220458,controlled,0
1.5e-6,84.13951416451951,63095.7344480193,473.78258072303197,473.77863173518693,2.676491164519438,controlled,0
1.5e-6,125.89254117941675,63095.7344480193,473.78301935020033,473.7786342801362,2.6764911668473808,controlled,0
1.5e-6,188.36490894898,63095.7344480193,473.783591053611,473.77863711748864,2.6764911694427935,controlled,0
1.5e-6,281.8382931264455,63095.7344480193,473.78436596699504,473.77863609430983,2.6764911685068604,controlled,0
1.5e-6,421.6965034285823,63095.7344480193,473.78547592277175,473.7786395289869,2.6764911716486646,controlled,0
1.5e-6,630.957344480193,63095.7344480193,473.787196106539,473.7786424845535,2.6764911743522113,controlled,0
1.5e-6,944.0608762859235,63095.7344480193,473.79020464628655,473.7786412064635,2.6764911731831034,controlled,0
1.5e-6,1412.537544622754,63095.7344480193,473.79674221701356,473.7786438312931,2.6764911755841148,controlled,0
1.5e-6,2113.489039836648,63095.7344480193,473.8210057878257,473.7786447925104,2.6764911764633696,controlled,0
1.5e-6,3162.2776601683795,63095.7344480193,9.721460687210642e6,9.721460689612102e6,6.987731569042202,tumor_dominant,2
1.5e-6,4731.512589614803,63095.7344480193,9.721460689578174e6,9.72146068961208e6,6.987731569042201,tumor_dominant,2
1.5e-6,7079.457843841381,63095.7344480193,9.721460689608386e6,9.721460689612046e6,6.987731569042199,tumor_dominant,2
1.5e-6,10592.537251772897,63095.7344480193,9.721460689612651e6,9.72146068961207e6,6.9877315690422,tumor_dominant,2
1.5e-6,15848.93192461114,63095.7344480193,9.72146068960764e6,9.721460689612076e6,6.987731569042201,tumor_dominant,2
1.5e-6,23713.737056616552,63095.7344480193,9.721460689614994e6,9.721460689612053e6,6.987731569042199,tumor_dominant,2
1.5e-6,35481.33892335753,63095.7344480193,9.721460689610204e6,9.721460689612053e6,6.987731569042199,tumor_dominant,2
1.5e-6,53088.444423098794,63095.7344480193,9.72146068961181e6,9.721460689612146e6,6.987731569042204,tumor_dominant,2
1.5e-6,79432.82347242821,63095.7344480193,9.721460689611878e6,9.721460689612148e6,6.987731569042204,tumor_dominant,2
1.5e-6,118850.22274370189,63095.7344480193,9.721460689611126e6,9.721460689612051e6,6.987731569042199,tumor_dominant,2
1.5e-6,177827.94100389228,63095.7344480193,9.721460689608581e6,9.721460689612087e6,6.987731569042201,tumor_dominant,2
1.5e-6,266072.50597988087,63095.7344480193,9.721460689608611e6,9.721460689612092e6,6.987731569042201,tumor_dominant,2
1.5e-6,398107.1705534969,63095.7344480193,9.721460689609386e6,9.721460689612065e6,6.9877315690422,tumor_dominant,2
1.5e-6,595662.1435290109,63095.7344480193,9.721460689608753e6,9.721460689612076e6,6.987731569042201,tumor_dominant,2
1.5e-6,891250.9381337459,63095.7344480193,9.721460689608667e6,9.721460689612094e6,6.987731569042202,tumor_dominant,2
1.5e-6,1.333521432163324e6,63095.7344480193,9.721460689608816e6,9.721460689612102e6,6.987731569042202,tumor_dominant,2
1.5e-6,1.9952623149688789e6,63095.7344480193,9.721460689609086e6,9.721460689612113e6,6.987731569042202,tumor_dominant,2
1.5e-6,2.985382618917957e6,63095.7344480193,9.721460689615414e6,9.721460689612055e6,6.9877315690422,tumor_dominant,2
1.5e-6,4.466835921509635e6,63095.7344480193,9.721460689609405e6,9.721460689612122e6,6.987731569042203,tumor_dominant,2
1.5e-6,6.683439175686149e6,63095.7344480193,9.721460689614937e6,9.721460689612046e6,6.987731569042199,tumor_dominant,2
1.5e-6,1.0e7,63095.7344480193,9.721460689612355e6,9.721460689612048e6,6.987731569042199,tumor_dominant,2
1.5e-6,1.0,79432.82347242821,473.7802591088125,473.7785993035814,2.676491134853259,controlled,0
1.5e-6,1.4962356560944334,79432.82347242821,473.7803158574025,473.7786112304342,2.6764911457631158,controlled,0
1.5e-6,2.2387211385683394,79432.82347242821,473.78037987693745,473.7786272130598,2.6764911603829105,controlled,0
1.5e-6,3.3496543915782766,79432.82347242821,473.78044891340113,473.77858740552955,2.6764911239697478,controlled,0
1.5e-6,5.011872336272722,79432.82347242821,473.78052546979285,473.7785491645135,2.6764910889895206,controlled,0
1.5e-6,7.498942093324558,79432.82347242821,473.7806114646023,473.7785898147375,2.676491126173524,controlled,0
1.5e-6,11.220184543019636,79432.82347242821,473.7807084196626,473.77859350819443,2.676491129552042,controlled,0
1.5e-6,16.788040181225607,79432.82347242821,473.7808186166612,473.7785699416823,2.676491107995033,controlled,0
1.5e-6,25.118864315095795,79432.82347242821,473.78094528273783,473.7785689708423,2.6764911071069757,controlled,0
1.5e-6,37.583740428844415,79432.82347242821,473.7810926161245,473.77863785851264,2.676491170120631,controlled,0
1.5e-6,56.23413251903491,79432.82347242821,473.78126520238106,473.7786367309751,2.6764911690892377,controlled,0
1.5e-6,84.13951416451951,79432.82347242821,473.78147053658205,473.7786109446339,2.6764911455016853,controlled,0
1.5e-6,125.89254117941675,79432.82347242821,473.7817228555269,473.7786375909098,2.6764911698758462,controlled,0
1.5e-6,188.36490894898,79432.82347242821,473.78203456816993,473.7786336338611,2.676491166256213,controlled,0
1.5e-6,281.8382931264455,79432.82347242821,473.78243460232807,473.7786279206352,2.6764911610301514,controlled,0
1.5e-6,421.6965034285823,79432.82347242821,473.7829653659382,473.7786317457466,2.6764911645290974,controlled,0
1.5e-6,630.957344480193,79432.82347242821,473.7837029082305,473.7786397898688,2.676491171887301,controlled,0
1.5e-6,944.0608762859235,79432.82347242821,473.7847905960565,473.778639514901,2.6764911716357793,controlled,0
1.5e-6,1412.537544622754,79432.82347242821,473.78655826061294,473.7786393231208,2.6764911714603525,controlled,0
1.5e-6,2113.489039836648,79432.82347242821,473.78989358791307,473.77864327624286,2.6764911750763933,controlled,0
1.5e-6,3162.2776601683795,79432.82347242821,473.7984048257526,473.7786422957169,2.6764911741794766,controlled,0
1.5e-6,4731.512589614803,79432.82347242821,473.85880420969323,473.7786677860679,2.676491197496276,controlled,0
1.5e-6,7079.457843841381,79432.82347242821,9.721460689512944e6,9.721460689612115e6,6.987731569042203,tumor_dominant,2
1.5e-6,10592.537251772897,79432.82347242821,9.721460689606575e6,9.721460689612057e6,6.9877315690422,tumor_dominant,2
1.5e-6,15848.93192461114,79432.82347242821,9.721460689607365e6,9.721460689612059e6,6.9877315690422,tumor_dominant,2
1.5e-6,23713.737056616552,79432.82347242821,9.721460689612288e6,9.721460689612107e6,6.987731569042202,tumor_dominant,2
1.5e-6,35481.33892335753,79432.82347242821,9.721460689611157e6,9.721460689612161e6,6.987731569042205,tumor_dominant,2
1.5e-6,53088.444423098794,79432.82347242821,9.721460689608619e6,9.721460689612072e6,6.9877315690422,tumor_dominant,2
1.5e-6,79432.82347242821,79432.82347242821,9.72146068961077e6,9.721460689612051e6,6.987731569042199,tumor_dominant,2
1.5e-6,118850.22274370189,79432.82347242821,9.721460689609561e6,9.721460689612128e6,6.987731569042203,tumor_dominant,2
1.5e-6,177827.94100389228,79432.82347242821,9.721460689609155e6,9.721460689612117e6,6.987731569042203,tumor_dominant,2
1.5e-6,266072.50597988087,79432.82347242821,9.721460689608622e6,9.721460689612092e6,6.987731569042201,tumor_dominant,2
1.5e-6,398107.1705534969,79432.82347242821,9.721460689608626e6,9.721460689612092e6,6.987731569042201,tumor_dominant,2
1.5e-6,595662.1435290109,79432.82347242821,9.721460689609852e6,9.721460689612135e6,6.987731569042204,tumor_dominant,2
1.5e-6,891250.9381337459,79432.82347242821,9.721460689615017e6,9.721460689612065e6,6.9877315690422,tumor_dominant,2
1.5e-6,1.333521432163324e6,79432.82347242821,9.72146068960894e6,9.721460689612107e6,6.987731569042202,tumor_dominant,2
1.5e-6,1.9952623149688789e6,79432.82347242821,9.72146068961121e6,9.721460689612051e6,6.987731569042199,tumor_dominant,2
1.5e-6,2.985382618917957e6,79432.82347242821,9.7214606896102e6,9.721460689612145e6,6.987731569042204,tumor_dominant,2
1.5e-6,4.466835921509635e6,79432.82347242821,9.721460689612038e6,9.721460689612143e6,6.987731569042204,tumor_dominant,2
1.5e-6,6.683439175686149e6,79432.82347242821,9.7214606896122e6,9.721460689612137e6,6.987731569042204,tumor_dominant,2
1.5e-6,1.0e7,79432.82347242821,9.721460689609163e6,9.72146068961207e6,6.9877315690422,tumor_dominant,2
1.5e-6,1.0,100000.0,473.77983038257577,473.77862510624794,2.6764911584557454,controlled,0
1.5e-6,1.4962356560944334,100000.0,473.779868627899,473.7785565799936,2.676491095772687,controlled,0
1.5e-6,2.2387211385683394,100000.0,473.77991138639186,473.7786247330722,2.6764911581143904,controlled,0
1.5e-6,3.3496543915782766,100000.0,473.77995743691446,473.7786001042751,2.676491135585678,controlled,0
1.5e-6,5.011872336272722,100000.0,473.78000715657816,473.7785483042809,2.6764910882026394,controlled,0
1.5e-6,7.498942093324558,100000.0,473.7800628334119,473.7786098362634,2.6764911444878248,controlled,0
1.5e-6,11.220184543019636,100000.0,473.78012491649304,473.7786282622137,2.6764911613426037,controlled,0
1.5e-6,16.788040181225607,100000.0,473.78019430733076,473.7786299701681,2.6764911629049215,controlled,0
1.5e-6,25.118864315095795,100000.0,473.78027241036625,473.77862887152605,2.67649116189996,controlled,0
1.5e-6,37.583740428844415,100000.0,473.78036120547154,473.77863167175934,2.676491164461419,controlled,0
1.5e-6,56.23413251903491,100000.0,473.7804632635845,473.7786352844504,2.6764911677660574,controlled,0
1.5e-6,84.13951416451951,100000.0,473.78058193475584,473.7786280040887,2.676491161106489,controlled,0
1.5e-6,125.89254117941675,100000.0,473.7807226021872,473.778573466255,2.6764911112190672,controlled,0
1.5e-6,188.36490894898,100000.0,473.7808933223765,473.7786381187829,2.676491170358708,controlled,0
1.5e-6,281.8382931264455,100000.0,473.78110050857026,473.77860735364703,2.6764911422169,controlled,0
1.5e-6,421.6965034285823,100000.0,473.78136365021936,473.7786372695429,2.6764911695818823,controlled,0
1.5e-6,630.957344480193,100000.0,473.7817031523872,473.7786336077059,2.6764911662322883,controlled,0
1.5e-6,944.0608762859235,100000.0,473.7821609032198,473.7786347555585,2.676491167282264,controlled,0
1.5e-6,1412.537544622754,100000.0,473.78281097004384,473.7786381552144,2.676491170392033,controlled,0
1.5e-6,2113.489039836648,100000.0,473.78379821523305,473.77862824325854,2.6764911613252647,controlled,0
1.5e-6,3162.2776601683795,100000.0,473.7854723580946,473.77863917044607,2.6764911713206962,controlled,0
1.5e-6,4731.512589614803,100000.0,473.78887184330495,473.7786405034599,2.6764911725400444,controlled,0
1.5e-6,7079.457843841381,100000.0,473.7991960357752,473.77864628593215,2.676491177829448,controlled,0
1.5e-6,10592.537251772897,100000.0,474.44019100263233,473.7786502607152,2.676491181465303,controlled,0
1.5e-6,15848.93192461114,100000.0,9.721460689594142e6,9.721460689612053e6,6.987731569042199,tumor_dominant,2
1.5e-6,23713.737056616552,100000.0,9.721460689608552e6,9.721460689612152e6,6.987731569042204,tumor_dominant,2
1.5e-6,35481.33892335753,100000.0,9.72146068961021e6,9.721460689612174e6,6.9877315690422055,tumor_dominant,2
1.5e-6,53088.444423098794,100000.0,9.721460689611472e6,9.721460689612148e6,6.987731569042204,tumor_dominant,2
1.5e-6,79432.82347242821,100000.0,9.721460689611971e6,9.721460689612046e6,6.987731569042199,tumor_dominant,2
1.5e-6,118850.22274370189,100000.0,9.721460689613326e6,9.721460689612102e6,6.987731569042202,tumor_dominant,2
1.5e-6,177827.94100389228,100000.0,9.721460689610943e6,9.721460689612051e6,6.987731569042199,tumor_dominant,2
1.5e-6,266072.50597988087,100000.0,9.721460689615449e6,9.721460689612055e6,6.9877315690422,tumor_dominant,2
1.5e-6,398107.1705534969,100000.0,9.721460689608647e6,9.72146068961208e6,6.987731569042201,tumor_dominant,2
1.5e-6,595662.1435290109,100000.0,9.721460689610379e6,9.721460689612055e6,6.9877315690422,tumor_dominant,2
1.5e-6,891250.9381337459,100000.0,9.721460689609434e6,9.721460689612063e6,6.9877315690422,tumor_dominant,2
1.5e-6,1.333521432163324e6,100000.0,9.7214606896103e6,9.721460689612055e6,6.9877315690422,tumor_dominant,2
1.5e-6,1.9952623149688789e6,100000.0,9.721460689608688e6,9.721460689612081e6,6.987731569042201,tumor_dominant,2
1.5e-6,2.985382618917957e6,100000.0,9.721460689608704e6,9.721460689612094e6,6.987731569042202,tumor_dominant,2
1.5e-6,4.466835921509635e6,100000.0,9.721460689614018e6,9.721460689612085e6,6.987731569042201,tumor_dominant,2
1.5e-6,6.683439175686149e6,100000.0,9.721460689612592e6,9.721460689612046e6,6.987731569042199,tumor_dominant,2
1.5e-6,1.0e7,100000.0,9.721460689609079e6,9.72146068961207e6,6.9877315690422,tumor_dominant,2
1.5e-6,1.0,125892.54117941661,473.779415537103,473.77859403868774,2.6764911300373004,controlled,0
1.5e-6,1.4962356560944334,125892.54117941661,473.77944066850756,473.77858544532353,2.6764911221766874,controlled,0
1.5e-6,2.2387211385683394,125892.54117941661,473.7794678251674,473.778620433689,2.6764911541816137,controlled,0
1.5e-6,3.3496543915782766,125892.54117941661,473.77949658642814,473.77858726641387,2.6764911238424944,controlled,0
1.5e-6,5.011872336272722,125892.54117941661,473.77952781190555,473.7785974823236,2.676491133187299,controlled,0
1.5e-6,7.498942093324558,125892.54117941661,473.7795628438619,473.77862219893893,2.6764911557963416,controlled,0
1.5e-6,11.220184543019636,125892.54117941661,473.77959958639764,473.77857098615436,2.6764911089504433,controlled,0
1.5e-6,16.788040181225607,125892.54117941661,473.7796408541591,473.7785902498927,2.6764911265715736,controlled,0
1.5e-6,25.118864315095795,125892.54117941661,473.77968755981925,473.77862516425193,2.6764911585088034,controlled,0
1.5e-6,37.583740428844415,125892.54117941661,473.77973912898057,473.7786127583366,2.6764911471607347,controlled,0
1.5e-6,56.23413251903491,125892.54117941661,473.7797968117641,473.7785807877184,2.6764911179162336,controlled,0
1.5e-6,84.13951416451951,125892.54117941661,473.7798631042155,473.7785428601198,2.6764910832226985,controlled,0
1.5e-6,125.89254117941675,125892.54117941661,473.7799401217064,473.7785507605046,2.6764910904494226,controlled,0
1.5e-6,188.36490894898,125892.54117941661,473.7800307330607,473.7785667742771,2.6764911050977105,controlled,0
1.5e-6,281.8382931264455,125892.54117941661,473.7801381679825,473.7785503911309,2.676491090111545,controlled,0
1.5e-6,421.6965034285823,125892.54117941661,473.7802694651677,473.77863164818325,2.6764911644398532,controlled,0
1.5e-6,630.957344480193,125892.54117941661,473.780431886713,473.7786336394366,2.676491166261313,controlled,0
1.5e-6,944.0608762859235,125892.54117941661,473.78063900091644,473.778602628647,2.676491137894798,controlled,0
1.5e-6,1412.537544622754,125892.54117941661,473.7809112125165,473.77857973400654,2.6764911169523713,controlled,0
1.5e-6,2113.489039836648,125892.54117941661,473.7812859879901,473.7786375174825,2.67649116980868,controlled,0
1.5e-6,3162.2776601683795,125892.54117941661,473.7818291880125,473.77863753570216,2.676491169825346,controlled,0
1.5e-6,4731.512589614803,125892.54117941661,473.78268036745624,473.7786380658568,2.6764911703102947,controlled,0
1.5e-6,7079.457843841381,125892.54117941661,473.7841858645167,473.77864001811787,2.6764911720960876,controlled,0
1.5e-6,10592.537251772897,125892.54117941661,473.7874928597503,473.7786401154245,2.676491172185097,controlled,0
1.5e-6,15848.93192461114,125892.54117941661,473.79990730003004,473.77864547696345,2.6764911770894595,controlled,0
1.5e-6,23713.737056616552,125892.54117941661,9.72146068915751e6,9.721460689612059e6,6.9877315690422,tumor_dominant,2
1.5e-6,35481.33892335753,125892.54117941661,9.721460689609064e6,9.721460689612059e6,6.9877315690422,tumor_dominant,2
1.5e-6,53088.444423098794,125892.54117941661,9.721460689613076e6,9.721460689612044e6,6.987731569042199,tumor_dominant,2
1.5e-6,79432.82347242821,125892.54117941661,9.721460689614642e6,9.721460689612046e6,6.987731569042199,tumor_dominant,2
1.5e-6,118850.22274370189,125892.54117941661,9.721460689608626e6,9.721460689612105e6,6.987731569042202,tumor_dominant,2
1.5e-6,177827.94100389228,125892.54117941661,9.721460689611766e6,9.721460689612152e6,6.987731569042204,tumor_dominant,2
1.5e-6,266072.50597988087,125892.54117941661,9.721460689612482e6,9.721460689612046e6,6.987731569042199,tumor_dominant,2
1.5e-6,398107.1705534969,125892.54117941661,9.72146068960933e6,9.721460689612065e6,6.9877315690422,tumor_dominant,2
1.5e-6,595662.1435290109,125892.54117941661,9.721460689612169e6,9.721460689612048e6,6.987731569042199,tumor_dominant,2
1.5e-6,891250.9381337459,125892.54117941661,9.721460689609908e6,9.721460689612137e6,6.987731569042204,tumor_dominant,2
1.5e-6,1.333521432163324e6,125892.54117941661,9.721460689612295e6,9.721460689612046e6,6.987731569042199,tumor_dominant,2
1.5e-6,1.9952623149688789e6,125892.54117941661,9.721460689608868e6,9.721460689612074e6,6.987731569042201,tumor_dominant,2
1.5e-6,2.985382618917957e6,125892.54117941661,9.721460689615292e6,9.721460689612059e6,6.9877315690422,tumor_dominant,2
1.5e-6,4.466835921509635e6,125892.54117941661,9.721460689614607e6,9.721460689612044e6,6.987731569042199,tumor_dominant,2
1.5e-6,6.683439175686149e6,125892.54117941661,9.721460689608838e6,9.721460689612102e6,6.987731569042202,tumor_dominant,2
1.5e-6,1.0e7,125892.54117941661,9.721460689614985e6,9.721460689612046e6,6.987731569042199,tumor_dominant,2
1.5e-6,1.0,158489.3192461114,473.77901716638434,473.7786271294264,2.6764911603064085,controlled,0
1.5e-6,1.4962356560944334,158489.3192461114,473.7790327124959,473.77861945567247,2.676491153286992,controlled,0
1.5e-6,2.2387211385683394,158489.3192461114,473.7790484084223,473.7786242576523,2.6764911576795094,controlled,0
1.5e-6,3.3496543915782766,158489.3192461114,473.7790662423908,473.7786276870345,2.67649116081647,controlled,0
1.5e-6,5.011872336272722,158489.3192461114,473.7790846906482,473.77860822322475,2.6764911430123295,controlled,0
1.5e-6,7.498942093324558,158489.3192461114,473.7791045966417,473.778625711635,2.6764911590095117,controlled,0
1.5e-6,11.220184543019636,158489.3192461114,473.7791266684137,473.7786121210133,2.676491146577755,controlled,0
1.5e-6,16.788040181225607,158489.3192461114,473.7791496633549,473.77861202912027,2.676491146493698,controlled,0
1.5e-6,25.118864315095795,158489.3192461114,473.77917633141624,473.77862501003705,2.6764911583677384,controlled,0
1.5e-6,37.583740428844415,158489.3192461114,473.7792041113199,473.7786094295247,2.6764911441157686,controlled,0
1.5e-6,56.23413251903491,158489.3192461114,473.7792366537278,473.77861943459493,2.676491153267712,controlled,0
1.5e-6,84.13951416451951,158489.3192461114,473.779271804901,473.77861317858424,2.6764911475451476,controlled,0
1.5e-6,125.89254117941675,158489.3192461114,473.77931271408045,473.77859457824695,2.6764911305308514,controlled,0
1.5e-6,188.36490894898,158489.3192461114,473.77935990056693,473.7786219247096,2.6764911555454955,controlled,0
1.5e-6,281.8382931264455,158489.3192461114,473.7794145486404,473.77861121344,2.6764911457475704,controlled,0
1.5e-6,421.6965034285823,158489.3192461114,473.7794795166778,473.77862307277314,2.676491156595664,controlled,0
1.5e-6,630.957344480193,158489.3192461114,473.7795577294277,473.778623155084,2.6764911566709566,controlled,0
1.5e-6,944.0608762859235,158489.3192461114,473.7796532980092,473.7785977040909,2.676491133390156,controlled,0
1.5e-6,1412.537544622754,158489.3192461114,473.77977599168673,473.7786198206132,2.6764911536208142,controlled,0
1.5e-6,2113.489039836648,158489.3192461114,473.7799334714431,473.7785565654611,2.6764910957593937,controlled,0
1.5e-6,3162.2776601683795,158489.3192461114,473.7801469330976,473.778627231382,2.6764911603996704,controlled,0
1.5e-6,4731.512589614803,158489.3192461114,473.78044674651346,473.778595715242,2.6764911315708955,controlled,0
1.5e-6,7079.457843841381,158489.3192461114,473.78089508795523,473.7785812778161,2.676491118364541,controlled,0
1.5e-6,10592.537251772897,158489.3192461114,473.78162389996373,473.7786257276585,2.676491159024169,controlled,0
1.5e-6,15848.93192461114,158489.3192461114,473.78298305378087,473.77862870451247,2.6764911617471876,controlled,0
1.5e-6,23713.737056616552,158489.3192461114,473.78628488340894,473.77864052028565,2.6764911725554357,controlled,0
1.5e-6,35481.33892335753,158489.3192461114,473.8039208451347,473.77864908824563,2.6764911803928095,controlled,0
1.5e-6,53088.444423098794,158489.3192461114,9.721460689577142e6,9.721460689612115e6,6.987731569042203,tumor_dominant,2
1.5e-6,79432.82347242821,158489.3192461114,9.72146068960925e6,9.721460689612173e6,6.987731569042205,tumor_dominant,2
1.5e-6,118850.22274370189,158489.3192461114,9.721460689609267e6,9.721460689612059e6,6.9877315690422,tumor_dominant,2
1.5e-6,177827.94100389228,158489.3192461114,9.721460689614361e6,9.721460689612046e6,6.987731569042199,tumor_dominant,2
1.5e-6,266072.50597988087,158489.3192461114,9.721460689610898e6,9.721460689612051e6,6.987731569042199,tumor_dominant,2
1.5e-6,398107.1705534969,158489.3192461114,9.72146068961398e6,9.721460689612087e6,6.987731569042201,tumor_dominant,2
1.5e-6,595662.1435290109,158489.3192461114,9.721460689608855e6,9.721460689612105e6,6.987731569042202,tumor_dominant,2
1.5e-6,891250.9381337459,158489.3192461114,9.721460689608708e6,9.721460689612098e6,6.987731569042202,tumor_dominant,2
1.5e-6,1.333521432163324e6,158489.3192461114,9.721460689612279e6,9.721460689612046e6,6.987731569042199,tumor_dominant,2
1.5e-6,1.9952623149688789e6,158489.3192461114,9.721460689613432e6,9.7214606896121e6,6.987731569042202,tumor_dominant,2
1.5e-6,2.985382618917957e6,158489.3192461114,9.721460689610288e6,9.721460689612057e6,6.9877315690422,tumor_dominant,2
1.5e-6,4.466835921509635e6,158489.3192461114,9.721460689609753e6,9.72146068961206e6,6.9877315690422,tumor_dominant,2
1.5e-6,6.683439175686149e6,158489.3192461114,9.721460689615319e6,9.721460689612048e6,6.987731569042199,tumor_dominant,2
1.5e-6,1.0e7,158489.3192461114,9.721460689613868e6,9.721460689612044e6,6.987731569042199,tumor_dominant,2
1.5e-6,1.0,199526.23149688786,473.7786410328957,473.778635719511,2.676491168164021,controlled,0
1.5e-6,1.4962356560944334,199526.23149688786,473.7786381133687,473.7786477452947,2.6764911791643713,controlled,0
1.5e-6,2.2387211385683394,199526.23149688786,473.77872836987154,473.7786375283002,2.676491169818575,controlled,0
1.5e-6,3.3496543915782766,199526.23149688786,473.7787641849226,473.7786382441795,2.676491170473412,controlled,0
1.5e-6,5.011872336272722,199526.23149688786,473.7786773463916,473.7786398037762,2.6764911719000226,controlled,0
1.5e-6,7.498942093324558,199526.23149688786,473.77866548626315,473.7786421062916,2.6764911740062036,controlled,0
1.5e-6,11.220184543019636,199526.23149688786,473.7786846222131,473.77863962153947,2.676491171733325,controlled,0
1.5e-6,16.788040181225607,199526.23149688786,473.77870404121614,473.77863851356227,2.6764911707198245,controlled,0
1.5e-6,25.118864315095795,199526.23149688786,473.77872605707825,473.77863703280605,2.6764911693653315,controlled,0
1.5e-6,37.583740428844415,199526.23149688786,473.7787448659453,473.77863664997113,2.676491169015141,controlled,0
1.5e-6,56.23413251903491,199526.23149688786,473.77875744937876,473.7786377009289,2.676491169976484,controlled,0
1.5e-6,84.13951416451951,199526.23149688786,473.7787691911716,473.77863577467144,2.676491168214478,controlled,0
1.5e-6,125.89254117941675,199526.23149688786,473.77879399275093,473.7786366621394,2.6764911690262716,controlled,0
1.5e-6,188.36490894898,199526.23149688786,473.7788156581834,473.7786345384602,2.6764911670836775,controlled,0
1.5e-6,281.8382931264455,199526.23149688786,473.778841010853,473.77862936855007,2.676491162354603,controlled,0
1.5e-6,421.6965034285823,199526.23149688786,473.7788732415625,473.77862375883086,2.676491157223222,controlled,0
1.5e-6,630.957344480193,199526.23149688786,473.7789100961057,473.77862972422105,2.6764911626799464,controlled,0
1.5e-6,944.0608762859235,199526.23149688786,473.77895564808574,473.7786225094798,2.6764911560804028,controlled,0
1.5e-6,1412.537544622754,199526.23149688786,473.7790117622085,473.77862443977926,2.6764911578461064,controlled,0
1.5e-6,2113.489039836648,199526.23149688786,473.7790822281654,473.77862556493125,2.6764911588753173,controlled,0
1.5e-6,3162.2776601683795,199526.23149688786,473.77917405822956,473.7786132071948,2.6764911475713187,controlled,0
1.5e-6,4731.512589614803,199526.23149688786,473.77929735581637,473.77856701564724,2.6764911053184988,controlled,0
1.5e-6,7079.457843841381,199526.23149688786,473.77946864091257,473.7785760178823,2.676491113553119,controlled,0
1.5e-6,10592.537251772897,199526.23149688786,473.7797183278994,473.778614240572,2.6764911485165803,controlled,0
1.5e-6,15848.93192461114,199526.23149688786,473.78010332633966,473.7785420885994,2.676491082516965,controlled,0
1.5e-6,23713.737056616552,199526.23149688786,473.7807616829177,473.7786383174722,2.676491170540455,controlled,0
1.5e-6,35481.33892335753,199526.23149688786,473.7820795017854,473.7786305531895,2.676491163438229,controlled,0
1.5e-6,53088.444423098794,199526.23149688786,473.78584390899664,473.77864007946386,2.6764911721522022,controlled,0
1.5e-6,79432.82347242821,199526.23149688786,473.8438042918989,473.7786612834976,2.6764911915481773,controlled,0
1.5e-6,118850.22274370189,199526.23149688786,9.721460689603893e6,9.72146068961208e6,6.987731569042201,tumor_dominant,2
1.5e-6,177827.94100389228,199526.23149688786,9.721460689614194e6,9.721460689612044e6,6.987731569042199,tumor_dominant,2
1.5e-6,266072.50597988087,199526.23149688786,9.721460689612359e6,9.721460689612126e6,6.987731569042203,tumor_dominant,2
1.5e-6,398107.1705534969,199526.23149688786,9.721460689608863e6,9.721460689612107e6,6.987731569042202,tumor_dominant,2
1.5e-6,595662.1435290109,199526.23149688786,9.721460689609697e6,9.721460689612132e6,6.987731569042203,tumor_dominant,2
1.5e-6,891250.9381337459,199526.23149688786,9.72146068961243e6,9.721460689612046e6,6.987731569042199,tumor_dominant,2
1.5e-6,1.333521432163324e6,199526.23149688786,9.721460689615171e6,9.721460689612063e6,6.9877315690422,tumor_dominant,2
1.5e-6,1.9952623149688789e6,199526.23149688786,9.721460689611018e6,9.721460689612167e6,6.987731569042205,tumor_dominant,2
1.5e-6,2.985382618917957e6,199526.23149688786,9.721460689614687e6,9.721460689612044e6,6.987731569042199,tumor_dominant,2
1.5e-6,4.466835921509635e6,199526.23149688786,9.721460689614566e6,9.721460689612074e6,6.987731569042201,tumor_dominant,2
1.5e-6,6.683439175686149e6,199526.23149688786,9.721460689612709e6,9.72146068961212e6,6.987731569042203,tumor_dominant,2
1.5e-6,1.0e7,199526.23149688786,9.721460689615298e6,9.721460689612059e6,6.9877315690422,tumor_dominant,2
1.5e-6,1.0,251188.6431509582,473.7782504264346,473.77862740509266,2.676491160558569,controlled,0
1.5e-6,1.4962356560944334,251188.6431509582,473.77825665439286,473.77862405789256,2.676491157496783,controlled,0
1.5e-6,2.2387211385683394,251188.6431509582,473.77826096828903,473.77861159771544,2.676491146099079,controlled,0
1.5e-6,3.3496543915782766,251188.6431509582,473.77826698863214,473.77860679093044,2.676491141702166,controlled,0
1.5e-6,5.011872336272722,251188.6431509582,473.7782723400821,473.7786150520416,2.6764911492588563,controlled,0
1.5e-6,7.498942093324558,251188.6431509582,473.77827918848243,473.7786257897829,2.676491159080996,controlled,0
1.5e-6,11.220184543019636,251188.6431509582,473.77828444955003,473.7786265668017,2.6764911597917584,controlled,0
1.5e-6,16.788040181225607,251188.6431509582,473.77829169059464,473.7786191730956,2.6764911530285103,controlled,0
1.5e-6,25.118864315095795,251188.6431509582,473.77829832670454,473.7786262015134,2.676491159457618,controlled,0
1.5e-6,37.583740428844415,251188.6431509582,473.77830612221305,473.77862610831824,2.67649115937237,controlled,0
1.5e-6,56.23413251903491,251188.6431509582,473.77831423941893,473.77861762613566,2.6764911516134586,controlled,0
1.5e-6,84.13951416451951,251188.6431509582,473.77832502966186,473.7786326632133,2.676491165368332,controlled,0
1.5e-6,125.89254117941675,251188.6431509582,473.77833472976505,473.778631235632,2.67649116406248,controlled,0
1.5e-6,188.36490894898,251188.6431509582,473.7783455346287,473.7786180353017,2.6764911519877352,controlled,0
1.5e-6,281.8382931264455,251188.6431509582,473.7783580728837,473.7786234260209,2.676491156918791,controlled,0
1.5e-6,421.6965034285823,251188.6431509582,473.7783730320052,473.77862015964837,2.67649115393094,controlled,0
1.5e-6,630.957344480193,251188.6431509582,473.7783920129268,473.7786344562956,2.676491167008519,controlled,0
1.5e-6,944.0608762859235,251188.6431509582,473.7784144430342,473.7786345785841,2.67649116712038,controlled,0
1.5e-6,1412.537544622754,251188.6431509582,473.7784382136427,473.77863293484955,2.676491165616806,controlled,0
1.5e-6,2113.489039836648,251188.6431509582,473.77847506156047,473.7786365546654,2.676491168927962,controlled,0
1.5e-6,3162.2776601683795,251188.6431509582,473.77851856780217,473.7786328508417,2.6764911655399617,controlled,0
1.5e-6,4731.512589614803,251188.6431509582,473.7785900419637,473.7786364216883,2.6764911688063235,controlled,0
1.5e-6,7079.457843841381,251188.6431509582,473.77864203120987,473.77863103350126,2.676491163877585,controlled,0
1.5e-6,10592.537251772897,251188.6431509582,473.77874901951054,473.77863383177544,2.6764911664372515,controlled,0
1.5e-6,15848.93192461114,251188.6431509582,473.7789000446592,473.77862875731415,2.676491161795487,controlled,0
1.5e-6,23713.737056616552,251188.6431509582,473.77912691661874,473.77860441518726,2.676491139529001,controlled,0
1.5e-6,35481.33892335753,251188.6431509582,473.7794941404279,473.77855022124345,2.676491089956144,controlled,0
1.5e-6,53088.444423098794,251188.6431509582,473.78015816287314,473.7785918172662,2.676491128005298,controlled,0
1.5e-6,79432.82347242821,251188.6431509582,473.78164537906144,473.77863724706776,2.6764911695613236,controlled,0
1.5e-6,118850.22274370189,251188.6431509582,473.7875345883712,473.778639552756,2.6764911716704067,controlled,0
1.5e-6,177827.94100389228,251188.6431509582,9.721460689577727e6,9.72146068961205e6,6.987731569042199,tumor_dominant,2
1.5e-6,266072.50597988087,251188.6431509582,9.721460689614063e6,9.721460689612066e6,6.9877315690422,tumor_dominant,2
1.5e-6,398107.1705534969,251188.6431509582,9.721460689613707e6,9.721460689612044e6,6.987731569042199,tumor_dominant,2
1.5e-6,595662.1435290109,251188.6431509582,9.72146068960856e6,9.721460689612089e6,6.987731569042201,tumor_dominant,2
1.5e-6,891250.9381337459,251188.6431509582,9.721460689608775e6,9.721460689612074e6,6.987731569042201,tumor_dominant,2
1.5e-6,1.333521432163324e6,251188.6431509582,9.721460689615417e6,9.721460689612055e6,6.9877315690422,tumor_dominant,2
1.5e-6,1.9952623149688789e6,251188.6431509582,9.721460689610194e6,9.721460689612057e6,6.9877315690422,tumor_dominant,2
1.5e-6,2.985382618917957e6,251188.6431509582,9.721460689614939e6,9.721460689612066e6,6.9877315690422,tumor_dominant,2
1.5e-6,4.466835921509635e6,251188.6431509582,9.721460689609256e6,9.721460689612066e6,6.9877315690422,tumor_dominant,2
1.5e-6,6.683439175686149e6,251188.6431509582,9.72146068961392e6,9.721460689612089e6,6.987731569042201,tumor_dominant,2
1.5e-6,1.0e7,251188.6431509582,9.72146068960937e6,9.72146068961212e6,6.987731569042203,tumor_dominant,2
1.5e-6,1.0,316227.7660168379,473.77786689583763,473.77859939133816,2.676491134933533,controlled,0
1.5e-6,1.4962356560944334,316227.7660168379,473.7778693731786,473.77862383111244,2.67649115728934,controlled,0
1.5e-6,2.2387211385683394,316227.7660168379,473.7778733027855,473.7786019698053,2.676491137292136,controlled,0
1.5e-6,3.3496543915782766,316227.7660168379,473.77787583205685,473.77860400571024,2.67649113915444,controlled,0
1.5e-6,5.011872336272722,316227.7660168379,473.7778795404091,473.7785747313035,2.6764911123762456,controlled,0
1.5e-6,7.498942093324558,316227.7660168379,473.77788234337146,473.7786115048733,2.676491146014153,controlled,0
1.5e-6,11.220184543019636,316227.7660168379,473.77788601177,473.7785834619308,2.6764911203624173,controlled,0
1.5e-6,16.788040181225607,316227.7660168379,473.77788953667084,473.7785712358637,2.67649110917886,controlled,0
1.5e-6,25.118864315095795,316227.7660168379,473.77789297919065,473.7786099571912,2.676491144598441,controlled,0
1.5e-6,37.583740428844415,316227.7660168379,473.7778960809184,473.77862509056376,2.6764911584413986,controlled,0
1.5e-6,56.23413251903491,316227.7660168379,473.7779013421347,473.7785942532024,2.6764911302335235,controlled,0
1.5e-6,84.13951416451951,316227.7660168379,473.77790476222305,473.7786247199088,2.6764911581023494,controlled,0
1.5e-6,125.89254117941675,316227.7660168379,473.77791067503745,473.77860688493973,2.676491141788159,controlled,0
1.5e-6,188.36490894898,316227.7660168379,473.7779159950965,473.7786069462135,2.676491141844208,controlled,0
1.5e-6,281.8382931264455,316227.7660168379,473.77792173832506,473.7786058163641,2.6764911408107004,controlled,0
1.5e-6,421.6965034285823,316227.7660168379,473.77792962770496,473.7785938275012,2.6764911298441216,controlled,0
1.5e-6,630.957344480193,316227.7660168379,473.777937537189,473.7786213895612,2.6764911550559787,controlled,0
1.5e-6,944.0608762859235,316227.7660168379,473.7779482436004,473.77860778409405,2.6764911426106432,controlled,0
1.5e-6,1412.537544622754,316227.7660168379,473.77796110761795,473.77861275426505,2.67649114715701,controlled,0
1.5e-6,2113.489039836648,316227.7660168379,473.7779769244186,473.77860921410604,2.6764911439187187,controlled,0
1.5e-6,3162.2776601683795,316227.7660168379,473.77799814511275,473.77859685799166,2.6764911326162037,controlled,0
1.5e-6,4731.512589614803,316227.7660168379,473.7780254506049,473.7785591359163,2.676491098110668,controlled,0
1.5e-6,7079.457843841381,316227.7660168379,473.7780612720264,473.77862685357013,2.6764911600540744,controlled,0
1.5e-6,10592.537251772897,316227.7660168379,473.7781123778639,473.7786271770291,2.6764911603499524,controlled,0
1.5e-6,15848.93192461114,316227.7660168379,473.7781837935748,473.77862445076005,2.6764911578561508,controlled,0
1.5e-6,23713.737056616552,316227.7660168379,473.77828705646954,473.7786259569582,2.6764911592339162,controlled,0
1.5e-6,35481.33892335753,316227.7660168379,473.7784419243683,473.77863473542146,2.676491167263844,controlled,0
1.5e-6,53088.444423098794,316227.7660168379,473.7786819375554,473.77863243450025,2.6764911651591214,controlled,0
1.5e-6,79432.82347242821,316227.7660168379,473.77908652295747,473.77861554612423,2.676491149710809,controlled,0
1.5e-6,118850.22274370189,316227.7660168379,473.77987729238686,473.77862669996813,2.67649115991357,controlled,0
1.5e-6,177827.94100389228,316227.7660168379,473.7820490802988,473.77863280887976,2.6764911655015777,controlled,0
1.5e-6,266072.50597988087,316227.7660168379,473.81084041788864,473.778647146776,2.676491178616888,controlled,0
1.5e-6,398107.1705534969,316227.7660168379,9.72146068960725e6,9.72146068961207e6,6.9877315690422,tumor_dominant,2
1.5e-6,595662.1435290109,316227.7660168379,9.721460689611575e6,9.721460689612154e6,6.987731569042205,tumor_dominant,2
1.5e-6,891250.9381337459,316227.7660168379,9.72146068961468e6,9.721460689612072e6,6.9877315690422,tumor_dominant,2
1.5e-6,1.333521432163324e6,316227.7660168379,9.721460689608647e6,9.72146068961208e6,6.987731569042201,tumor_dominant,2
1.5e-6,1.9952623149688789e6,316227.7660168379,9.721460689608611e6,9.721460689612089e6,6.987731569042201,tumor_dominant,2
1.5e-6,2.985382618917957e6,316227.7660168379,9.721460689614473e6,9.721460689612076e6,6.987731569042201,tumor_dominant,2
1.5e-6,4.466835921509635e6,316227.7660168379,9.721460689608665e6,9.721460689612083e6,6.987731569042201,tumor_dominant,2
1.5e-6,6.683439175686149e6,316227.7660168379,9.721460689609004e6,9.721460689612072e6,6.9877315690422,tumor_dominant,2
1.5e-6,1.0e7,316227.7660168379,9.721460689610435e6,9.721460689612055e6,6.9877315690422,tumor_dominant,2
1.5e-6,1.0,398107.1705534969,473.77746746636814,473.7786008741146,2.676491136289874,controlled,0
1.5e-6,1.4962356560944334,398107.1705534969,473.7774690367524,473.7786041632511,2.6764911392985473,controlled,0
1.5e-6,2.2387211385683394,398107.1705534969,473.77747044404845,473.7786216209913,2.676491155267675,controlled,0
1.5e-6,3.3496543915782766,398107.1705534969,473.7774730789371,473.7786139924743,2.676491148289638,controlled,0
1.5e-6,5.011872336272722,398107.1705534969,473.7774746161818,473.7785756901802,2.6764911132533595,controlled,0
1.5e-6,7.498942093324558,398107.1705534969,473.7774757660885,473.7786242790211,2.676491157699056,controlled,0
1.5e-6,11.220184543019636,398107.1705534969,473.7774786075232,473.7785718561294,2.676491109746236,controlled,0
1.5e-6,16.788040181225607,398107.1705534969,473.7774794807043,473.7786096206852,2.676491144290629,controlled,0
1.5e-6,25.118864315095795,398107.1705534969,473.77748193578213,473.77862195513444,2.676491155573326,controlled,0
1.5e-6,37.583740428844415,398107.1705534969,473.77748443732315,473.7785356915001,2.676491076665342,controlled,0
1.5e-6,56.23413251903491,398107.1705534969,473.7774858043085,473.77860243878695,2.6764911377211273,controlled,0
1.5e-6,84.13951416451951,398107.1705534969,473.7774879521587,473.77862430984777,2.676491157727254,controlled,0
1.5e-6,125.89254117941675,398107.1705534969,473.7774914607697,473.7786022581347,2.6764911375558795,controlled,0
1.5e-6,188.36490894898,398107.1705534969,473.7774938436008,473.77857934037655,2.676491116592306,controlled,0
1.5e-6,281.8382931264455,398107.1705534969,473.7774962925585,473.7786218122772,2.6764911554426503,controlled,0
1.5e-6,421.6965034285823,398107.1705534969,473.7775007607884,473.7786164925743,2.6764911505765556,controlled,0
1.5e-6,630.957344480193,398107.1705534969,473.7775052858739,473.77860840250895,2.676491143176326,controlled,0
1.5e-6,944.0608762859235,398107.1705534969,473.77750956701124,473.7786130935234,2.67649114746734,controlled,0
1.5e-6,1412.537544622754,398107.1705534969,473.7775168361696,473.7786224781142,2.6764911560517115,controlled,0
1.5e-6,2113.489039836648,398107.1705534969,473.7775252048418,473.778596233691,2.6764911320451366,controlled,0
1.5e-6,3162.2776601683795,398107.1705534969,473.7775363155676,473.7786251003484,2.6764911584503492,controlled,0
1.5e-6,4731.512589614803,398107.1705534969,473.7775521956945,473.7785607783238,2.6764910996130284,controlled,0
1.5e-6,7079.457843841381,398107.1705534969,473.7775716715019,473.7786232201084,2.676491156730436,controlled,0
1.5e-6,10592.537251772897,398107.1705534969,473.77760112153754,473.77860692445677,2.6764911418243065,controlled,0
1.5e-6,15848.93192461114,398107.1705534969,473.7776404582274,473.77861376220034,2.6764911480789992,controlled,0
1.5e-6,23713.737056616552,398107.1705534969,473.7776984584403,473.7786174529939,2.676491151455081,controlled,0
1.5e-6,35481.33892335753,398107.1705534969,473.777781956483,473.77858527213755,2.6764911220182688,controlled,0
1.5e-6,53088.444423098794,398107.1705534969,473.7779049210482,473.7785943338623,2.6764911303073053,controlled,0
1.5e-6,79432.82347242821,398107.1705534969,473.77809176162486,473.7786099946817,2.676491144632735,controlled,0
1.5e-6,118850.22274370189,398107.1705534969,473.77839122230773,473.7786294605876,2.6764911624387926,controlled,0
1.5e-6,177827.94100389228,398107.1705534969,473.77892051290763,473.77861972852776,2.6764911535365807,controlled,0
1.5e-6,266072.50597988087,398107.1705534969,473.7801094437351,473.77861823430277,2.676491152169768,controlled,0
1.5e-6,398107.1705534969,398107.1705534969,473.7857886016179,473.77863792778214,2.6764911701839935,controlled,0
1.5e-6,595662.1435290109,398107.1705534969,9.721460689604672e6,9.721460689612098e6,6.987731569042202,tumor_dominant,2
1.5e-6,891250.9381337459,398107.1705534969,9.721460689610424e6,9.721460689612053e6,6.987731569042199,tumor_dominant,2
1.5e-6,1.333521432163324e6,398107.1705534969,9.721460689610217e6,9.721460689612146e6,6.987731569042204,tumor_dominant,2
1.5e-6,1.9952623149688789e6,398107.1705534969,9.721460689612824e6,9.721460689612046e6,6.987731569042199,tumor_dominant,2
1.5e-6,2.985382618917957e6,398107.1705534969,9.721460689610872e6,9.721460689612051e6,6.987731569042199,tumor_dominant,2
1.5e-6,4.466835921509635e6,398107.1705534969,9.721460689608641e6,9.721460689612085e6,6.987731569042201,tumor_dominant,2
1.5e-6,6.683439175686149e6,398107.1705534969,9.721460689609334e6,9.721460689612065e6,6.9877315690422,tumor_dominant,2
1.5e-6,1.0e7,398107.1705534969,9.721460689615123e6,9.721460689612063e6,6.9877315690422,tumor_dominant,2
1.5e-6,1.0,501187.2336272725,473.7770404578771,473.77862923300614,2.676491162230617,controlled,0
1.5e-6,1.4962356560944334,501187.2336272725,473.77704170167493,473.77854823890226,2.6764910881428357,controlled,0
1.5e-6,2.2387211385683394,501187.2336272725,473.7770417734849,473.7786245815267,2.676491157975767,controlled,0
1.5e-6,3.3496543915782766,501187.2336272725,473.77704382945154,473.7785570229341,2.6764910961778585,controlled,0
1.5e-6,5.011872336272722,501187.2336272725,473.77704386184297,473.7786255043268,2.6764911588198803,controlled,0
1.5e-6,7.498942093324558,501187.2336272725,473.77704592234767,473.7785587937097,2.676491097797641,controlled,0
1.5e-6,11.220184543019636,501187.2336272725,473.7770458738666,473.77861275353666,2.676491147156344,controlled,0
1.5e-6,16.788040181225607,501187.2336272725,473.7770481155659,473.7786060731309,2.676491141045573,controlled,0
1.5e-6,25.118864315095795,501187.2336272725,473.77704856095016,473.77859005449193,2.676491126392835,controlled,0
1.5e-6,37.583740428844415,501187.2336272725,473.7770495571773,473.77862893200177,2.6764911619552794,controlled,0
1.5e-6,56.23413251903491,501187.2336272725,473.7770516758154,473.7785906583081,2.6764911269451637,controlled,0
1.5e-6,84.13951416451951,501187.2336272725,473.77705181573464,473.7786126004978,2.6764911470163546,controlled,0
1.5e-6,125.89254117941675,501187.2336272725,473.7770543860431,473.77859328202095,2.676491129345154,controlled,0
1.5e-6,188.36490894898,501187.2336272725,473.7770547590844,473.7786132039584,2.6764911475683584,controlled,0
1.5e-6,281.8382931264455,501187.2336272725,473.7770576216507,473.7785529834719,2.6764910924828387,controlled,0
1.5e-6,421.6965034285823,501187.2336272725,473.7770589820141,473.7786301745185,2.676491163091847,controlled,0
1.5e-6,630.957344480193,501187.2336272725,473.77706162097644,473.7785837886868,2.676491120661311,controlled,0
1.5e-6,944.0608762859235,501187.2336272725,473.7770651054725,473.7786187197258,2.676491152613799,controlled,0
1.5e-6,1412.537544622754,501187.2336272725,473.7770689903624,473.7786197006328,2.6764911535110647,controlled,0
1.5e-6,2113.489039836648,501187.2336272725,473.7770733252673,473.77860437033644,2.676491139487975,controlled,0
1.5e-6,3162.2776601683795,501187.2336272725,473.7770810565169,473.778615612698,2.676491149771706,controlled,0
1.5e-6,4731.512589614803,501187.2336272725,473.77708950609656,473.7786090657261,2.676491143782991,controlled,0
1.5e-6,7079.457843841381,501187.2336272725,473.77710245969547,473.7786165666816,2.6764911506443436,controlled,0
1.5e-6,10592.537251772897,501187.2336272725,473.7771219720476,473.77860463466584,2.676491139729765,controlled,0
1.5e-6,15848.93192461114,501187.2336272725,473.77714736749914,473.7785920507848,2.676491128218905,controlled,0
1.5e-6,23713.737056616552,501187.2336272725,473.77718433888805,473.77862116657775,2.676491154852009,controlled,0
1.5e-6,35481.33892335753,501187.2336272725,473.77723871735515,473.77859207110805,2.676491128237495,controlled,0
1.5e-6,53088.444423098794,501187.2336272725,473.77731760897694,473.77862515032103,2.6764911584960607,controlled,0
1.5e-6,79432.82347242821,501187.2336272725,473.7774328898654,473.77857615164027,2.676491113675471,controlled,0
1.5e-6,118850.22274370189,501187.2336272725,473.7776041994299,473.77862390651774,2.6764911573583157,controlled,0
1.5e-6,177827.94100389228,501187.2336272725,473.77786958942374,473.77858283295933,2.676491119787078,controlled,0
1.5e-6,266072.50597988087,501187.2336272725,473.77830276866086,473.77861932033557,2.676491153163195,controlled,0
1.5e-6,398107.1705534969,501187.2336272725,473.77914554476047,473.77859576911266,2.676491131620173,controlled,0
1.5e-6,595662.1435290109,501187.2336272725,473.7819099065664,473.77863731738853,2.676491169625648,controlled,0
1.5e-6,891250.9381337459,501187.2336272725,9.721460689593393e6,9.721460689612174e6,6.9877315690422055,tumor_dominant,2
1.5e-6,1.333521432163324e6,501187.2336272725,9.721460689608965e6,9.721460689612119e6,6.987731569042203,tumor_dominant,2
1.5e-6,1.9952623149688789e6,501187.2336272725,9.721460689614838e6,9.721460689612068e6,6.9877315690422,tumor_dominant,2
1.5e-6,2.985382618917957e6,501187.2336272725,9.721460689613353e6,9.721460689612044e6,6.987731569042199,tumor_dominant,2
1.5e-6,4.466835921509635e6,501187.2336272725,9.72146068961097e6,9.721460689612051e6,6.987731569042199,tumor_dominant,2
1.5e-6,6.683439175686149e6,501187.2336272725,9.721460689614618e6,9.721460689612044e6,6.987731569042199,tumor_dominant,2
1.5e-6,1.0e7,501187.2336272725,9.721460689608688e6,9.721460689612083e6,6.987731569042201,tumor_dominant,2
1.5e-6,1.0,630957.344480193,473.77657194114755,473.77863676505024,2.6764911691204074,controlled,0
1.5e-6,1.4962356560944334,630957.344480193,473.77657333473866,473.7786265935161,2.676491159816195,controlled,0
1.5e-6,2.2387211385683394,630957.344480193,473.7765734715619,473.7785968836973,2.6764911326397174,controlled,0
1.5e-6,3.3496543915782766,630957.344480193,473.7765744676962,473.778630947697,2.676491163799097,controlled,0
1.5e-6,5.011872336272722,630957.344480193,473.77657530542837,473.7785536166191,2.6764910930619976,controlled,0
1.5e-6,7.498942093324558,630957.344480193,473.77657510992896,473.77863786927384,2.676491170130474,controlled,0
1.5e-6,11.220184543019636,630957.344480193,473.7765768498709,473.77862136511146,2.676491155033614,controlled,0
1.5e-6,16.788040181225607,630957.344480193,473.7765772891975,473.7785595066174,2.6764910984497594,controlled,0
1.5e-6,25.118864315095795,630957.344480193,473.77657736629004,473.77863682856827,2.6764911691785094,controlled,0
1.5e-6,37.583740428844415,630957.344480193,473.7765790631527,473.7785685816223,2.6764911067509445,controlled,0
1.5e-6,56.23413251903491,630957.344480193,473.77657887764605,473.778636828884,2.676491169178798,controlled,0
1.5e-6,84.13951416451951,630957.344480193,473.77658004595963,473.77858603311324,2.676491122714357,controlled,0
1.5e-6,125.89254117941675,630957.344480193,473.77658129890256,473.7786272422779,2.676491160409637,controlled,0
1.5e-6,188.36490894898,630957.344480193,473.7765825444215,473.77857724805,2.6764911146783907,controlled,0
1.5e-6,281.8382931264455,630957.344480193,473.77658349682076,473.7786250321517,2.6764911583879676,controlled,0
1.5e-6,421.6965034285823,630957.344480193,473.7765839010861,473.7786201397052,2.6764911539126977,controlled,0
1.5e-6,630.957344480193,630957.344480193,473.7765855608671,473.7786136586262,2.676491147984257,controlled,0
1.5e-6,944.0608762859235,630957.344480193,473.77658859324276,473.77860376711635,2.676491138936191,controlled,0
1.5e-6,1412.537544622754,630957.344480193,473.77659044450803,473.77859154526914,2.6764911277564942,controlled,0
1.5e-6,2113.489039836648,630957.344480193,473.77659352641984,473.7786222602257,2.676491155852402,controlled,0
1.5e-6,3162.2776601683795,630957.344480193,473.7765984151019,473.77860547164784,2.676491140495378,controlled,0
1.5e-6,4731.512589614803,630957.344480193,473.7766055021907,473.7785630876864,2.676491101725473,controlled,0
1.5e-6,7079.457843841381,630957.344480193,473.7766151034448,473.77857608762736,2.6764911136169167,controlled,0
1.5e-6,10592.537251772897,630957.344480193,473.7766271508991,473.7786374314816,2.676491169730012,controlled,0
1.5e-6,15848.93192461114,630957.344480193,473.7766459520683,473.7786249823935,2.676491158342452,controlled,0
1.5e-6,23713.737056616552,630957.344480193,473.776673718731,473.77863260712206,2.6764911653170236,controlled,0
1.5e-6,35481.33892335753,630957.344480193,473.77671367297756,473.7786139392737,2.6764911482409737,controlled,0
1.5e-6,53088.444423098794,630957.344480193,473.7767703047236,473.7786338330043,2.6764911664383755,controlled,0
1.5e-6,79432.82347242821,630957.344480193,473.7768534607809,473.77862602116295,2.676491159292646,controlled,0
1.5e-6,118850.22274370189,630957.344480193,473.77697692285636,473.7785767936793,2.676491114262764,controlled,0
1.5e-6,177827.94100389228,630957.344480193,473.77715598015067,473.77860960168283,2.676491144273247,controlled,0
1.5e-6,266072.50597988087,630957.344480193,473.77742588739204,473.7785690095211,2.6764911071423563,controlled,0
1.5e-6,398107.1705534969,630957.344480193,473.77784372607806,473.7785942488527,2.6764911302295444,controlled,0
1.5e-6,595662.1435290109,630957.344480193,473.7785663969822,473.7786372146154,2.6764911695316385,controlled,0
1.5e-6,891250.9381337459,630957.344480193,473.78046716793256,473.77860972752603,2.6764911443883594,controlled,0
1.5e-6,1.333521432163324e6,630957.344480193,9.72146068864215e6,9.721460689612044e6,6.987731569042199,tumor_dominant,2
1.5e-6,1.9952623149688789e6,630957.344480193,9.7214606896088e6,9.721460689612068e6,6.9877315690422,tumor_dominant,2
1.5e-6,2.985382618917957e6,630957.344480193,9.721460689608663e6,9.721460689612078e6,6.987731569042201,tumor_dominant,2
1.5e-6,4.466835921509635e6,630957.344480193,9.721460689615427e6,9.72146068961205e6,6.987731569042199,tumor_dominant,2
1.5e-6,6.683439175686149e6,630957.344480193,9.721460689614912e6,9.721460689612046e6,6.987731569042199,tumor_dominant,2
1.5e-6,1.0e7,630957.344480193,9.721460689614091e6,9.721460689612085e6,6.987731569042201,tumor_dominant,2
1.5e-6,1.0,794328.2347242822,473.776052097374,473.7786232547891,2.6764911567621597,controlled,0
1.5e-6,1.4962356560944334,794328.2347242822,473.7760520337725,473.778638068853,2.6764911703130356,controlled,0
1.5e-6,2.2387211385683394,794328.2347242822,473.77605272299496,473.77863175506366,2.67649116453762,controlled,0
1.5e-6,3.3496543915782766,794328.2347242822,473.7760524080514,473.77863801963275,2.676491170268012,controlled,0
1.5e-6,5.011872336272722,794328.2347242822,473.77605368723283,473.7786148318749,2.676491149057463,controlled,0
1.5e-6,7.498942093324558,794328.2347242822,473.7760545383186,473.7786036683369,2.6764911388458343,controlled,0
1.5e-6,11.220184543019636,794328.2347242822,473.77605381084703,473.77863799157615,2.6764911702423477,controlled,0
1.5e-6,16.788040181225607,794328.2347242822,473.776055034747,473.77863223929404,2.6764911649805603,controlled,0
1.5e-6,25.118864315095795,794328.2347242822,473.7760559734914,473.77860241500167,2.6764911376993705,controlled,0
1.5e-6,37.583740428844415,794328.2347242822,473.7760564871674,473.77860386262313,2.676491139023554,controlled,0
1.5e-6,56.23413251903491,794328.2347242822,473.7760565452585,473.77863248169666,2.676491165202293,controlled,0
1.5e-6,84.13951416451951,794328.2347242822,473.7760564757382,473.77863828161367,2.676491170507654,controlled,0
1.5e-6,125.89254117941675,794328.2347242822,473.7760582073047,473.7786104673808,2.6764911450651274,controlled,0
1.5e-6,188.36490894898,794328.2347242822,473.7760576816951,473.77863822043486,2.676491170451692,controlled,0
1.5e-6,281.8382931264455,794328.2347242822,473.7760593134183,473.7786293328587,2.6764911623219554,controlled,0
1.5e-6,421.6965034285823,794328.2347242822,473.77605953758746,473.7786371442589,2.676491169467281,controlled,0
1.5e-6,630.957344480193,794328.2347242822,473.77606164406956,473.77861416591514,2.6764911484482896,controlled,0
1.5e-6,944.0608762859235,794328.2347242822,473.7760618971612,473.7786380374734,2.6764911702843315,controlled,0
1.5e-6,1412.537544622754,794328.2347242822,473.7760643276622,473.7786346844796,2.676491167217246,controlled,0
1.5e-6,2113.489039836648,794328.2347242822,473.77606721800015,473.77862933950655,2.6764911623280363,controlled,0
1.5e-6,3162.2776601683795,794328.2347242822,473.776070598584,473.7786181400961,2.676491152083594,controlled,0
1.5e-6,4731.512589614803,794328.2347242822,473.7760747832878,473.7786380066896,2.6764911702561727,controlled,0
1.5e-6,7079.457843841381,794328.2347242822,473.7760826472635,473.77863060004694,2.676491163481091,controlled,0
1.5e-6,10592.537251772897,794328.2347242822,473.77609309161244,473.7786137042233,2.676491148025966,controlled,0
1.5e-6,15848.93192461114,794328.2347242822,473.77610773433884,473.77859939830205,2.676491134939903,controlled,0
1.5e-6,23713.737056616552,794328.2347242822,473.7761288883857,473.77859917565786,2.6764911347362434,controlled,0
1.5e-6,35481.33892335753,794328.2347242822,473.77615860522235,473.7786380383948,2.6764911702851744,controlled,0
1.5e-6,53088.444423098794,794328.2347242822,473.7762045977195,473.77862857642754,2.6764911616300244,controlled,0
1.5e-6,79432.82347242821,794328.2347242822,473.7762705509535,473.7785801030076,2.6764911172899075,controlled,0
1.5e-6,118850.22274370189,794328.2347242822,473.776365633852,473.7786382848933,2.676491170510654,controlled,0
1.5e-6,177827.94100389228,794328.2347242822,473.7765070141519,473.7786203569559,2.676491154111423,controlled,0
1.5e-6,266072.50597988087,794328.2347242822,473.7767108020601,473.7786134117065,2.6764911477583917,controlled,0
1.5e-6,398107.1705534969,794328.2347242822,473.77701143848566,473.77863046258733,2.6764911633553523,controlled,0
1.5e-6,595662.1435290109,794328.2347242822,473.77746092753574,473.7785504802363,2.6764910901930525,controlled,0
1.5e-6,891250.9381337459,794328.2347242822,473.77818517148853,473.77862761865913,2.676491160753925,controlled,0
1.5e-6,1.333521432163324e6,794328.2347242822,473.77979320845276,473.7786199760309,2.6764911537629796,controlled,0
1.5e-6,1.9952623149688789e6,794328.2347242822,473.83075366484104,473.7786455415431,2.6764911771485327,controlled,0
1.5e-6,2.985382618917957e6,794328.2347242822,9.721460689609624e6,9.721460689612057e6,6.9877315690422,tumor_dominant,2
1.5e-6,4.466835921509635e6,794328.2347242822,9.721460689615047e6,9.721460689612065e6,6.9877315690422,tumor_dominant,2
1.5e-6,6.683439175686149e6,794328.2347242822,9.721460689614391e6,9.721460689612078e6,6.987731569042201,tumor_dominant,2
1.5e-6,1.0e7,794328.2347242822,9.721460689608712e6,9.721460689612096e6,6.987731569042202,tumor_dominant,2
1.5e-6,1.0,1.0e6,473.77546549369004,473.77863678704745,2.6764911691405286,controlled,0
1.5e-6,1.4962356560944334,1.0e6,473.77546634196466,473.77862696694007,2.676491160157777,controlled,0
1.5e-6,2.2387211385683394,1.0e6,473.77546652850805,473.77863612157626,2.6764911685318022,controlled,0
1.5e-6,3.3496543915782766,1.0e6,473.77546595014235,473.7786376013353,2.6764911698853826,controlled,0
1.5e-6,5.011872336272722,1.0e6,473.77546670399914,473.7786369027109,2.67649116924633,controlled,0
1.5e-6,7.498942093324558,1.0e6,473.77546780441367,473.77862057642426,2.6764911543121777,controlled,0
1.5e-6,11.220184543019636,1.0e6,473.7754681358416,473.77862066451956,2.676491154392761,controlled,0
1.5e-6,16.788040181225607,1.0e6,473.7754674328176,473.7786370943466,2.6764911694216247,controlled,0
1.5e-6,25.118864315095795,1.0e6,473.7754676552881,473.7786377464539,2.676491170018127,controlled,0
1.5e-6,37.583740428844415,1.0e6,473.77546813947265,473.7786371406379,2.6764911694639686,controlled,0
1.5e-6,56.23413251903491,1.0e6,473.7754686627406,473.77863635632303,2.6764911687465323,controlled,0
1.5e-6,84.13951416451951,1.0e6,473.7754697169287,473.77863087887926,2.6764911637361473,controlled,0
1.5e-6,125.89254117941675,1.0e6,473.77546919362766,473.77863776601123,2.6764911700360168,controlled,0
1.5e-6,188.36490894898,1.0e6,473.77547086868765,473.77863521192245,2.676491167699714,controlled,0
1.5e-6,281.8382931264455,1.0e6,473.7754705316148,473.7786386999618,2.67649117089033,controlled,0
1.5e-6,421.6965034285823,1.0e6,473.7754720948485,473.7786353592804,2.6764911678345067,controlled,0
1.5e-6,630.957344480193,1.0e6,473.77547284775153,473.77862818424717,2.676491161271285,controlled,0
1.5e-6,944.0608762859235,1.0e6,473.7754739229364,473.778628715443,2.6764911617571863,controlled,0
1.5e-6,1412.537544622754,1.0e6,473.7754754645514,473.7786254227968,2.6764911587453026,controlled,0
1.5e-6,2113.489039836648,1.0e6,473.7754768524722,473.7786368625752,2.6764911692096165,controlled,0
1.5e-6,3162.2776601683795,1.0e6,473.77547925957026,473.7786377287401,2.6764911700019236,controlled,0
1.5e-6,4731.512589614803,1.0e6,473.77548422312196,473.7786160423568,2.676491150164728,controlled,0
1.5e-6,7079.457843841381,1.0e6,473.7754887777446,473.7786371350589,2.6764911694588656,controlled,0
1.5e-6,10592.537251772897,1.0e6,473.77549673603465,473.77863778284296,2.6764911700514133,controlled,0
1.5e-6,15848.93192461114,1.0e6,473.77550910154355,473.77863698076027,2.676491169317724,controlled,0
1.5e-6,23713.737056616552,1.0e6,473.77552702981467,473.77864024603497,2.67649117230457,controlled,0
1.5e-6,35481.33892335753,1.0e6,473.77555228595276,473.7786229606863,2.676491156493135,controlled,0
1.5e-6,53088.444423098794,1.0e6,473.77558832718546,473.7786374615763,2.676491169757541,controlled,0
1.5e-6,79432.82347242821,1.0e6,473.7756428351304,473.77863745549104,2.6764911697519747,controlled,0
1.5e-6,118850.22274370189,1.0e6,473.77572292609113,473.77861674781485,2.676491150810032,controlled,0
1.5e-6,177827.94100389228,1.0e6,473.775838840079,473.7786258148476,2.6764911591039233,controlled,0
1.5e-6,266072.50597988087,1.0e6,473.7760066720618,473.7786380425096,2.6764911702889385,controlled,0
1.5e-6,398107.1705534969,1.0e6,473.77625204977153,473.7785936097466,2.6764911296449347,controlled,0
1.5e-6,595662.1435290109,1.0e6,473.7766057827638,473.77857089145215,2.676491108863816,controlled,0
1.5e-6,891250.9381337459,1.0e6,473.777120282911,473.7786283053772,2.6764911613820868,controlled,0
1.5e-6,1.333521432163324e6,1.0e6,473.77790761572635,473.77861717684505,2.676491151202479,controlled,0
1.5e-6,1.9952623149688789e6,1.0e6,473.77948031783336,473.77858648142677,2.6764911231244426,controlled,0
1.5e-6,2.985382618917957e6,1.0e6,473.8092860927355,473.7786439749314,2.676491175715505,controlled,0
1.5e-6,4.466835921509635e6,1.0e6,9.72146068961013e6,9.721460689612055e6,6.9877315690422,tumor_dominant,2
1.5e-6,6.683439175686149e6,1.0e6,9.721460689615041e6,9.721460689612065e6,6.9877315690422,tumor_dominant,2
1.5e-6,1.0e7,1.0e6,9.721460689608814e6,9.721460689612104e6,6.987731569042202,tumor_dominant,2
