run_id,replicate,git_sha,source_fingerprint,julia_version,solver,noise_mode,gompertz_mode,dt_initial,dtmax,adaptive,initial_attractor,final_attractor,switched,valid,seed,b6,noise_scale,noise_horizon,relax_horizon,noise_retcode,relaxation_retcode,noise_reached_horizon,relaxation_reached_horizon,min_state_saved,T_min_noise,T_max_noise,low_distance,high_distance,nearest_distance,noise_solver_rejections,relaxation_solver_rejections,noise_end_T,noise_end_M,noise_end_NK,noise_end_CTL,noise_end_B,relax_end_T,relax_end_M,relax_end_NK,relax_end_CTL,relax_end_B
1,1,7f3bcef5a08e3ee69ec959154bc064e98543e76d,5fccb18775a1c53c589e1a644bcdca5c2966e2c9f1b72779e18c5571bee51811,1.12.5,SOSRI,paper_common,continuation,0.01,0.05,true,low,low,false,true,21260806,1.5e-6,0.0,60.0,1500.0,Success,Success,true,true,163.61298116695102,473.7786392630526,473.77863927438017,1.718962169835166e-11,2.920870837098935,1.718962169835166e-11,0,2,473.77863927438017,523.6889308413589,225270.33150593066,163.6129811691308,138180.9244737207,473.7786392436076,523.6889308366257,225270.33150531066,163.6129811799863,138180.92447268113
2,2,7f3bcef5a08e3ee69ec959154bc064e98543e76d,5fccb18775a1c53c589e1a644bcdca5c2966e2c9f1b72779e18c5571bee51811,1.12.5,SOSRI,paper_common,continuation,0.01,0.05,true,low,low,false,true,21260807,1.5e-6,0.0,60.0,1500.0,Success,Success,true,true,163.61298116695102,473.7786392630526,473.77863927438017,1.718962169835166e-11,2.920870837098935,1.718962169835166e-11,0,2,473.77863927438017,523.6889308413589,225270.33150593066,163.6129811691308,138180.9244737207,473.7786392436076,523.6889308366257,225270.33150531066,163.6129811799863,138180.92447268113
3,3,7f3bcef5a08e3ee69ec959154bc064e98543e76d,5fccb18775a1c53c589e1a644bcdca5c2966e2c9f1b72779e18c5571bee51811,1.12.5,SOSRI,paper_common,continuation,0.01,0.05,true,low,low,false,true,21260808,1.5e-6,0.0,60.0,1500.0,Success,Success,true,true,163.61298116695102,473.7786392630526,473.77863927438017,1.718962169835166e-11,2.920870837098935,1.718962169835166e-11,0,2,473.77863927438017,523.6889308413589,225270.33150593066,163.6129811691308,138180.9244737207,473.7786392436076,523.6889308366257,225270.33150531066,163.6129811799863,138180.92447268113
4,4,7f3bcef5a08e3ee69ec959154bc064e98543e76d,5fccb18775a1c53c589e1a644bcdca5c2966e2c9f1b72779e18c5571bee51811,1.12.5,SOSRI,paper_common,continuation,0.01,0.05,true,low,low,false,true,21260809,1.5e-6,0.0,60.0,1500.0,Success,Success,true,true,163.61298116695102,473.7786392630526,473.77863927438017,1.718962169835166e-11,2.920870837098935,1.718962169835166e-11,0,2,473.77863927438017,523.6889308413589,225270.33150593066,163.6129811691308,138180.9244737207,473.7786392436076,523.6889308366257,225270.33150531066,163.6129811799863,138180.92447268113
5,5,7f3bcef5a08e3ee69ec959154bc064e98543e76d,5fccb18775a1c53c589e1a644bcdca5c2966e2c9f1b72779e18c5571bee51811,1.12.5,SOSRI,paper_common,continuation,0.01,0.05,true,low,low,false,true,21260810,1.5e-6,0.0,60.0,1500.0,Success,Success,true,true,163.61298116695102,473.7786392630526,473.77863927438017,1.718962169835166e-11,2.920870837098935,1.718962169835166e-11,0,2,473.77863927438017,523.6889308413589,225270.33150593066,163.6129811691308,138180.9244737207,473.7786392436076,523.6889308366257,225270.33150531066,163.6129811799863,138180.92447268113
6,6,7f3bcef5a08e3ee69ec959154bc064e98543e76d,5fccb18775a1c53c589e1a644bcdca5c2966e2c9f1b72779e18c5571bee51811,1.12.5,SOSRI,paper_common,continuation,0.01,0.05,true,low,low,false,true,21260811,1.5e-6,0.0,60.0,1500.0,Success,Success,true,true,163.61298116695102,473.7786392630526,473.77863927438017,1.718962169835166e-11,2.920870837098935,1.718962169835166e-11,0,2,473.77863927438017,523.6889308413589,225270.33150593066,163.6129811691308,138180.9244737207,473.7786392436076,523.6889308366257,225270.33150531066,163.6129811799863,138180.92447268113
7,7,7f3bcef5a08e3ee69ec959154bc064e98543e76d,5fccb18775a1c53c589e1a644bcdca5c2966e2c9f1b72779e18c5571bee51811,1.12.5,SOSRI,paper_common,continuation,0.01,0.05,true,low,low,false,true,21260812,1.5e-6,0.0,60.0,1500.0,Success,Success,true,true,163.61298116695102,473.7786392630526,473.77863927438017,1.718962169835166e-11,2.920870837098935,1.718962169835166e-11,0,2,473.77863927438017,523.6889308413589,225270.33150593066,163.6129811691308,138180.9244737207,473.7786392436076,523.6889308366257,225270.33150531066,163.6129811799863,138180.92447268113
8,8,7f3bcef5a08e3ee69ec959154bc064e98543e76d,5fccb18775a1c53c589e1a644bcdca5c2966e2c9f1b72779e18c5571bee51811,1.12.5,SOSRI,paper_common,continuation,0.01,0.05,true,low,low,false,true,21260813,1.5e-6,0.0,60.0,1500.0,Success,Success,true,true,163.61298116695102,473.7786392630526,473.77863927438017,1.718962169835166e-11,2.920870837098935,1.718962169835166e-11,0,2,473.77863927438017,523.6889308413589,225270.33150593066,163.6129811691308,138180.9244737207,473.7786392436076,523.6889308366257,225270.33150531066,163.6129811799863,138180.92447268113
9,9,7f3bcef5a08e3ee69ec959154bc064e98543e76d,5fccb18775a1c53c589e1a644bcdca5c2966e2c9f1b72779e18c5571bee51811,1.12.5,SOSRI,paper_common,continuation,0.01,0.05,true,low,low,false,true,21260814,1.5e-6,0.0,60.0,1500.0,Success,Success,true,true,163.61298116695102,473.7786392630526,473.77863927438017,1.718962169835166e-11,2.920870837098935,1.718962169835166e-11,0,2,473.77863927438017,523.6889308413589,225270.33150593066,163.6129811691308,138180.9244737207,473.7786392436076,523.6889308366257,225270.33150531066,163.6129811799863,138180.92447268113
10,10,7f3bcef5a08e3ee69ec959154bc064e98543e76d,5fccb18775a1c53c589e1a644bcdca5c2966e2c9f1b72779e18c5571bee51811,1.12.5,SOSRI,paper_common,continuation,0.01,0.05,true,low,low,false,true,21260815,1.5e-6,0.0,60.0,1500.0,Success,Success,true,true,163.61298116695102,473.7786392630526,473.77863927438017,1.718962169835166e-11,2.920870837098935,1.718962169835166e-11,0,2,473.77863927438017,523.6889308413589,225270.33150593066,163.6129811691308,138180.9244737207,473.7786392436076,523.6889308366257,225270.33150531066,163.6129811799863,138180.92447268113
11,11,7f3bcef5a08e3ee69ec959154bc064e98543e76d,5fccb18775a1c53c589e1a644bcdca5c2966e2c9f1b72779e18c5571bee51811,1.12.5,SOSRI,paper_common,continuation,0.01,0.05,true,low,low,false,true,21260816,1.5e-6,0.0,60.0,1500.0,Success,Success,true,true,163.61298116695102,473.7786392630526,473.77863927438017,1.718962169835166e-11,2.920870837098935,1.718962169835166e-11,0,2,473.77863927438017,523.6889308413589,225270.33150593066,163.6129811691308,138180.9244737207,473.7786392436076,523.6889308366257,225270.33150531066,163.6129811799863,138180.92447268113
12,12,7f3bcef5a08e3ee69ec959154bc064e98543e76d,5fccb18775a1c53c589e1a644bcdca5c2966e2c9f1b72779e18c5571bee51811,1.12.5,SOSRI,paper_common,continuation,0.01,0.05,true,low,low,false,true,21260817,1.5e-6,0.0,60.0,1500.0,Success,Success,true,true,163.61298116695102,473.7786392630526,473.77863927438017,1.718962169835166e-11,2.920870837098935,1.718962169835166e-11,0,2,473.77863927438017,523.6889308413589,225270.33150593066,163.6129811691308,138180.9244737207,473.7786392436076,523.6889308366257,225270.33150531066,163.6129811799863,138180.92447268113
13,13,7f3bcef5a08e3ee69ec959154bc064e98543e76d,5fccb18775a1c53c589e1a644bcdca5c2966e2c9f1b72779e18c5571bee51811,1.12.5,SOSRI,paper_common,continuation,0.01,0.05,true,low,low,false,true,21260818,1.5e-6,0.0,60.0,1500.0,Success,Success,true,true,163.61298116695102,473.7786392630526,473.77863927438017,1.718962169835166e-11,2.920870837098935,1.718962169835166e-11,0,2,473.77863927438017,523.6889308413589,225270.33150593066,163.6129811691308,138180.9244737207,473.7786392436076,523.6889308366257,225270.33150531066,163.6129811799863,138180.92447268113
14,14,7f3bcef5a08e3ee69ec959154bc064e98543e76d,5fccb18775a1c53c589e1a644bcdca5c2966e2c9f1b72779e18c5571bee51811,1.12.5,SOSRI,paper_common,continuation,0.01,0.05,true,low,low,false,true,21260819,1.5e-6,0.0,60.0,1500.0,Success,Success,true,true,163.61298116695102,473.7786392630526,473.77863927438017,1.718962169835166e-11,2.920870837098935,1.718962169835166e-11,0,2,473.77863927438017,523.6889308413589,225270.33150593066,163.6129811691308,138180.9244737207,473.7786392436076,523.6889308366257,225270.33150531066,163.6129811799863,138180.92447268113
15,15,7f3bcef5a08e3ee69ec959154bc064e98543e76d,5fccb18775a1c53c589e1a644bcdca5c2966e2c9f1b72779e18c5571bee51811,1.12.5,SOSRI,paper_common,continuation,0.01,0.05,true,low,low,false,true,21260820,1.5e-6,0.0,60.0,1500.0,Success,Success,true,true,163.61298116695102,473.7786392630526,473.77863927438017,1.718962169835166e-11,2.920870837098935,1.718962169835166e-11,0,2,473.77863927438017,523.6889308413589,225270.33150593066,163.6129811691308,138180.9244737207,473.7786392436076,523.6889308366257,225270.33150531066,163.6129811799863,138180.92447268113
16,16,7f3bcef5a08e3ee69ec959154bc064e98543e76d,5fccb18775a1c53c589e1a644bcdca5c2966e2c9f1b72779e18c5571bee51811,1.12.5,SOSRI,paper_common,continuation,0.01,0.05,true,low,low,false,true,21260821,1.5e-6,0.0,60.0,1500.0,Success,Success,true,true,163.61298116695102,473.7786392630526,473.77863927438017,1.718962169835166e-11,2.920870837098935,1.718962169835166e-11,0,2,473.77863927438017,523.6889308413589,225270.33150593066,163.6129811691308,138180.9244737207,473.7786392436076,523.6889308366257,225270.33150531066,163.6129811799863,138180.92447268113
17,17,7f3bcef5a08e3ee69ec959154bc064e98543e76d,5fccb18775a1c53c589e1a644bcdca5c2966e2c9f1b72779e18c5571bee51811,1.12.5,SOSRI,paper_common,continuation,0.01,0.05,true,low,low,false,true,21260822,1.5e-6,0.0,60.0,1500.0,Success,Success,true,true,163.61298116695102,473.7786392630526,473.77863927438017,1.718962169835166e-11,2.920870837098935,1.718962169835166e-11,0,2,473.77863927438017,523.6889308413589,225270.33150593066,163.6129811691308,138180.9244737207,473.7786392436076,523.6889308366257,225270.33150531066,163.6129811799863,138180.92447268113
18,18,7f3bcef5a08e3ee69ec959154bc064e98543e76d,5fccb18775a1c53c589e1a644bcdca5c2966e2c9f1b72779e18c5571bee51811,1.12.5,SOSRI,paper_common,continuation,0.01,0.05,true,low,low,false,true,21260823,1.5e-6,0.0,60.0,1500.0,Success,Success,true,true,163.61298116695102,473.7786392630526,473.77863927438017,1.718962169835166e-11,2.920870837098935,1.718962169835166e-11,0,2,473.77863927438017,523.6889308413589,225270.33150593066,163.6129811691308,138180.9244737207,473.7786392436076,523.6889308366257,225270.33150531066,163.6129811799863,138180.92447268113
19,19,7f3bcef5a08e3ee69ec959154bc064e98543e76d,5fccb18775a1c53c589e1a644bcdca5c2966e2c9f1b72779e18c5571bee51811,1.12.5,SOSRI,paper_common,continuation,0.01,0.05,true,low,low,false,true,21260824,1.5e-6,0.0,60.0,1500.0,Success,Success,true,true,163.61298116695102,473.7786392630526,473.77863927438017,1.718962169835166e-11,2.920870837098935,1.718962169835166e-11,0,2,473.77863927438017,523.6889308413589,225270.33150593066,163.6129811691308,138180.9244737207,473.7786392436076,523.6889308366257,225270.33150531066,163.6129811799863,138180.92447268113
20,20,7f3bcef5a08e3ee69ec959154bc064e98543e76d,5fccb18775a1c53c589e1a644bcdca5c2966e2c9f1b72779e18c5571bee51811,1.12.5,SOSRI,paper_common,continuation,0.01,0.05,true,low,low,false,true,21260825,1.5e-6,0.0,60.0,1500.0,Success,Success,true,true,163.61298116695102,473.7786392630526,473.77863927438017,1.718962169835166e-11,2.920870837098935,1.718962169835166e-11,0,2,473.77863927438017,523.6889308413589,225270.33150593066,163.6129811691308,138180.9244737207,473.7786392436076,523.6889308366257,225270.33150531066,163.6129811799863,138180.92447268113
21,21,7f3bcef5a08e3ee69ec959154bc064e98543e76d,5fccb18775a1c53c589e1a644bcdca5c2966e2c9f1b72779e18c5571bee51811,1.12.5,SOSRI,paper_common,continuation,0.01,0.05,true,low,low,false,true,21260826,1.5e-6,0.0,60.0,1500.0,Success,Success,true,true,163.61298116695102,473.7786392630526,473.77863927438017,1.718962169835166e-11,2.920870837098935,1.718962169835166e-11,0,2,473.77863927438017,523.6889308413589,225270.33150593066,163.6129811691308,138180.9244737207,473.7786392436076,523.6889308366257,225270.33150531066,163.6129811799863,138180.92447268113
22,22,7f3bcef5a08e3ee69ec959154bc064e98543e76d,5fccb18775a1c53c589e1a644bcdca5c2966e2c9f1b72779e18c5571bee51811,1.12.5,SOSRI,paper_common,continuation,0.01,0.05,true,low,low,false,true,21260827,1.5e-6,0.0,60.0,1500.0,Success,Success,true,true,163.61298116695102,473.7786392630526,473.77863927438017,1.718962169835166e-11,2.920870837098935,1.718962169835166e-11,0,2,473.77863927438017,523.6889308413589,225270.33150593066,163.6129811691308,138180.9244737207,473.7786392436076,523.6889308366257,225270.33150531066,163.6129811799863,138180.92447268113
23,23,7f3bcef5a08e3ee69ec959154bc064e98543e76d,5fccb18775a1c53c589e1a644bcdca5c2966e2c9f1b72779e18c5571bee51811,1.12.5,SOSRI,paper_common,continuation,0.01,0.05,true,low,low,false,true,21260828,1.5e-6,0.0,60.0,1500.0,Success,Success,true,true,163.61298116695102,473.7786392630526,473.77863927438017,1.718962169835166e-11,2.920870837098935,1.718962169835166e-11,0,2,473.77863927438017,523.6889308413589,225270.33150593066,163.6129811691308,138180.9244737207,473.7786392436076,523.6889308366257,225270.33150531066,163.6129811799863,138180.92447268113
24,24,7f3bcef5a08e3ee69ec959154bc064e98543e76d,5fccb18775a1c53c589e1a644bcdca5c2966e2c9f1b72779e18c5571bee51811,1.12.5,SOSRI,paper_common,continuation,0.01,0.05,true,low,low,false,true,21260829,1.5e-6,0.0,60.0,1500.0,Success,Success,true,true,163.61298116695102,473.7786392630526,473.77863927438017,1.718962169835166e-11,2.920870837098935,1.718962169835166e-11,0,2,473.77863927438017,523.6889308413589,225270.33150593066,163.6129811691308,138180.9244737207,473.7786392436076,523.6889308366257,225270.33150531066,163.6129811799863,138180.92447268113
25,25,7f3bcef5a08e3ee69ec959154bc064e98543e76d,5fccb18775a1c53c589e1a644bcdca5c2966e2c9f1b72779e18c5571bee51811,1.12.5,SOSRI,paper_common,continuation,0.01,0.05,true,low,low,false,true,21260830,1.5e-6,0.0,60.0,1500.0,Success,Success,true,true,163.61298116695102,473.7786392630526,473.77863927438017,1.718962169835166e-11,2.920870837098935,1.718962169835166e-11,0,2,473.77863927438017,523.6889308413589,225270.33150593066,163.6129811691308,138180.9244737207,473.7786392436076,523.6889308366257,225270.33150531066,163.6129811799863,138180.92447268113
26,26,7f3bcef5a08e3ee69ec959154bc064e98543e76d,5fccb18775a1c53c589e1a644bcdca5c2966e2c9f1b72779e18c5571bee51811,1.12.5,SOSRI,paper_common,continuation,0.01,0.05,true,low,low,false,true,21260831,1.5e-6,0.0,60.0,1500.0,Success,Success,true,true,163.61298116695102,473.7786392630526,473.77863927438017,1.718962169835166e-11,2.920870837098935,1.718962169835166e-11,0,2,473.77863927438017,523.6889308413589,225270.33150593066,163.6129811691308,138180.9244737207,473.7786392436076,523.6889308366257,225270.33150531066,163.6129811799863,138180.92447268113
27,27,7f3bcef5a08e3ee69ec959154bc064e98543e76d,5fccb18775a1c53c589e1a644bcdca5c2966e2c9f1b72779e18c5571bee51811,1.12.5,SOSRI,paper_common,continuation,0.01,0.05,true,low,low,false,true,21260832,1.5e-6,0.0,60.0,1500.0,Success,Success,true,true,163.61298116695102,473.7786392630526,473.77863927438017,1.718962169835166e-11,2.920870837098935,1.718962169835166e-11,0,2,473.77863927438017,523.6889308413589,225270.33150593066,163.6129811691308,138180.9244737207,473.7786392436076,523.6889308366257,225270.33150531066,163.6129811799863,138180.92447268113
28,28,7f3bcef5a08e3ee69ec959154bc064e98543e76d,5fccb18775a1c53c589e1a644bcdca5c2966e2c9f1b72779e18c5571bee51811,1.12.5,SOSRI,paper_common,continuation,0.01,0.05,true,low,low,false,true,21260833,1.5e-6,0.0,60.0,1500.0,Success,Success,true,true,163.61298116695102,473.7786392630526,473.77863927438017,1.718962169835166e-11,2.920870837098935,1.718962169835166e-11,0,2,473.77863927438017,523.6889308413589,225270.33150593066,163.6129811691308,138180.9244737207,473.7786392436076,523.6889308366257,225270.33150531066,163.6129811799863,138180.92447268113
29,29,7f3bcef5a08e3ee69ec959154bc064e98543e76d,5fccb18775a1c53c589e1a644bcdca5c2966e2c9f1b72779e18c5571bee51811,1.12.5,SOSRI,paper_common,continuation,0.01,0.05,true,low,low,false,true,21260834,1.5e-6,0.0,60.0,1500.0,Success,Success,true,true,163.61298116695102,473.7786392630526,473.77863927438017,1.718962169835166e-11,2.920870837098935,1.718962169835166e-11,0,2,473.77863927438017,523.6889308413589,225270.33150593066,163.6129811691308,138180.9244737207,473.7786392436076,523.6889308366257,225270.33150531066,163.6129811799863,138180.92447268113
30,30,7f3bcef5a08e3ee69ec959154bc064e98543e76d,5fccb18775a1c53c589e1a644bcdca5c2966e2c9f1b72779e18c5571bee51811,1.12.5,SOSRI,paper_common,continuation,0.01,0.05,true,low,low,false,true,21260835,1.5e-6,0.0,60.0,1500.0,Success,Success,true,true,163.61298116695102,473.7786392630526,473.77863927438017,1.718962169835166e-11,2.920870837098935,1.718962169835166e-11,0,2,473.77863927438017,523.6889308413589,225270.33150593066,163.6129811691308,138180.9244737207,473.7786392436076,523.6889308366257,225270.33150531066,163.6129811799863,138180.92447268113
31,31,7f3bcef5a08e3ee69ec959154bc064e98543e76d,5fccb18775a1c53c589e1a644bcdca5c2966e2c9f1b72779e18c5571bee51811,1.12.5,SOSRI,paper_common,continuation,0.01,0.05,true,low,low,false,true,21260836,1.5e-6,0.0,60.0,1500.0,Success,Success,true,true,163.61298116695102,473.7786392630526,473.77863927438017,1.718962169835166e-11,2.920870837098935,1.718962169835166e-11,0,2,473.77863927438017,523.6889308413589,225270.33150593066,163.6129811691308,138180.9244737207,473.7786392436076,523.6889308366257,225270.33150531066,163.6129811799863,138180.92447268113
32,32,7f3bcef5a08e3ee69ec959154bc064e98543e76d,5fccb18775a1c53c589e1a644bcdca5c2966e2c9f1b72779e18c5571bee51811,1.12.5,SOSRI,paper_common,continuation,0.01,0.05,true,low,low,false,true,21260837,1.5e-6,0.0,60.0,1500.0,Success,Success,true,true,163.61298116695102,473.7786392630526,473.77863927438017,1.718962169835166e-11,2.920870837098935,1.718962169835166e-11,0,2,473.77863927438017,523.6889308413589,225270.33150593066,163.6129811691308,138180.9244737207,473.7786392436076,523.6889308366257,225270.33150531066,163.6129811799863,138180.92447268113
33,33,7f3bcef5a08e3ee69ec959154bc064e98543e76d,5fccb18775a1c53c589e1a644bcdca5c2966e2c9f1b72779e18c5571bee51811,1.12.5,SOSRI,paper_common,continuation,0.01,0.05,true,low,low,false,true,21260838,1.5e-6,0.0,60.0,1500.0,Success,Success,true,true,163.61298116695102,473.7786392630526,473.77863927438017,1.718962169835166e-11,2.920870837098935,1.718962169835166e-11,0,2,473.77863927438017,523.6889308413589,225270.33150593066,163.6129811691308,138180.9244737207,473.7786392436076,523.6889308366257,225270.33150531066,163.6129811799863,138180.92447268113
34,34,7f3bcef5a08e3ee69ec959154bc064e98543e76d,5fccb18775a1c53c589e1a644bcdca5c2966e2c9f1b72779e18c5571bee51811,1.12.5,SOSRI,paper_common,continuation,0.01,0.05,true,low,low,false,true,21260839,1.5e-6,0.0,60.0,1500.0,Success,Success,true,true,163.61298116695102,473.7786392630526,473.77863927438017,1.718962169835166e-11,2.920870837098935,1.718962169835166e-11,0,2,473.77863927438017,523.6889308413589,225270.33150593066,163.6129811691308,138180.9244737207,473.7786392436076,523.6889308366257,225270.33150531066,163.6129811799863,138180.92447268113
35,35,7f3bcef5a08e3ee69ec959154bc064e98543e76d,5fccb18775a1c53c589e1a644bcdca5c2966e2c9f1b72779e18c5571bee51811,1.12.5,SOSRI,paper_common,continuation,0.01,0.05,true,low,low,false,true,21260840,1.5e-6,0.0,60.0,1500.0,Success,Success,true,true,163.61298116695102,473.7786392630526,473.77863927438017,1.718962169835166e-11,2.920870837098935,1.718962169835166e-11,0,2,473.77863927438017,523.6889308413589,225270.33150593066,163.6129811691308,138180.9244737207,473.7786392436076,523.6889308366257,225270.33150531066,163.6129811799863,138180.92447268113
36,36,7f3bcef5a08e3ee69ec959154bc064e98543e76d,5fccb18775a1c53c589e1a644bcdca5c2966e2c9f1b72779e18c5571bee51811,1.12.5,SOSRI,paper_common,continuation,0.01,0.05,true,low,low,false,true,21260841,1.5e-6,0.0,60.0,1500.0,Success,Success,true,true,163.61298116695102,473.7786392630526,473.77863927438017,1.718962169835166e-11,2.920870837098935,1.718962169835166e-11,0,2,473.77863927438017,523.6889308413589,225270.33150593066,163.6129811691308,138180.9244737207,473.7786392436076,523.6889308366257,225270.33150531066,163.6129811799863,138180.92447268113
37,37,7f3bcef5a08e3ee69ec959154bc064e98543e76d,5fccb18775a1c53c589e1a644bcdca5c2966e2c9f1b72779e18c5571bee51811,1.12.5,SOSRI,paper_common,continuation,0.01,0.05,true,low,low,false,true,21260842,1.5e-6,0.0,60.0,1500.0,Success,Success,true,true,163.61298116695102,473.7786392630526,473.77863927438017,1.718962169835166e-11,2.920870837098935,1.718962169835166e-11,0,2,473.77863927438017,523.6889308413589,225270.33150593066,163.6129811691308,138180.9244737207,473.7786392436076,523.6889308366257,225270.33150531066,163.6129811799863,138180.92447268113
38,38,7f3bcef5a08e3ee69ec959154bc064e98543e76d,5fccb18775a1c53c589e1a644bcdca5c2966e2c9f1b72779e18c5571bee51811,1.12.5,SOSRI,paper_common,continuation,0.01,0.05,true,low,low,false,true,21260843,1.5e-6,0.0,60.0,1500.0,Success,Success,true,true,163.61298116695102,473.7786392630526,473.77863927438017,1.718962169835166e-11,2.920870837098935,1.718962169835166e-11,0,2,473.77863927438017,523.6889308413589,225270.33150593066,163.6129811691308,138180.9244737207,473.7786392436076,523.6889308366257,225270.33150531066,163.6129811799863,138180.92447268113
39,39,7f3bcef5a08e3ee69ec959154bc064e98543e76d,5fccb18775a1c53c589e1a644bcdca5c2966e2c9f1b72779e18c5571bee51811,1.12.5,SOSRI,paper_common,continuation,0.01,0.05,true,low,low,false,true,21260844,1.5e-6,0.0,60.0,1500.0,Success,Success,true,true,163.61298116695102,473.7786392630526,473.77863927438017,1.718962169835166e-11,2.920870837098935,1.718962169835166e-11,0,2,473.77863927438017,523.6889308413589,225270.33150593066,163.6129811691308,138180.9244737207,473.7786392436076,523.6889308366257,225270.33150531066,163.6129811799863,138180.92447268113
40,40,7f3bcef5a08e3ee69ec959154bc064e98543e76d,5fccb18775a1c53c589e1a644bcdca5c2966e2c9f1b72779e18c5571bee51811,1.12.5,SOSRI,paper_common,continuation,0.01,0.05,true,low,low,false,true,21260845,1.5e-6,0.0,60.0,1500.0,Success,Success,true,true,163.61298116695102,473.7786392630526,473.77863927438017,1.718962169835166e-11,2.920870837098935,1.718962169835166e-11,0,2,473.77863927438017,523.6889308413589,225270.33150593066,163.6129811691308,138180.9244737207,473.7786392436076,523.6889308366257,225270.33150531066,163.6129811799863,138180.92447268113
41,41,7f3bcef5a08e3ee69ec959154bc064e98543e76d,5fccb18775a1c53c589e1a644bcdca5c2966e2c9f1b72779e18c5571bee51811,1.12.5,SOSRI,paper_common,continuation,0.01,0.05,true,low,low,false,true,21260846,1.5e-6,0.0,60.0,1500.0,Success,Success,true,true,163.61298116695102,473.7786392630526,473.77863927438017,1.718962169835166e-11,2.920870837098935,1.718962169835166e-11,0,2,473.77863927438017,523.6889308413589,225270.33150593066,163.6129811691308,138180.9244737207,473.7786392436076,523.6889308366257,225270.33150531066,163.6129811799863,138180.92447268113
42,42,7f3bcef5a08e3ee69ec959154bc064e98543e76d,5fccb18775a1c53c589e1a644bcdca5c2966e2c9f1b72779e18c5571bee51811,1.12.5,SOSRI,paper_common,continuation,0.01,0.05,true,low,low,false,true,21260847,1.5e-6,0.0,60.0,1500.0,Success,Success,true,true,163.61298116695102,473.7786392630526,473.77863927438017,1.718962169835166e-11,2.920870837098935,1.718962169835166e-11,0,2,473.77863927438017,523.6889308413589,225270.33150593066,163.6129811691308,138180.9244737207,473.7786392436076,523.6889308366257,225270.33150531066,163.6129811799863,138180.92447268113
43,43,7f3bcef5a08e3ee69ec959154bc064e98543e76d,5fccb18775a1c53c589e1a644bcdca5c2966e2c9f1b72779e18c5571bee51811,1.12.5,SOSRI,paper_common,continuation,0.01,0.05,true,low,low,false,true,21260848,1.5e-6,0.0,60.0,1500.0,Success,Success,true,true,163.61298116695102,473.7786392630526,473.77863927438017,1.718962169835166e-11,2.920870837098935,1.718962169835166e-11,0,2,473.77863927438017,523.6889308413589,225270.33150593066,163.6129811691308,138180.9244737207,473.7786392436076,523.6889308366257,225270.33150531066,163.6129811799863,138180.92447268113
44,44,7f3bcef5a08e3ee69ec959154bc064e98543e76d,5fccb18775a1c53c589e1a644bcdca5c2966e2c9f1b72779e18c5571bee51811,1.12.5,SOSRI,paper_common,continuation,0.01,0.05,true,low,low,false,true,21260849,1.5e-6,0.0,60.0,1500.0,Success,Success,true,true,163.61298116695102,473.7786392630526,473.77863927438017,1.718962169835166e-11,2.920870837098935,1.718962169835166e-11,0,2,473.77863927438017,523.6889308413589,225270.33150593066,163.6129811691308,138180.9244737207,473.7786392436076,523.6889308366257,225270.33150531066,163.6129811799863,138180.92447268113
45,45,7f3bcef5a08e3ee69ec959154bc064e98543e76d,5fccb18775a1c53c589e1a644bcdca5c2966e2c9f1b72779e18c5571bee51811,1.12.5,SOSRI,paper_common,continuation,0.01,0.05,true,low,low,false,true,21260850,1.5e-6,0.0,60.0,1500.0,Success,Success,true,true,163.61298116695102,473.7786392630526,473.77863927438017,1.718962169835166e-11,2.920870837098935,1.718962169835166e-11,0,2,473.77863927438017,523.6889308413589,225270.33150593066,163.6129811691308,138180.9244737207,473.7786392436076,523.6889308366257,225270.33150531066,163.6129811799863,138180.92447268113
46,46,7f3bcef5a08e3ee69ec959154bc064e98543e76d,5fccb18775a1c53c589e1a644bcdca5c2966e2c9f1b72779e18c5571bee51811,1.12.5,SOSRI,paper_common,continuation,0.01,0.05,true,low,low,false,true,21260851,1.5e-6,0.0,60.0,1500.0,Success,Success,true,true,163.61298116695102,473.7786392630526,473.77863927438017,1.718962169835166e-11,2.920870837098935,1.718962169835166e-11,0,2,473.77863927438017,523.6889308413589,225270.33150593066,163.6129811691308,138180.9244737207,473.7786392436076,523.6889308366257,225270.33150531066,163.6129811799863,138180.92447268113
47,47,7f3bcef5a08e3ee69ec959154bc064e98543e76d,5fccb18775a1c53c589e1a644bcdca5c2966e2c9f1b72779e18c5571bee51811,1.12.5,SOSRI,paper_common,continuation,0.01,0.05,true,low,low,false,true,21260852,1.5e-6,0.0,60.0,1500.0,Success,Success,true,true,163.61298116695102,473.7786392630526,473.77863927438017,1.718962169835166e-11,2.920870837098935,1.718962169835166e-11,0,2,473.77863927438017,523.6889308413589,225270.33150593066,163.6129811691308,138180.9244737207,473.7786392436076,523.6889308366257,225270.33150531066,163.6129811799863,138180.92447268113
48,48,7f3bcef5a08e3ee69ec959154bc064e98543e76d,5fccb18775a1c53c589e1a644bcdca5c2966e2c9f1b72779e18c5571bee51811,1.12.5,SOSRI,paper_common,continuation,0.01,0.05,true,low,low,false,true,21260853,1.5e-6,0.0,60.0,1500.0,Success,Success,true,true,163.61298116695102,473.7786392630526,473.77863927438017,1.718962169835166e-11,2.920870837098935,1.718962169835166e-11,0,2,473.77863927438017,523.6889308413589,225270.33150593066,163.6129811691308,138180.9244737207,473.7786392436076,523.6889308366257,225270.33150531066,163.6129811799863,138180.92447268113
49,49,7f3bcef5a08e3ee69ec959154bc064e98543e76d,5fccb18775a1c53c589e1a644bcdca5c2966e2c9f1b72779e18c5571bee51811,1.12.5,SOSRI,paper_common,continuation,0.01,0.05,true,low,low,false,true,21260854,1.5e-6,0.0,60.0,1500.0,Success,Success,true,true,163.61298116695102,473.7786392630526,473.77863927438017,1.718962169835166e-11,2.920870837098935,1.718962169835166e-11,0,2,473.77863927438017,523.6889308413589,225270.33150593066,163.6129811691308,138180.9244737207,473.7786392436076,523.6889308366257,225270.33150531066,163.6129811799863,138180.92447268113
50,50,7f3bcef5a08e3ee69ec959154bc064e98543e76d,5fccb18775a1c53c589e1a644bcdca5c2966e2c9f1b72779e18c5571bee51811,1.12.5,SOSRI,paper_common,continuation,0.01,0.05,true,low,low,false,true,21260855,1.5e-6,0.0,60.0,1500.0,Success,Success,true,true,163.61298116695102,473.7786392630526,473.77863927438017,1.718962169835166e-11,2.920870837098935,1.718962169835166e-11,0,2,473.77863927438017,523.6889308413589,225270.33150593066,163.6129811691308,138180.9244737207,473.7786392436076,523.6889308366257,225270.33150531066,163.6129811799863,138180.92447268113
51,51,7f3bcef5a08e3ee69ec959154bc064e98543e76d,5fccb18775a1c53c589e1a644bcdca5c2966e2c9f1b72779e18c5571bee51811,1.12.5,SOSRI,paper_common,continuation,0.01,0.05,true,low,low,false,true,21260856,1.5e-6,0.0,60.0,1500.0,Success,Success,true,true,163.61298116695102,473.7786392630526,473.77863927438017,1.718962169835166e-11,2.920870837098935,1.718962169835166e-11,0,2,473.77863927438017,523.6889308413589,225270.33150593066,163.6129811691308,138180.9244737207,473.7786392436076,523.6889308366257,225270.33150531066,163.6129811799863,138180.92447268113
52,52,7f3bcef5a08e3ee69ec959154bc064e98543e76d,5fccb18775a1c53c589e1a644bcdca5c2966e2c9f1b72779e18c5571bee51811,1.12.5,SOSRI,paper_common,continuation,0.01,0.05,true,low,low,false,true,21260857,1.5e-6,0.0,60.0,1500.0,Success,Success,true,true,163.61298116695102,473.7786392630526,473.77863927438017,1.718962169835166e-11,2.920870837098935,1.718962169835166e-11,0,2,473.77863927438017,523.6889308413589,225270.33150593066,163.6129811691308,138180.9244737207,473.7786392436076,523.6889308366257,225270.33150531066,163.6129811799863,138180.92447268113
53,53,7f3bcef5a08e3ee69ec959154bc064e98543e76d,5fccb18775a1c53c589e1a644bcdca5c2966e2c9f1b72779e18c5571bee51811,1.12.5,SOSRI,paper_common,continuation,0.01,0.05,true,low,low,false,true,21260858,1.5e-6,0.0,60.0,1500.0,Success,Success,true,true,163.61298116695102,473.7786392630526,473.77863927438017,1.718962169835166e-11,2.920870837098935,1.718962169835166e-11,0,2,473.77863927438017,523.6889308413589,225270.33150593066,163.6129811691308,138180.9244737207,473.7786392436076,523.6889308366257,225270.33150531066,163.6129811799863,138180.92447268113
54,54,7f3bcef5a08e3ee69ec959154bc064e98543e76d,5fccb18775a1c53c589e1a644bcdca5c2966e2c9f1b72779e18c5571bee51811,1.12.5,SOSRI,paper_common,continuation,0.01,0.05,true,low,low,false,true,21260859,1.5e-6,0.0,60.0,1500.0,Success,Success,true,true,163.61298116695102,473.7786392630526,473.77863927438017,1.718962169835166e-11,2.920870837098935,1.718962169835166e-11,0,2,473.77863927438017,523.6889308413589,225270.33150593066,163.6129811691308,138180.9244737207,473.7786392436076,523.6889308366257,225270.33150531066,163.6129811799863,138180.92447268113
55,55,7f3bcef5a08e3ee69ec959154bc064e98543e76d,5fccb18775a1c53c589e1a644bcdca5c2966e2c9f1b72779e18c5571bee51811,1.12.5,SOSRI,paper_common,continuation,0.01,0.05,true,low,low,false,true,21260860,1.5e-6,0.0,60.0,1500.0,Success,Success,true,true,163.61298116695102,473.7786392630526,473.77863927438017,1.718962169835166e-11,2.920870837098935,1.718962169835166e-11,0,2,473.77863927438017,523.6889308413589,225270.33150593066,163.6129811691308,138180.9244737207,473.7786392436076,523.6889308366257,225270.33150531066,163.6129811799863,138180.92447268113
56,56,7f3bcef5a08e3ee69ec959154bc064e98543e76d,5fccb18775a1c53c589e1a644bcdca5c2966e2c9f1b72779e18c5571bee51811,1.12.5,SOSRI,paper_common,continuation,0.01,0.05,true,low,low,false,true,21260861,1.5e-6,0.0,60.0,1500.0,Success,Success,true,true,163.61298116695102,473.7786392630526,473.77863927438017,1.718962169835166e-11,2.920870837098935,1.718962169835166e-11,0,2,473.77863927438017,523.6889308413589,225270.33150593066,163.6129811691308,138180.9244737207,473.7786392436076,523.6889308366257,225270.33150531066,163.6129811799863,138180.92447268113
57,57,7f3bcef5a08e3ee69ec959154bc064e98543e76d,5fccb18775a1c53c589e1a644bcdca5c2966e2c9f1b72779e18c5571bee51811,1.12.5,SOSRI,paper_common,continuation,0.01,0.05,true,low,low,false,true,21260862,1.5e-6,0.0,60.0,1500.0,Success,Success,true,true,163.61298116695102,473.7786392630526,473.77863927438017,1.718962169835166e-11,2.920870837098935,1.718962169835166e-11,0,2,473.77863927438017,523.6889308413589,225270.33150593066,163.6129811691308,138180.9244737207,473.7786392436076,523.6889308366257,225270.33150531066,163.6129811799863,138180.92447268113
58,58,7f3bcef5a08e3ee69ec959154bc064e98543e76d,5fccb18775a1c53c589e1a644bcdca5c2966e2c9f1b72779e18c5571bee51811,1.12.5,SOSRI,paper_common,continuation,0.01,0.05,true,low,low,false,true,21260863,1.5e-6,0.0,60.0,1500.0,Success,Success,true,true,163.61298116695102,473.7786392630526,473.77863927438017,1.718962169835166e-11,2.920870837098935,1.718962169835166e-11,0,2,473.77863927438017,523.6889308413589,225270.33150593066,163.6129811691308,138180.9244737207,473.7786392436076,523.6889308366257,225270.33150531066,163.6129811799863,138180.92447268113
59,59,7f3bcef5a08e3ee69ec959154bc064e98543e76d,5fccb18775a1c53c589e1a644bcdca5c2966e2c9f1b72779e18c5571bee51811,1.12.5,SOSRI,paper_common,continuation,0.01,0.05,true,low,low,false,true,21260864,1.5e-6,0.0,60.0,1500.0,Success,Success,true,true,163.61298116695102,473.7786392630526,473.77863927438017,1.718962169835166e-11,2.920870837098935,1.718962169835166e-11,0,2,473.77863927438017,523.6889308413589,225270.33150593066,163.6129811691308,138180.9244737207,473.7786392436076,523.6889308366257,225270.33150531066,163.6129811799863,138180.92447268113
60,60,7f3bcef5a08e3ee69ec959154bc064e98543e76d,5fccb18775a1c53c589e1a644bcdca5c2966e2c9f1b72779e18c5571bee51811,1.12.5,SOSRI,paper_common,continuation,0.01,0.05,true,low,low,false,true,21260865,1.5e-6,0.0,60.0,1500.0,Success,Success,true,true,163.61298116695102,473.7786392630526,473.77863927438017,1.718962169835166e-11,2.920870837098935,1.718962169835166e-11,0,2,473.77863927438017,523.6889308413589,225270.33150593066,163.6129811691308,138180.9244737207,473.7786392436076,523.6889308366257,225270.33150531066,163.6129811799863,138180.92447268113
61,61,7f3bcef5a08e3ee69ec959154bc064e98543e76d,5fccb18775a1c53c589e1a644bcdca5c2966e2c9f1b72779e18c5571bee51811,1.12.5,SOSRI,paper_common,continuation,0.01,0.05,true,low,low,false,true,21260866,1.5e-6,0.0,60.0,1500.0,Success,Success,true,true,163.61298116695102,473.7786392630526,473.77863927438017,1.718962169835166e-11,2.920870837098935,1.718962169835166e-11,0,2,473.77863927438017,523.6889308413589,225270.33150593066,163.6129811691308,138180.9244737207,473.7786392436076,523.6889308366257,225270.33150531066,163.6129811799863,138180.92447268113
62,62,7f3bcef5a08e3ee69ec959154bc064e98543e76d,5fccb18775a1c53c589e1a644bcdca5c2966e2c9f1b72779e18c5571bee51811,1.12.5,SOSRI,paper_common,continuation,0.01,0.05,true,low,low,false,true,21260867,1.5e-6,0.0,60.0,1500.0,Success,Success,true,true,163.61298116695102,473.7786392630526,473.77863927438017,1.718962169835166e-11,2.920870837098935,1.718962169835166e-11,0,2,473.77863927438017,523.6889308413589,225270.33150593066,163.6129811691308,138180.9244737207,473.7786392436076,523.6889308366257,225270.33150531066,163.6129811799863,138180.92447268113
63,63,7f3bcef5a08e3ee69ec959154bc064e98543e76d,5fccb18775a1c53c589e1a644bcdca5c2966e2c9f1b72779e18c5571bee51811,1.12.5,SOSRI,paper_common,continuation,0.01,0.05,true,low,low,false,true,21260868,1.5e-6,0.0,60.0,1500.0,Success,Success,true,true,163.61298116695102,473.7786392630526,473.77863927438017,1.718962169835166e-11,2.920870837098935,1.718962169835166e-11,0,2,473.77863927438017,523.6889308413589,225270.33150593066,163.6129811691308,138180.9244737207,473.7786392436076,523.6889308366257,225270.33150531066,163.6129811799863,138180.92447268113
64,64,7f3bcef5a08e3ee69ec959154bc064e98543e76d,5fccb18775a1c53c589e1a644bcdca5c2966e2c9f1b72779e18c5571bee51811,1.12.5,SOSRI,paper_common,continuation,0.01,0.05,true,low,low,false,true,21260869,1.5e-6,0.0,60.0,1500.0,Success,Success,true,true,163.61298116695102,473.7786392630526,473.77863927438017,1.718962169835166e-11,2.920870837098935,1.718962169835166e-11,0,2,473.77863927438017,523.6889308413589,225270.33150593066,163.6129811691308,138180.9244737207,473.7786392436076,523.6889308366257,225270.33150531066,163.6129811799863,138180.92447268113
65,65,7f3bcef5a08e3ee69ec959154bc064e98543e76d,5fccb18775a1c53c589e1a644bcdca5c2966e2c9f1b72779e18c5571bee51811,1.12.5,SOSRI,paper_common,continuation,0.01,0.05,true,low,low,false,true,21260870,1.5e-6,0.0,60.0,1500.0,Success,Success,true,true,163.61298116695102,473.7786392630526,473.77863927438017,1.718962169835166e-11,2.920870837098935,1.718962169835166e-11,0,2,473.77863927438017,523.6889308413589,225270.33150593066,163.6129811691308,138180.9244737207,473.7786392436076,523.6889308366257,225270.33150531066,163.6129811799863,138180.92447268113
66,66,7f3bcef5a08e3ee69ec959154bc064e98543e76d,5fccb18775a1c53c589e1a644bcdca5c2966e2c9f1b72779e18c5571bee51811,1.12.5,SOSRI,paper_common,continuation,0.01,0.05,true,low,low,false,true,21260871,1.5e-6,0.0,60.0,1500.0,Success,Success,true,true,163.61298116695102,473.7786392630526,473.77863927438017,1.718962169835166e-11,2.920870837098935,1.718962169835166e-11,0,2,473.77863927438017,523.6889308413589,225270.33150593066,163.6129811691308,138180.9244737207,473.7786392436076,523.6889308366257,225270.33150531066,163.6129811799863,138180.92447268113
67,67,7f3bcef5a08e3ee69ec959154bc064e98543e76d,5fccb18775a1c53c589e1a644bcdca5c2966e2c9f1b72779e18c5571bee51811,1.12.5,SOSRI,paper_common,continuation,0.01,0.05,true,low,low,false,true,21260872,1.5e-6,0.0,60.0,1500.0,Success,Success,true,true,163.61298116695102,473.7786392630526,473.77863927438017,1.718962169835166e-11,2.920870837098935,1.718962169835166e-11,0,2,473.77863927438017,523.6889308413589,225270.33150593066,163.6129811691308,138180.9244737207,473.7786392436076,523.6889308366257,225270.33150531066,163.6129811799863,138180.92447268113
68,68,7f3bcef5a08e3ee69ec959154bc064e98543e76d,5fccb18775a1c53c589e1a644bcdca5c2966e2c9f1b72779e18c5571bee51811,1.12.5,SOSRI,paper_common,continuation,0.01,0.05,true,low,low,false,true,21260873,1.5e-6,0.0,60.0,1500.0,Success,Success,true,true,163.61298116695102,473.7786392630526,473.77863927438017,1.718962169835166e-11,2.920870837098935,1.718962169835166e-11,0,2,473.77863927438017,523.6889308413589,225270.33150593066,163.6129811691308,138180.9244737207,473.7786392436076,523.6889308366257,225270.33150531066,163.6129811799863,138180.92447268113
69,69,7f3bcef5a08e3ee69ec959154bc064e98543e76d,5fccb18775a1c53c589e1a644bcdca5c2966e2c9f1b72779e18c5571bee51811,1.12.5,SOSRI,paper_common,continuation,0.01,0.05,true,low,low,false,true,21260874,1.5e-6,0.0,60.0,1500.0,Success,Success,true,true,163.61298116695102,473.7786392630526,473.77863927438017,1.718962169835166e-11,2.920870837098935,1.718962169835166e-11,0,2,473.77863927438017,523.6889308413589,225270.33150593066,163.6129811691308,138180.9244737207,473.7786392436076,523.6889308366257,225270.33150531066,163.6129811799863,138180.92447268113
70,70,7f3bcef5a08e3ee69ec959154bc064e98543e76d,5fccb18775a1c53c589e1a644bcdca5c2966e2c9f1b72779e18c5571bee51811,1.12.5,SOSRI,paper_common,continuation,0.01,0.05,true,low,low,false,true,21260875,1.5e-6,0.0,60.0,1500.0,Success,Success,true,true,163.61298116695102,473.7786392630526,473.77863927438017,1.718962169835166e-11,2.920870837098935,1.718962169835166e-11,0,2,473.77863927438017,523.6889308413589,225270.33150593066,163.6129811691308,138180.9244737207,473.7786392436076,523.6889308366257,225270.33150531066,163.6129811799863,138180.92447268113
71,71,7f3bcef5a08e3ee69ec959154bc064e98543e76d,5fccb18775a1c53c589e1a644bcdca5c2966e2c9f1b72779e18c5571bee51811,1.12.5,SOSRI,paper_common,continuation,0.01,0.05,true,low,low,false,true,21260876,1.5e-6,0.0,60.0,1500.0,Success,Success,true,true,163.61298116695102,473.7786392630526,473.77863927438017,1.718962169835166e-11,2.920870837098935,1.718962169835166e-11,0,2,473.77863927438017,523.6889308413589,225270.33150593066,163.6129811691308,138180.9244737207,473.7786392436076,523.6889308366257,225270.33150531066,163.6129811799863,138180.92447268113
72,72,7f3bcef5a08e3ee69ec959154bc064e98543e76d,5fccb18775a1c53c589e1a644bcdca5c2966e2c9f1b72779e18c5571bee51811,1.12.5,SOSRI,paper_common,continuation,0.01,0.05,true,low,low,false,true,21260877,1.5e-6,0.0,60.0,1500.0,Success,Success,true,true,163.61298116695102,473.7786392630526,473.77863927438017,1.718962169835166e-11,2.920870837098935,1.718962169835166e-11,0,2,473.77863927438017,523.6889308413589,225270.33150593066,163.6129811691308,138180.9244737207,473.7786392436076,523.6889308366257,225270.33150531066,163.6129811799863,138180.92447268113
73,73,7f3bcef5a08e3ee69ec959154bc064e98543e76d,5fccb18775a1c53c589e1a644bcdca5c2966e2c9f1b72779e18c5571bee51811,1.12.5,SOSRI,paper_common,continuation,0.01,0.05,true,low,low,false,true,21260878,1.5e-6,0.0,60.0,1500.0,Success,Success,true,true,163.61298116695102,473.7786392630526,473.77863927438017,1.718962169835166e-11,2.920870837098935,1.718962169835166e-11,0,2,473.77863927438017,523.6889308413589,225270.33150593066,163.6129811691308,138180.9244737207,473.7786392436076,523.6889308366257,225270.33150531066,163.6129811799863,138180.92447268113
74,74,7f3bcef5a08e3ee69ec959154bc064e98543e76d,5fccb18775a1c53c589e1a644bcdca5c2966e2c9f1b72779e18c5571bee51811,1.12.5,SOSRI,paper_common,continuation,0.01,0.05,true,low,low,false,true,21260879,1.5e-6,0.0,60.0,1500.0,Success,Success,true,true,163.61298116695102,473.7786392630526,473.77863927438017,1.718962169835166e-11,2.920870837098935,1.718962169835166e-11,0,2,473.77863927438017,523.6889308413589,225270.33150593066,163.6129811691308,138180.9244737207,473.7786392436076,523.6889308366257,225270.33150531066,163.6129811799863,138180.92447268113
75,75,7f3bcef5a08e3ee69ec959154bc064e98543e76d,5fccb18775a1c53c589e1a644bcdca5c2966e2c9f1b72779e18c5571bee51811,1.12.5,SOSRI,paper_common,continuation,0.01,0.05,true,low,low,false,true,21260880,1.5e-6,0.0,60.0,1500.0,Success,Success,true,true,163.61298116695102,473.7786392630526,473.77863927438017,1.718962169835166e-11,2.920870837098935,1.718962169835166e-11,0,2,473.77863927438017,523.6889308413589,225270.33150593066,163.6129811691308,138180.9244737207,473.7786392436076,523.6889308366257,225270.33150531066,163.6129811799863,138180.92447268113
76,76,7f3bcef5a08e3ee69ec959154bc064e98543e76d,5fccb18775a1c53c589e1a644bcdca5c2966e2c9f1b72779e18c5571bee51811,1.12.5,SOSRI,paper_common,continuation,0.01,0.05,true,low,low,false,true,21260881,1.5e-6,0.0,60.0,1500.0,Success,Success,true,true,163.61298116695102,473.7786392630526,473.77863927438017,1.718962169835166e-11,2.920870837098935,1.718962169835166e-11,0,2,473.77863927438017,523.6889308413589,225270.33150593066,163.6129811691308,138180.9244737207,473.7786392436076,523.6889308366257,225270.33150531066,163.6129811799863,138180.92447268113
77,77,7f3bcef5a08e3ee69ec959154bc064e98543e76d,5fccb18775a1c53c589e1a644bcdca5c2966e2c9f1b72779e18c5571bee51811,1.12.5,SOSRI,paper_common,continuation,0.01,0.05,true,low,low,false,true,21260882,1.5e-6,0.0,60.0,1500.0,Success,Success,true,true,163.61298116695102,473.7786392630526,473.77863927438017,1.718962169835166e-11,2.920870837098935,1.718962169835166e-11,0,2,473.77863927438017,523.6889308413589,225270.33150593066,163.6129811691308,138180.9244737207,473.7786392436076,523.6889308366257,225270.33150531066,163.6129811799863,138180.92447268113
78,78,7f3bcef5a08e3ee69ec959154bc064e98543e76d,5fccb18775a1c53c589e1a644bcdca5c2966e2c9f1b72779e18c5571bee51811,1.12.5,SOSRI,paper_common,continuation,0.01,0.05,true,low,low,false,true,21260883,1.5e-6,0.0,60.0,1500.0,Success,Success,true,true,163.61298116695102,473.7786392630526,473.77863927438017,1.718962169835166e-11,2.920870837098935,1.718962169835166e-11,0,2,473.77863927438017,523.6889308413589,225270.33150593066,163.6129811691308,138180.9244737207,473.7786392436076,523.6889308366257,225270.33150531066,163.6129811799863,138180.92447268113
79,79,7f3bcef5a08e3ee69ec959154bc064e98543e76d,5fccb18775a1c53c589e1a644bcdca5c2966e2c9f1b72779e18c5571bee51811,1.12.5,SOSRI,paper_common,continuation,0.01,0.05,true,low,low,false,true,21260884,1.5e-6,0.0,60.0,1500.0,Success,Success,true,true,163.61298116695102,473.7786392630526,473.77863927438017,1.718962169835166e-11,2.920870837098935,1.718962169835166e-11,0,2,473.77863927438017,523.6889308413589,225270.33150593066,163.6129811691308,138180.9244737207,473.7786392436076,523.6889308366257,225270.33150531066,163.6129811799863,138180.92447268113
80,80,7f3bcef5a08e3ee69ec959154bc064e98543e76d,5fccb18775a1c53c589e1a644bcdca5c2966e2c9f1b72779e18c5571bee51811,1.12.5,SOSRI,paper_common,continuation,0.01,0.05,true,low,low,false,true,21260885,1.5e-6,0.0,60.0,1500.0,Success,Success,true,true,163.61298116695102,473.7786392630526,473.77863927438017,1.718962169835166e-11,2.920870837098935,1.718962169835166e-11,0,2,473.77863927438017,523.6889308413589,225270.33150593066,163.6129811691308,138180.9244737207,473.7786392436076,523.6889308366257,225270.33150531066,163.6129811799863,138180.92447268113
81,81,7f3bcef5a08e3ee69ec959154bc064e98543e76d,5fccb18775a1c53c589e1a644bcdca5c2966e2c9f1b72779e18c5571bee51811,1.12.5,SOSRI,paper_common,continuation,0.01,0.05,true,low,low,false,true,21260886,1.5e-6,0.0,60.0,1500.0,Success,Success,true,true,163.61298116695102,473.7786392630526,473.77863927438017,1.718962169835166e-11,2.920870837098935,1.718962169835166e-11,0,2,473.77863927438017,523.6889308413589,225270.33150593066,163.6129811691308,138180.9244737207,473.7786392436076,523.6889308366257,225270.33150531066,163.6129811799863,138180.92447268113
82,82,7f3bcef5a08e3ee69ec959154bc064e98543e76d,5fccb18775a1c53c589e1a644bcdca5c2966e2c9f1b72779e18c5571bee51811,1.12.5,SOSRI,paper_common,continuation,0.01,0.05,true,low,low,false,true,21260887,1.5e-6,0.0,60.0,1500.0,Success,Success,true,true,163.61298116695102,473.7786392630526,473.77863927438017,1.718962169835166e-11,2.920870837098935,1.718962169835166e-11,0,2,473.77863927438017,523.6889308413589,225270.33150593066,163.6129811691308,138180.9244737207,473.7786392436076,523.6889308366257,225270.33150531066,163.6129811799863,138180.92447268113
83,83,7f3bcef5a08e3ee69ec959154bc064e98543e76d,5fccb18775a1c53c589e1a644bcdca5c2966e2c9f1b72779e18c5571bee51811,1.12.5,SOSRI,paper_common,continuation,0.01,0.05,true,low,low,false,true,21260888,1.5e-6,0.0,60.0,1500.0,Success,Success,true,true,163.61298116695102,473.7786392630526,473.77863927438017,1.718962169835166e-11,2.920870837098935,1.718962169835166e-11,0,2,473.77863927438017,523.6889308413589,225270.33150593066,163.6129811691308,138180.9244737207,473.7786392436076,523.6889308366257,225270.33150531066,163.6129811799863,138180.92447268113
84,84,7f3bcef5a08e3ee69ec959154bc064e98543e76d,5fccb18775a1c53c589e1a644bcdca5c2966e2c9f1b72779e18c5571bee51811,1.12.5,SOSRI,paper_common,continuation,0.01,0.05,true,low,low,false,true,21260889,1.5e-6,0.0,60.0,1500.0,Success,Success,true,true,163.61298116695102,473.7786392630526,473.77863927438017,1.718962169835166e-11,2.920870837098935,1.718962169835166e-11,0,2,473.77863927438017,523.6889308413589,225270.33150593066,163.6129811691308,138180.9244737207,473.7786392436076,523.6889308366257,225270.33150531066,163.6129811799863,138180.92447268113
85,85,7f3bcef5a08e3ee69ec959154bc064e98543e76d,5fccb18775a1c53c589e1a644bcdca5c2966e2c9f1b72779e18c5571bee51811,1.12.5,SOSRI,paper_common,continuation,0.01,0.05,true,low,low,false,true,21260890,1.5e-6,0.0,60.0,1500.0,Success,Success,true,true,163.61298116695102,473.7786392630526,473.77863927438017,1.718962169835166e-11,2.920870837098935,1.718962169835166e-11,0,2,473.77863927438017,523.6889308413589,225270.33150593066,163.6129811691308,138180.9244737207,473.7786392436076,523.6889308366257,225270.33150531066,163.6129811799863,138180.92447268113
86,86,7f3bcef5a08e3ee69ec959154bc064e98543e76d,5fccb18775a1c53c589e1a644bcdca5c2966e2c9f1b72779e18c5571bee51811,1.12.5,SOSRI,paper_common,continuation,0.01,0.05,true,low,low,false,true,21260891,1.5e-6,0.0,60.0,1500.0,Success,Success,true,true,163.61298116695102,473.7786392630526,473.77863927438017,1.718962169835166e-11,2.920870837098935,1.718962169835166e-11,0,2,473.77863927438017,523.6889308413589,225270.33150593066,163.6129811691308,138180.9244737207,473.7786392436076,523.6889308366257,225270.33150531066,163.6129811799863,138180.92447268113
87,87,7f3bcef5a08e3ee69ec959154bc064e98543e76d,5fccb18775a1c53c589e1a644bcdca5c2966e2c9f1b72779e18c5571bee51811,1.12.5,SOSRI,paper_common,continuation,0.01,0.05,true,low,low,false,true,21260892,1.5e-6,0.0,60.0,1500.0,Success,Success,true,true,163.61298116695102,473.7786392630526,473.77863927438017,1.718962169835166e-11,2.920870837098935,1.718962169835166e-11,0,2,473.77863927438017,523.6889308413589,225270.33150593066,163.6129811691308,138180.9244737207,473.7786392436076,523.6889308366257,225270.33150531066,163.6129811799863,138180.92447268113
88,88,7f3bcef5a08e3ee69ec959154bc064e98543e76d,5fccb18775a1c53c589e1a644bcdca5c2966e2c9f1b72779e18c5571bee51811,1.12.5,SOSRI,paper_common,continuation,0.01,0.05,true,low,low,false,true,21260893,1.5e-6,0.0,60.0,1500.0,Success,Success,true,true,163.61298116695102,473.7786392630526,473.77863927438017,1.718962169835166e-11,2.920870837098935,1.718962169835166e-11,0,2,473.77863927438017,523.6889308413589,225270.33150593066,163.6129811691308,138180.9244737207,473.7786392436076,523.6889308366257,225270.33150531066,163.6129811799863,138180.92447268113
89,89,7f3bcef5a08e3ee69ec959154bc064e98543e76d,5fccb18775a1c53c589e1a644bcdca5c2966e2c9f1b72779e18c5571bee51811,1.12.5,SOSRI,paper_common,continuation,0.01,0.05,true,low,low,false,true,21260894,1.5e-6,0.0,60.0,1500.0,Success,Success,true,true,163.61298116695102,473.7786392630526,473.77863927438017,1.718962169835166e-11,2.920870837098935,1.718962169835166e-11,0,2,473.77863927438017,523.6889308413589,225270.33150593066,163.6129811691308,138180.9244737207,473.7786392436076,523.6889308366257,225270.33150531066,163.6129811799863,138180.92447268113
90,90,7f3bcef5a08e3ee69ec959154bc064e98543e76d,5fccb18775a1c53c589e1a644bcdca5c2966e2c9f1b72779e18c5571bee51811,1.12.5,SOSRI,paper_common,continuation,0.01,0.05,true,low,low,false,true,21260895,1.5e-6,0.0,60.0,1500.0,Success,Success,true,true,163.61298116695102,473.7786392630526,473.77863927438017,1.718962169835166e-11,2.920870837098935,1.718962169835166e-11,0,2,473.77863927438017,523.6889308413589,225270.33150593066,163.6129811691308,138180.9244737207,473.7786392436076,523.6889308366257,225270.33150531066,163.6129811799863,138180.92447268113
91,91,7f3bcef5a08e3ee69ec959154bc064e98543e76d,5fccb18775a1c53c589e1a644bcdca5c2966e2c9f1b72779e18c5571bee51811,1.12.5,SOSRI,paper_common,continuation,0.01,0.05,true,low,low,false,true,21260896,1.5e-6,0.0,60.0,1500.0,Success,Success,true,true,163.61298116695102,473.7786392630526,473.77863927438017,1.718962169835166e-11,2.920870837098935,1.718962169835166e-11,0,2,473.77863927438017,523.6889308413589,225270.33150593066,163.6129811691308,138180.9244737207,473.7786392436076,523.6889308366257,225270.33150531066,163.6129811799863,138180.92447268113
92,92,7f3bcef5a08e3ee69ec959154bc064e98543e76d,5fccb18775a1c53c589e1a644bcdca5c2966e2c9f1b72779e18c5571bee51811,1.12.5,SOSRI,paper_common,continuation,0.01,0.05,true,low,low,false,true,21260897,1.5e-6,0.0,60.0,1500.0,Success,Success,true,true,163.61298116695102,473.7786392630526,473.77863927438017,1.718962169835166e-11,2.920870837098935,1.718962169835166e-11,0,2,473.77863927438017,523.6889308413589,225270.33150593066,163.6129811691308,138180.9244737207,473.7786392436076,523.6889308366257,225270.33150531066,163.6129811799863,138180.92447268113
93,93,7f3bcef5a08e3ee69ec959154bc064e98543e76d,5fccb18775a1c53c589e1a644bcdca5c2966e2c9f1b72779e18c5571bee51811,1.12.5,SOSRI,paper_common,continuation,0.01,0.05,true,low,low,false,true,21260898,1.5e-6,0.0,60.0,1500.0,Success,Success,true,true,163.61298116695102,473.7786392630526,473.77863927438017,1.718962169835166e-11,2.920870837098935,1.718962169835166e-11,0,2,473.77863927438017,523.6889308413589,225270.33150593066,163.6129811691308,138180.9244737207,473.7786392436076,523.6889308366257,225270.33150531066,163.6129811799863,138180.92447268113
94,94,7f3bcef5a08e3ee69ec959154bc064e98543e76d,5fccb18775a1c53c589e1a644bcdca5c2966e2c9f1b72779e18c5571bee51811,1.12.5,SOSRI,paper_common,continuation,0.01,0.05,true,low,low,false,true,21260899,1.5e-6,0.0,60.0,1500.0,Success,Success,true,true,163.61298116695102,473.7786392630526,473.77863927438017,1.718962169835166e-11,2.920870837098935,1.718962169835166e-11,0,2,473.77863927438017,523.6889308413589,225270.33150593066,163.6129811691308,138180.9244737207,473.7786392436076,523.6889308366257,225270.33150531066,163.6129811799863,138180.92447268113
95,95,7f3bcef5a08e3ee69ec959154bc064e98543e76d,5fccb18775a1c53c589e1a644bcdca5c2966e2c9f1b72779e18c5571bee51811,1.12.5,SOSRI,paper_common,continuation,0.01,0.05,true,low,low,false,true,21260900,1.5e-6,0.0,60.0,1500.0,Success,Success,true,true,163.61298116695102,473.7786392630526,473.77863927438017,1.718962169835166e-11,2.920870837098935,1.718962169835166e-11,0,2,473.77863927438017,523.6889308413589,225270.33150593066,163.6129811691308,138180.9244737207,473.7786392436076,523.6889308366257,225270.33150531066,163.6129811799863,138180.92447268113
96,96,7f3bcef5a08e3ee69ec959154bc064e98543e76d,5fccb18775a1c53c589e1a644bcdca5c2966e2c9f1b72779e18c5571bee51811,1.12.5,SOSRI,paper_common,continuation,0.01,0.05,true,low,low,false,true,21260901,1.5e-6,0.0,60.0,1500.0,Success,Success,true,true,163.61298116695102,473.7786392630526,473.77863927438017,1.718962169835166e-11,2.920870837098935,1.718962169835166e-11,0,2,473.77863927438017,523.6889308413589,225270.33150593066,163.6129811691308,138180.9244737207,473.7786392436076,523.6889308366257,225270.33150531066,163.6129811799863,138180.92447268113
97,97,7f3bcef5a08e3ee69ec959154bc064e98543e76d,5fccb18775a1c53c589e1a644bcdca5c2966e2c9f1b72779e18c5571bee51811,1.12.5,SOSRI,paper_common,continuation,0.01,0.05,true,low,low,false,true,21260902,1.5e-6,0.0,60.0,1500.0,Success,Success,true,true,163.61298116695102,473.7786392630526,473.77863927438017,1.718962169835166e-11,2.920870837098935,1.718962169835166e-11,0,2,473.77863927438017,523.6889308413589,225270.33150593066,163.6129811691308,138180.9244737207,473.7786392436076,523.6889308366257,225270.33150531066,163.6129811799863,138180.92447268113
98,98,7f3bcef5a08e3ee69ec959154bc064e98543e76d,5fccb18775a1c53c589e1a644bcdca5c2966e2c9f1b72779e18c5571bee51811,1.12.5,SOSRI,paper_common,continuation,0.01,0.05,true,low,low,false,true,21260903,1.5e-6,0.0,60.0,1500.0,Success,Success,true,true,163.61298116695102,473.7786392630526,473.77863927438017,1.718962169835166e-11,2.920870837098935,1.718962169835166e-11,0,2,473.77863927438017,523.6889308413589,225270.33150593066,163.6129811691308,138180.9244737207,473.7786392436076,523.6889308366257,225270.33150531066,163.6129811799863,138180.92447268113
99,99,7f3bcef5a08e3ee69ec959154bc064e98543e76d,5fccb18775a1c53c589e1a644bcdca5c2966e2c9f1b72779e18c5571bee51811,1.12.5,SOSRI,paper_common,continuation,0.01,0.05,true,low,low,false,true,21260904,1.5e-6,0.0,60.0,1500.0,Success,Success,true,true,163.61298116695102,473.7786392630526,473.77863927438017,1.718962169835166e-11,2.920870837098935,1.718962169835166e-11,0,2,473.77863927438017,523.6889308413589,225270.33150593066,163.6129811691308,138180.9244737207,473.7786392436076,523.6889308366257,225270.33150531066,163.6129811799863,138180.92447268113
100,100,7f3bcef5a08e3ee69ec959154bc064e98543e76d,5fccb18775a1c53c589e1a644bcdca5c2966e2c9f1b72779e18c5571bee51811,1.12.5,SOSRI,paper_common,continuation,0.01,0.05,true,low,low,false,true,21260905,1.5e-6,0.0,60.0,1500.0,Success,Success,true,true,163.61298116695102,473.7786392630526,473.77863927438017,1.718962169835166e-11,2.920870837098935,1.718962169835166e-11,0,2,473.77863927438017,523.6889308413589,225270.33150593066,163.6129811691308,138180.9244737207,473.7786392436076,523.6889308366257,225270.33150531066,163.6129811799863,138180.92447268113
101,1,7f3bcef5a08e3ee69ec959154bc064e98543e76d,5fccb18775a1c53c589e1a644bcdca5c2966e2c9f1b72779e18c5571bee51811,1.12.5,SOSRI,paper_common,continuation,0.01,0.05,true,high,high,false,true,22260806,1.5e-6,0.0,60.0,1500.0,Success,Success,true,true,15.801874056001509,9.721460689611899e6,9.721460689611899e6,2.920870837091908,2.026365617186245e-11,2.026365617186245e-11,0,2,9.721460689611899e6,486100.9594168139,718.494342098077,15.80187405600151,205.63500454495625,9.721460689611873e6,486100.959416814,718.494342098077,15.801874057574498,205.63500453853155
102,2,7f3bcef5a08e3ee69ec959154bc064e98543e76d,5fccb18775a1c53c589e1a644bcdca5c2966e2c9f1b72779e18c5571bee51811,1.12.5,SOSRI,paper_common,continuation,0.01,0.05,true,high,high,false,true,22260807,1.5e-6,0.0,60.0,1500.0,Success,Success,true,true,15.801874056001509,9.721460689611899e6,9.721460689611899e6,2.920870837091908,2.026365617186245e-11,2.026365617186245e-11,0,2,9.721460689611899e6,486100.9594168139,718.494342098077,15.80187405600151,205.63500454495625,9.721460689611873e6,486100.959416814,718.494342098077,15.801874057574498,205.63500453853155
103,3,7f3bcef5a08e3ee69ec959154bc064e98543e76d,5fccb18775a1c53c589e1a644bcdca5c2966e2c9f1b72779e18c5571bee51811,1.12.5,SOSRI,paper_common,continuation,0.01,0.05,true,high,high,false,true,22260808,1.5e-6,0.0,60.0,1500.0,Success,Success,true,true,15.801874056001509,9.721460689611899e6,9.721460689611899e6,2.920870837091908,2.026365617186245e-11,2.026365617186245e-11,0,2,9.721460689611899e6,486100.9594168139,718.494342098077,15.80187405600151,205.63500454495625,9.721460689611873e6,486100.959416814,718.494342098077,15.801874057574498,205.63500453853155
104,4,7f3bcef5a08e3ee69ec959154bc064e98543e76d,5fccb18775a1c53c589e1a644bcdca5c2966e2c9f1b72779e18c5571bee51811,1.12.5,SOSRI,paper_common,continuation,0.01,0.05,true,high,high,false,true,22260809,1.5e-6,0.0,60.0,1500.0,Success,Success,true,true,15.801874056001509,9.721460689611899e6,9.721460689611899e6,2.920870837091908,2.026365617186245e-11,2.026365617186245e-11,0,2,9.721460689611899e6,486100.9594168139,718.494342098077,15.80187405600151,205.63500454495625,9.721460689611873e6,486100.959416814,718.494342098077,15.801874057574498,205.63500453853155
105,5,7f3bcef5a08e3ee69ec959154bc064e98543e76d,5fccb18775a1c53c589e1a644bcdca5c2966e2c9f1b72779e18c5571bee51811,1.12.5,SOSRI,paper_common,continuation,0.01,0.05,true,high,high,false,true,22260810,1.5e-6,0.0,60.0,1500.0,Success,Success,true,true,15.801874056001509,9.721460689611899e6,9.721460689611899e6,2.920870837091908,2.026365617186245e-11,2.026365617186245e-11,0,2,9.721460689611899e6,486100.9594168139,718.494342098077,15.80187405600151,205.63500454495625,9.721460689611873e6,486100.959416814,718.494342098077,15.801874057574498,205.63500453853155
106,6,7f3bcef5a08e3ee69ec959154bc064e98543e76d,5fccb18775a1c53c589e1a644bcdca5c2966e2c9f1b72779e18c5571bee51811,1.12.5,SOSRI,paper_common,continuation,0.01,0.05,true,high,high,false,true,22260811,1.5e-6,0.0,60.0,1500.0,Success,Success,true,true,15.801874056001509,9.721460689611899e6,9.721460689611899e6,2.920870837091908,2.026365617186245e-11,2.026365617186245e-11,0,2,9.721460689611899e6,486100.9594168139,718.494342098077,15.80187405600151,205.63500454495625,9.721460689611873e6,486100.959416814,718.494342098077,15.801874057574498,205.63500453853155
107,7,7f3bcef5a08e3ee69ec959154bc064e98543e76d,5fccb18775a1c53c589e1a644bcdca5c2966e2c9f1b72779e18c5571bee51811,1.12.5,SOSRI,paper_common,continuation,0.01,0.05,true,high,high,false,true,22260812,1.5e-6,0.0,60.0,1500.0,Success,Success,true,true,15.801874056001509,9.721460689611899e6,9.721460689611899e6,2.920870837091908,2.026365617186245e-11,2.026365617186245e-11,0,2,9.721460689611899e6,486100.9594168139,718.494342098077,15.80187405600151,205.63500454495625,9.721460689611873e6,486100.959416814,718.494342098077,15.801874057574498,205.63500453853155
108,8,7f3bcef5a08e3ee69ec959154bc064e98543e76d,5fccb18775a1c53c589e1a644bcdca5c2966e2c9f1b72779e18c5571bee51811,1.12.5,SOSRI,paper_common,continuation,0.01,0.05,true,high,high,false,true,22260813,1.5e-6,0.0,60.0,1500.0,Success,Success,true,true,15.801874056001509,9.721460689611899e6,9.721460689611899e6,2.920870837091908,2.026365617186245e-11,2.026365617186245e-11,0,2,9.721460689611899e6,486100.9594168139,718.494342098077,15.80187405600151,205.63500454495625,9.721460689611873e6,486100.959416814,718.494342098077,15.801874057574498,205.63500453853155
109,9,7f3bcef5a08e3ee69ec959154bc064e98543e76d,5fccb18775a1c53c589e1a644bcdca5c2966e2c9f1b72779e18c5571bee51811,1.12.5,SOSRI,paper_common,continuation,0.01,0.05,true,high,high,false,true,22260814,1.5e-6,0.0,60.0,1500.0,Success,Success,true,true,15.801874056001509,9.721460689611899e6,9.721460689611899e6,2.920870837091908,2.026365617186245e-11,2.026365617186245e-11,0,2,9.721460689611899e6,486100.9594168139,718.494342098077,15.80187405600151,205.63500454495625,9.721460689611873e6,486100.959416814,718.494342098077,15.801874057574498,205.63500453853155
110,10,7f3bcef5a08e3ee69ec959154bc064e98543e76d,5fccb18775a1c53c589e1a644bcdca5c2966e2c9f1b72779e18c5571bee51811,1.12.5,SOSRI,paper_common,continuation,0.01,0.05,true,high,high,false,true,22260815,1.5e-6,0.0,60.0,1500.0,Success,Success,true,true,15.801874056001509,9.721460689611899e6,9.721460689611899e6,2.920870837091908,2.026365617186245e-11,2.026365617186245e-11,0,2,9.721460689611899e6,486100.9594168139,718.494342098077,15.80187405600151,205.63500454495625,9.721460689611873e6,486100.959416814,718.494342098077,15.801874057574498,205.63500453853155
111,11,7f3bcef5a08e3ee69ec959154bc064e98543e76d,5fccb18775a1c53c589e1a644bcdca5c2966e2c9f1b72779e18c5571bee51811,1.12.5,SOSRI,paper_common,continuation,0.01,0.05,true,high,high,false,true,22260816,1.5e-6,0.0,60.0,1500.0,Success,Success,true,true,15.801874056001509,9.721460689611899e6,9.721460689611899e6,2.920870837091908,2.026365617186245e-11,2.026365617186245e-11,0,2,9.721460689611899e6,486100.9594168139,718.494342098077,15.80187405600151,205.63500454495625,9.721460689611873e6,486100.959416814,718.494342098077,15.801874057574498,205.63500453853155
112,12,7f3bcef5a08e3ee69ec959154bc064e98543e76d,5fccb18775a1c53c589e1a644bcdca5c2966e2c9f1b72779e18c5571bee51811,1.12.5,SOSRI,paper_common,continuation,0.01,0.05,true,high,high,false,true,22260817,1.5e-6,0.0,60.0,1500.0,Success,Success,true,true,15.801874056001509,9.721460689611899e6,9.721460689611899e6,2.920870837091908,2.026365617186245e-11,2.026365617186245e-11,0,2,9.721460689611899e6,486100.9594168139,718.494342098077,15.80187405600151,205.63500454495625,9.721460689611873e6,486100.959416814,718.494342098077,15.801874057574498,205.63500453853155
113,13,7f3bcef5a08e3ee69ec959154bc064e98543e76d,5fccb18775a1c53c589e1a644bcdca5c2966e2c9f1b72779e18c5571bee51811,1.12.5,SOSRI,paper_common,continuation,0.01,0.05,true,high,high,false,true,22260818,1.5e-6,0.0,60.0,1500.0,Success,Success,true,true,15.801874056001509,9.721460689611899e6,9.721460689611899e6,2.920870837091908,2.026365617186245e-11,2.026365617186245e-11,0,2,9.721460689611899e6,486100.9594168139,718.494342098077,15.80187405600151,205.63500454495625,9.721460689611873e6,486100.959416814,718.494342098077,15.801874057574498,205.63500453853155
114,14,7f3bcef5a08e3ee69ec959154bc064e98543e76d,5fccb18775a1c53c589e1a644bcdca5c2966e2c9f1b72779e18c5571bee51811,1.12.5,SOSRI,paper_common,continuation,0.01,0.05,true,high,high,false,true,22260819,1.5e-6,0.0,60.0,1500.0,Success,Success,true,true,15.801874056001509,9.721460689611899e6,9.721460689611899e6,2.920870837091908,2.026365617186245e-11,2.026365617186245e-11,0,2,9.721460689611899e6,486100.9594168139,718.494342098077,15.80187405600151,205.63500454495625,9.721460689611873e6,486100.959416814,718.494342098077,15.801874057574498,205.63500453853155
115,15,7f3bcef5a08e3ee69ec959154bc064e98543e76d,5fccb18775a1c53c589e1a644bcdca5c2966e2c9f1b72779e18c5571bee51811,1.12.5,SOSRI,paper_common,continuation,0.01,0.05,true,high,high,false,true,22260820,1.5e-6,0.0,60.0,1500.0,Success,Success,true,true,15.801874056001509,9.721460689611899e6,9.721460689611899e6,2.920870837091908,2.026365617186245e-11,2.026365617186245e-11,0,2,9.721460689611899e6,486100.9594168139,718.494342098077,15.80187405600151,205.63500454495625,9.721460689611873e6,486100.959416814,718.494342098077,15.801874057574498,205.63500453853155
116,16,7f3bcef5a08e3ee69ec959154bc064e98543e76d,5fccb18775a1c53c589e1a644bcdca5c2966e2c9f1b72779e18c5571bee51811,1.12.5,SOSRI,paper_common,continuation,0.01,0.05,true,high,high,false,true,22260821,1.5e-6,0.0,60.0,1500.0,Success,Success,true,true,15.801874056001509,9.721460689611899e6,9.721460689611899e6,2.920870837091908,2.026365617186245e-11,2.026365617186245e-11,0,2,9.721460689611899e6,486100.9594168139,718.494342098077,15.80187405600151,205.63500454495625,9.721460689611873e6,486100.959416814,718.494342098077,15.801874057574498,205.63500453853155
117,17,7f3bcef5a08e3ee69ec959154bc064e98543e76d,5fccb18775a1c53c589e1a644bcdca5c2966e2c9f1b72779e18c5571bee51811,1.12.5,SOSRI,paper_common,continuation,0.01,0.05,true,high,high,false,true,22260822,1.5e-6,0.0,60.0,1500.0,Success,Success,true,true,15.801874056001509,9.721460689611899e6,9.721460689611899e6,2.920870837091908,2.026365617186245e-11,2.026365617186245e-11,0,2,9.721460689611899e6,486100.9594168139,718.494342098077,15.80187405600151,205.63500454495625,9.721460689611873e6,486100.959416814,718.494342098077,15.801874057574498,205.63500453853155
118,18,7f3bcef5a08e3ee69ec959154bc064e98543e76d,5fccb18775a1c53c589e1a644bcdca5c2966e2c9f1b72779e18c5571bee51811,1.12.5,SOSRI,paper_common,continuation,0.01,0.05,true,high,high,false,true,22260823,1.5e-6,0.0,60.0,1500.0,Success,Success,true,true,15.801874056001509,9.721460689611899e6,9.721460689611899e6,2.920870837091908,2.026365617186245e-11,2.026365617186245e-11,0,2,9.721460689611899e6,486100.9594168139,718.494342098077,15.80187405600151,205.63500454495625,9.721460689611873e6,486100.959416814,718.494342098077,15.801874057574498,205.63500453853155
119,19,7f3bcef5a08e3ee69ec959154bc064e98543e76d,5fccb18775a1c53c589e1a644bcdca5c2966e2c9f1b72779e18c5571bee51811,1.12.5,SOSRI,paper_common,continuation,0.01,0.05,true,high,high,false,true,22260824,1.5e-6,0.0,60.0,1500.0,Success,Success,true,true,15.801874056001509,9.721460689611899e6,9.721460689611899e6,2.920870837091908,2.026365617186245e-11,2.026365617186245e-11,0,2,9.721460689611899e6,486100.9594168139,718.494342098077,15.80187405600151,205.63500454495625,9.721460689611873e6,486100.959416814,718.494342098077,15.801874057574498,205.63500453853155
120,20,7f3bcef5a08e3ee69ec959154bc064e98543e76d,5fccb18775a1c53c589e1a644bcdca5c2966e2c9f1b72779e18c5571bee51811,1.12.5,SOSRI,paper_common,continuation,0.01,0.05,true,high,high,false,true,22260825,1.5e-6,0.0,60.0,1500.0,Success,Success,true,true,15.801874056001509,9.721460689611899e6,9.721460689611899e6,2.920870837091908,2.026365617186245e-11,2.026365617186245e-11,0,2,9.721460689611899e6,486100.9594168139,718.494342098077,15.80187405600151,205.63500454495625,9.721460689611873e6,486100.959416814,718.494342098077,15.801874057574498,205.63500453853155
121,21,7f3bcef5a08e3ee69ec959154bc064e98543e76d,5fccb18775a1c53c589e1a644bcdca5c2966e2c9f1b72779e18c5571bee51811,1.12.5,SOSRI,paper_common,continuation,0.01,0.05,true,high,high,false,true,22260826,1.5e-6,0.0,60.0,1500.0,Success,Success,true,true,15.801874056001509,9.721460689611899e6,9.721460689611899e6,2.920870837091908,2.026365617186245e-11,2.026365617186245e-11,0,2,9.721460689611899e6,486100.9594168139,718.494342098077,15.80187405600151,205.63500454495625,9.721460689611873e6,486100.959416814,718.494342098077,15.801874057574498,205.63500453853155
122,22,7f3bcef5a08e3ee69ec959154bc064e98543e76d,5fccb18775a1c53c589e1a644bcdca5c2966e2c9f1b72779e18c5571bee51811,1.12.5,SOSRI,paper_common,continuation,0.01,0.05,true,high,high,false,true,22260827,1.5e-6,0.0,60.0,1500.0,Success,Success,true,true,15.801874056001509,9.721460689611899e6,9.721460689611899e6,2.920870837091908,2.026365617186245e-11,2.026365617186245e-11,0,2,9.721460689611899e6,486100.9594168139,718.494342098077,15.80187405600151,205.63500454495625,9.721460689611873e6,486100.959416814,718.494342098077,15.801874057574498,205.63500453853155
123,23,7f3bcef5a08e3ee69ec959154bc064e98543e76d,5fccb18775a1c53c589e1a644bcdca5c2966e2c9f1b72779e18c5571bee51811,1.12.5,SOSRI,paper_common,continuation,0.01,0.05,true,high,high,false,true,22260828,1.5e-6,0.0,60.0,1500.0,Success,Success,true,true,15.801874056001509,9.721460689611899e6,9.721460689611899e6,2.920870837091908,2.026365617186245e-11,2.026365617186245e-11,0,2,9.721460689611899e6,486100.9594168139,718.494342098077,15.80187405600151,205.63500454495625,9.721460689611873e6,486100.959416814,718.494342098077,15.801874057574498,205.63500453853155
124,24,7f3bcef5a08e3ee69ec959154bc064e98543e76d,5fccb18775a1c53c589e1a644bcdca5c2966e2c9f1b72779e18c5571bee51811,1.12.5,SOSRI,paper_common,continuation,0.01,0.05,true,high,high,false,true,22260829,1.5e-6,0.0,60.0,1500.0,Success,Success,true,true,15.801874056001509,9.721460689611899e6,9.721460689611899e6,2.920870837091908,2.026365617186245e-11,2.026365617186245e-11,0,2,9.721460689611899e6,486100.9594168139,718.494342098077,15.80187405600151,205.63500454495625,9.721460689611873e6,486100.959416814,718.494342098077,15.801874057574498,205.63500453853155
125,25,7f3bcef5a08e3ee69ec959154bc064e98543e76d,5fccb18775a1c53c589e1a644bcdca5c2966e2c9f1b72779e18c5571bee51811,1.12.5,SOSRI,paper_common,continuation,0.01,0.05,true,high,high,false,true,22260830,1.5e-6,0.0,60.0,1500.0,Success,Success,true,true,15.801874056001509,9.721460689611899e6,9.721460689611899e6,2.920870837091908,2.026365617186245e-11,2.026365617186245e-11,0,2,9.721460689611899e6,486100.9594168139,718.494342098077,15.80187405600151,205.63500454495625,9.721460689611873e6,486100.959416814,718.494342098077,15.801874057574498,205.63500453853155
126,26,7f3bcef5a08e3ee69ec959154bc064e98543e76d,5fccb18775a1c53c589e1a644bcdca5c2966e2c9f1b72779e18c5571bee51811,1.12.5,SOSRI,paper_common,continuation,0.01,0.05,true,high,high,false,true,22260831,1.5e-6,0.0,60.0,1500.0,Success,Success,true,true,15.801874056001509,9.721460689611899e6,9.721460689611899e6,2.920870837091908,2.026365617186245e-11,2.026365617186245e-11,0,2,9.721460689611899e6,486100.9594168139,718.494342098077,15.80187405600151,205.63500454495625,9.721460689611873e6,486100.959416814,718.494342098077,15.801874057574498,205.63500453853155
127,27,7f3bcef5a08e3ee69ec959154bc064e98543e76d,5fccb18775a1c53c589e1a644bcdca5c2966e2c9f1b72779e18c5571bee51811,1.12.5,SOSRI,paper_common,continuation,0.01,0.05,true,high,high,false,true,22260832,1.5e-6,0.0,60.0,1500.0,Success,Success,true,true,15.801874056001509,9.721460689611899e6,9.721460689611899e6,2.920870837091908,2.026365617186245e-11,2.026365617186245e-11,0,2,9.721460689611899e6,486100.9594168139,718.494342098077,15.80187405600151,205.63500454495625,9.721460689611873e6,486100.959416814,718.494342098077,15.801874057574498,205.63500453853155
128,28,7f3bcef5a08e3ee69ec959154bc064e98543e76d,5fccb18775a1c53c589e1a644bcdca5c2966e2c9f1b72779e18c5571bee51811,1.12.5,SOSRI,paper_common,continuation,0.01,0.05,true,high,high,false,true,22260833,1.5e-6,0.0,60.0,1500.0,Success,Success,true,true,15.801874056001509,9.721460689611899e6,9.721460689611899e6,2.920870837091908,2.026365617186245e-11,2.026365617186245e-11,0,2,9.721460689611899e6,486100.9594168139,718.494342098077,15.80187405600151,205.63500454495625,9.721460689611873e6,486100.959416814,718.494342098077,15.801874057574498,205.63500453853155
129,29,7f3bcef5a08e3ee69ec959154bc064e98543e76d,5fccb18775a1c53c589e1a644bcdca5c2966e2c9f1b72779e18c5571bee51811,1.12.5,SOSRI,paper_common,continuation,0.01,0.05,true,high,high,false,true,22260834,1.5e-6,0.0,60.0,1500.0,Success,Success,true,true,15.801874056001509,9.721460689611899e6,9.721460689611899e6,2.920870837091908,2.026365617186245e-11,2.026365617186245e-11,0,2,9.721460689611899e6,486100.9594168139,718.494342098077,15.80187405600151,205.63500454495625,9.721460689611873e6,486100.959416814,718.494342098077,15.801874057574498,205.63500453853155
130,30,7f3bcef5a08e3ee69ec959154bc064e98543e76d,5fccb18775a1c53c589e1a644bcdca5c2966e2c9f1b72779e18c5571bee51811,1.12.5,SOSRI,paper_common,continuation,0.01,0.05,true,high,high,false,true,22260835,1.5e-6,0.0,60.0,1500.0,Success,Success,true,true,15.801874056001509,9.721460689611899e6,9.721460689611899e6,2.920870837091908,2.026365617186245e-11,2.026365617186245e-11,0,2,9.721460689611899e6,486100.9594168139,718.494342098077,15.80187405600151,205.63500454495625,9.721460689611873e6,486100.959416814,718.494342098077,15.801874057574498,205.63500453853155
131,31,7f3bcef5a08e3ee69ec959154bc064e98543e76d,5fccb18775a1c53c589e1a644bcdca5c2966e2c9f1b72779e18c5571bee51811,1.12.5,SOSRI,paper_common,continuation,0.01,0.05,true,high,high,false,true,22260836,1.5e-6,0.0,60.0,1500.0,Success,Success,true,true,15.801874056001509,9.721460689611899e6,9.721460689611899e6,2.920870837091908,2.026365617186245e-11,2.026365617186245e-11,0,2,9.721460689611899e6,486100.9594168139,718.494342098077,15.80187405600151,205.63500454495625,9.721460689611873e6,486100.959416814,718.494342098077,15.801874057574498,205.63500453853155
132,32,7f3bcef5a08e3ee69ec959154bc064e98543e76d,5fccb18775a1c53c589e1a644bcdca5c2966e2c9f1b72779e18c5571bee51811,1.12.5,SOSRI,paper_common,continuation,0.01,0.05,true,high,high,false,true,22260837,1.5e-6,0.0,60.0,1500.0,Success,Success,true,true,15.801874056001509,9.721460689611899e6,9.721460689611899e6,2.920870837091908,2.026365617186245e-11,2.026365617186245e-11,0,2,9.721460689611899e6,486100.9594168139,718.494342098077,15.80187405600151,205.63500454495625,9.721460689611873e6,486100.959416814,718.494342098077,15.801874057574498,205.63500453853155
133,33,7f3bcef5a08e3ee69ec959154bc064e98543e76d,5fccb18775a1c53c589e1a644bcdca5c2966e2c9f1b72779e18c5571bee51811,1.12.5,SOSRI,paper_common,continuation,0.01,0.05,true,high,high,false,true,22260838,1.5e-6,0.0,60.0,1500.0,Success,Success,true,true,15.801874056001509,9.721460689611899e6,9.721460689611899e6,2.920870837091908,2.026365617186245e-11,2.026365617186245e-11,0,2,9.721460689611899e6,486100.9594168139,718.494342098077,15.80187405600151,205.63500454495625,9.721460689611873e6,486100.959416814,718.494342098077,15.801874057574498,205.63500453853155
134,34,7f3bcef5a08e3ee69ec959154bc064e98543e76d,5fccb18775a1c53c589e1a644bcdca5c2966e2c9f1b72779e18c5571bee51811,1.12.5,SOSRI,paper_common,continuation,0.01,0.05,true,high,high,false,true,22260839,1.5e-6,0.0,60.0,1500.0,Success,Success,true,true,15.801874056001509,9.721460689611899e6,9.721460689611899e6,2.920870837091908,2.026365617186245e-11,2.026365617186245e-11,0,2,9.721460689611899e6,486100.9594168139,718.494342098077,15.80187405600151,205.63500454495625,9.721460689611873e6,486100.959416814,718.494342098077,15.801874057574498,205.63500453853155
135,35,7f3bcef5a08e3ee69ec959154bc064e98543e76d,5fccb18775a1c53c589e1a644bcdca5c2966e2c9f1b72779e18c5571bee51811,1.12.5,SOSRI,paper_common,continuation,0.01,0.05,true,high,high,false,true,22260840,1.5e-6,0.0,60.0,1500.0,Success,Success,true,true,15.801874056001509,9.721460689611899e6,9.721460689611899e6,2.920870837091908,2.026365617186245e-11,2.026365617186245e-11,0,2,9.721460689611899e6,486100.9594168139,718.494342098077,15.80187405600151,205.63500454495625,9.721460689611873e6,486100.959416814,718.494342098077,15.801874057574498,205.63500453853155
136,36,7f3bcef5a08e3ee69ec959154bc064e98543e76d,5fccb18775a1c53c589e1a644bcdca5c2966e2c9f1b72779e18c5571bee51811,1.12.5,SOSRI,paper_common,continuation,0.01,0.05,true,high,high,false,true,22260841,1.5e-6,0.0,60.0,1500.0,Success,Success,true,true,15.801874056001509,9.721460689611899e6,9.721460689611899e6,2.920870837091908,2.026365617186245e-11,2.026365617186245e-11,0,2,9.721460689611899e6,486100.9594168139,718.494342098077,15.80187405600151,205.63500454495625,9.721460689611873e6,486100.959416814,718.494342098077,15.801874057574498,205.63500453853155
137,37,7f3bcef5a08e3ee69ec959154bc064e98543e76d,5fccb18775a1c53c589e1a644bcdca5c2966e2c9f1b72779e18c5571bee51811,1.12.5,SOSRI,paper_common,continuation,0.01,0.05,true,high,high,false,true,22260842,1.5e-6,0.0,60.0,1500.0,Success,Success,true,true,15.801874056001509,9.721460689611899e6,9.721460689611899e6,2.920870837091908,2.026365617186245e-11,2.026365617186245e-11,0,2,9.721460689611899e6,486100.9594168139,718.494342098077,15.80187405600151,205.63500454495625,9.721460689611873e6,486100.959416814,718.494342098077,15.801874057574498,205.63500453853155
138,38,7f3bcef5a08e3ee69ec959154bc064e98543e76d,5fccb18775a1c53c589e1a644bcdca5c2966e2c9f1b72779e18c5571bee51811,1.12.5,SOSRI,paper_common,continuation,0.01,0.05,true,high,high,false,true,22260843,1.5e-6,0.0,60.0,1500.0,Success,Success,true,true,15.801874056001509,9.721460689611899e6,9.721460689611899e6,2.920870837091908,2.026365617186245e-11,2.026365617186245e-11,0,2,9.721460689611899e6,486100.9594168139,718.494342098077,15.80187405600151,205.63500454495625,9.721460689611873e6,486100.959416814,718.494342098077,15.801874057574498,205.63500453853155
139,39,7f3bcef5a08e3ee69ec959154bc064e98543e76d,5fccb18775a1c53c589e1a644bcdca5c2966e2c9f1b72779e18c5571bee51811,1.12.5,SOSRI,paper_common,continuation,0.01,0.05,true,high,high,false,true,22260844,1.5e-6,0.0,60.0,1500.0,Success,Success,true,true,15.801874056001509,9.721460689611899e6,9.721460689611899e6,2.920870837091908,2.026365617186245e-11,2.026365617186245e-11,0,2,9.721460689611899e6,486100.9594168139,718.494342098077,15.80187405600151,205.63500454495625,9.721460689611873e6,486100.959416814,718.494342098077,15.801874057574498,205.63500453853155
140,40,7f3bcef5a08e3ee69ec959154bc064e98543e76d,5fccb18775a1c53c589e1a644bcdca5c2966e2c9f1b72779e18c5571bee51811,1.12.5,SOSRI,paper_common,continuation,0.01,0.05,true,high,high,false,true,22260845,1.5e-6,0.0,60.0,1500.0,Success,Success,true,true,15.801874056001509,9.721460689611899e6,9.721460689611899e6,2.920870837091908,2.026365617186245e-11,2.026365617186245e-11,0,2,9.721460689611899e6,486100.9594168139,718.494342098077,15.80187405600151,205.63500454495625,9.721460689611873e6,486100.959416814,718.494342098077,15.801874057574498,205.63500453853155
141,41,7f3bcef5a08e3ee69ec959154bc064e98543e76d,5fccb18775a1c53c589e1a644bcdca5c2966e2c9f1b72779e18c5571bee51811,1.12.5,SOSRI,paper_common,continuation,0.01,0.05,true,high,high,false,true,22260846,1.5e-6,0.0,60.0,1500.0,Success,Success,true,true,15.801874056001509,9.721460689611899e6,9.721460689611899e6,2.920870837091908,2.026365617186245e-11,2.026365617186245e-11,0,2,9.721460689611899e6,486100.9594168139,718.494342098077,15.80187405600151,205.63500454495625,9.721460689611873e6,486100.959416814,718.494342098077,15.801874057574498,205.63500453853155
142,42,7f3bcef5a08e3ee69ec959154bc064e98543e76d,5fccb18775a1c53c589e1a644bcdca5c2966e2c9f1b72779e18c5571bee51811,1.12.5,SOSRI,paper_common,continuation,0.01,0.05,true,high,high,false,true,22260847,1.5e-6,0.0,60.0,1500.0,Success,Success,true,true,15.801874056001509,9.721460689611899e6,9.721460689611899e6,2.920870837091908,2.026365617186245e-11,2.026365617186245e-11,0,2,9.721460689611899e6,486100.9594168139,718.494342098077,15.80187405600151,205.63500454495625,9.721460689611873e6,486100.959416814,718.494342098077,15.801874057574498,205.63500453853155
143,43,7f3bcef5a08e3ee69ec959154bc064e98543e76d,5fccb18775a1c53c589e1a644bcdca5c2966e2c9f1b72779e18c5571bee51811,1.12.5,SOSRI,paper_common,continuation,0.01,0.05,true,high,high,false,true,22260848,1.5e-6,0.0,60.0,1500.0,Success,Success,true,true,15.801874056001509,9.721460689611899e6,9.721460689611899e6,2.920870837091908,2.026365617186245e-11,2.026365617186245e-11,0,2,9.721460689611899e6,486100.9594168139,718.494342098077,15.80187405600151,205.63500454495625,9.721460689611873e6,486100.959416814,718.494342098077,15.801874057574498,205.63500453853155
144,44,7f3bcef5a08e3ee69ec959154bc064e98543e76d,5fccb18775a1c53c589e1a644bcdca5c2966e2c9f1b72779e18c5571bee51811,1.12.5,SOSRI,paper_common,continuation,0.01,0.05,true,high,high,false,true,22260849,1.5e-6,0.0,60.0,1500.0,Success,Success,true,true,15.801874056001509,9.721460689611899e6,9.721460689611899e6,2.920870837091908,2.026365617186245e-11,2.026365617186245e-11,0,2,9.721460689611899e6,486100.9594168139,718.494342098077,15.80187405600151,205.63500454495625,9.721460689611873e6,486100.959416814,718.494342098077,15.801874057574498,205.63500453853155
145,45,7f3bcef5a08e3ee69ec959154bc064e98543e76d,5fccb18775a1c53c589e1a644bcdca5c2966e2c9f1b72779e18c5571bee51811,1.12.5,SOSRI,paper_common,continuation,0.01,0.05,true,high,high,false,true,22260850,1.5e-6,0.0,60.0,1500.0,Success,Success,true,true,15.801874056001509,9.721460689611899e6,9.721460689611899e6,2.920870837091908,2.026365617186245e-11,2.026365617186245e-11,0,2,9.721460689611899e6,486100.9594168139,718.494342098077,15.80187405600151,205.63500454495625,9.721460689611873e6,486100.959416814,718.494342098077,15.801874057574498,205.63500453853155
146,46,7f3bcef5a08e3ee69ec959154bc064e98543e76d,5fccb18775a1c53c589e1a644bcdca5c2966e2c9f1b72779e18c5571bee51811,1.12.5,SOSRI,paper_common,continuation,0.01,0.05,true,high,high,false,true,22260851,1.5e-6,0.0,60.0,1500.0,Success,Success,true,true,15.801874056001509,9.721460689611899e6,9.721460689611899e6,2.920870837091908,2.026365617186245e-11,2.026365617186245e-11,0,2,9.721460689611899e6,486100.9594168139,718.494342098077,15.80187405600151,205.63500454495625,9.721460689611873e6,486100.959416814,718.494342098077,15.801874057574498,205.63500453853155
147,47,7f3bcef5a08e3ee69ec959154bc064e98543e76d,5fccb18775a1c53c589e1a644bcdca5c2966e2c9f1b72779e18c5571bee51811,1.12.5,SOSRI,paper_common,continuation,0.01,0.05,true,high,high,false,true,22260852,1.5e-6,0.0,60.0,1500.0,Success,Success,true,true,15.801874056001509,9.721460689611899e6,9.721460689611899e6,2.920870837091908,2.026365617186245e-11,2.026365617186245e-11,0,2,9.721460689611899e6,486100.9594168139,718.494342098077,15.80187405600151,205.63500454495625,9.721460689611873e6,486100.959416814,718.494342098077,15.801874057574498,205.63500453853155
148,48,7f3bcef5a08e3ee69ec959154bc064e98543e76d,5fccb18775a1c53c589e1a644bcdca5c2966e2c9f1b72779e18c5571bee51811,1.12.5,SOSRI,paper_common,continuation,0.01,0.05,true,high,high,false,true,22260853,1.5e-6,0.0,60.0,1500.0,Success,Success,true,true,15.801874056001509,9.721460689611899e6,9.721460689611899e6,2.920870837091908,2.026365617186245e-11,2.026365617186245e-11,0,2,9.721460689611899e6,486100.9594168139,718.494342098077,15.80187405600151,205.63500454495625,9.721460689611873e6,486100.959416814,718.494342098077,15.801874057574498,205.63500453853155
149,49,7f3bcef5a08e3ee69ec959154bc064e98543e76d,5fccb18775a1c53c589e1a644bcdca5c2966e2c9f1b72779e18c5571bee51811,1.12.5,SOSRI,paper_common,continuation,0.01,0.05,true,high,high,false,true,22260854,1.5e-6,0.0,60.0,1500.0,Success,Success,true,true,15.801874056001509,9.721460689611899e6,9.721460689611899e6,2.920870837091908,2.026365617186245e-11,2.026365617186245e-11,0,2,9.721460689611899e6,486100.9594168139,718.494342098077,15.80187405600151,205.63500454495625,9.721460689611873e6,486100.959416814,718.494342098077,15.801874057574498,205.63500453853155
150,50,7f3bcef5a08e3ee69ec959154bc064e98543e76d,5fccb18775a1c53c589e1a644bcdca5c2966e2c9f1b72779e18c5571bee51811,1.12.5,SOSRI,paper_common,continuation,0.01,0.05,true,high,high,false,true,22260855,1.5e-6,0.0,60.0,1500.0,Success,Success,true,true,15.801874056001509,9.721460689611899e6,9.721460689611899e6,2.920870837091908,2.026365617186245e-11,2.026365617186245e-11,0,2,9.721460689611899e6,486100.9594168139,718.494342098077,15.80187405600151,205.63500454495625,9.721460689611873e6,486100.959416814,718.494342098077,15.801874057574498,205.63500453853155
151,51,7f3bcef5a08e3ee69ec959154bc064e98543e76d,5fccb18775a1c53c589e1a644bcdca5c2966e2c9f1b72779e18c5571bee51811,1.12.5,SOSRI,paper_common,continuation,0.01,0.05,true,high,high,false,true,22260856,1.5e-6,0.0,60.0,1500.0,Success,Success,true,true,15.801874056001509,9.721460689611899e6,9.721460689611899e6,2.920870837091908,2.026365617186245e-11,2.026365617186245e-11,0,2,9.721460689611899e6,486100.9594168139,718.494342098077,15.80187405600151,205.63500454495625,9.721460689611873e6,486100.959416814,718.494342098077,15.801874057574498,205.63500453853155
152,52,7f3bcef5a08e3ee69ec959154bc064e98543e76d,5fccb18775a1c53c589e1a644bcdca5c2966e2c9f1b72779e18c5571bee51811,1.12.5,SOSRI,paper_common,continuation,0.01,0.05,true,high,high,false,true,22260857,1.5e-6,0.0,60.0,1500.0,Success,Success,true,true,15.801874056001509,9.721460689611899e6,9.721460689611899e6,2.920870837091908,2.026365617186245e-11,2.026365617186245e-11,0,2,9.721460689611899e6,486100.9594168139,718.494342098077,15.80187405600151,205.63500454495625,9.721460689611873e6,486100.959416814,718.494342098077,15.801874057574498,205.63500453853155
153,53,7f3bcef5a08e3ee69ec959154bc064e98543e76d,5fccb18775a1c53c589e1a644bcdca5c2966e2c9f1b72779e18c5571bee51811,1.12.5,SOSRI,paper_common,continuation,0.01,0.05,true,high,high,false,true,22260858,1.5e-6,0.0,60.0,1500.0,Success,Success,true,true,15.801874056001509,9.721460689611899e6,9.721460689611899e6,2.920870837091908,2.026365617186245e-11,2.026365617186245e-11,0,2,9.721460689611899e6,486100.9594168139,718.494342098077,15.80187405600151,205.63500454495625,9.721460689611873e6,486100.959416814,718.494342098077,15.801874057574498,205.63500453853155
154,54,7f3bcef5a08e3ee69ec959154bc064e98543e76d,5fccb18775a1c53c589e1a644bcdca5c2966e2c9f1b72779e18c5571bee51811,1.12.5,SOSRI,paper_common,continuation,0.01,0.05,true,high,high,false,true,22260859,1.5e-6,0.0,60.0,1500.0,Success,Success,true,true,15.801874056001509,9.721460689611899e6,9.721460689611899e6,2.920870837091908,2.026365617186245e-11,2.026365617186245e-11,0,2,9.721460689611899e6,486100.9594168139,718.494342098077,15.80187405600151,205.63500454495625,9.721460689611873e6,486100.959416814,718.494342098077,15.801874057574498,205.63500453853155
155,55,7f3bcef5a08e3ee69ec959154bc064e98543e76d,5fccb18775a1c53c589e1a644bcdca5c2966e2c9f1b72779e18c5571bee51811,1.12.5,SOSRI,paper_common,continuation,0.01,0.05,true,high,high,false,true,22260860,1.5e-6,0.0,60.0,1500.0,Success,Success,true,true,15.801874056001509,9.721460689611899e6,9.721460689611899e6,2.920870837091908,2.026365617186245e-11,2.026365617186245e-11,0,2,9.721460689611899e6,486100.9594168139,718.494342098077,15.80187405600151,205.63500454495625,9.721460689611873e6,486100.959416814,718.494342098077,15.801874057574498,205.63500453853155
156,56,7f3bcef5a08e3ee69ec959154bc064e98543e76d,5fccb18775a1c53c589e1a644bcdca5c2966e2c9f1b72779e18c5571bee51811,1.12.5,SOSRI,paper_common,continuation,0.01,0.05,true,high,high,false,true,22260861,1.5e-6,0.0,60.0,1500.0,Success,Success,true,true,15.801874056001509,9.721460689611899e6,9.721460689611899e6,2.920870837091908,2.026365617186245e-11,2.026365617186245e-11,0,2,9.721460689611899e6,486100.9594168139,718.494342098077,15.80187405600151,205.63500454495625,9.721460689611873e6,486100.959416814,718.494342098077,15.801874057574498,205.63500453853155
157,57,7f3bcef5a08e3ee69ec959154bc064e98543e76d,5fccb18775a1c53c589e1a644bcdca5c2966e2c9f1b72779e18c5571bee51811,1.12.5,SOSRI,paper_common,continuation,0.01,0.05,true,high,high,false,true,22260862,1.5e-6,0.0,60.0,1500.0,Success,Success,true,true,15.801874056001509,9.721460689611899e6,9.721460689611899e6,2.920870837091908,2.026365617186245e-11,2.026365617186245e-11,0,2,9.721460689611899e6,486100.9594168139,718.494342098077,15.80187405600151,205.63500454495625,9.721460689611873e6,486100.959416814,718.494342098077,15.801874057574498,205.63500453853155
158,58,7f3bcef5a08e3ee69ec959154bc064e98543e76d,5fccb18775a1c53c589e1a644bcdca5c2966e2c9f1b72779e18c5571bee51811,1.12.5,SOSRI,paper_common,continuation,0.01,0.05,true,high,high,false,true,22260863,1.5e-6,0.0,60.0,1500.0,Success,Success,true,true,15.801874056001509,9.721460689611899e6,9.721460689611899e6,2.920870837091908,2.026365617186245e-11,2.026365617186245e-11,0,2,9.721460689611899e6,486100.9594168139,718.494342098077,15.80187405600151,205.63500454495625,9.721460689611873e6,486100.959416814,718.494342098077,15.801874057574498,205.63500453853155
159,59,7f3bcef5a08e3ee69ec959154bc064e98543e76d,5fccb18775a1c53c589e1a644bcdca5c2966e2c9f1b72779e18c5571bee51811,1.12.5,SOSRI,paper_common,continuation,0.01,0.05,true,high,high,false,true,22260864,1.5e-6,0.0,60.0,1500.0,Success,Success,true,true,15.801874056001509,9.721460689611899e6,9.721460689611899e6,2.920870837091908,2.026365617186245e-11,2.026365617186245e-11,0,2,9.721460689611899e6,486100.9594168139,718.494342098077,15.80187405600151,205.63500454495625,9.721460689611873e6,486100.959416814,718.494342098077,15.801874057574498,205.63500453853155
160,60,7f3bcef5a08e3ee69ec959154bc064e98543e76d,5fccb18775a1c53c589e1a644bcdca5c2966e2c9f1b72779e18c5571bee51811,1.12.5,SOSRI,paper_common,continuation,0.01,0.05,true,high,high,false,true,22260865,1.5e-6,0.0,60.0,1500.0,Success,Success,true,true,15.801874056001509,9.721460689611899e6,9.721460689611899e6,2.920870837091908,2.026365617186245e-11,2.026365617186245e-11,0,2,9.721460689611899e6,486100.9594168139,718.494342098077,15.80187405600151,205.63500454495625,9.721460689611873e6,486100.959416814,718.494342098077,15.801874057574498,205.63500453853155
161,61,7f3bcef5a08e3ee69ec959154bc064e98543e76d,5fccb18775a1c53c589e1a644bcdca5c2966e2c9f1b72779e18c5571bee51811,1.12.5,SOSRI,paper_common,continuation,0.01,0.05,true,high,high,false,true,22260866,1.5e-6,0.0,60.0,1500.0,Success,Success,true,true,15.801874056001509,9.721460689611899e6,9.721460689611899e6,2.920870837091908,2.026365617186245e-11,2.026365617186245e-11,0,2,9.721460689611899e6,486100.9594168139,718.494342098077,15.80187405600151,205.63500454495625,9.721460689611873e6,486100.959416814,718.494342098077,15.801874057574498,205.63500453853155
162,62,7f3bcef5a08e3ee69ec959154bc064e98543e76d,5fccb18775a1c53c589e1a644bcdca5c2966e2c9f1b72779e18c5571bee51811,1.12.5,SOSRI,paper_common,continuation,0.01,0.05,true,high,high,false,true,22260867,1.5e-6,0.0,60.0,1500.0,Success,Success,true,true,15.801874056001509,9.721460689611899e6,9.721460689611899e6,2.920870837091908,2.026365617186245e-11,2.026365617186245e-11,0,2,9.721460689611899e6,486100.9594168139,718.494342098077,15.80187405600151,205.63500454495625,9.721460689611873e6,486100.959416814,718.494342098077,15.801874057574498,205.63500453853155
163,63,7f3bcef5a08e3ee69ec959154bc064e98543e76d,5fccb18775a1c53c589e1a644bcdca5c2966e2c9f1b72779e18c5571bee51811,1.12.5,SOSRI,paper_common,continuation,0.01,0.05,true,high,high,false,true,22260868,1.5e-6,0.0,60.0,1500.0,Success,Success,true,true,15.801874056001509,9.721460689611899e6,9.721460689611899e6,2.920870837091908,2.026365617186245e-11,2.026365617186245e-11,0,2,9.721460689611899e6,486100.9594168139,718.494342098077,15.80187405600151,205.63500454495625,9.721460689611873e6,486100.959416814,718.494342098077,15.801874057574498,205.63500453853155
164,64,7f3bcef5a08e3ee69ec959154bc064e98543e76d,5fccb18775a1c53c589e1a644bcdca5c2966e2c9f1b72779e18c5571bee51811,1.12.5,SOSRI,paper_common,continuation,0.01,0.05,true,high,high,false,true,22260869,1.5e-6,0.0,60.0,1500.0,Success,Success,true,true,15.801874056001509,9.721460689611899e6,9.721460689611899e6,2.920870837091908,2.026365617186245e-11,2.026365617186245e-11,0,2,9.721460689611899e6,486100.9594168139,718.494342098077,15.80187405600151,205.63500454495625,9.721460689611873e6,486100.959416814,718.494342098077,15.801874057574498,205.63500453853155
165,65,7f3bcef5a08e3ee69ec959154bc064e98543e76d,5fccb18775a1c53c589e1a644bcdca5c2966e2c9f1b72779e18c5571bee51811,1.12.5,SOSRI,paper_common,continuation,0.01,0.05,true,high,high,false,true,22260870,1.5e-6,0.0,60.0,1500.0,Success,Success,true,true,15.801874056001509,9.721460689611899e6,9.721460689611899e6,2.920870837091908,2.026365617186245e-11,2.026365617186245e-11,0,2,9.721460689611899e6,486100.9594168139,718.494342098077,15.80187405600151,205.63500454495625,9.721460689611873e6,486100.959416814,718.494342098077,15.801874057574498,205.63500453853155
166,66,7f3bcef5a08e3ee69ec959154bc064e98543e76d,5fccb18775a1c53c589e1a644bcdca5c2966e2c9f1b72779e18c5571bee51811,1.12.5,SOSRI,paper_common,continuation,0.01,0.05,true,high,high,false,true,22260871,1.5e-6,0.0,60.0,1500.0,Success,Success,true,true,15.801874056001509,9.721460689611899e6,9.721460689611899e6,2.920870837091908,2.026365617186245e-11,2.026365617186245e-11,0,2,9.721460689611899e6,486100.9594168139,718.494342098077,15.80187405600151,205.63500454495625,9.721460689611873e6,486100.959416814,718.494342098077,15.801874057574498,205.63500453853155
167,67,7f3bcef5a08e3ee69ec959154bc064e98543e76d,5fccb18775a1c53c589e1a644bcdca5c2966e2c9f1b72779e18c5571bee51811,1.12.5,SOSRI,paper_common,continuation,0.01,0.05,true,high,high,false,true,22260872,1.5e-6,0.0,60.0,1500.0,Success,Success,true,true,15.801874056001509,9.721460689611899e6,9.721460689611899e6,2.920870837091908,2.026365617186245e-11,2.026365617186245e-11,0,2,9.721460689611899e6,486100.9594168139,718.494342098077,15.80187405600151,205.63500454495625,9.721460689611873e6,486100.959416814,718.494342098077,15.801874057574498,205.63500453853155
168,68,7f3bcef5a08e3ee69ec959154bc064e98543e76d,5fccb18775a1c53c589e1a644bcdca5c2966e2c9f1b72779e18c5571bee51811,1.12.5,SOSRI,paper_common,continuation,0.01,0.05,true,high,high,false,true,22260873,1.5e-6,0.0,60.0,1500.0,Success,Success,true,true,15.801874056001509,9.721460689611899e6,9.721460689611899e6,2.920870837091908,2.026365617186245e-11,2.026365617186245e-11,0,2,9.721460689611899e6,486100.9594168139,718.494342098077,15.80187405600151,205.63500454495625,9.721460689611873e6,486100.959416814,718.494342098077,15.801874057574498,205.63500453853155
169,69,7f3bcef5a08e3ee69ec959154bc064e98543e76d,5fccb18775a1c53c589e1a644bcdca5c2966e2c9f1b72779e18c5571bee51811,1.12.5,SOSRI,paper_common,continuation,0.01,0.05,true,high,high,false,true,22260874,1.5e-6,0.0,60.0,1500.0,Success,Success,true,true,15.801874056001509,9.721460689611899e6,9.721460689611899e6,2.920870837091908,2.026365617186245e-11,2.026365617186245e-11,0,2,9.721460689611899e6,486100.9594168139,718.494342098077,15.80187405600151,205.63500454495625,9.721460689611873e6,486100.959416814,718.494342098077,15.801874057574498,205.63500453853155
170,70,7f3bcef5a08e3ee69ec959154bc064e98543e76d,5fccb18775a1c53c589e1a644bcdca5c2966e2c9f1b72779e18c5571bee51811,1.12.5,SOSRI,paper_common,continuation,0.01,0.05,true,high,high,false,true,22260875,1.5e-6,0.0,60.0,1500.0,Success,Success,true,true,15.801874056001509,9.721460689611899e6,9.721460689611899e6,2.920870837091908,2.026365617186245e-11,2.026365617186245e-11,0,2,9.721460689611899e6,486100.9594168139,718.494342098077,15.80187405600151,205.63500454495625,9.721460689611873e6,486100.959416814,718.494342098077,15.801874057574498,205.63500453853155
171,71,7f3bcef5a08e3ee69ec959154bc064e98543e76d,5fccb18775a1c53c589e1a644bcdca5c2966e2c9f1b72779e18c5571bee51811,1.12.5,SOSRI,paper_common,continuation,0.01,0.05,true,high,high,false,true,22260876,1.5e-6,0.0,60.0,1500.0,Success,Success,true,true,15.801874056001509,9.721460689611899e6,9.721460689611899e6,2.920870837091908,2.026365617186245e-11,2.026365617186245e-11,0,2,9.721460689611899e6,486100.9594168139,718.494342098077,15.80187405600151,205.63500454495625,9.721460689611873e6,486100.959416814,718.494342098077,15.801874057574498,205.63500453853155
172,72,7f3bcef5a08e3ee69ec959154bc064e98543e76d,5fccb18775a1c53c589e1a644bcdca5c2966e2c9f1b72779e18c5571bee51811,1.12.5,SOSRI,paper_common,continuation,0.01,0.05,true,high,high,false,true,22260877,1.5e-6,0.0,60.0,1500.0,Success,Success,true,true,15.801874056001509,9.721460689611899e6,9.721460689611899e6,2.920870837091908,2.026365617186245e-11,2.026365617186245e-11,0,2,9.721460689611899e6,486100.9594168139,718.494342098077,15.80187405600151,205.63500454495625,9.721460689611873e6,486100.959416814,718.494342098077,15.801874057574498,205.63500453853155
173,73,7f3bcef5a08e3ee69ec959154bc064e98543e76d,5fccb18775a1c53c589e1a644bcdca5c2966e2c9f1b72779e18c5571bee51811,1.12.5,SOSRI,paper_common,continuation,0.01,0.05,true,high,high,false,true,22260878,1.5e-6,0.0,60.0,1500.0,Success,Success,true,true,15.801874056001509,9.721460689611899e6,9.721460689611899e6,2.920870837091908,2.026365617186245e-11,2.026365617186245e-11,0,2,9.721460689611899e6,486100.9594168139,718.494342098077,15.80187405600151,205.63500454495625,9.721460689611873e6,486100.959416814,718.494342098077,15.801874057574498,205.63500453853155
174,74,7f3bcef5a08e3ee69ec959154bc064e98543e76d,5fccb18775a1c53c589e1a644bcdca5c2966e2c9f1b72779e18c5571bee51811,1.12.5,SOSRI,paper_common,continuation,0.01,0.05,true,high,high,false,true,22260879,1.5e-6,0.0,60.0,1500.0,Success,Success,true,true,15.801874056001509,9.721460689611899e6,9.721460689611899e6,2.920870837091908,2.026365617186245e-11,2.026365617186245e-11,0,2,9.721460689611899e6,486100.9594168139,718.494342098077,15.80187405600151,205.63500454495625,9.721460689611873e6,486100.959416814,718.494342098077,15.801874057574498,205.63500453853155
175,75,7f3bcef5a08e3ee69ec959154bc064e98543e76d,5fccb18775a1c53c589e1a644bcdca5c2966e2c9f1b72779e18c5571bee51811,1.12.5,SOSRI,paper_common,continuation,0.01,0.05,true,high,high,false,true,22260880,1.5e-6,0.0,60.0,1500.0,Success,Success,true,true,15.801874056001509,9.721460689611899e6,9.721460689611899e6,2.920870837091908,2.026365617186245e-11,2.026365617186245e-11,0,2,9.721460689611899e6,486100.9594168139,718.494342098077,15.80187405600151,205.63500454495625,9.721460689611873e6,486100.959416814,718.494342098077,15.801874057574498,205.63500453853155
176,76,7f3bcef5a08e3ee69ec959154bc064e98543e76d,5fccb18775a1c53c589e1a644bcdca5c2966e2c9f1b72779e18c5571bee51811,1.12.5,SOSRI,paper_common,continuation,0.01,0.05,true,high,high,false,true,22260881,1.5e-6,0.0,60.0,1500.0,Success,Success,true,true,15.801874056001509,9.721460689611899e6,9.721460689611899e6,2.920870837091908,2.026365617186245e-11,2.026365617186245e-11,0,2,9.721460689611899e6,486100.9594168139,718.494342098077,15.80187405600151,205.63500454495625,9.721460689611873e6,486100.959416814,718.494342098077,15.801874057574498,205.63500453853155
177,77,7f3bcef5a08e3ee69ec959154bc064e98543e76d,5fccb18775a1c53c589e1a644bcdca5c2966e2c9f1b72779e18c5571bee51811,1.12.5,SOSRI,paper_common,continuation,0.01,0.05,true,high,high,false,true,22260882,1.5e-6,0.0,60.0,1500.0,Success,Success,true,true,15.801874056001509,9.721460689611899e6,9.721460689611899e6,2.920870837091908,2.026365617186245e-11,2.026365617186245e-11,0,2,9.721460689611899e6,486100.9594168139,718.494342098077,15.80187405600151,205.63500454495625,9.721460689611873e6,486100.959416814,718.494342098077,15.801874057574498,205.63500453853155
178,78,7f3bcef5a08e3ee69ec959154bc064e98543e76d,5fccb18775a1c53c589e1a644bcdca5c2966e2c9f1b72779e18c5571bee51811,1.12.5,SOSRI,paper_common,continuation,0.01,0.05,true,high,high,false,true,22260883,1.5e-6,0.0,60.0,1500.0,Success,Success,true,true,15.801874056001509,9.721460689611899e6,9.721460689611899e6,2.920870837091908,2.026365617186245e-11,2.026365617186245e-11,0,2,9.721460689611899e6,486100.9594168139,718.494342098077,15.80187405600151,205.63500454495625,9.721460689611873e6,486100.959416814,718.494342098077,15.801874057574498,205.63500453853155
179,79,7f3bcef5a08e3ee69ec959154bc064e98543e76d,5fccb18775a1c53c589e1a644bcdca5c2966e2c9f1b72779e18c5571bee51811,1.12.5,SOSRI,paper_common,continuation,0.01,0.05,true,high,high,false,true,22260884,1.5e-6,0.0,60.0,1500.0,Success,Success,true,true,15.801874056001509,9.721460689611899e6,9.721460689611899e6,2.920870837091908,2.026365617186245e-11,2.026365617186245e-11,0,2,9.721460689611899e6,486100.9594168139,718.494342098077,15.80187405600151,205.63500454495625,9.721460689611873e6,486100.959416814,718.494342098077,15.801874057574498,205.63500453853155
180,80,7f3bcef5a08e3ee69ec959154bc064e98543e76d,5fccb18775a1c53c589e1a644bcdca5c2966e2c9f1b72779e18c5571bee51811,1.12.5,SOSRI,paper_common,continuation,0.01,0.05,true,high,high,false,true,22260885,1.5e-6,0.0,60.0,1500.0,Success,Success,true,true,15.801874056001509,9.721460689611899e6,9.721460689611899e6,2.920870837091908,2.026365617186245e-11,2.026365617186245e-11,0,2,9.721460689611899e6,486100.9594168139,718.494342098077,15.80187405600151,205.63500454495625,9.721460689611873e6,486100.959416814,718.494342098077,15.801874057574498,205.63500453853155
181,81,7f3bcef5a08e3ee69ec959154bc064e98543e76d,5fccb18775a1c53c589e1a644bcdca5c2966e2c9f1b72779e18c5571bee51811,1.12.5,SOSRI,paper_common,continuation,0.01,0.05,true,high,high,false,true,22260886,1.5e-6,0.0,60.0,1500.0,Success,Success,true,true,15.801874056001509,9.721460689611899e6,9.721460689611899e6,2.920870837091908,2.026365617186245e-11,2.026365617186245e-11,0,2,9.721460689611899e6,486100.9594168139,718.494342098077,15.80187405600151,205.63500454495625,9.721460689611873e6,486100.959416814,718.494342098077,15.801874057574498,205.63500453853155
182,82,7f3bcef5a08e3ee69ec959154bc064e98543e76d,5fccb18775a1c53c589e1a644bcdca5c2966e2c9f1b72779e18c5571bee51811,1.12.5,SOSRI,paper_common,continuation,0.01,0.05,true,high,high,false,true,22260887,1.5e-6,0.0,60.0,1500.0,Success,Success,true,true,15.801874056001509,9.721460689611899e6,9.721460689611899e6,2.920870837091908,2.026365617186245e-11,2.026365617186245e-11,0,2,9.721460689611899e6,486100.9594168139,718.494342098077,15.80187405600151,205.63500454495625,9.721460689611873e6,486100.959416814,718.494342098077,15.801874057574498,205.63500453853155
183,83,7f3bcef5a08e3ee69ec959154bc064e98543e76d,5fccb18775a1c53c589e1a644bcdca5c2966e2c9f1b72779e18c5571bee51811,1.12.5,SOSRI,paper_common,continuation,0.01,0.05,true,high,high,false,true,22260888,1.5e-6,0.0,60.0,1500.0,Success,Success,true,true,15.801874056001509,9.721460689611899e6,9.721460689611899e6,2.920870837091908,2.026365617186245e-11,2.026365617186245e-11,0,2,9.721460689611899e6,486100.9594168139,718.494342098077,15.80187405600151,205.63500454495625,9.721460689611873e6,486100.959416814,718.494342098077,15.801874057574498,205.63500453853155
184,84,7f3bcef5a08e3ee69ec959154bc064e98543e76d,5fccb18775a1c53c589e1a644bcdca5c2966e2c9f1b72779e18c5571bee51811,1.12.5,SOSRI,paper_common,continuation,0.01,0.05,true,high,high,false,true,22260889,1.5e-6,0.0,60.0,1500.0,Success,Success,true,true,15.801874056001509,9.721460689611899e6,9.721460689611899e6,2.920870837091908,2.026365617186245e-11,2.026365617186245e-11,0,2,9.721460689611899e6,486100.9594168139,718.494342098077,15.80187405600151,205.63500454495625,9.721460689611873e6,486100.959416814,718.494342098077,15.801874057574498,205.63500453853155
185,85,7f3bcef5a08e3ee69ec959154bc064e98543e76d,5fccb18775a1c53c589e1a644bcdca5c2966e2c9f1b72779e18c5571bee51811,1.12.5,SOSRI,paper_common,continuation,0.01,0.05,true,high,high,false,true,22260890,1.5e-6,0.0,60.0,1500.0,Success,Success,true,true,15.801874056001509,9.721460689611899e6,9.721460689611899e6,2.920870837091908,2.026365617186245e-11,2.026365617186245e-11,0,2,9.721460689611899e6,486100.9594168139,718.494342098077,15.80187405600151,205.63500454495625,9.721460689611873e6,486100.959416814,718.494342098077,15.801874057574498,205.63500453853155
186,86,7f3bcef5a08e3ee69ec959154bc064e98543e76d,5fccb18775a1c53c589e1a644bcdca5c2966e2c9f1b72779e18c5571bee51811,1.12.5,SOSRI,paper_common,continuation,0.01,0.05,true,high,high,false,true,22260891,1.5e-6,0.0,60.0,1500.0,Success,Success,true,true,15.801874056001509,9.721460689611899e6,9.721460689611899e6,2.920870837091908,2.026365617186245e-11,2.026365617186245e-11,0,2,9.721460689611899e6,486100.9594168139,718.494342098077,15.80187405600151,205.63500454495625,9.721460689611873e6,486100.959416814,718.494342098077,15.801874057574498,205.63500453853155
187,87,7f3bcef5a08e3ee69ec959154bc064e98543e76d,5fccb18775a1c53c589e1a644bcdca5c2966e2c9f1b72779e18c5571bee51811,1.12.5,SOSRI,paper_common,continuation,0.01,0.05,true,high,high,false,true,22260892,1.5e-6,0.0,60.0,1500.0,Success,Success,true,true,15.801874056001509,9.721460689611899e6,9.721460689611899e6,2.920870837091908,2.026365617186245e-11,2.026365617186245e-11,0,2,9.721460689611899e6,486100.9594168139,718.494342098077,15.80187405600151,205.63500454495625,9.721460689611873e6,486100.959416814,718.494342098077,15.801874057574498,205.63500453853155
188,88,7f3bcef5a08e3ee69ec959154bc064e98543e76d,5fccb18775a1c53c589e1a644bcdca5c2966e2c9f1b72779e18c5571bee51811,1.12.5,SOSRI,paper_common,continuation,0.01,0.05,true,high,high,false,true,22260893,1.5e-6,0.0,60.0,1500.0,Success,Success,true,true,15.801874056001509,9.721460689611899e6,9.721460689611899e6,2.920870837091908,2.026365617186245e-11,2.026365617186245e-11,0,2,9.721460689611899e6,486100.9594168139,718.494342098077,15.80187405600151,205.63500454495625,9.721460689611873e6,486100.959416814,718.494342098077,15.801874057574498,205.63500453853155
189,89,7f3bcef5a08e3ee69ec959154bc064e98543e76d,5fccb18775a1c53c589e1a644bcdca5c2966e2c9f1b72779e18c5571bee51811,1.12.5,SOSRI,paper_common,continuation,0.01,0.05,true,high,high,false,true,22260894,1.5e-6,0.0,60.0,1500.0,Success,Success,true,true,15.801874056001509,9.721460689611899e6,9.721460689611899e6,2.920870837091908,2.026365617186245e-11,2.026365617186245e-11,0,2,9.721460689611899e6,486100.9594168139,718.494342098077,15.80187405600151,205.63500454495625,9.721460689611873e6,486100.959416814,718.494342098077,15.801874057574498,205.63500453853155
190,90,7f3bcef5a08e3ee69ec959154bc064e98543e76d,5fccb18775a1c53c589e1a644bcdca5c2966e2c9f1b72779e18c5571bee51811,1.12.5,SOSRI,paper_common,continuation,0.01,0.05,true,high,high,false,true,22260895,1.5e-6,0.0,60.0,1500.0,Success,Success,true,true,15.801874056001509,9.721460689611899e6,9.721460689611899e6,2.920870837091908,2.026365617186245e-11,2.026365617186245e-11,0,2,9.721460689611899e6,486100.9594168139,718.494342098077,15.80187405600151,205.63500454495625,9.721460689611873e6,486100.959416814,718.494342098077,15.801874057574498,205.63500453853155
191,91,7f3bcef5a08e3ee69ec959154bc064e98543e76d,5fccb18775a1c53c589e1a644bcdca5c2966e2c9f1b72779e18c5571bee51811,1.12.5,SOSRI,paper_common,continuation,0.01,0.05,true,high,high,false,true,22260896,1.5e-6,0.0,60.0,1500.0,Success,Success,true,true,15.801874056001509,9.721460689611899e6,9.721460689611899e6,2.920870837091908,2.026365617186245e-11,2.026365617186245e-11,0,2,9.721460689611899e6,486100.9594168139,718.494342098077,15.80187405600151,205.63500454495625,9.721460689611873e6,486100.959416814,718.494342098077,15.801874057574498,205.63500453853155
192,92,7f3bcef5a08e3ee69ec959154bc064e98543e76d,5fccb18775a1c53c589e1a644bcdca5c2966e2c9f1b72779e18c5571bee51811,1.12.5,SOSRI,paper_common,continuation,0.01,0.05,true,high,high,false,true,22260897,1.5e-6,0.0,60.0,1500.0,Success,Success,true,true,15.801874056001509,9.721460689611899e6,9.721460689611899e6,2.920870837091908,2.026365617186245e-11,2.026365617186245e-11,0,2,9.721460689611899e6,486100.9594168139,718.494342098077,15.80187405600151,205.63500454495625,9.721460689611873e6,486100.959416814,718.494342098077,15.801874057574498,205.63500453853155
193,93,7f3bcef5a08e3ee69ec959154bc064e98543e76d,5fccb18775a1c53c589e1a644bcdca5c2966e2c9f1b72779e18c5571bee51811,1.12.5,SOSRI,paper_common,continuation,0.01,0.05,true,high,high,false,true,22260898,1.5e-6,0.0,60.0,1500.0,Success,Success,true,true,15.801874056001509,9.721460689611899e6,9.721460689611899e6,2.920870837091908,2.026365617186245e-11,2.026365617186245e-11,0,2,9.721460689611899e6,486100.9594168139,718.494342098077,15.80187405600151,205.63500454495625,9.721460689611873e6,486100.959416814,718.494342098077,15.801874057574498,205.63500453853155
194,94,7f3bcef5a08e3ee69ec959154bc064e98543e76d,5fccb18775a1c53c589e1a644bcdca5c2966e2c9f1b72779e18c5571bee51811,1.12.5,SOSRI,paper_common,continuation,0.01,0.05,true,high,high,false,true,22260899,1.5e-6,0.0,60.0,1500.0,Success,Success,true,true,15.801874056001509,9.721460689611899e6,9.721460689611899e6,2.920870837091908,2.026365617186245e-11,2.026365617186245e-11,0,2,9.721460689611899e6,486100.9594168139,718.494342098077,15.80187405600151,205.63500454495625,9.721460689611873e6,486100.959416814,718.494342098077,15.801874057574498,205.63500453853155
195,95,7f3bcef5a08e3ee69ec959154bc064e98543e76d,5fccb18775a1c53c589e1a644bcdca5c2966e2c9f1b72779e18c5571bee51811,1.12.5,SOSRI,paper_common,continuation,0.01,0.05,true,high,high,false,true,22260900,1.5e-6,0.0,60.0,1500.0,Success,Success,true,true,15.801874056001509,9.721460689611899e6,9.721460689611899e6,2.920870837091908,2.026365617186245e-11,2.026365617186245e-11,0,2,9.721460689611899e6,486100.9594168139,718.494342098077,15.80187405600151,205.63500454495625,9.721460689611873e6,486100.959416814,718.494342098077,15.801874057574498,205.63500453853155
196,96,7f3bcef5a08e3ee69ec959154bc064e98543e76d,5fccb18775a1c53c589e1a644bcdca5c2966e2c9f1b72779e18c5571bee51811,1.12.5,SOSRI,paper_common,continuation,0.01,0.05,true,high,high,false,true,22260901,1.5e-6,0.0,60.0,1500.0,Success,Success,true,true,15.801874056001509,9.721460689611899e6,9.721460689611899e6,2.920870837091908,2.026365617186245e-11,2.026365617186245e-11,0,2,9.721460689611899e6,486100.9594168139,718.494342098077,15.80187405600151,205.63500454495625,9.721460689611873e6,486100.959416814,718.494342098077,15.801874057574498,205.63500453853155
197,97,7f3bcef5a08e3ee69ec959154bc064e98543e76d,5fccb18775a1c53c589e1a644bcdca5c2966e2c9f1b72779e18c5571bee51811,1.12.5,SOSRI,paper_common,continuation,0.01,0.05,true,high,high,false,true,22260902,1.5e-6,0.0,60.0,1500.0,Success,Success,true,true,15.801874056001509,9.721460689611899e6,9.721460689611899e6,2.920870837091908,2.026365617186245e-11,2.026365617186245e-11,0,2,9.721460689611899e6,486100.9594168139,718.494342098077,15.80187405600151,205.63500454495625,9.721460689611873e6,486100.959416814,718.494342098077,15.801874057574498,205.63500453853155
198,98,7f3bcef5a08e3ee69ec959154bc064e98543e76d,5fccb18775a1c53c589e1a644bcdca5c2966e2c9f1b72779e18c5571bee51811,1.12.5,SOSRI,paper_common,continuation,0.01,0.05,true,high,high,false,true,22260903,1.5e-6,0.0,60.0,1500.0,Success,Success,true,true,15.801874056001509,9.721460689611899e6,9.721460689611899e6,2.920870837091908,2.026365617186245e-11,2.026365617186245e-11,0,2,9.721460689611899e6,486100.9594168139,718.494342098077,15.80187405600151,205.63500454495625,9.721460689611873e6,486100.959416814,718.494342098077,15.801874057574498,205.63500453853155
199,99,7f3bcef5a08e3ee69ec959154bc064e98543e76d,5fccb18775a1c53c589e1a644bcdca5c2966e2c9f1b72779e18c5571bee51811,1.12.5,SOSRI,paper_common,continuation,0.01,0.05,true,high,high,false,true,22260904,1.5e-6,0.0,60.0,1500.0,Success,Success,true,true,15.801874056001509,9.721460689611899e6,9.721460689611899e6,2.920870837091908,2.026365617186245e-11,2.026365617186245e-11,0,2,9.721460689611899e6,486100.9594168139,718.494342098077,15.80187405600151,205.63500454495625,9.721460689611873e6,486100.959416814,718.494342098077,15.801874057574498,205.63500453853155
200,100,7f3bcef5a08e3ee69ec959154bc064e98543e76d,5fccb18775a1c53c589e1a644bcdca5c2966e2c9f1b72779e18c5571bee51811,1.12.5,SOSRI,paper_common,continuation,0.01,0.05,true,high,high,false,true,22260905,1.5e-6,0.0,60.0,1500.0,Success,Success,true,true,15.801874056001509,9.721460689611899e6,9.721460689611899e6,2.920870837091908,2.026365617186245e-11,2.026365617186245e-11,0,2,9.721460689611899e6,486100.9594168139,718.494342098077,15.80187405600151,205.63500454495625,9.721460689611873e6,486100.959416814,718.494342098077,15.801874057574498,205.63500453853155
201,1,7f3bcef5a08e3ee69ec959154bc064e98543e76d,5fccb18775a1c53c589e1a644bcdca5c2966e2c9f1b72779e18c5571bee51811,1.12.5,SOSRI,paper_common,continuation,0.01,0.05,true,low,low,false,true,23260806,1.5e-6,0.1,60.0,1500.0,Success,Success,true,true,60.69967220531893,60.69967220531893,5558.610663061874,8.710456413459331e-11,2.920870837033044,8.710456413459331e-11,1,2,60.69967220531893,775.65792778693,376030.86579086614,843.3817757146,178891.24184658396,473.77863944687425,523.6889308900198,225270.3315100464,163.61298113478355,138180.9244807379
202,2,7f3bcef5a08e3ee69ec959154bc064e98543e76d,5fccb18775a1c53c589e1a644bcdca5c2966e2c9f1b72779e18c5571bee51811,1.12.5,SOSRI,paper_common,continuation,0.01,0.05,true,low,low,false,true,23260807,1.5e-6,0.1,60.0,1500.0,Success,Success,true,true,116.53843360573359,337.39250973953904,7120.526138933281,9.468888364126887e-11,2.920870837154838,9.468888364126887e-11,0,2,7058.321170409008,690.6760905188106,156263.38962163584,539.4873484530067,100850.52643865556,473.778639070607,523.6889307577771,225270.3314994231,163.61298120003792,138180.9244628746
203,3,7f3bcef5a08e3ee69ec959154bc064e98543e76d,5fccb18775a1c53c589e1a644bcdca5c2966e2c9f1b72779e18c5571bee51811,1.12.5,SOSRI,paper_common,continuation,0.01,0.05,true,low,low,false,true,23260808,1.5e-6,0.1,60.0,1500.0,Success,Success,true,true,132.19839082802773,448.60556887619714,3555.011974705348,2.1460416272173415e-11,2.9208708370775534,2.1460416272173415e-11,1,1,1127.6448522369808,415.8306041999976,149379.03977176017,245.9522320086663,91545.37244284873,473.77863930972546,523.6889308637473,225270.33150739333,163.6129811706612,138180.92447616326
204,4,7f3bcef5a08e3ee69ec959154bc064e98543e76d,5fccb18775a1c53c589e1a644bcdca5c2966e2c9f1b72779e18c5571bee51811,1.12.5,SOSRI,paper_common,continuation,0.01,0.05,true,low,low,false,true,23260809,1.5e-6,0.1,60.0,1500.0,Success,Success,true,true,88.32747392918506,114.31958232046352,4262.844941014574,1.4642462919247857e-10,2.9208708371872993,1.4642462919247857e-10,1,1,1990.5075163708877,765.6145355666179,234907.16062289776,736.8789693098083,137632.28494174068,473.7786389706563,523.6889307430604,225270.33149773596,163.6129812286291,138180.92445993144
205,5,7f3bcef5a08e3ee69ec959154bc064e98543e76d,5fccb18775a1c53c589e1a644bcdca5c2966e2c9f1b72779e18c5571bee51811,1.12.5,SOSRI,paper_common,continuation,0.01,0.05,true,low,low,false,true,23260810,1.5e-6,0.1,60.0,1500.0,Success,Success,true,true,106.53130253402668,414.01721618972647,1957.4511065831987,1.0051357264761933e-11,2.9208708370845504,1.0051357264761933e-11,0,1,574.479806062971,611.8247989419772,259006.42682709417,298.4220734001144,154690.1318824128,473.7786392878559,523.6889308404088,225270.33150590566,163.6129811658265,138180.9244737428
206,6,7f3bcef5a08e3ee69ec959154bc064e98543e76d,5fccb18775a1c53c589e1a644bcdca5c2966e2c9f1b72779e18c5571bee51811,1.12.5,SOSRI,paper_common,continuation,0.01,0.05,true,low,low,false,true,23260811,1.5e-6,0.1,60.0,1500.0,Success,Success,true,true,50.92971367014293,50.92971367014293,4889.257323751428,1.2599280033259201e-10,2.9208708370085446,1.2599280033259201e-10,4,3,4889.257323751428,795.0571015443569,211480.4057084387,694.7650291390026,131311.2537633544,473.77863952236567,523.6889309045218,225270.33151150896,163.61298111505633,138180.92448325973
207,7,7f3bcef5a08e3ee69ec959154bc064e98543e76d,5fccb18775a1c53c589e1a644bcdca5c2966e2c9f1b72779e18c5571bee51811,1.12.5,SOSRI,paper_common,continuation,0.01,0.05,true,low,low,false,true,23260812,1.5e-6,0.1,60.0,1500.0,Success,Success,true,true,101.2993713369851,432.3460035305678,3879.2352897474943,2.408630101416816e-10,2.9208708369318725,2.408630101416816e-10,0,3,538.4076408533423,552.8941930283372,232645.9773010336,377.90389166382107,134522.84779256218,473.7786397591475,523.6889309825735,225270.33151790674,163.6129810711411,138180.92449404456
208,8,7f3bcef5a08e3ee69ec959154bc064e98543e76d,5fccb18775a1c53c589e1a644bcdca5c2966e2c9f1b72779e18c5571bee51811,1.12.5,SOSRI,paper_common,continuation,0.01,0.05,true,low,low,false,true,23260813,1.5e-6,0.1,60.0,1500.0,Success,Success,true,true,35.807784869335514,35.807784869335514,693.8440738553131,4.869023620030229e-10,2.9208708374100523,4.869023620030229e-10,2,1,193.50838972217028,419.4387132426124,189127.79178801292,94.5144272375888,113828.0716058318,473.77863828324416,523.6889305475825,225270.3314808923,163.61298137327915,138180.9244313689
209,9,7f3bcef5a08e3ee69ec959154bc064e98543e76d,5fccb18775a1c53c589e1a644bcdca5c2966e2c9f1b72779e18c5571bee51811,1.12.5,SOSRI,paper_common,continuation,0.01,0.05,true,low,low,false,true,23260814,1.5e-6,0.1,60.0,1500.0,Success,Success,true,true,51.747499576217976,51.747499576217976,6355.515326461299,3.706530198759788e-11,2.9208708370678242,3.706530198759788e-11,0,3,6355.515326461299,525.8599726761695,116485.05099475844,365.5103810796464,76443.62527993802,473.77863933934,523.6889308468878,225270.33150671373,163.61298115049001,138180.92447516124
210,10,7f3bcef5a08e3ee69ec959154bc064e98543e76d,5fccb18775a1c53c589e1a644bcdca5c2966e2c9f1b72779e18c5571bee51811,1.12.5,SOSRI,paper_common,continuation,0.01,0.05,true,low,low,false,true,23260815,1.5e-6,0.1,60.0,1500.0,Success,Success,true,true,38.553168311972385,41.707342055149596,533.566668502315,5.859655961423242e-11,2.920870837050993,5.859655961423242e-11,6,2,362.84867732385476,553.5821680007521,242903.7787768322,76.69921568346281,149683.48645583814,473.77863939190377,523.688930900281,225270.3315101389,163.61298116062358,138180.92448074053
211,11,7f3bcef5a08e3ee69ec959154bc064e98543e76d,5fccb18775a1c53c589e1a644bcdca5c2966e2c9f1b72779e18c5571bee51811,1.12.5,SOSRI,paper_common,continuation,0.01,0.05,true,low,low,false,true,23260816,1.5e-6,0.1,60.0,1500.0,Success,Success,true,true,71.0799481269659,97.05817869866476,6989.839549159509,1.4564165707912212e-10,2.920870836995124,1.4564165707912212e-10,0,1,6989.839549159509,723.1238961747079,159456.1402736755,715.3196296208531,98632.5149688592,473.7786395638425,523.6889309201852,225270.33151274023,163.6129811084626,138180.92448532456
212,12,7f3bcef5a08e3ee69ec959154bc064e98543e76d,5fccb18775a1c53c589e1a644bcdca5c2966e2c9f1b72779e18c5571bee51811,1.12.5,SOSRI,paper_common,continuation,0.01,0.05,true,low,low,false,true,23260817,1.5e-6,0.1,60.0,1500.0,Success,Success,true,true,78.95593915973404,142.16011948514088,626.3098703262285,2.3312238480973025e-11,2.92087083707551,2.3312238480973025e-11,3,2,446.85490749462963,459.40245592891443,193457.98599638478,114.21243671530752,119562.82355828557,473.7786393157552,523.6889308485169,225270.33150659915,163.61298116004727,138180.92447491756
213,13,7f3bcef5a08e3ee69ec959154bc064e98543e76d,5fccb18775a1c53c589e1a644bcdca5c2966e2c9f1b72779e18c5571bee51811,1.12.5,SOSRI,paper_common,continuation,0.01,0.05,true,low,low,false,true,23260818,1.5e-6,0.1,60.0,1500.0,Success,Success,true,true,112.40801420072636,376.5062217531886,7355.684953618577,2.8136855284090948e-11,2.9208708370729,2.8136855284090948e-11,0,3,786.9088246485662,789.3610932461098,261976.6369718094,1065.4428961050708,132755.29659869062,473.77863932374675,523.6889308468031,225270.33150657345,163.61298115616992,138180.92447489753
214,14,7f3bcef5a08e3ee69ec959154bc064e98543e76d,5fccb18775a1c53c589e1a644bcdca5c2966e2c9f1b72779e18c5571bee51811,1.12.5,SOSRI,paper_common,continuation,0.01,0.05,true,low,low,false,true,23260819,1.5e-6,0.1,60.0,1500.0,Success,Success,true,true,87.27690432566426,156.1097490508552,1012.3726279979819,1.795083065179407e-11,2.920870837079003,1.795083065179407e-11,2,1,514.5153439952488,515.9104759575148,216134.37141191182,109.86159197506123,134222.63122162194,473.7786393049926,523.6889308463708,225270.33150638646,163.61298116281844,138180.924474551
215,15,7f3bcef5a08e3ee69ec959154bc064e98543e76d,5fccb18775a1c53c589e1a644bcdca5c2966e2c9f1b72779e18c5571bee51811,1.12.5,SOSRI,paper_common,continuation,0.01,0.05,true,low,low,false,true,23260820,1.5e-6,0.1,60.0,1500.0,Success,Success,true,true,4.81332997646156,4.81332997646156,3154.24900217976,4.272085779860777e-11,2.920870837116975,4.272085779860777e-11,0,3,4.81332997646156,622.6503004997295,386984.154290163,238.2110312734156,199254.78636747142,473.77863918790854,523.6889308191094,225270.3315038526,163.61298119078185,138180.92447021874
216,16,7f3bcef5a08e3ee69ec959154bc064e98543e76d,5fccb18775a1c53c589e1a644bcdca5c2966e2c9f1b72779e18c5571bee51811,1.12.5,SOSRI,paper_common,continuation,0.01,0.05,true,low,low,false,true,23260821,1.5e-6,0.1,60.0,1500.0,Success,Success,true,true,128.70686605376375,131.1013239441526,2093.563276889019,1.7345740869252227e-11,2.92087083707939,1.7345740869252227e-11,2,3,163.40258491213817,502.6272154002701,239587.6414495315,186.5119323530545,139780.31175015497,473.7786393038006,523.6889308462927,225270.33150637159,163.61298116321066,138180.92447452463
217,17,7f3bcef5a08e3ee69ec959154bc064e98543e76d,5fccb18775a1c53c589e1a644bcdca5c2966e2c9f1b72779e18c5571bee51811,1.12.5,SOSRI,paper_common,continuation,0.01,0.05,true,low,low,false,true,23260822,1.5e-6,0.1,60.0,1500.0,Success,Success,true,true,109.20843558719852,462.1107259739324,3352.521534806102,1.786657190762259e-10,2.920870837205172,1.786657190762259e-10,2,2,3231.6917314559114,603.5379484261009,178488.53967231073,462.53238668600034,111825.33005600693,473.77863891583166,523.6889307479563,225270.3314975314,163.61298125145854,138180.92445946278
218,18,7f3bcef5a08e3ee69ec959154bc064e98543e76d,5fccb18775a1c53c589e1a644bcdca5c2966e2c9f1b72779e18c5571bee51811,1.12.5,SOSRI,paper_common,continuation,0.01,0.05,true,low,low,false,true,23260823,1.5e-6,0.1,60.0,1500.0,Success,Success,true,true,64.53434227554936,102.7816953616705,6254.784446473831,7.287970216363055e-11,2.9208708371390375,7.287970216363055e-11,3,2,6254.784446473831,511.6916087464341,109941.31406777713,411.11681394586515,70806.16680768815,473.7786391196049,523.688930786118,225270.33150142466,163.61298119767517,138180.92446618257
219,19,7f3bcef5a08e3ee69ec959154bc064e98543e76d,5fccb18775a1c53c589e1a644bcdca5c2966e2c9f1b72779e18c5571bee51811,1.12.5,SOSRI,paper_common,continuation,0.01,0.05,true,low,low,false,true,23260824,1.5e-6,0.1,60.0,1500.0,Success,Success,true,true,119.68205744478925,428.21260047594075,9524.283362580958,4.071470177905607e-11,2.92087083706323,4.071470177905607e-11,0,1,8074.174664992683,749.0759366546806,141927.59504624718,944.8617178407696,81197.9525609106,473.77863935398693,523.688930879973,225270.3315086802,163.61298116335544,138180.92447832358
220,20,7f3bcef5a08e3ee69ec959154bc064e98543e76d,5fccb18775a1c53c589e1a644bcdca5c2966e2c9f1b72779e18c5571bee51811,1.12.5,SOSRI,paper_common,continuation,0.01,0.05,true,low,low,false,true,23260825,1.5e-6,0.1,60.0,1500.0,Success,Success,true,true,37.314265755305605,37.314265755305605,667.799006681177,6.512321591011552e-11,2.9208708370494905,6.512321591011552e-11,1,3,70.4051976210972,408.3250259725577,197009.56689455427,50.237169981313436,116382.18090212179,473.77863939590327,523.6889308620972,225270.3315080509,163.61298113810685,138180.92447743425
221,21,7f3bcef5a08e3ee69ec959154bc064e98543e76d,5fccb18775a1c53c589e1a644bcdca5c2966e2c9f1b72779e18c5571bee51811,1.12.5,SOSRI,paper_common,continuation,0.01,0.05,true,low,low,false,true,23260826,1.5e-6,0.1,60.0,1500.0,Success,Success,true,true,133.25612296124496,441.94448752401286,2157.058253515267,9.413795620003953e-12,2.9208708370852445,9.413795620003953e-12,0,1,714.4673974264549,665.7431556614414,267204.4232019454,496.3669111494433,155705.20219228428,473.7786392856797,523.6889308377632,225270.33150573983,163.6129811651632,138180.9244734734
222,22,7f3bcef5a08e3ee69ec959154bc064e98543e76d,5fccb18775a1c53c589e1a644bcdca5c2966e2c9f1b72779e18c5571bee51811,1.12.5,SOSRI,paper_common,continuation,0.01,0.05,true,low,low,false,true,23260827,1.5e-6,0.1,60.0,1500.0,Success,Success,true,true,117.96705795566258,446.42851380662574,4769.087623892585,7.658470359008001e-11,2.9208708371403773,7.658470359008001e-11,3,2,3068.4282233992044,675.5626631182664,198904.26404038354,704.109301857271,117366.31364319085,473.7786391155914,523.6889307925269,225270.33150174638,163.61298120268188,138180.92446668257
223,23,7f3bcef5a08e3ee69ec959154bc064e98543e76d,5fccb18775a1c53c589e1a644bcdca5c2966e2c9f1b72779e18c5571bee51811,1.12.5,SOSRI,paper_common,continuation,0.01,0.05,true,low,low,false,true,23260828,1.5e-6,0.1,60.0,1500.0,Success,Success,true,true,68.72097813257953,85.16198350912009,6057.653690678646,7.971047745685826e-11,2.9208708370381666,7.971047745685826e-11,0,2,85.16198350912009,936.8608612433314,401860.47742561053,975.5071072517458,190922.4355431337,473.7786394310297,523.6889308833341,225270.33150953695,163.61298113691632,138180.924479887
224,24,7f3bcef5a08e3ee69ec959154bc064e98543e76d,5fccb18775a1c53c589e1a644bcdca5c2966e2c9f1b72779e18c5571bee51811,1.12.5,SOSRI,paper_common,continuation,0.01,0.05,true,low,low,false,true,23260829,1.5e-6,0.1,60.0,1500.0,Success,Success,true,true,93.23007284024764,261.29279578177096,1257.5577195599608,5.293096392807007e-12,2.920870837088584,5.293096392807007e-12,1,2,1066.898567638641,559.3515633913504,213170.20636052208,276.3637863564102,131761.55896375628,473.77863927536976,523.6889308345309,225270.3315054703,163.61298116716787,138180.92447301836
225,25,7f3bcef5a08e3ee69ec959154bc064e98543e76d,5fccb18775a1c53c589e1a644bcdca5c2966e2c9f1b72779e18c5571bee51811,1.12.5,SOSRI,paper_common,continuation,0.01,0.05,true,low,low,false,true,23260830,1.5e-6,0.1,60.0,1500.0,Success,Success,true,true,80.6416148585364,164.73789942153218,5688.820595980733,2.587541623875837e-11,2.9208708370737657,2.587541623875837e-11,1,2,2049.5178265893855,746.7393652649595,220135.12178886414,862.6758890508761,124099.50364173345,473.7786393211458,523.6889308504083,225270.33150675104,163.612981159113,138180.92447517285
226,26,7f3bcef5a08e3ee69ec959154bc064e98543e76d,5fccb18775a1c53c589e1a644bcdca5c2966e2c9f1b72779e18c5571bee51811,1.12.5,SOSRI,paper_common,continuation,0.01,0.05,true,low,low,false,true,23260831,1.5e-6,0.1,60.0,1500.0,Success,Success,true,true,128.50608666355376,421.85544577702143,2024.321280027843,1.2874945935779873e-10,2.920870837175162,1.2874945935779873e-10,3,1,421.85544577702143,524.5331736169728,219414.53857860257,360.6905418082766,127525.4282915298,473.7786390081769,523.6889307578043,225270.3314988819,163.61298122297777,138180.9244618505
227,27,7f3bcef5a08e3ee69ec959154bc064e98543e76d,5fccb18775a1c53c589e1a644bcdca5c2966e2c9f1b72779e18c5571bee51811,1.12.5,SOSRI,paper_common,continuation,0.01,0.05,true,low,low,false,true,23260832,1.5e-6,0.1,60.0,1500.0,Success,Success,true,true,119.40924216071173,421.918861877176,14374.599598585155,1.0712925788067516e-11,2.9208708370839975,1.0712925788067516e-11,0,2,12783.35119955086,1219.2005705569932,208902.58253490672,1519.7964601695421,120599.0389655791,473.77863928958203,523.688930842256,225270.33150602342,163.6129811662078,138180.92447393425
228,28,7f3bcef5a08e3ee69ec959154bc064e98543e76d,5fccb18775a1c53c589e1a644bcdca5c2966e2c9f1b72779e18c5571bee51811,1.12.5,SOSRI,paper_common,continuation,0.01,0.05,true,low,low,false,true,23260833,1.5e-6,0.1,60.0,1500.0,Success,Success,true,true,14.942110130719847,14.942110130719847,2044.704055819127,1.3459932780477128e-11,2.9208708370832164,1.3459932780477128e-11,2,2,356.86130872422746,419.1512642648397,170171.59131416766,59.42200702984569,105873.22022121397,473.7786392918768,523.6889308356501,225270.33150567612,163.61298116172247,138180.92447338876
229,29,7f3bcef5a08e3ee69ec959154bc064e98543e76d,5fccb18775a1c53c589e1a644bcdca5c2966e2c9f1b72779e18c5571bee51811,1.12.5,SOSRI,paper_common,continuation,0.01,0.05,true,low,low,false,true,23260834,1.5e-6,0.1,60.0,1500.0,Success,Success,true,true,98.09266343343087,98.09266343343087,1809.4989541814725,4.7965481800486046e-11,2.920870837058881,4.7965481800486046e-11,2,1,1088.87756370057,623.0406601654126,235142.4787468932,265.1275302143876,145554.88276225232,473.7786393675788,523.6889308942782,225270.33150959382,163.61298116625397,138180.9244798101
230,30,7f3bcef5a08e3ee69ec959154bc064e98543e76d,5fccb18775a1c53c589e1a644bcdca5c2966e2c9f1b72779e18c5571bee51811,1.12.5,SOSRI,paper_common,continuation,0.01,0.05,true,low,low,false,true,23260835,1.5e-6,0.1,60.0,1500.0,Success,Success,true,true,18.642156432697046,18.642156432697046,969.8046122201905,8.57473466422445e-12,2.920870837086807,8.57473466422445e-12,1,3,462.47636541455546,520.7699503616741,220842.07637861234,88.33100104808459,137006.70068814728,473.77863928100385,523.6889308454288,225270.33150612537,163.6129811711072,138180.92447407346
231,31,7f3bcef5a08e3ee69ec959154bc064e98543e76d,5fccb18775a1c53c589e1a644bcdca5c2966e2c9f1b72779e18c5571bee51811,1.12.5,SOSRI,paper_common,continuation,0.01,0.05,true,low,low,false,true,23260836,1.5e-6,0.1,60.0,1500.0,Success,Success,true,true,24.2509377693567,24.2509377693567,1000.5408326536495,8.435667122938463e-11,2.920870837034846,8.435667122938463e-11,2,3,24.2509377693567,598.2448548504137,334830.606204155,102.27342403801605,186353.15511928324,473.7786394413128,523.6889308884352,225270.33150990994,163.61298113595223,138180.9244805066
232,32,7f3bcef5a08e3ee69ec959154bc064e98543e76d,5fccb18775a1c53c589e1a644bcdca5c2966e2c9f1b72779e18c5571bee51811,1.12.5,SOSRI,paper_common,continuation,0.01,0.05,true,low,low,false,true,23260837,1.5e-6,0.1,60.0,1500.0,Success,Success,true,true,7.673588286938861,7.673588286938861,561.5707177373558,1.8101533968213572e-10,2.920870837210021,1.8101533968213572e-10,5,1,20.40310888365975,467.8670204587638,248931.2218990437,26.49768300733728,142243.0800306198,473.7786389005272,523.6889307225123,225270.33149598414,163.61298124305236,138180.92445696425
233,33,7f3bcef5a08e3ee69ec959154bc064e98543e76d,5fccb18775a1c53c589e1a644bcdca5c2966e2c9f1b72779e18c5571bee51811,1.12.5,SOSRI,paper_common,continuation,0.01,0.05,true,low,low,false,true,23260838,1.5e-6,0.1,60.0,1500.0,Success,Success,true,true,84.3392061117613,98.29020285070561,1205.6454586986717,1.5807686261418385e-10,2.9208708369860537,1.5807686261418385e-10,0,2,509.3386858015233,581.4291739447841,245374.1338305889,267.068565714836,147499.51147722325,473.7786395919487,523.6889309351652,225270.33151381728,163.61298110640175,138180.92448710944
234,34,7f3bcef5a08e3ee69ec959154bc064e98543e76d,5fccb18775a1c53c589e1a644bcdca5c2966e2c9f1b72779e18c5571bee51811,1.12.5,SOSRI,paper_common,continuation,0.01,0.05,true,low,low,false,true,23260839,1.5e-6,0.1,60.0,1500.0,Success,Success,true,true,88.13821678807108,430.9910439761901,17252.98080326579,4.940678839272034e-12,2.920870837089005,4.940678839272034e-12,0,2,11687.442504113516,1252.7453242900356,177409.8594564072,1778.5665503673654,86694.50207315586,473.7786392741244,523.6889308375643,225270.33150562827,163.61298116929729,138180.92447326588
235,35,7f3bcef5a08e3ee69ec959154bc064e98543e76d,5fccb18775a1c53c589e1a644bcdca5c2966e2c9f1b72779e18c5571bee51811,1.12.5,SOSRI,paper_common,continuation,0.01,0.05,true,low,low,false,true,23260840,1.5e-6,0.1,60.0,1500.0,Success,Success,true,true,123.37577432361476,431.96917371170827,7990.8156556994345,3.0852057024206173e-10,2.9208708368878247,3.0852057024206173e-10,0,4,4061.98974807486,936.9757972738475,218254.15152173617,1151.4615755607842,122777.6649191576,473.77863989505454,523.6889310195755,225270.3315211453,163.61298104163686,138180.92449954644
236,36,7f3bcef5a08e3ee69ec959154bc064e98543e76d,5fccb18775a1c53c589e1a644bcdca5c2966e2c9f1b72779e18c5571bee51811,1.12.5,SOSRI,paper_common,continuation,0.01,0.05,true,low,low,false,true,23260841,1.5e-6,0.1,60.0,1500.0,Success,Success,true,true,112.30271686781595,392.3950700459525,7075.463546262952,8.176686898080242e-11,2.9208708370364196,8.176686898080242e-11,1,2,3247.4878936251707,680.1573183276048,184432.71802846147,852.5216959903836,103169.70106810342,473.77863943647566,523.6889308881065,225270.33150984958,163.61298113754862,138180.92448039804
237,37,7f3bcef5a08e3ee69ec959154bc064e98543e76d,5fccb18775a1c53c589e1a644bcdca5c2966e2c9f1b72779e18c5571bee51811,1.12.5,SOSRI,paper_common,continuation,0.01,0.05,true,low,low,false,true,23260842,1.5e-6,0.1,60.0,1500.0,Success,Success,true,true,119.78562290980037,431.83986563419774,3216.22311923882,6.013704375453184e-12,2.9208708370878376,6.013704375453184e-12,1,2,1275.2585001046768,587.4108110485321,208653.72178151566,452.753677128519,124965.67148153993,473.77863927773865,523.6889308392373,225270.33150575275,163.61298116889213,138180.92447347305
238,38,7f3bcef5a08e3ee69ec959154bc064e98543e76d,5fccb18775a1c53c589e1a644bcdca5c2966e2c9f1b72779e18c5571bee51811,1.12.5,SOSRI,paper_common,continuation,0.01,0.05,true,low,low,false,true,23260843,1.5e-6,0.1,60.0,1500.0,Success,Success,true,true,99.78968543538143,165.05895295676217,998.7389103771073,8.098118120337037e-11,2.9208708371406655,8.098118120337037e-11,1,1,528.203188196151,491.8762591863278,205248.99081655033,117.67411294330412,127566.38817114891,473.778639114922,523.688930805981,225270.3315024882,163.6129812103435,138180.92446785982
239,39,7f3bcef5a08e3ee69ec959154bc064e98543e76d,5fccb18775a1c53c589e1a644bcdca5c2966e2c9f1b72779e18c5571bee51811,1.12.5,SOSRI,paper_common,continuation,0.01,0.05,true,low,low,false,true,23260844,1.5e-6,0.1,60.0,1500.0,Success,Success,true,true,80.13077886993358,83.60968704785064,910.5320053386708,3.5718405153987607e-10,2.920870837324283,3.5718405153987607e-10,1,2,185.6457974204514,546.2692906993425,255224.40859306854,185.09144703635576,149690.3259904184,473.7786385480279,523.6889306291432,225270.3314877287,163.61298132101342,138180.92444292438
240,40,7f3bcef5a08e3ee69ec959154bc064e98543e76d,5fccb18775a1c53c589e1a644bcdca5c2966e2c9f1b72779e18c5571bee51811,1.12.5,SOSRI,paper_common,continuation,0.01,0.05,true,low,low,false,true,23260845,1.5e-6,0.1,60.0,1500.0,Success,Success,true,true,99.47130737596947,417.84538305650585,3296.4531039945623,1.028983429415756e-10,2.9208708371544634,1.028983429415756e-10,0,1,596.3682110165234,496.8692942561831,204738.44322948685,251.222162254435,122909.17798567725,473.77863907239436,523.6889307971256,225270.3315016265,163.61298122107624,138180.9244663788
241,41,7f3bcef5a08e3ee69ec959154bc064e98543e76d,5fccb18775a1c53c589e1a644bcdca5c2966e2c9f1b72779e18c5571bee51811,1.12.5,SOSRI,paper_common,continuation,0.01,0.05,true,low,low,false,true,23260846,1.5e-6,0.1,60.0,1500.0,Success,Success,true,true,24.412042153030658,24.412042153030658,1577.1364257922105,4.7742770186243215e-11,2.9208708371194727,4.7742770186243215e-11,1,3,39.44957614585499,465.689386246597,242923.3333261709,97.39170309608443,137569.9819875517,473.7786391802598,523.6889308205999,225270.3315038691,163.61298119441324,138180.9244702246
242,42,7f3bcef5a08e3ee69ec959154bc064e98543e76d,5fccb18775a1c53c589e1a644bcdca5c2966e2c9f1b72779e18c5571bee51811,1.12.5,SOSRI,paper_common,continuation,0.01,0.05,true,low,low,false,true,23260847,1.5e-6,0.1,60.0,1500.0,Success,Success,true,true,132.57638001064106,421.709450167756,11554.034813267397,9.104521891028624e-11,2.9208708370318903,9.104521891028624e-11,1,2,3571.474659208649,852.8801292183894,214584.1575476456,1275.9206415545389,105824.35424446457,473.77863945027167,523.6889308810057,225270.33150957467,163.61298112856744,138180.9244799977
243,43,7f3bcef5a08e3ee69ec959154bc064e98543e76d,5fccb18775a1c53c589e1a644bcdca5c2966e2c9f1b72779e18c5571bee51811,1.12.5,SOSRI,paper_common,continuation,0.01,0.05,true,low,low,false,true,23260848,1.5e-6,0.1,60.0,1500.0,Success,Success,true,true,129.75982164065695,443.9589251664013,7172.269909277661,6.54637346606468e-11,2.9208708370483967,6.54637346606468e-11,2,2,3751.6448037491123,503.2650351655764,136884.24451517916,438.3702454374803,84511.3259995561,473.7786393993581,523.6889308681126,225270.3315084154,163.6129811401524,138180.9244780222
244,44,7f3bcef5a08e3ee69ec959154bc064e98543e76d,5fccb18775a1c53c589e1a644bcdca5c2966e2c9f1b72779e18c5571bee51811,1.12.5,SOSRI,paper_common,continuation,0.01,0.05,true,low,low,false,true,23260849,1.5e-6,0.1,60.0,1500.0,Success,Success,true,true,46.0791942144293,46.0791942144293,2999.370807851653,3.030153758724085e-11,2.9208708371083496,3.030153758724085e-11,0,1,2301.8398709244602,607.6139547027208,192589.37505736874,384.28623576514707,121034.86802391396,473.77863921454616,523.6889308278878,225270.33150457233,163.61298118583863,138180.92447143188
245,45,7f3bcef5a08e3ee69ec959154bc064e98543e76d,5fccb18775a1c53c589e1a644bcdca5c2966e2c9f1b72779e18c5571bee51811,1.12.5,SOSRI,paper_common,continuation,0.01,0.05,true,low,low,false,true,23260850,1.5e-6,0.1,60.0,1500.0,Success,Success,true,true,59.32515383604145,130.30182089812672,533.0766762534319,3.614372385250005e-11,2.92087083706713,3.614372385250005e-11,3,3,528.6940371038199,456.4836315610842,186625.98909203726,80.24718547472249,117386.40532476387,473.77863934160285,523.6889308550903,225270.33150718934,163.6129811541801,138180.92447592277
246,46,7f3bcef5a08e3ee69ec959154bc064e98543e76d,5fccb18775a1c53c589e1a644bcdca5c2966e2c9f1b72779e18c5571bee51811,1.12.5,SOSRI,paper_common,continuation,0.01,0.05,true,low,low,false,true,23260851,1.5e-6,0.1,60.0,1500.0,Success,Success,true,true,40.811501190285604,40.811501190285604,881.435722346173,3.9391643013302225e-11,2.9208708371121745,3.9391643013302225e-11,2,2,40.811501190285604,518.9898496770682,276203.447487023,157.18032664978378,154813.88851758724,473.77863920287444,523.6889308328194,225270.3315047449,163.61298119284325,138180.92447167562
247,47,7f3bcef5a08e3ee69ec959154bc064e98543e76d,5fccb18775a1c53c589e1a644bcdca5c2966e2c9f1b72779e18c5571bee51811,1.12.5,SOSRI,paper_common,continuation,0.01,0.05,true,low,low,false,true,23260852,1.5e-6,0.1,60.0,1500.0,Success,Success,true,true,100.85252239136497,351.76029111669857,2399.814689089066,7.395196632278639e-12,2.9208708370907086,7.395196632278639e-12,1,3,842.1400954496023,571.196833567731,227356.20898145298,363.9098133911168,135818.12634707606,473.7786392689542,523.6889308414692,225270.33150580048,163.6129811733472,138180.92447352567
248,48,7f3bcef5a08e3ee69ec959154bc064e98543e76d,5fccb18775a1c53c589e1a644bcdca5c2966e2c9f1b72779e18c5571bee51811,1.12.5,SOSRI,paper_common,continuation,0.01,0.05,true,low,low,false,true,23260853,1.5e-6,0.1,60.0,1500.0,Success,Success,true,true,22.258351610768674,22.258351610768674,1470.6664691475594,2.8468536915862602e-11,2.920870837071956,2.8468536915862602e-11,1,2,30.95252335778679,457.6106647058366,240817.13568005493,113.79992511014004,135043.97101922505,473.77863932674217,523.688930852803,225270.33150693303,163.61298115837747,138180.9244754765
249,49,7f3bcef5a08e3ee69ec959154bc064e98543e76d,5fccb18775a1c53c589e1a644bcdca5c2966e2c9f1b72779e18c5571bee51811,1.12.5,SOSRI,paper_common,continuation,0.01,0.05,true,low,low,false,true,23260854,1.5e-6,0.1,60.0,1500.0,Success,Success,true,true,99.68604701778273,273.4727473778446,3599.474032639901,1.2132845934257292e-11,2.920870837082959,1.2132845934257292e-11,1,3,1942.992392630455,872.9900250705866,281929.0223660354,934.0561951269742,161272.3193487114,473.7786392927987,523.6889308437942,225270.33150613704,163.61298116587483,138180.924474123
250,50,7f3bcef5a08e3ee69ec959154bc064e98543e76d,5fccb18775a1c53c589e1a644bcdca5c2966e2c9f1b72779e18c5571bee51811,1.12.5,SOSRI,paper_common,continuation,0.01,0.05,true,low,low,false,true,23260855,1.5e-6,0.1,60.0,1500.0,Success,Success,true,true,0.08818220608191384,0.08818220608191384,727.2073724521979,1.3018923828102312e-11,2.9208708370823273,1.3018923828102312e-11,2,1,0.7349036308256327,422.0064925995985,256126.30299495364,21.369695038009883,133285.6356162011,473.7786392947514,523.6889308444629,225270.33150619105,163.61298116552817,138180.92447421406
251,51,7f3bcef5a08e3ee69ec959154bc064e98543e76d,5fccb18775a1c53c589e1a644bcdca5c2966e2c9f1b72779e18c5571bee51811,1.12.5,SOSRI,paper_common,continuation,0.01,0.05,true,low,low,false,true,23260856,1.5e-6,0.1,60.0,1500.0,Success,Success,true,true,110.64583621103927,433.95390858956614,6995.80996408642,2.551159444237198e-10,2.920870837257464,2.551159444237198e-10,0,3,3204.188381376348,545.8930682376239,152277.03190974792,611.4915752657101,88942.64740930394,473.7786387542371,523.688930688117,225270.33149279995,163.6129812778087,138180.9244515219
252,52,7f3bcef5a08e3ee69ec959154bc064e98543e76d,5fccb18775a1c53c589e1a644bcdca5c2966e2c9f1b72779e18c5571bee51811,1.12.5,SOSRI,paper_common,continuation,0.01,0.05,true,low,low,false,true,23260857,1.5e-6,0.1,60.0,1500.0,Success,Success,true,true,66.15041704275654,69.87728143411778,1586.9996490502233,1.4423183114706776e-10,2.920870836997013,1.4423183114706776e-10,0,2,1429.6232865257846,517.3483569602763,185101.3479522701,222.3026240388018,117213.3346689057,473.7786395579092,523.6889309119963,225270.3315122337,163.612981106123,138180.92448450424
253,53,7f3bcef5a08e3ee69ec959154bc064e98543e76d,5fccb18775a1c53c589e1a644bcdca5c2966e2c9f1b72779e18c5571bee51811,1.12.5,SOSRI,paper_common,continuation,0.01,0.05,true,low,low,false,true,23260858,1.5e-6,0.1,60.0,1500.0,Success,Success,true,true,115.10151031753318,304.58800842508913,1867.2594875614454,8.555742411499264e-11,2.9208708370339314,8.555742411499264e-11,1,1,1278.7097901450488,512.2027128748159,187665.08140863196,205.39736505323586,118091.60896467994,473.7786394441515,523.6889308903037,225270.33151003858,163.61298113593668,138180.9244807184
254,54,7f3bcef5a08e3ee69ec959154bc064e98543e76d,5fccb18775a1c53c589e1a644bcdca5c2966e2c9f1b72779e18c5571bee51811,1.12.5,SOSRI,paper_common,continuation,0.01,0.05,true,low,low,false,true,23260859,1.5e-6,0.1,60.0,1500.0,Success,Success,true,true,34.737207438686646,34.737207438686646,531.8076191469895,1.8685792559852248e-10,2.9208708369683434,1.8685792559852248e-10,4,1,107.02150785116382,633.6575424460203,319574.5054958462,94.52544104105426,187555.00555552458,473.7786396464693,523.6889309423666,225270.33151469188,163.61298109035263,138180.92448864167
255,55,7f3bcef5a08e3ee69ec959154bc064e98543e76d,5fccb18775a1c53c589e1a644bcdca5c2966e2c9f1b72779e18c5571bee51811,1.12.5,SOSRI,paper_common,continuation,0.01,0.05,true,low,low,false,true,23260860,1.5e-6,0.1,60.0,1500.0,Success,Success,true,true,21.632158797775165,21.632158797775165,2572.265890769115,1.6040658989363383e-10,2.9208708369840877,1.6040658989363383e-10,0,2,1589.818474819045,542.3454779658402,183098.18800947402,118.03991302868101,118752.15705988287,473.7786395980736,523.6889309405066,225270.3315141677,163.61298110709635,138180.92448768186
256,56,7f3bcef5a08e3ee69ec959154bc064e98543e76d,5fccb18775a1c53c589e1a644bcdca5c2966e2c9f1b72779e18c5571bee51811,1.12.5,SOSRI,paper_common,continuation,0.01,0.05,true,low,high,true,true,23260861,1.5e-6,0.1,60.0,1500.0,Success,Success,true,true,103.29801975972366,418.2135178836147,24278.878368588597,2.920870837091972,5.354541634199496e-11,5.354541634199496e-11,0,0,24278.878368588597,1076.9673676107118,103044.79545249706,1214.1055760464176,56497.116501310506,9.7214606896118e6,486100.9594168072,718.4943420980868,15.801874051920256,205.63500456478576
257,57,7f3bcef5a08e3ee69ec959154bc064e98543e76d,5fccb18775a1c53c589e1a644bcdca5c2966e2c9f1b72779e18c5571bee51811,1.12.5,SOSRI,paper_common,continuation,0.01,0.05,true,low,low,false,true,23260862,1.5e-6,0.1,60.0,1500.0,Success,Success,true,true,87.30538609219059,397.33899523009256,5971.397950931128,6.331904822633054e-11,2.9208708370475303,6.331904822633054e-11,0,3,2146.687772127889,495.78402082596205,156857.1958846942,503.31390184326716,91855.43995252192,473.7786394024506,523.6889308946043,225270.3315099149,163.6129811536255,138180.92448041245
258,58,7f3bcef5a08e3ee69ec959154bc064e98543e76d,5fccb18775a1c53c589e1a644bcdca5c2966e2c9f1b72779e18c5571bee51811,1.12.5,SOSRI,paper_common,continuation,0.01,0.05,true,low,low,false,true,23260863,1.5e-6,0.1,60.0,1500.0,Success,Success,true,true,6.27699872015442,6.27699872015442,732.3537285562973,1.7811699970798676e-10,2.920870837205749,1.7811699970798676e-10,5,3,6.27699872015442,643.9700226623507,390406.0608475907,72.60308382090686,209415.13998580197,473.7786389139644,523.6889307419865,225270.3314971835,163.61298124885448,138180.92445890486
259,59,7f3bcef5a08e3ee69ec959154bc064e98543e76d,5fccb18775a1c53c589e1a644bcdca5c2966e2c9f1b72779e18c5571bee51811,1.12.5,SOSRI,paper_common,continuation,0.01,0.05,true,low,low,false,true,23260864,1.5e-6,0.1,60.0,1500.0,Success,Success,true,true,115.52722212913197,187.2247792203778,1788.8958982781216,8.686420450519986e-12,2.920870837088686,8.686420450519986e-12,1,1,1788.8958982781216,406.4229026497692,132291.82116660668,185.3376576349829,84932.62647497555,473.77863927493223,523.6889308268525,225270.33150503982,163.61298116309322,138180.92447233334
260,60,7f3bcef5a08e3ee69ec959154bc064e98543e76d,5fccb18775a1c53c589e1a644bcdca5c2966e2c9f1b72779e18c5571bee51811,1.12.5,SOSRI,paper_common,continuation,0.01,0.05,true,low,low,false,true,23260865,1.5e-6,0.1,60.0,1500.0,Success,Success,true,true,21.464149757024664,21.464149757024664,1361.262529121697,6.358500800000682e-11,2.9208708371308663,6.358500800000682e-11,1,2,21.464149757024664,553.6064737174942,311215.56031683413,118.79632634741616,172502.1508238494,473.7786391450325,523.6889308064269,225270.3315027749,163.61298119953412,138180.92446839402
261,61,7f3bcef5a08e3ee69ec959154bc064e98543e76d,5fccb18775a1c53c589e1a644bcdca5c2966e2c9f1b72779e18c5571bee51811,1.12.5,SOSRI,paper_common,continuation,0.01,0.05,true,low,low,false,true,23260866,1.5e-6,0.1,60.0,1500.0,Success,Success,true,true,2.907625070725684,2.907625070725684,1227.6986514306304,3.5099477397465293e-10,2.9208708373166314,3.5099477397465293e-10,0,3,1106.1975583945427,448.06407116249096,162848.57163248328,134.81536079676056,103829.52708116607,473.77863857200566,523.6889306584657,225270.331489567,163.61298132837663,138180.92444590776
262,62,7f3bcef5a08e3ee69ec959154bc064e98543e76d,5fccb18775a1c53c589e1a644bcdca5c2966e2c9f1b72779e18c5571bee51811,1.12.5,SOSRI,paper_common,continuation,0.01,0.05,true,low,low,false,true,23260867,1.5e-6,0.1,60.0,1500.0,Success,Success,true,true,60.69250500298273,66.06269181459061,1544.8123883039746,8.982084341569235e-11,2.9208708371496157,8.982084341569235e-11,3,2,818.8905344048693,633.6363843954907,248790.02542689047,303.88859457588114,151458.3372774733,473.7786390870213,523.688930780672,225270.3315008386,163.61298120663636,138180.92446516603
263,63,7f3bcef5a08e3ee69ec959154bc064e98543e76d,5fccb18775a1c53c589e1a644bcdca5c2966e2c9f1b72779e18c5571bee51811,1.12.5,SOSRI,paper_common,continuation,0.01,0.05,true,low,low,false,true,23260868,1.5e-6,0.1,60.0,1500.0,Success,Success,true,true,120.58896730797971,442.33820399603405,16450.66636470335,1.9786226683823003e-11,2.9208708371014733,1.9786226683823003e-11,0,1,9947.805371390901,1142.95032678127,173158.06805457827,1689.4941798191635,79214.15054675087,473.77863923574375,523.6889308325531,225270.33150501593,163.61298118062976,138180.9244721923
264,64,7f3bcef5a08e3ee69ec959154bc064e98543e76d,5fccb18775a1c53c589e1a644bcdca5c2966e2c9f1b72779e18c5571bee51811,1.12.5,SOSRI,paper_common,continuation,0.01,0.05,true,low,low,false,true,23260869,1.5e-6,0.1,60.0,1500.0,Success,Success,true,true,32.34389975916242,32.34389975916242,966.2039347614376,8.988768102768135e-11,2.9208708371481915,8.988768102768135e-11,1,2,32.34389975916242,648.0154745566215,348672.5185029651,214.173430558871,190966.03849062737,473.778639091564,523.6889307910039,225270.33150145263,163.6129812106646,138180.924466153
265,65,7f3bcef5a08e3ee69ec959154bc064e98543e76d,5fccb18775a1c53c589e1a644bcdca5c2966e2c9f1b72779e18c5571bee51811,1.12.5,SOSRI,paper_common,continuation,0.01,0.05,true,low,low,false,true,23260870,1.5e-6,0.1,60.0,1500.0,Success,Success,true,true,63.325151033764364,89.80796466618492,1676.6260719611537,2.6720566801926746e-11,2.9208708370739678,2.6720566801926746e-11,2,1,275.3507754585934,442.0157921894577,194456.02070172422,88.81108087303605,118238.79560508329,473.77863932085114,523.6889308707617,225270.33150788,163.61298117043918,138180.92447696562
266,66,7f3bcef5a08e3ee69ec959154bc064e98543e76d,5fccb18775a1c53c589e1a644bcdca5c2966e2c9f1b72779e18c5571bee51811,1.12.5,SOSRI,paper_common,continuation,0.01,0.05,true,low,low,false,true,23260871,1.5e-6,0.1,60.0,1500.0,Success,Success,true,true,23.90292519577195,23.90292519577195,574.2104556507338,4.2523030189691355e-11,2.9208708370639402,4.2523030189691355e-11,7,2,118.91199397437315,417.1142509574474,197169.2618760589,33.20134273217467,118895.70430883275,473.77863935134945,523.6889308517,225270.33150708544,163.61298114873475,138180.9244757837
267,67,7f3bcef5a08e3ee69ec959154bc064e98543e76d,5fccb18775a1c53c589e1a644bcdca5c2966e2c9f1b72779e18c5571bee51811,1.12.5,SOSRI,paper_common,continuation,0.01,0.05,true,low,low,false,true,23260872,1.5e-6,0.1,60.0,1500.0,Success,Success,true,true,17.90573710239043,17.90573710239043,516.1185989718348,2.624504116422659e-10,2.920870837258224,2.624504116422659e-10,1,2,327.5082759100457,426.7111984441474,173520.61834591444,33.88447934773626,109036.13735104579,473.7786387522851,523.6889307119152,225270.33149410572,163.61298129164513,138180.92445359126
268,68,7f3bcef5a08e3ee69ec959154bc064e98543e76d,5fccb18775a1c53c589e1a644bcdca5c2966e2c9f1b72779e18c5571bee51811,1.12.5,SOSRI,paper_common,continuation,0.01,0.05,true,low,low,false,true,23260873,1.5e-6,0.1,60.0,1500.0,Success,Success,true,true,85.54805958782401,295.4640140528091,3854.378308371199,1.6903411968852308e-10,2.9208708371994434,1.6903411968852308e-10,0,1,3854.378308371199,658.5661934266327,192008.2143803239,445.56818650963925,122113.41527741417,473.7786389334607,523.6889307496364,225270.33149777813,163.61298124591474,138180.92445990082
269,69,7f3bcef5a08e3ee69ec959154bc064e98543e76d,5fccb18775a1c53c589e1a644bcdca5c2966e2c9f1b72779e18c5571bee51811,1.12.5,SOSRI,paper_common,continuation,0.01,0.05,true,low,low,false,true,23260874,1.5e-6,0.1,60.0,1500.0,Success,Success,true,true,111.2442192330659,442.8308481236619,7054.462431191719,1.8220495166342614e-10,2.9208708369668215,1.8220495166342614e-10,0,1,2171.3889942682777,694.4763523563264,198812.67465285983,889.4519884060833,107928.37040827396,473.77863965189323,523.6889309889,225270.33151732577,163.61298111401476,138180.9244928398
270,70,7f3bcef5a08e3ee69ec959154bc064e98543e76d,5fccb18775a1c53c589e1a644bcdca5c2966e2c9f1b72779e18c5571bee51811,1.12.5,SOSRI,paper_common,continuation,0.01,0.05,true,low,low,false,true,23260875,1.5e-6,0.1,60.0,1500.0,Success,Success,true,true,25.40660117963857,25.40660117963857,509.9043124691849,2.0118651295511224e-11,2.9208708370989847,2.0118651295511224e-11,3,2,26.957430224170928,478.10332699629146,258786.98621477472,39.17837612499945,148270.65463717197,473.77863924353784,523.6889308417101,225270.3315055928,163.61298118281687,138180.924473129
271,71,7f3bcef5a08e3ee69ec959154bc064e98543e76d,5fccb18775a1c53c589e1a644bcdca5c2966e2c9f1b72779e18c5571bee51811,1.12.5,SOSRI,paper_common,continuation,0.01,0.05,true,low,low,false,true,23260876,1.5e-6,0.1,60.0,1500.0,Success,Success,true,true,29.969442600525102,33.86012940918127,1213.6817513510491,8.467292789538867e-11,2.9208708371458303,8.467292789538867e-11,1,2,1213.6817513510491,468.941380072077,163346.59139487942,82.17142151084064,106216.43293462796,473.778639098749,523.688930786765,225270.3315012794,163.61298120568947,138180.92446589682
272,72,7f3bcef5a08e3ee69ec959154bc064e98543e76d,5fccb18775a1c53c589e1a644bcdca5c2966e2c9f1b72779e18c5571bee51811,1.12.5,SOSRI,paper_common,continuation,0.01,0.05,true,low,low,false,true,23260877,1.5e-6,0.1,60.0,1500.0,Success,Success,true,true,16.71327225309706,16.71327225309706,1232.477357676676,7.114156082696068e-11,2.920870837044449,7.114156082696068e-11,0,1,142.13630238790986,590.034361642795,281883.69785177894,66.94846203609885,168053.4953057349,473.77863941156266,523.6889308730442,225270.33150879573,163.6129811383886,138180.92447865842
273,73,7f3bcef5a08e3ee69ec959154bc064e98543e76d,5fccb18775a1c53c589e1a644bcdca5c2966e2c9f1b72779e18c5571bee51811,1.12.5,SOSRI,paper_common,continuation,0.01,0.05,true,low,low,false,true,23260878,1.5e-6,0.1,60.0,1500.0,Success,Success,true,true,123.33965120711753,330.80862745479783,2903.2282539270873,9.946561491001917e-11,2.920870837153779,9.946561491001917e-11,1,2,2903.2282539270873,583.8383784510715,179807.64959735956,395.59015741911503,113431.7421498451,473.7786390743829,523.6889307899052,225270.33150124195,163.6129812163701,138180.9244657734
274,74,7f3bcef5a08e3ee69ec959154bc064e98543e76d,5fccb18775a1c53c589e1a644bcdca5c2966e2c9f1b72779e18c5571bee51811,1.12.5,SOSRI,paper_common,continuation,0.01,0.05,true,low,high,true,true,23260879,1.5e-6,0.1,60.0,1500.0,Success,Success,true,true,120.1829219928645,423.9103735417875,31851.735487099402,2.9208708370916487,1.0258524425284974e-10,1.0258524425284974e-10,0,0,31851.735487099402,1948.8032151414943,152631.61665418197,2323.0235252923308,66832.17388805983,9.721460689611804e6,486100.95941680716,718.494342098087,15.801874048184796,205.63500458302948
275,75,7f3bcef5a08e3ee69ec959154bc064e98543e76d,5fccb18775a1c53c589e1a644bcdca5c2966e2c9f1b72779e18c5571bee51811,1.12.5,SOSRI,paper_common,continuation,0.01,0.05,true,low,low,false,true,23260880,1.5e-6,0.1,60.0,1500.0,Success,Success,true,true,104.71085060812919,382.323328778481,3610.57218619071,4.1000987484664963e-10,2.920870837358351,4.1000987484664963e-10,1,3,3610.57218619071,525.223936901145,147123.4209307471,427.1122153749946,91878.87043166098,473.7786384429486,523.6889306025048,225270.33148533423,163.6129813449139,138180.92443884467
276,76,7f3bcef5a08e3ee69ec959154bc064e98543e76d,5fccb18775a1c53c589e1a644bcdca5c2966e2c9f1b72779e18c5571bee51811,1.12.5,SOSRI,paper_common,continuation,0.01,0.05,true,low,low,false,true,23260881,1.5e-6,0.1,60.0,1500.0,Success,Success,true,true,65.49463407674399,135.92262471963693,8416.537787108075,4.702630791234495e-10,2.9208708367818947,4.702630791234495e-10,1,3,7357.95286577336,821.1185898376951,170696.74270697514,836.5580846308601,104716.45096737119,473.7786402219663,523.6889311133524,225270.33152920124,163.612980973296,138180.92451320187
277,77,7f3bcef5a08e3ee69ec959154bc064e98543e76d,5fccb18775a1c53c589e1a644bcdca5c2966e2c9f1b72779e18c5571bee51811,1.12.5,SOSRI,paper_common,continuation,0.01,0.05,true,low,low,false,true,23260882,1.5e-6,0.1,60.0,1500.0,Success,Success,true,true,98.3654268612878,235.96300798908953,3047.0890719794797,1.0720855718073766e-11,2.9208708370886534,1.0720855718073766e-11,1,1,3028.1865473917005,513.1312576645372,152063.33357715674,391.40691973144936,94960.35901529508,473.7786392749825,523.6889308237767,225270.33150486936,163.61298116137948,138180.92447206253
278,78,7f3bcef5a08e3ee69ec959154bc064e98543e76d,5fccb18775a1c53c589e1a644bcdca5c2966e2c9f1b72779e18c5571bee51811,1.12.5,SOSRI,paper_common,continuation,0.01,0.05,true,low,high,true,true,23260883,1.5e-6,0.1,60.0,1500.0,Success,Success,true,true,107.52364334852138,425.18406532999813,17543.509120941344,2.920870837091249,6.451494708392139e-11,6.451494708392139e-11,0,0,16056.859389791012,1133.1944038402314,152345.62015891634,1401.6379282029036,86401.81993902092,9.7214606896118e6,486100.9594168072,718.4943420980869,15.801874051126195,205.63500457026512
279,79,7f3bcef5a08e3ee69ec959154bc064e98543e76d,5fccb18775a1c53c589e1a644bcdca5c2966e2c9f1b72779e18c5571bee51811,1.12.5,SOSRI,paper_common,continuation,0.01,0.05,true,low,low,false,true,23260884,1.5e-6,0.1,60.0,1500.0,Success,Success,true,true,1.5269397335085189,1.5269397335085189,619.9753533612795,3.9071471476425437e-11,2.920870837112293,3.9071471476425437e-11,0,2,114.76200207728238,510.24699048271106,238289.13905642854,32.48379931090818,142362.91181473847,473.77863920249274,523.6889308316255,225270.3315046753,163.6129811923278,138180.92447156372
280,80,7f3bcef5a08e3ee69ec959154bc064e98543e76d,5fccb18775a1c53c589e1a644bcdca5c2966e2c9f1b72779e18c5571bee51811,1.12.5,SOSRI,paper_common,continuation,0.01,0.05,true,low,low,false,true,23260885,1.5e-6,0.1,60.0,1500.0,Success,Success,true,true,54.08317848472597,93.83043525943954,1149.6380788878619,4.82422665140685e-11,2.9208708370590903,4.82422665140685e-11,2,1,619.5587759778141,293.4966102935276,107647.57386619877,54.08317848472597,69346.28723998685,473.77863936642325,523.6889308627931,225270.33150783335,163.61298114931333,138180.92447701097
281,81,7f3bcef5a08e3ee69ec959154bc064e98543e76d,5fccb18775a1c53c589e1a644bcdca5c2966e2c9f1b72779e18c5571bee51811,1.12.5,SOSRI,paper_common,continuation,0.01,0.05,true,low,low,false,true,23260886,1.5e-6,0.1,60.0,1500.0,Success,Success,true,true,132.68766549662269,301.90599039630104,1175.3035235308505,8.557757485562646e-11,2.9208708370344354,8.557757485562646e-11,0,1,301.90599039630104,789.5857527671998,352209.85717846296,384.3287271493126,203946.5719950396,473.7786394425317,523.6889308857602,225270.33150977182,163.61298113402972,138180.92448029044
282,82,7f3bcef5a08e3ee69ec959154bc064e98543e76d,5fccb18775a1c53c589e1a644bcdca5c2966e2c9f1b72779e18c5571bee51811,1.12.5,SOSRI,paper_common,continuation,0.01,0.05,true,low,low,false,true,23260887,1.5e-6,0.1,60.0,1500.0,Success,Success,true,true,112.70232942927967,272.22086050704485,708.7544551613892,3.1085946569690776e-11,2.920870837070486,3.1085946569690776e-11,0,2,401.7978774013131,454.7338903044014,194942.40158710408,129.55854692562227,119593.29024432728,473.7786393312443,523.6889308519744,225270.33150692598,163.6129811562658,138180.9244754775
283,83,7f3bcef5a08e3ee69ec959154bc064e98543e76d,5fccb18775a1c53c589e1a644bcdca5c2966e2c9f1b72779e18c5571bee51811,1.12.5,SOSRI,paper_common,continuation,0.01,0.05,true,low,low,false,true,23260888,1.5e-6,0.1,60.0,1500.0,Success,Success,true,true,70.92840992653007,73.70122531624736,1003.797534631852,2.0658752105616977e-10,2.920870837222769,2.0658752105616977e-10,2,2,180.80342493669028,517.9881926681295,243219.37652371143,112.10463261261286,144911.20409196508,473.77863886159224,523.6889307364917,225270.3314964225,163.61298126505642,138180.9244575585
284,84,7f3bcef5a08e3ee69ec959154bc064e98543e76d,5fccb18775a1c53c589e1a644bcdca5c2966e2c9f1b72779e18c5571bee51811,1.12.5,SOSRI,paper_common,continuation,0.01,0.05,true,low,low,false,true,23260889,1.5e-6,0.1,60.0,1500.0,Success,Success,true,true,45.842998097769915,77.2466008565067,554.7127141016235,7.258423015448377e-12,2.9208708370900265,7.258423015448377e-12,2,2,554.7127141016235,370.27493674734086,141417.3534886761,49.655005314177835,90509.31490742281,473.77863927105966,523.6889308421197,225270.3315058548,163.6129811729349,138180.9244736177
285,85,7f3bcef5a08e3ee69ec959154bc064e98543e76d,5fccb18775a1c53c589e1a644bcdca5c2966e2c9f1b72779e18c5571bee51811,1.12.5,SOSRI,paper_common,continuation,0.01,0.05,true,low,low,false,true,23260890,1.5e-6,0.1,60.0,1500.0,Success,Success,true,true,95.34378762836837,152.1898041267849,1857.0109576743407,6.516640695816925e-11,2.9208708371300864,6.516640695816925e-11,1,2,280.0232947822328,569.4800741307963,261346.63646548914,197.3182600668328,154884.2586408362,473.77863914757484,523.6889308155762,225270.33150330558,163.6129812036424,138180.92446924374
286,86,7f3bcef5a08e3ee69ec959154bc064e98543e76d,5fccb18775a1c53c589e1a644bcdca5c2966e2c9f1b72779e18c5571bee51811,1.12.5,SOSRI,paper_common,continuation,0.01,0.05,true,low,low,false,true,23260891,1.5e-6,0.1,60.0,1500.0,Success,Success,true,true,82.65620235364575,82.65620235364575,2523.8355388831037,2.1565559353308086e-11,2.9208708371026177,2.1565559353308086e-11,2,2,136.73712583040964,417.41839821656845,193260.974982235,132.631805640956,113266.14064746958,473.7786392322178,523.6889308319019,225270.33150494905,163.612981181564,138180.9244720768
287,87,7f3bcef5a08e3ee69ec959154bc064e98543e76d,5fccb18775a1c53c589e1a644bcdca5c2966e2c9f1b72779e18c5571bee51811,1.12.5,SOSRI,paper_common,continuation,0.01,0.05,true,low,low,false,true,23260892,1.5e-6,0.1,60.0,1500.0,Success,Success,true,true,107.76084983632087,431.23336195557016,5034.434428718323,1.0300523455197784e-11,2.9208708370938266,1.0300523455197784e-11,1,2,3897.7212405107316,665.491455097359,176556.5444215001,671.5709165584846,106788.02090968289,473.7786392593503,523.6889308397369,225270.33150562068,163.6129811759198,138180.92447321478
288,88,7f3bcef5a08e3ee69ec959154bc064e98543e76d,5fccb18775a1c53c589e1a644bcdca5c2966e2c9f1b72779e18c5571bee51811,1.12.5,SOSRI,paper_common,continuation,0.01,0.05,true,low,low,false,true,23260893,1.5e-6,0.1,60.0,1500.0,Success,Success,true,true,110.18140027717263,280.26220418148887,1496.7202462931857,2.054238794152529e-11,2.9208708370772194,2.054238794152529e-11,3,2,1116.01238764698,538.863590555109,203690.6826620749,249.1795115134249,126694.00303650739,473.778639310503,523.6889308483686,225270.33150654522,163.6129811618948,138180.924474818
289,89,7f3bcef5a08e3ee69ec959154bc064e98543e76d,5fccb18775a1c53c589e1a644bcdca5c2966e2c9f1b72779e18c5571bee51811,1.12.5,SOSRI,paper_common,continuation,0.01,0.05,true,low,low,false,true,23260894,1.5e-6,0.1,60.0,1500.0,Success,Success,true,true,52.89373310250884,122.15979210414972,969.445213664503,1.7344722491982679e-10,2.9208708372010586,1.7344722491982679e-10,4,1,470.3808009103682,545.7556423220014,233226.4744875061,190.93877831812043,141786.0429839994,473.77863892858835,523.6889307553839,225270.33149805537,163.6129812508705,138180.9244603284
290,90,7f3bcef5a08e3ee69ec959154bc064e98543e76d,5fccb18775a1c53c589e1a644bcdca5c2966e2c9f1b72779e18c5571bee51811,1.12.5,SOSRI,paper_common,continuation,0.01,0.05,true,low,low,false,true,23260895,1.5e-6,0.1,60.0,1500.0,Success,Success,true,true,2.617047688907684,2.617047688907684,536.6291446278954,3.2781375680748054e-11,2.9208708370691427,3.2781375680748054e-11,5,3,75.4515632707252,488.3630125448134,243550.96254078264,27.947098062621354,143918.8497652866,473.7786393354171,523.688930854928,225270.33150712657,163.61298115636168,138180.92447580685
291,91,7f3bcef5a08e3ee69ec959154bc064e98543e76d,5fccb18775a1c53c589e1a644bcdca5c2966e2c9f1b72779e18c5571bee51811,1.12.5,SOSRI,paper_common,continuation,0.01,0.05,true,low,low,false,true,23260896,1.5e-6,0.1,60.0,1500.0,Success,Success,true,true,72.88438165075036,72.88438165075036,1326.8627694170489,6.39155647191322e-11,2.9208708370487764,6.39155647191322e-11,1,1,326.09766140768437,522.3197926324488,232045.57529061454,127.72253850232191,140361.78868401353,473.77863939825744,523.6889308720864,225270.33150862672,163.61298114274862,138180.92447835507
292,92,7f3bcef5a08e3ee69ec959154bc064e98543e76d,5fccb18775a1c53c589e1a644bcdca5c2966e2c9f1b72779e18c5571bee51811,1.12.5,SOSRI,paper_common,continuation,0.01,0.05,true,low,low,false,true,23260897,1.5e-6,0.1,60.0,1500.0,Success,Success,true,true,100.06683417196177,404.6226507608017,6352.714670262134,3.928745839944176e-11,2.9208708371161727,3.928745839944176e-11,1,2,2757.3775514164654,589.1064659255678,169162.45328431824,685.1957331993881,96172.41886926311,473.77863919025833,523.6889308121266,225270.33150348504,163.61298118606584,138180.9244696409
293,93,7f3bcef5a08e3ee69ec959154bc064e98543e76d,5fccb18775a1c53c589e1a644bcdca5c2966e2c9f1b72779e18c5571bee51811,1.12.5,SOSRI,paper_common,continuation,0.01,0.05,true,low,low,false,true,23260898,1.5e-6,0.1,60.0,1500.0,Success,Success,true,true,104.80809643554524,453.7374940428366,8271.04772854091,1.2274253511857682e-11,2.920870837082941,1.2274253511857682e-11,0,1,5181.790329509561,559.5375424453946,131969.91323869748,652.1882988212377,77148.47899377732,473.778639292828,523.688930842296,225270.33150605403,163.6129811650371,138180.92447399115
294,94,7f3bcef5a08e3ee69ec959154bc064e98543e76d,5fccb18775a1c53c589e1a644bcdca5c2966e2c9f1b72779e18c5571bee51811,1.12.5,SOSRI,paper_common,continuation,0.01,0.05,true,low,low,false,true,23260899,1.5e-6,0.1,60.0,1500.0,Success,Success,true,true,105.87189376608077,242.16275520707146,3033.896366714052,1.1285093725955264e-11,2.9208708370952037,1.1285093725955264e-11,0,2,2422.191006391245,607.8843637058401,192495.24367693026,517.6954444220421,117074.87049592579,473.77863925508314,523.6889308376603,225270.33150546812,163.6129811763412,138180.92447296137
295,95,7f3bcef5a08e3ee69ec959154bc064e98543e76d,5fccb18775a1c53c589e1a644bcdca5c2966e2c9f1b72779e18c5571bee51811,1.12.5,SOSRI,paper_common,continuation,0.01,0.05,true,low,low,false,true,23260900,1.5e-6,0.1,60.0,1500.0,Success,Success,true,true,94.9077652163253,149.5575289623676,2699.730492341795,1.7731379091528218e-11,2.920870837099565,1.7731379091528218e-11,0,2,2693.4598717120152,635.6907148751479,203558.27948999015,284.8055897801601,131300.74523587918,473.7786392416531,523.6889308354882,225270.3315052306,163.6129811800742,138180.92447254882
296,96,7f3bcef5a08e3ee69ec959154bc064e98543e76d,5fccb18775a1c53c589e1a644bcdca5c2966e2c9f1b72779e18c5571bee51811,1.12.5,SOSRI,paper_common,continuation,0.01,0.05,true,low,low,false,true,23260901,1.5e-6,0.1,60.0,1500.0,Success,Success,true,true,134.18441509654892,437.4230650124316,6294.9024406965,5.181053251474746e-11,2.920870837056629,5.181053251474746e-11,0,2,3144.8251615614486,841.236590406095,226024.40749104886,935.2776769346035,130614.93793048983,473.778639374034,523.6889308658542,225270.33150806944,163.6129811482078,138180.92447740637
297,97,7f3bcef5a08e3ee69ec959154bc064e98543e76d,5fccb18775a1c53c589e1a644bcdca5c2966e2c9f1b72779e18c5571bee51811,1.12.5,SOSRI,paper_common,continuation,0.01,0.05,true,low,low,false,true,23260902,1.5e-6,0.1,60.0,1500.0,Success,Success,true,true,40.030316054626475,40.030316054626475,574.2916658823146,4.619444261371116e-11,2.920870837117685,4.619444261371116e-11,4,2,66.10175966407634,523.7883769090208,268549.9410819766,56.267355776039906,156837.60864602518,473.77863918582307,523.6889308251122,225270.33150416834,163.61298119485608,138180.92447071467
298,98,7f3bcef5a08e3ee69ec959154bc064e98543e76d,5fccb18775a1c53c589e1a644bcdca5c2966e2c9f1b72779e18c5571bee51811,1.12.5,SOSRI,paper_common,continuation,0.01,0.05,true,low,low,false,true,23260903,1.5e-6,0.1,60.0,1500.0,Success,Success,true,true,99.37741151889955,353.1202603686953,8400.874246256953,5.715470758262507e-11,2.920870837126703,5.715470758262507e-11,1,2,4106.31526289675,999.3204141406251,233580.54320428756,1448.843189733726,121446.00244301584,473.77863915787344,523.6889308097047,225270.3315030687,163.61298119662578,138180.92446889472
299,99,7f3bcef5a08e3ee69ec959154bc064e98543e76d,5fccb18775a1c53c589e1a644bcdca5c2966e2c9f1b72779e18c5571bee51811,1.12.5,SOSRI,paper_common,continuation,0.01,0.05,true,low,low,false,true,23260904,1.5e-6,0.1,60.0,1500.0,Success,Success,true,true,27.82808934316678,27.82808934316678,7585.885999643628,1.2067484989606732e-11,2.920870837085026,1.2067484989606732e-11,1,1,2680.490532400935,600.179327428196,156865.5912628777,717.1397120253833,88578.38088348768,473.77863928624885,523.6889308314926,225270.33150539643,163.61298116149518,138180.92447292904
300,100,7f3bcef5a08e3ee69ec959154bc064e98543e76d,5fccb18775a1c53c589e1a644bcdca5c2966e2c9f1b72779e18c5571bee51811,1.12.5,SOSRI,paper_common,continuation,0.01,0.05,true,low,low,false,true,23260905,1.5e-6,0.1,60.0,1500.0,Success,Success,true,true,21.040681290694838,21.040681290694838,499.6120272265523,2.768464479386024e-10,2.920870836909374,2.768464479386024e-10,2,2,57.534521661718024,748.9692851375519,395344.562340815,110.47851928586473,225300.92191194106,473.778639828457,523.6889309947985,225270.3315191891,163.61298105242966,138180.92449626361
301,1,7f3bcef5a08e3ee69ec959154bc064e98543e76d,5fccb18775a1c53c589e1a644bcdca5c2966e2c9f1b72779e18c5571bee51811,1.12.5,SOSRI,paper_common,continuation,0.01,0.05,true,high,high,false,true,24260806,1.5e-6,0.1,60.0,1500.0,Success,Success,true,true,14.847811808580326,4.889718145772469e6,1.125879867224614e7,2.9208708370922967,2.5021941016906587e-11,2.5021941016906587e-11,476,0,6.0677552495603375e6,271709.6092810895,1305.359341170935,31.818938671346594,377.61925311812894,9.721460689611796e6,486100.95941680716,718.4943420980873,15.80187405408469,205.63500455387953
302,2,7f3bcef5a08e3ee69ec959154bc064e98543e76d,5fccb18775a1c53c589e1a644bcdca5c2966e2c9f1b72779e18c5571bee51811,1.12.5,SOSRI,paper_common,continuation,0.01,0.05,true,high,high,false,true,24260807,1.5e-6,0.1,60.0,1500.0,Success,Success,true,true,12.080467661893426,5.014617251165529e6,1.1869522690637361e7,2.920870837092283,8.859505831406974e-11,8.859505831406974e-11,460,0,5.014617251165529e6,201224.08164206115,1781.5957766457996,49.03813629310012,506.8374035466289,9.721460689611804e6,486100.9594168072,718.4943420980867,15.801874049217485,205.6350045766544
303,3,7f3bcef5a08e3ee69ec959154bc064e98543e76d,5fccb18775a1c53c589e1a644bcdca5c2966e2c9f1b72779e18c5571bee51811,1.12.5,SOSRI,paper_common,continuation,0.01,0.05,true,high,high,false,true,24260808,1.5e-6,0.1,60.0,1500.0,Success,Success,true,true,8.848792815501149,5.883863670840819e6,1.4805128368963962e7,2.92087083709229,3.561641712030037e-11,3.561641712030037e-11,641,0,5.883863670840819e6,271204.1612574585,1193.913796785684,27.74196404541098,354.7938960472384,9.721460689611798e6,486100.9594168072,718.4943420980874,15.801874053273828,205.6350045576844
304,4,7f3bcef5a08e3ee69ec959154bc064e98543e76d,5fccb18775a1c53c589e1a644bcdca5c2966e2c9f1b72779e18c5571bee51811,1.12.5,SOSRI,paper_common,continuation,0.01,0.05,true,high,high,false,true,24260809,1.5e-6,0.1,60.0,1500.0,Success,Success,true,true,9.422513865954285,6.27935823957506e6,1.556281009833892e7,2.920870837092026,9.121880958973533e-11,9.121880958973533e-11,582,0,9.83903569522613e6,518273.8106511825,651.5489231816987,13.347451458552854,191.65034859418807,9.72146068961203e6,486100.9594168217,718.4943420980652,15.801874049032497,205.6350045781645
305,5,7f3bcef5a08e3ee69ec959154bc064e98543e76d,5fccb18775a1c53c589e1a644bcdca5c2966e2c9f1b72779e18c5571bee51811,1.12.5,SOSRI,paper_common,continuation,0.01,0.05,true,high,high,false,true,24260810,1.5e-6,0.1,60.0,1500.0,Success,Success,true,true,13.708798481175787,6.663276459742365e6,1.1408163662608203e7,2.920870837092509,8.637620122414597e-11,8.637620122414597e-11,507,0,9.124529145323765e6,427907.72687040095,804.7010246959442,18.767525534754046,232.27245167109675,9.721460689611802e6,486100.9594168072,718.4943420980871,15.801874049373966,205.63500457536963
306,6,7f3bcef5a08e3ee69ec959154bc064e98543e76d,5fccb18775a1c53c589e1a644bcdca5c2966e2c9f1b72779e18c5571bee51811,1.12.5,SOSRI,paper_common,continuation,0.01,0.05,true,high,high,false,true,24260811,1.5e-6,0.1,60.0,1500.0,Success,Success,true,true,8.604109844801158,7.651224835945156e6,1.5285179163241403e7,2.9208708370922545,1.7567405619202302e-11,1.7567405619202302e-11,625,1,1.3945006648930866e7,751178.5562788997,453.40965348992654,9.208751093867308,130.7735686595255,9.721460689612022e6,486100.9594168217,718.4943420980655,15.801874054658487,205.6350045513198
307,7,7f3bcef5a08e3ee69ec959154bc064e98543e76d,5fccb18775a1c53c589e1a644bcdca5c2966e2c9f1b72779e18c5571bee51811,1.12.5,SOSRI,paper_common,continuation,0.01,0.05,true,high,high,false,true,24260812,1.5e-6,0.1,60.0,1500.0,Success,Success,true,true,8.052006290770622,6.63323671573014e6,1.5429890671568763e7,2.9208708370924406,6.475490257158648e-11,6.475490257158648e-11,522,0,8.761485662132986e6,396920.55734577234,940.2982653442494,23.131259144512942,263.8877656678986,9.721460689611802e6,486100.9594168072,718.4943420980862,15.801874051033662,205.63500456778317
308,8,7f3bcef5a08e3ee69ec959154bc064e98543e76d,5fccb18775a1c53c589e1a644bcdca5c2966e2c9f1b72779e18c5571bee51811,1.12.5,SOSRI,paper_common,continuation,0.01,0.05,true,high,high,false,true,24260813,1.5e-6,0.1,60.0,1500.0,Success,Success,true,true,10.587928511528126,6.855349013488218e6,1.325195259444028e7,2.9208708370920236,1.0802685193568282e-10,1.0802685193568282e-10,595,0,1.2434401244428318e7,625913.5537192173,551.0909569065736,11.925214810796026,160.0115193866698,9.721460689612031e6,486100.9594168217,718.4943420980653,15.801874047745589,205.63500458418414
309,9,7f3bcef5a08e3ee69ec959154bc064e98543e76d,5fccb18775a1c53c589e1a644bcdca5c2966e2c9f1b72779e18c5571bee51811,1.12.5,SOSRI,paper_common,continuation,0.01,0.05,true,high,high,false,true,24260814,1.5e-6,0.1,60.0,1500.0,Success,Success,true,true,12.359533446350547,4.946131509335728e6,1.2700966543051088e7,2.920870837092323,2.5776131294954903e-11,2.5776131294954903e-11,483,0,1.002292427454073e7,512236.56358770345,675.2327851558058,14.513707421266204,193.55563425870943,9.721460689612024e6,486100.9594168216,718.4943420980659,15.801874054025822,205.63500455410866
310,10,7f3bcef5a08e3ee69ec959154bc064e98543e76d,5fccb18775a1c53c589e1a644bcdca5c2966e2c9f1b72779e18c5571bee51811,1.12.5,SOSRI,paper_common,continuation,0.01,0.05,true,high,high,false,true,24260815,1.5e-6,0.1,60.0,1500.0,Success,Success,true,true,11.394650865359978,5.833575984302667e6,1.221971024285246e7,2.9208708370922998,2.863316766452524e-11,2.863316766452524e-11,516,0,6.580960794322944e6,283173.79804116563,1196.0609221031505,30.453625101869033,344.42843145768774,9.721460689611796e6,486100.9594168072,718.4943420980874,15.80187405380798,205.6350045551648
311,11,7f3bcef5a08e3ee69ec959154bc064e98543e76d,5fccb18775a1c53c589e1a644bcdca5c2966e2c9f1b72779e18c5571bee51811,1.12.5,SOSRI,paper_common,continuation,0.01,0.05,true,high,high,false,true,24260816,1.5e-6,0.1,60.0,1500.0,Success,Success,true,true,10.096117176407281,5.697458451879827e6,1.3680062136051338e7,2.920870837092143,1.0873501542525946e-10,1.0873501542525946e-10,598,0,1.0755556740549264e7,560542.111910795,591.2720605816438,12.355341355823919,171.670725008884,9.721460689612031e6,486100.9594168217,718.4943420980653,15.801874047684136,205.63500458417894
312,12,7f3bcef5a08e3ee69ec959154bc064e98543e76d,5fccb18775a1c53c589e1a644bcdca5c2966e2c9f1b72779e18c5571bee51811,1.12.5,SOSRI,paper_common,continuation,0.01,0.05,true,high,high,false,true,24260817,1.5e-6,0.1,60.0,1500.0,Success,Success,true,true,11.51494950337447,5.958151499745868e6,1.2158198130469183e7,2.9208708370923118,1.8100156141309455e-11,1.8100156141309455e-11,569,0,8.029348541707085e6,379355.79020882456,884.407392227538,20.46576679123215,255.34650544384695,9.721460689611796e6,486100.9594168072,718.4943420980875,15.801874054613807,205.63500455136983
313,13,7f3bcef5a08e3ee69ec959154bc064e98543e76d,5fccb18775a1c53c589e1a644bcdca5c2966e2c9f1b72779e18c5571bee51811,1.12.5,SOSRI,paper_common,continuation,0.01,0.05,true,high,high,false,true,24260818,1.5e-6,0.1,60.0,1500.0,Success,Success,true,true,12.681567600861428,5.378205963850935e6,1.1888468977766287e7,2.920870837092315,3.7682927438440533e-11,3.7682927438440533e-11,479,0,7.163669924275223e6,323543.1196434072,1084.6308698126932,26.68039223971921,305.7281090370409,9.721460689611798e6,486100.9594168072,718.4943420980875,15.801874053114078,205.6350045583689
314,14,7f3bcef5a08e3ee69ec959154bc064e98543e76d,5fccb18775a1c53c589e1a644bcdca5c2966e2c9f1b72779e18c5571bee51811,1.12.5,SOSRI,paper_common,continuation,0.01,0.05,true,high,high,false,true,24260819,1.5e-6,0.1,60.0,1500.0,Success,Success,true,true,13.202606259235823,6.295732342776725e6,1.103674606514705e7,2.920870837092367,3.983804642358966e-11,3.983804642358966e-11,525,0,8.682900039480679e6,428349.9755496868,773.5370678177029,17.111077361672827,223.91322936946068,9.721460689611798e6,486100.9594168072,718.494342098087,15.801874052946,205.63500455902812
315,15,7f3bcef5a08e3ee69ec959154bc064e98543e76d,5fccb18775a1c53c589e1a644bcdca5c2966e2c9f1b72779e18c5571bee51811,1.12.5,SOSRI,paper_common,continuation,0.01,0.05,true,high,high,false,true,24260820,1.5e-6,0.1,60.0,1500.0,Success,Success,true,true,11.99930505631857,6.143832488153508e6,1.1969366078275295e7,2.9208708370921412,7.401100673660698e-11,7.401100673660698e-11,504,1,1.1969366078275295e7,609575.0472270806,558.3033746909025,11.99930505631857,160.93840357546947,9.72146068961203e6,486100.9594168217,718.4943420980659,15.801874050343207,205.63500457175934
316,16,7f3bcef5a08e3ee69ec959154bc064e98543e76d,5fccb18775a1c53c589e1a644bcdca5c2966e2c9f1b72779e18c5571bee51811,1.12.5,SOSRI,paper_common,continuation,0.01,0.05,true,high,high,false,true,24260821,1.5e-6,0.1,60.0,1500.0,Success,Success,true,true,9.329211265882641,6.688178096432228e6,1.4062198861633848e7,2.9208708370922083,3.7532371143916157e-11,3.7532371143916157e-11,572,1,1.2742075888470607e7,672103.0871295041,502.71115545620006,10.457658701622233,144.36711367460555,9.721460689612024e6,486100.9594168217,718.4943420980659,15.801874053132499,205.63500455856365
317,17,7f3bcef5a08e3ee69ec959154bc064e98543e76d,5fccb18775a1c53c589e1a644bcdca5c2966e2c9f1b72779e18c5571bee51811,1.12.5,SOSRI,paper_common,continuation,0.01,0.05,true,high,high,false,true,24260822,1.5e-6,0.1,60.0,1500.0,Success,Success,true,true,9.506865302801843,6.075514652011286e6,1.350283781671508e7,2.9208708370923606,8.264667541666092e-11,8.264667541666092e-11,533,0,7.299567794379233e6,323541.63131321856,1067.7145681636587,26.41661933622731,307.01384483751565,9.721460689611804e6,486100.9594168072,718.4943420980871,15.801874049668319,205.63500457435694
318,18,7f3bcef5a08e3ee69ec959154bc064e98543e76d,5fccb18775a1c53c589e1a644bcdca5c2966e2c9f1b72779e18c5571bee51811,1.12.5,SOSRI,paper_common,continuation,0.01,0.05,true,high,high,false,true,24260823,1.5e-6,0.1,60.0,1500.0,Success,Success,true,true,8.799614400543184,6.215428242960364e6,1.4402381509768717e7,2.920870837092227,5.149315600082817e-11,5.149315600082817e-11,561,0,1.0877733717121882e7,584106.7042642012,601.9583732671163,12.39416719357348,170.85586006556204,9.721460689612025e6,486100.9594168217,718.4943420980655,15.801874052062333,205.63500456351804
319,19,7f3bcef5a08e3ee69ec959154bc064e98543e76d,5fccb18775a1c53c589e1a644bcdca5c2966e2c9f1b72779e18c5571bee51811,1.12.5,SOSRI,paper_common,continuation,0.01,0.05,true,high,high,false,true,24260824,1.5e-6,0.1,60.0,1500.0,Success,Success,true,true,11.829356873220279,6.075499480561062e6,1.364019741631039e7,2.920870837092391,4.4977485068972606e-11,4.4977485068972606e-11,537,0,8.878430147635277e6,432581.17196435184,837.8076258900471,19.035471827208845,237.39925529514238,9.721460689611798e6,486100.9594168072,718.4943420980871,15.801874052551012,205.63500456081405
320,20,7f3bcef5a08e3ee69ec959154bc064e98543e76d,5fccb18775a1c53c589e1a644bcdca5c2966e2c9f1b72779e18c5571bee51811,1.12.5,SOSRI,paper_common,continuation,0.01,0.05,true,high,high,false,true,24260825,1.5e-6,0.1,60.0,1500.0,Success,Success,true,true,7.702232637323847,6.464239988839604e6,1.515850501547915e7,2.92087083709215,6.807239421166649e-11,6.807239421166649e-11,656,1,1.1578195924602842e7,652631.6835365632,516.269920556568,9.941854839557642,150.56642231003906,9.721460689612027e6,486100.9594168217,718.4943420980654,15.801874050797409,205.6350045696152
321,21,7f3bcef5a08e3ee69ec959154bc064e98543e76d,5fccb18775a1c53c589e1a644bcdca5c2966e2c9f1b72779e18c5571bee51811,1.12.5,SOSRI,paper_common,continuation,0.01,0.05,true,high,high,false,true,24260826,1.5e-6,0.1,60.0,1500.0,Success,Success,true,true,6.79326770051353,5.472952536043038e6,1.6927965796933997e7,2.9208708370921572,4.0849323490112265e-11,4.0849323490112265e-11,654,1,1.3223192605172807e7,724106.1164446871,474.7651039779199,9.45996918511055,137.45394210188036,9.721460689612025e6,486100.9594168217,718.4943420980658,15.8018740528816,205.63500455986053
322,22,7f3bcef5a08e3ee69ec959154bc064e98543e76d,5fccb18775a1c53c589e1a644bcdca5c2966e2c9f1b72779e18c5571bee51811,1.12.5,SOSRI,paper_common,continuation,0.01,0.05,true,high,high,false,true,24260827,1.5e-6,0.1,60.0,1500.0,Success,Success,true,true,9.631245746077155,5.428169179263836e6,1.3526372016253687e7,2.9208708370923264,2.4369674214373027e-11,2.4369674214373027e-11,544,0,8.41259304879915e6,431722.8709649097,803.8389514856095,17.280126559670478,228.85376220436183,9.721460689611796e6,486100.9594168072,718.4943420980869,15.801874054132863,205.63500455358138
323,23,7f3bcef5a08e3ee69ec959154bc064e98543e76d,5fccb18775a1c53c589e1a644bcdca5c2966e2c9f1b72779e18c5571bee51811,1.12.5,SOSRI,paper_common,continuation,0.01,0.05,true,high,high,false,true,24260828,1.5e-6,0.1,60.0,1500.0,Success,Success,true,true,11.785093312687335,6.64925689516751e6,1.3328045093641743e7,2.9208708370923016,1.790395242104767e-11,1.790395242104767e-11,534,0,7.427198018631588e6,357851.8181502556,913.3533561405869,20.563819773713654,266.6359480577368,9.721460689611796e6,486100.9594168072,718.4943420980876,15.801874054629446,205.63500455132217
324,24,7f3bcef5a08e3ee69ec959154bc064e98543e76d,5fccb18775a1c53c589e1a644bcdca5c2966e2c9f1b72779e18c5571bee51811,1.12.5,SOSRI,paper_common,continuation,0.01,0.05,true,high,high,false,true,24260829,1.5e-6,0.1,60.0,1500.0,Success,Success,true,true,6.981930863788197,6.552460968256397e6,1.6168092684215656e7,2.9208708370923757,5.241671180757858e-11,5.241671180757858e-11,580,0,8.067113804500608e6,384717.8218751575,927.5998718821387,21.53046561553589,262.8651729874008,9.7214606896118e6,486100.95941680716,718.4943420980873,15.801874051982272,205.6350045635093
325,25,7f3bcef5a08e3ee69ec959154bc064e98543e76d,5fccb18775a1c53c589e1a644bcdca5c2966e2c9f1b72779e18c5571bee51811,1.12.5,SOSRI,paper_common,continuation,0.01,0.05,true,high,high,false,true,24260830,1.5e-6,0.1,60.0,1500.0,Success,Success,true,true,10.5967794042294,6.687386359556005e6,1.2983821982893836e7,2.920870837092254,3.4919306384053316e-11,3.4919306384053316e-11,537,0,1.0948050308406293e7,567143.8193567449,654.8297790852164,14.042054012852688,184.56005428495865,9.721460689612024e6,486100.9594168216,718.4943420980658,15.801874053329803,205.63500455752876
326,26,7f3bcef5a08e3ee69ec959154bc064e98543e76d,5fccb18775a1c53c589e1a644bcdca5c2966e2c9f1b72779e18c5571bee51811,1.12.5,SOSRI,paper_common,continuation,0.01,0.05,true,high,high,false,true,24260831,1.5e-6,0.1,60.0,1500.0,Success,Success,true,true,7.792229731970244,5.678816022346527e6,1.6121520025317859e7,2.920870837092318,7.9012243297284e-11,7.9012243297284e-11,586,0,5.964929169927885e6,256892.48939051846,1271.4526753145735,31.995689653257116,371.8673192356396,9.721460689611802e6,486100.9594168072,718.4943420980876,15.801874049949147,205.6350045731486
327,27,7f3bcef5a08e3ee69ec959154bc064e98543e76d,5fccb18775a1c53c589e1a644bcdca5c2966e2c9f1b72779e18c5571bee51811,1.12.5,SOSRI,paper_common,continuation,0.01,0.05,true,high,high,false,true,24260832,1.5e-6,0.1,60.0,1500.0,Success,Success,true,true,14.276752703415708,6.139089371889394e6,1.1317782407474816e7,2.920870837092301,3.514637612827186e-11,3.514637612827186e-11,466,0,6.306821268780169e6,281281.1343644087,1324.2630930634164,33.21383541036708,369.1930481290595,9.721460689611798e6,486100.95941680716,718.4943420980873,15.801874053309165,205.63500455749244
328,28,7f3bcef5a08e3ee69ec959154bc064e98543e76d,5fccb18775a1c53c589e1a644bcdca5c2966e2c9f1b72779e18c5571bee51811,1.12.5,SOSRI,paper_common,continuation,0.01,0.05,true,high,high,false,true,24260833,1.5e-6,0.1,60.0,1500.0,Success,Success,true,true,10.599790089798176,5.0131860461723395e6,1.249056119993419e7,2.9208708370924654,1.1121758289491715e-10,1.1121758289491715e-10,559,0,8.212542682239352e6,382949.6067005474,971.2985552681985,23.42454373995308,268.6459903340777,9.721460689611806e6,486100.9594168072,718.4943420980868,15.801874047474318,205.63500458435175
329,29,7f3bcef5a08e3ee69ec959154bc064e98543e76d,5fccb18775a1c53c589e1a644bcdca5c2966e2c9f1b72779e18c5571bee51811,1.12.5,SOSRI,paper_common,continuation,0.01,0.05,true,high,high,false,true,24260834,1.5e-6,0.1,60.0,1500.0,Success,Success,true,true,10.179731292498186,6.234429679549002e6,1.349029470635636e7,2.920870837092294,3.0304951883326896e-11,3.0304951883326896e-11,540,0,6.310225515803741e6,277076.34207746485,1253.4345233673346,31.188038272378133,362.26279937612605,9.721460689611798e6,486100.9594168072,718.4943420980866,15.8018740536803,205.63500455577517
330,30,7f3bcef5a08e3ee69ec959154bc064e98543e76d,5fccb18775a1c53c589e1a644bcdca5c2966e2c9f1b72779e18c5571bee51811,1.12.5,SOSRI,paper_common,continuation,0.01,0.05,true,high,high,false,true,24260835,1.5e-6,0.1,60.0,1500.0,Success,Success,true,true,10.679133739432784,6.830370233028863e6,1.4402896098878874e7,2.9208708370923286,2.2828471338385423e-11,2.2828471338385423e-11,622,0,8.59089791011958e6,443515.73997980496,781.7959964032183,16.546720852956117,225.78450173043092,9.721460689611796e6,486100.9594168072,718.4943420980873,15.80187405425075,205.63500455302525
331,31,7f3bcef5a08e3ee69ec959154bc064e98543e76d,5fccb18775a1c53c589e1a644bcdca5c2966e2c9f1b72779e18c5571bee51811,1.12.5,SOSRI,paper_common,continuation,0.01,0.05,true,high,high,false,true,24260836,1.5e-6,0.1,60.0,1500.0,Success,Success,true,true,7.489627327014276,8.1593823731353115e6,1.558353540979001e7,2.9208708370922545,8.465582014552842e-11,8.465582014552842e-11,620,0,1.0594155657311821e7,550558.9661534049,676.711781528466,14.64241655357246,187.1293487470945,9.72146068961203e6,486100.9594168217,718.494342098066,15.801874049521265,205.6350045753224
332,32,7f3bcef5a08e3ee69ec959154bc064e98543e76d,5fccb18775a1c53c589e1a644bcdca5c2966e2c9f1b72779e18c5571bee51811,1.12.5,SOSRI,paper_common,continuation,0.01,0.05,true,high,high,false,true,24260837,1.5e-6,0.1,60.0,1500.0,Success,Success,true,true,8.746667954491654,6.375989960374607e6,1.3774948860064235e7,2.920870837092413,7.124820949834173e-11,7.124820949834173e-11,544,0,8.44424064508847e6,395278.8044559712,844.7595987576623,19.672939319473922,244.99269949023406,9.721460689611802e6,486100.9594168072,718.494342098087,15.801874050538045,205.63500457016536
333,33,7f3bcef5a08e3ee69ec959154bc064e98543e76d,5fccb18775a1c53c589e1a644bcdca5c2966e2c9f1b72779e18c5571bee51811,1.12.5,SOSRI,paper_common,continuation,0.01,0.05,true,high,high,false,true,24260838,1.5e-6,0.1,60.0,1500.0,Success,Success,true,true,8.92574541542161,4.185178359326709e6,1.4290738590904295e7,2.920870837092201,5.206576252920557e-11,5.206576252920557e-11,547,0,1.0450946044021802e7,527152.5037110475,662.8650984389719,14.480911779937857,189.1565371321236,9.721460689612025e6,486100.9594168217,718.4943420980654,15.80187405202003,205.6350045637783
334,34,7f3bcef5a08e3ee69ec959154bc064e98543e76d,5fccb18775a1c53c589e1a644bcdca5c2966e2c9f1b72779e18c5571bee51811,1.12.5,SOSRI,paper_common,continuation,0.01,0.05,true,high,high,false,true,24260839,1.5e-6,0.1,60.0,1500.0,Success,Success,true,true,11.305140308535227,7.309651086563716e6,1.27005049305756e7,2.9208708370923553,2.3787797651686925e-11,2.3787797651686925e-11,540,0,9.188404932425985e6,431460.7970627105,812.5730672701536,18.858375057242846,235.78737950056106,9.721460689611796e6,486100.9594168072,718.4943420980871,15.801874054175716,205.63500455331044
335,35,7f3bcef5a08e3ee69ec959154bc064e98543e76d,5fccb18775a1c53c589e1a644bcdca5c2966e2c9f1b72779e18c5571bee51811,1.12.5,SOSRI,paper_common,continuation,0.01,0.05,true,high,high,false,true,24260840,1.5e-6,0.1,60.0,1500.0,Success,Success,true,true,8.03743672732597,6.712408826423014e6,1.4401924877103776e7,2.92087083709229,1.9281863037378825e-11,1.9281863037378825e-11,570,0,1.0162622638925737e7,533032.6725568803,655.1934576878988,13.663070660487364,188.98983204502954,9.721460689612022e6,486100.9594168216,718.4943420980663,15.801874054525072,205.6350045518565
336,36,7f3bcef5a08e3ee69ec959154bc064e98543e76d,5fccb18775a1c53c589e1a644bcdca5c2966e2c9f1b72779e18c5571bee51811,1.12.5,SOSRI,paper_common,continuation,0.01,0.05,true,high,high,false,true,24260841,1.5e-6,0.1,60.0,1500.0,Success,Success,true,true,11.91423265861613,5.3414382326187305e6,1.1706856943678733e7,2.9208708370923304,2.7531558069856067e-11,2.7531558069856067e-11,457,0,8.30905291370946e6,369116.10344205145,950.8752422786771,23.7270331320059,269.10373092913727,9.721460689611796e6,486100.9594168072,718.4943420980873,15.801874053890515,205.63500455470424
337,37,7f3bcef5a08e3ee69ec959154bc064e98543e76d,5fccb18775a1c53c589e1a644bcdca5c2966e2c9f1b72779e18c5571bee51811,1.12.5,SOSRI,paper_common,continuation,0.01,0.05,true,high,high,false,true,24260842,1.5e-6,0.1,60.0,1500.0,Success,Success,true,true,10.154416266489923,6.204184613069845e6,1.3545307025201134e7,2.920870837092318,3.458576445291564e-11,3.458576445291564e-11,608,0,7.259961117957565e6,329465.5995845749,1088.4785182671853,26.635698877940502,307.00044886171,9.721460689611798e6,486100.9594168072,718.494342098087,15.80187405335109,205.63500455725526
338,38,7f3bcef5a08e3ee69ec959154bc064e98543e76d,5fccb18775a1c53c589e1a644bcdca5c2966e2c9f1b72779e18c5571bee51811,1.12.5,SOSRI,paper_common,continuation,0.01,0.05,true,high,high,false,true,24260843,1.5e-6,0.1,60.0,1500.0,Success,Success,true,true,12.927188572128323,5.628454844436271e6,1.1971758976660479e7,2.920870837092249,4.274103278825073e-11,4.274103278825073e-11,480,0,1.0793680509715948e7,544833.6174106812,651.6939953060881,14.116905391396369,188.12840962893026,9.721460689612025e6,486100.9594168217,718.4943420980657,15.801874052731192,205.63500456033904
339,39,7f3bcef5a08e3ee69ec959154bc064e98543e76d,5fccb18775a1c53c589e1a644bcdca5c2966e2c9f1b72779e18c5571bee51811,1.12.5,SOSRI,paper_common,continuation,0.01,0.05,true,high,high,false,true,24260844,1.5e-6,0.1,60.0,1500.0,Success,Success,true,true,13.719429677652725,5.396097077656869e6,1.1669910264684726e7,2.9208708370923118,1.0304357265358616e-10,1.0304357265358616e-10,490,0,6.092131366400874e6,258713.2209306888,1333.2468804384275,34.8712528881861,376.0521867628242,9.721460689611804e6,486100.9594168072,718.4943420980868,15.801874048109351,205.63500458175994
340,40,7f3bcef5a08e3ee69ec959154bc064e98543e76d,5fccb18775a1c53c589e1a644bcdca5c2966e2c9f1b72779e18c5571bee51811,1.12.5,SOSRI,paper_common,continuation,0.01,0.05,true,high,high,false,true,24260845,1.5e-6,0.1,60.0,1500.0,Success,Success,true,true,15.801874056001509,5.632543292961999e6,9.721460689611899e6,2.9208708370922896,1.999018947959948e-11,1.999018947959948e-11,450,0,5.996697358087246e6,261184.4397123558,1331.9573753659995,33.27930358504092,387.1580318182659,9.721460689611796e6,486100.9594168072,718.4943420980871,15.801874054470392,205.63500455209393
341,41,7f3bcef5a08e3ee69ec959154bc064e98543e76d,5fccb18775a1c53c589e1a644bcdca5c2966e2c9f1b72779e18c5571bee51811,1.12.5,SOSRI,paper_common,continuation,0.01,0.05,true,high,high,false,true,24260846,1.5e-6,0.1,60.0,1500.0,Success,Success,true,true,10.20350711917389,7.0402256542783e6,1.3627750048783328e7,2.9208708370924406,8.829343699581262e-11,8.829343699581262e-11,549,0,8.328447407766108e6,382498.55752073217,946.8464109766982,22.780683483681322,269.15169304157786,9.721460689611804e6,486100.9594168072,718.4943420980868,15.801874049231197,205.6350045762043
342,42,7f3bcef5a08e3ee69ec959154bc064e98543e76d,5fccb18775a1c53c589e1a644bcdca5c2966e2c9f1b72779e18c5571bee51811,1.12.5,SOSRI,paper_common,continuation,0.01,0.05,true,high,high,false,true,24260847,1.5e-6,0.1,60.0,1500.0,Success,Success,true,true,4.97908271360053,8.289278789964305e6,1.8625531191671e7,2.9208708370923153,1.8563800905605802e-11,1.8563800905605802e-11,775,0,8.289278789964305e6,446469.8665685852,739.3838712648164,14.76168480917758,218.46066912803389,9.721460689611796e6,486100.9594168072,718.4943420980869,15.801874054578105,205.63500455152845
343,43,7f3bcef5a08e3ee69ec959154bc064e98543e76d,5fccb18775a1c53c589e1a644bcdca5c2966e2c9f1b72779e18c5571bee51811,1.12.5,SOSRI,paper_common,continuation,0.01,0.05,true,high,high,false,true,24260848,1.5e-6,0.1,60.0,1500.0,Success,Success,true,true,10.803669207150794,4.640457454923629e6,1.3634127864423273e7,2.9208708370923238,3.502635478050966e-11,3.502635478050966e-11,466,0,7.779805436218437e6,354958.4377471836,1013.8437240102008,24.758052591367846,284.54281514819957,9.721460689611798e6,486100.9594168072,718.4943420980877,15.80187405331699,205.63500455739972
344,44,7f3bcef5a08e3ee69ec959154bc064e98543e76d,5fccb18775a1c53c589e1a644bcdca5c2966e2c9f1b72779e18c5571bee51811,1.12.5,SOSRI,paper_common,continuation,0.01,0.05,true,high,high,false,true,24260849,1.5e-6,0.1,60.0,1500.0,Success,Success,true,true,8.88354211972418,7.740906076847514e6,1.4404046144147543e7,2.9208708370924743,9.159366409254862e-11,9.159366409254862e-11,577,0,8.682820196067778e6,433503.50960393844,784.219844749084,17.10821653508171,227.61569895307704,9.721460689611804e6,486100.95941680716,718.4943420980869,15.801874048976492,205.63500457731186
345,45,7f3bcef5a08e3ee69ec959154bc064e98543e76d,5fccb18775a1c53c589e1a644bcdca5c2966e2c9f1b72779e18c5571bee51811,1.12.5,SOSRI,paper_common,continuation,0.01,0.05,true,high,high,false,true,24260850,1.5e-6,0.1,60.0,1500.0,Success,Success,true,true,9.347724069712225,5.502198059355238e6,1.4137899076529155e7,2.920870837092103,1.076527228084583e-10,1.076527228084583e-10,521,0,1.1892415568577467e7,658131.7847229958,540.5648129264308,10.897126390974298,151.32683740577528,9.721460689612031e6,486100.9594168217,718.4943420980651,15.801874047769417,205.63500458387801
346,46,7f3bcef5a08e3ee69ec959154bc064e98543e76d,5fccb18775a1c53c589e1a644bcdca5c2966e2c9f1b72779e18c5571bee51811,1.12.5,SOSRI,paper_common,continuation,0.01,0.05,true,high,high,false,true,24260851,1.5e-6,0.1,60.0,1500.0,Success,Success,true,true,8.223006165209195,6.195188913633161e6,1.5932543284481835e7,2.92087083709235,4.6541988557132695e-11,4.6541988557132695e-11,561,0,7.9160133076874735e6,365346.98019227566,947.4458836734354,22.59810708160622,270.82009714494416,9.721460689611798e6,486100.9594168072,718.4943420980874,15.801874052433659,205.6350045614637
347,47,7f3bcef5a08e3ee69ec959154bc064e98543e76d,5fccb18775a1c53c589e1a644bcdca5c2966e2c9f1b72779e18c5571bee51811,1.12.5,SOSRI,paper_common,continuation,0.01,0.05,true,high,high,false,true,24260852,1.5e-6,0.1,60.0,1500.0,Success,Success,true,true,14.202371823374232,5.233022163568105e6,1.070433962602969e7,2.9208708370923433,5.600666718564309e-11,5.600666718564309e-11,470,0,7.635166059493904e6,327293.093304022,1090.6962096700227,28.51908307066114,303.5054545066615,9.7214606896118e6,486100.95941680716,718.4943420980873,15.80187405170929,205.63500456486383
348,48,7f3bcef5a08e3ee69ec959154bc064e98543e76d,5fccb18775a1c53c589e1a644bcdca5c2966e2c9f1b72779e18c5571bee51811,1.12.5,SOSRI,paper_common,continuation,0.01,0.05,true,high,high,false,true,24260853,1.5e-6,0.1,60.0,1500.0,Success,Success,true,true,12.21356101799557,5.106446406801397e6,1.1880966691429058e7,2.920870837092312,1.779280008632483e-11,1.779280008632483e-11,505,1,1.0007156767319955e7,495936.7027259841,702.0423390562468,15.631364382924628,199.93285956076082,9.721460689612022e6,486100.9594168217,718.4943420980658,15.801874054637807,205.6350045512769
349,49,7f3bcef5a08e3ee69ec959154bc064e98543e76d,5fccb18775a1c53c589e1a644bcdca5c2966e2c9f1b72779e18c5571bee51811,1.12.5,SOSRI,paper_common,continuation,0.01,0.05,true,high,high,false,true,24260854,1.5e-6,0.1,60.0,1500.0,Success,Success,true,true,9.35798788107185,5.729974836387532e6,1.450819466780207e7,2.920870837092472,1.0087260402536655e-10,1.0087260402536655e-10,495,0,8.293231670098765e6,390856.4885641939,851.90870680041,19.935544374869806,242.81864919392035,9.721460689611804e6,486100.9594168072,718.4943420980868,15.8018740482661,205.63500458063675
350,50,7f3bcef5a08e3ee69ec959154bc064e98543e76d,5fccb18775a1c53c589e1a644bcdca5c2966e2c9f1b72779e18c5571bee51811,1.12.5,SOSRI,paper_common,continuation,0.01,0.05,true,high,high,false,true,24260855,1.5e-6,0.1,60.0,1500.0,Success,Success,true,true,10.097186723928782,7.622987434367981e6,1.3496618218335707e7,2.9208708370896637,4.9573560254858945e-11,4.9573560254858945e-11,598,0,9.67611630435604e6,492642.15145454655,702.5719446331506,15.159337396853942,201.3707313915844,9.721460689611798e6,486100.959416807,718.494342098087,15.80187405238719,205.63500456825017
351,51,7f3bcef5a08e3ee69ec959154bc064e98543e76d,5fccb18775a1c53c589e1a644bcdca5c2966e2c9f1b72779e18c5571bee51811,1.12.5,SOSRI,paper_common,continuation,0.01,0.05,true,high,high,false,true,24260856,1.5e-6,0.1,60.0,1500.0,Success,Success,true,true,12.398121506575732,5.534221066547491e6,1.1648883838604692e7,2.920870837092347,5.0930558293061785e-11,5.0930558293061785e-11,512,0,7.679906967376935e6,330600.1723262063,1054.9187685014408,26.875157637356587,303.4526422713457,9.7214606896118e6,486100.95941680716,718.4943420980873,15.80187405209776,205.6350045630394
352,52,7f3bcef5a08e3ee69ec959154bc064e98543e76d,5fccb18775a1c53c589e1a644bcdca5c2966e2c9f1b72779e18c5571bee51811,1.12.5,SOSRI,paper_common,continuation,0.01,0.05,true,high,high,false,true,24260857,1.5e-6,0.1,60.0,1500.0,Success,Success,true,true,10.739949999704427,6.734789807627637e6,1.3201818698465249e7,2.9208708370922984,3.457625880442454e-11,3.457625880442454e-11,576,0,1.0272070282770265e7,536058.8636043037,653.8686069401497,13.843846180787866,185.78662145393568,9.721460689612024e6,486100.9594168217,718.494342098066,15.801874053353426,205.63500455731042
353,53,7f3bcef5a08e3ee69ec959154bc064e98543e76d,5fccb18775a1c53c589e1a644bcdca5c2966e2c9f1b72779e18c5571bee51811,1.12.5,SOSRI,paper_common,continuation,0.01,0.05,true,high,high,false,true,24260858,1.5e-6,0.1,60.0,1500.0,Success,Success,true,true,13.747823023972503,6.784327305295325e6,1.1121702814596528e7,2.9208708370922984,1.7937447561047572e-11,1.7937447561047572e-11,523,0,6.784327305295325e6,327415.5671490445,995.571629878969,22.235320031219416,293.2293755693029,9.721460689611796e6,486100.95941680716,718.4943420980867,15.801874054627058,205.63500455134061
354,54,7f3bcef5a08e3ee69ec959154bc064e98543e76d,5fccb18775a1c53c589e1a644bcdca5c2966e2c9f1b72779e18c5571bee51811,1.12.5,SOSRI,paper_common,continuation,0.01,0.05,true,high,high,false,true,24260859,1.5e-6,0.1,60.0,1500.0,Success,Success,true,true,6.958475230666185,8.965526035641769e6,1.5803546848967146e7,2.9208708370922296,3.184202725717027e-11,3.184202725717027e-11,717,1,1.2332914003623638e7,710397.4235628183,479.0532998367274,9.081612385122959,138.49706589282354,9.721460689612024e6,486100.9594168217,718.4943420980651,15.801874053566959,205.63500455648216
355,55,7f3bcef5a08e3ee69ec959154bc064e98543e76d,5fccb18775a1c53c589e1a644bcdca5c2966e2c9f1b72779e18c5571bee51811,1.12.5,SOSRI,paper_common,continuation,0.01,0.05,true,high,high,false,true,24260860,1.5e-6,0.1,60.0,1500.0,Success,Success,true,true,9.313675971189204,5.878819742790371e6,1.496043755726347e7,2.9208708370923278,1.7559660570756247e-11,1.7559660570756247e-11,588,0,8.84830366290455e6,420945.19216578285,828.6241954788709,19.07765094327354,238.62660779147504,9.721460689611796e6,486100.9594168072,718.4943420980871,15.801874054654261,205.63500455114215
356,56,7f3bcef5a08e3ee69ec959154bc064e98543e76d,5fccb18775a1c53c589e1a644bcdca5c2966e2c9f1b72779e18c5571bee51811,1.12.5,SOSRI,paper_common,continuation,0.01,0.05,true,high,high,false,true,24260861,1.5e-6,0.1,60.0,1500.0,Success,Success,true,true,7.7446934523422515,6.081797237604497e6,1.645284639807094e7,2.9208708370922323,2.2088873489963708e-11,2.2088873489963708e-11,589,1,1.645284639807094e7,938011.5649130574,391.6848360227393,7.7446934523422515,107.8866950953029,9.721460689612022e6,486100.9594168217,718.4943420980654,15.801874054313611,205.63500455298583
357,57,7f3bcef5a08e3ee69ec959154bc064e98543e76d,5fccb18775a1c53c589e1a644bcdca5c2966e2c9f1b72779e18c5571bee51811,1.12.5,SOSRI,paper_common,continuation,0.01,0.05,true,high,high,false,true,24260862,1.5e-6,0.1,60.0,1500.0,Success,Success,true,true,12.815108345327275,6.375733460602643e6,1.2318638223628554e7,2.920870837092245,3.668880081173827e-11,3.668880081173827e-11,513,1,1.162735316416104e7,584899.4978889226,586.9621535559669,12.815108345327275,168.35825544738296,9.721460689612024e6,486100.9594168217,718.4943420980657,15.801874053194867,205.63500455818203
358,58,7f3bcef5a08e3ee69ec959154bc064e98543e76d,5fccb18775a1c53c589e1a644bcdca5c2966e2c9f1b72779e18c5571bee51811,1.12.5,SOSRI,paper_common,continuation,0.01,0.05,true,high,high,false,true,24260863,1.5e-6,0.1,60.0,1500.0,Success,Success,true,true,8.841936574105496,6.879504179953331e6,1.420891611670642e7,2.9208708370923846,3.77517385018861e-11,3.77517385018861e-11,551,0,8.906527151776372e6,426809.85570394964,862.7006935103523,20.189001099112115,239.63975489339902,9.721460689611798e6,486100.95941680716,718.4943420980869,15.801874053104713,205.63500455824317
359,59,7f3bcef5a08e3ee69ec959154bc064e98543e76d,5fccb18775a1c53c589e1a644bcdca5c2966e2c9f1b72779e18c5571bee51811,1.12.5,SOSRI,paper_common,continuation,0.01,0.05,true,high,high,false,true,24260864,1.5e-6,0.1,60.0,1500.0,Success,Success,true,true,9.483790936711994,6.760054667429435e6,1.3843224056484088e7,2.920870837092284,2.0639148919838424e-11,2.0639148919838424e-11,514,0,1.0619944569142116e7,512407.4800308075,740.4855620970853,17.230545421664623,205.373754011841,9.721460689612022e6,486100.9594168217,718.4943420980655,15.801874054421496,205.635004552355
360,60,7f3bcef5a08e3ee69ec959154bc064e98543e76d,5fccb18775a1c53c589e1a644bcdca5c2966e2c9f1b72779e18c5571bee51811,1.12.5,SOSRI,paper_common,continuation,0.01,0.05,true,high,high,false,true,24260865,1.5e-6,0.1,60.0,1500.0,Success,Success,true,true,6.550121866988389,6.675534804792384e6,1.7527537883027375e7,2.920870837092216,1.0183160443929512e-10,1.0183160443929512e-10,617,0,1.044159309657495e7,565070.4855384293,621.0035042789858,12.655493814131047,176.9074507826402,9.721460689612031e6,486100.9594168216,718.4943420980661,15.80187404820838,205.63500458155153
361,61,7f3bcef5a08e3ee69ec959154bc064e98543e76d,5fccb18775a1c53c589e1a644bcdca5c2966e2c9f1b72779e18c5571bee51811,1.12.5,SOSRI,paper_common,continuation,0.01,0.05,true,high,high,false,true,24260866,1.5e-6,0.1,60.0,1500.0,Success,Success,true,true,12.520343950430602,4.802631618669691e6,1.1483506662132803e7,2.9208708370923513,5.109962727824131e-11,5.109962727824131e-11,473,0,7.610121355007317e6,328654.3024256959,1118.6497969410436,28.82558378571846,314.7224754233031,9.7214606896118e6,486100.95941680716,718.4943420980873,15.801874052084584,205.63500456309143
362,62,7f3bcef5a08e3ee69ec959154bc064e98543e76d,5fccb18775a1c53c589e1a644bcdca5c2966e2c9f1b72779e18c5571bee51811,1.12.5,SOSRI,paper_common,continuation,0.01,0.05,true,high,high,false,true,24260867,1.5e-6,0.1,60.0,1500.0,Success,Success,true,true,6.889561937179352,5.269614659506997e6,1.705127527179191e7,2.9208708370902596,2.5752169085006408e-11,2.5752169085006408e-11,559,0,9.599951480474368e6,543765.1286760127,623.7068743131026,12.025537192727203,180.21991033611226,9.721460689611794e6,486100.95941680705,718.494342098087,15.801874054179489,205.6350045584177
363,63,7f3bcef5a08e3ee69ec959154bc064e98543e76d,5fccb18775a1c53c589e1a644bcdca5c2966e2c9f1b72779e18c5571bee51811,1.12.5,SOSRI,paper_common,continuation,0.01,0.05,true,high,high,false,true,24260868,1.5e-6,0.1,60.0,1500.0,Success,Success,true,true,5.923914125179796,7.875221490783669e6,1.7638561014969796e7,2.9208708370923255,2.928787578024518e-11,2.928787578024518e-11,683,0,8.080019302708417e6,392567.1623203629,897.344653723215,20.428252986621636,254.55934553626852,9.721460689611796e6,486100.9594168072,718.4943420980869,15.801874053756308,205.63500455534293
364,64,7f3bcef5a08e3ee69ec959154bc064e98543e76d,5fccb18775a1c53c589e1a644bcdca5c2966e2c9f1b72779e18c5571bee51811,1.12.5,SOSRI,paper_common,continuation,0.01,0.05,true,high,high,false,true,24260869,1.5e-6,0.1,60.0,1500.0,Success,Success,true,true,11.783147189172254,4.841470617795508e6,1.2477953667653484e7,2.9208708370922243,4.960572403789919e-11,4.960572403789919e-11,458,0,1.1443155194676818e7,550633.2801354232,644.4375255866732,14.707348993392712,184.91862989379854,9.721460689612025e6,486100.9594168216,718.4943420980661,15.801874052206998,205.63500456284763
365,65,7f3bcef5a08e3ee69ec959154bc064e98543e76d,5fccb18775a1c53c589e1a644bcdca5c2966e2c9f1b72779e18c5571bee51811,1.12.5,SOSRI,paper_common,continuation,0.01,0.05,true,high,high,false,true,24260870,1.5e-6,0.1,60.0,1500.0,Success,Success,true,true,10.321152561613056,5.018537216931696e6,1.3275268278747465e7,2.9208708370923495,7.847498759391791e-11,7.847498759391791e-11,492,0,7.520774247604177e6,319081.1328411586,1156.2432123012356,30.2245560605343,327.0702830299102,9.721460689611802e6,486100.9594168072,718.4943420980867,15.801874049988427,205.6350045728887
366,66,7f3bcef5a08e3ee69ec959154bc064e98543e76d,5fccb18775a1c53c589e1a644bcdca5c2966e2c9f1b72779e18c5571bee51811,1.12.5,SOSRI,paper_common,continuation,0.01,0.05,true,high,high,false,true,24260871,1.5e-6,0.1,60.0,1500.0,Success,Success,true,true,11.318620243309251,5.245630014721382e6,1.2995284535428984e7,2.9208708370923087,5.55560837777485e-11,5.55560837777485e-11,509,0,1.0110724972783111e7,513327.1033970468,651.9038788854579,13.893303205998984,191.06572954050344,9.721460689612025e6,486100.9594168217,718.4943420980659,15.801874051746328,205.63500456479488
367,67,7f3bcef5a08e3ee69ec959154bc064e98543e76d,5fccb18775a1c53c589e1a644bcdca5c2966e2c9f1b72779e18c5571bee51811,1.12.5,SOSRI,paper_common,continuation,0.01,0.05,true,high,high,false,true,24260872,1.5e-6,0.1,60.0,1500.0,Success,Success,true,true,10.828583069179762,5.756075587994227e6,1.3277400611373192e7,2.9208708370918797,1.125768207325363e-10,1.125768207325363e-10,552,1,1.1990035294617103e7,621198.7283203077,582.9876777310421,12.393298072836906,166.48565530251236,9.721460689612033e6,486100.9594168217,718.4943420980654,15.801874047405944,205.63500458612342
368,68,7f3bcef5a08e3ee69ec959154bc064e98543e76d,5fccb18775a1c53c589e1a644bcdca5c2966e2c9f1b72779e18c5571bee51811,1.12.5,SOSRI,paper_common,continuation,0.01,0.05,true,high,high,false,true,24260873,1.5e-6,0.1,60.0,1500.0,Success,Success,true,true,8.346323765179017,6.446046924223749e6,1.4093995743502626e7,2.9208708370923016,1.9684308599013034e-11,1.9684308599013034e-11,608,0,7.0654445625753e6,333160.14726239024,1023.0232740664917,23.678137200627532,296.0231755359686,9.721460689611796e6,486100.9594168072,718.4943420980867,15.801874054493128,205.63500455195947
369,69,7f3bcef5a08e3ee69ec959154bc064e98543e76d,5fccb18775a1c53c589e1a644bcdca5c2966e2c9f1b72779e18c5571bee51811,1.12.5,SOSRI,paper_common,continuation,0.01,0.05,true,high,high,false,true,24260874,1.5e-6,0.1,60.0,1500.0,Success,Success,true,true,10.57953434807565,7.602348793281801e6,1.3383777386677068e7,2.920870837092227,3.979742646696226e-11,3.979742646696226e-11,648,1,1.1022319225518042e7,594252.528991117,569.4985151030287,11.492663440445902,165.55330940079236,9.721460689612024e6,486100.9594168217,718.4943420980652,15.80187405295793,205.63500455933377
370,70,7f3bcef5a08e3ee69ec959154bc064e98543e76d,5fccb18775a1c53c589e1a644bcdca5c2966e2c9f1b72779e18c5571bee51811,1.12.5,SOSRI,paper_common,continuation,0.01,0.05,true,high,high,false,true,24260875,1.5e-6,0.1,60.0,1500.0,Success,Success,true,true,14.369772270136533,5.905824887363914e6,1.1784832839026771e7,2.9208708370922425,3.075381133287452e-11,3.075381133287452e-11,486,1,1.1784832839026771e7,566675.5170130649,647.6067957437742,15.123329228193121,179.60015401361755,9.721460689612024e6,486100.9594168217,718.494342098066,15.80187405364946,205.63500455606314
371,71,7f3bcef5a08e3ee69ec959154bc064e98543e76d,5fccb18775a1c53c589e1a644bcdca5c2966e2c9f1b72779e18c5571bee51811,1.12.5,SOSRI,paper_common,continuation,0.01,0.05,true,high,high,false,true,24260876,1.5e-6,0.1,60.0,1500.0,Success,Success,true,true,12.843387312707257,5.297431560785114e6,1.2022660482086131e7,2.92087083709239,9.10228904722885e-11,9.10228904722885e-11,502,0,7.405418393995442e6,358162.67452148197,936.2335200259272,21.12703330268403,270.88371662641737,9.721460689611804e6,486100.95941680716,718.4943420980873,15.801874049025171,205.63500457728995
372,72,7f3bcef5a08e3ee69ec959154bc064e98543e76d,5fccb18775a1c53c589e1a644bcdca5c2966e2c9f1b72779e18c5571bee51811,1.12.5,SOSRI,paper_common,continuation,0.01,0.05,true,high,high,false,true,24260877,1.5e-6,0.1,60.0,1500.0,Success,Success,true,true,15.801874056001509,4.255195218559173e6,9.721460689611899e6,2.9208708370923,1.7591116549485992e-11,1.7591116549485992e-11,420,0,7.7164122451206315e6,354107.1250326845,957.8218844432112,22.58798995752764,280.72113729121946,9.721460689611796e6,486100.9594168072,718.4943420980871,15.80187405465347,205.63500455121275
373,73,7f3bcef5a08e3ee69ec959154bc064e98543e76d,5fccb18775a1c53c589e1a644bcdca5c2966e2c9f1b72779e18c5571bee51811,1.12.5,SOSRI,paper_common,continuation,0.01,0.05,true,high,high,false,true,24260878,1.5e-6,0.1,60.0,1500.0,Success,Success,true,true,8.65241423862852,6.736772956693929e6,1.4818143088708442e7,2.9208708370923593,3.556083925662847e-11,3.556083925662847e-11,510,0,8.496869741091022e6,405603.818408563,856.7257494402518,19.774513699807166,244.52146345150976,9.721460689611798e6,486100.9594168072,718.4943420980875,15.801874053273979,205.63500455751452
374,74,7f3bcef5a08e3ee69ec959154bc064e98543e76d,5fccb18775a1c53c589e1a644bcdca5c2966e2c9f1b72779e18c5571bee51811,1.12.5,SOSRI,paper_common,continuation,0.01,0.05,true,high,high,false,true,24260879,1.5e-6,0.1,60.0,1500.0,Success,Success,true,true,11.867709062736393,5.095724795070564e6,1.2869286403744655e7,2.9208708370922536,2.6395407101536383e-11,2.6395407101536383e-11,535,0,1.1027352980667293e7,576442.5260766846,616.716843713942,13.073597454336438,174.46916408172734,9.721460689612024e6,486100.9594168217,718.4943420980655,15.801874053982583,205.6350045544817
375,75,7f3bcef5a08e3ee69ec959154bc064e98543e76d,5fccb18775a1c53c589e1a644bcdca5c2966e2c9f1b72779e18c5571bee51811,1.12.5,SOSRI,paper_common,continuation,0.01,0.05,true,high,high,false,true,24260880,1.5e-6,0.1,60.0,1500.0,Success,Success,true,true,5.556216695975199,7.737313843754973e6,1.8757008207428582e7,2.920870837092081,6.710131888731604e-11,6.710131888731604e-11,722,1,1.604759530909634e7,980040.2072014832,367.36007782022347,6.676845989918057,103.63639073567894,9.721460689612027e6,486100.9594168217,718.4943420980655,15.80187405087598,205.63500456941773
376,76,7f3bcef5a08e3ee69ec959154bc064e98543e76d,5fccb18775a1c53c589e1a644bcdca5c2966e2c9f1b72779e18c5571bee51811,1.12.5,SOSRI,paper_common,continuation,0.01,0.05,true,high,high,false,true,24260881,1.5e-6,0.1,60.0,1500.0,Success,Success,true,true,13.360656792507644,5.607950005328307e6,1.1349257469628952e7,2.9208708370922847,2.5148773821503993e-11,2.5148773821503993e-11,469,0,1.0480226842626018e7,518851.7821995822,658.8426505701888,14.624480094778331,188.80312079428714,9.721460689612024e6,486100.9594168217,718.4943420980662,15.801874054076132,205.63500455396678
377,77,7f3bcef5a08e3ee69ec959154bc064e98543e76d,5fccb18775a1c53c589e1a644bcdca5c2966e2c9f1b72779e18c5571bee51811,1.12.5,SOSRI,paper_common,continuation,0.01,0.05,true,high,high,false,true,24260882,1.5e-6,0.1,60.0,1500.0,Success,Success,true,true,8.688137722165017,6.193994393269998e6,1.428862108123935e7,2.920870837092309,3.055986554128223e-11,3.055986554128223e-11,544,0,6.9717986600222895e6,320243.16212558653,1029.4262018399174,24.087839612139582,304.5833620886683,9.721460689611796e6,486100.9594168072,718.4943420980869,15.801874053659892,205.635004555834
378,78,7f3bcef5a08e3ee69ec959154bc064e98543e76d,5fccb18775a1c53c589e1a644bcdca5c2966e2c9f1b72779e18c5571bee51811,1.12.5,SOSRI,paper_common,continuation,0.01,0.05,true,high,high,false,true,24260883,1.5e-6,0.1,60.0,1500.0,Success,Success,true,true,12.09589309879979,5.20606442701303e6,1.2259816045510171e7,2.920870837092279,1.8125701943459666e-11,1.8125701943459666e-11,520,0,1.0808054571482413e7,534345.3732946245,669.4985711499451,14.899530129115545,191.51346305935348,9.721460689612022e6,486100.9594168217,718.4943420980654,15.80187405461428,205.63500455146732
379,79,7f3bcef5a08e3ee69ec959154bc064e98543e76d,5fccb18775a1c53c589e1a644bcdca5c2966e2c9f1b72779e18c5571bee51811,1.12.5,SOSRI,paper_common,continuation,0.01,0.05,true,high,high,false,true,24260884,1.5e-6,0.1,60.0,1500.0,Success,Success,true,true,8.374918133806856,6.51361489574345e6,1.5211573879024807e7,2.9208708370922865,9.681160087505887e-11,9.681160087505887e-11,559,0,1.041946437489662e7,513983.10898019513,706.7722804691281,15.865271166804103,200.2276526170223,9.721460689612031e6,486100.9594168217,718.4943420980659,15.801874048588548,205.6350045796026
380,80,7f3bcef5a08e3ee69ec959154bc064e98543e76d,5fccb18775a1c53c589e1a644bcdca5c2966e2c9f1b72779e18c5571bee51811,1.12.5,SOSRI,paper_common,continuation,0.01,0.05,true,high,high,false,true,24260885,1.5e-6,0.1,60.0,1500.0,Success,Success,true,true,11.303903673684617,5.947002381201505e6,1.3152576434553573e7,2.9208708370923655,5.964593437743551e-11,5.964593437743551e-11,516,0,7.7249763375652265e6,364552.61219892686,994.4770110329239,23.438735992531612,279.7423656709961,9.7214606896118e6,486100.9594168072,718.4943420980869,15.801874051429307,205.63500456611797
381,81,7f3bcef5a08e3ee69ec959154bc064e98543e76d,5fccb18775a1c53c589e1a644bcdca5c2966e2c9f1b72779e18c5571bee51811,1.12.5,SOSRI,paper_common,continuation,0.01,0.05,true,high,high,false,true,24260886,1.5e-6,0.1,60.0,1500.0,Success,Success,true,true,10.415248788969533,6.536822060537317e6,1.3243437168733891e7,2.9208708370921874,9.12648660063938e-11,9.12648660063938e-11,546,0,1.0558291969933331e7,563315.4254453902,631.5571310078208,13.046717784920904,180.1007429882284,9.721460689612031e6,486100.9594168217,718.4943420980654,15.801874049019235,205.63500457783297
382,82,7f3bcef5a08e3ee69ec959154bc064e98543e76d,5fccb18775a1c53c589e1a644bcdca5c2966e2c9f1b72779e18c5571bee51811,1.12.5,SOSRI,paper_common,continuation,0.01,0.05,true,high,high,false,true,24260887,1.5e-6,0.1,60.0,1500.0,Success,Success,true,true,7.312789219359502,7.351442094509132e6,1.5434721789362628e7,2.92087083709244,5.0966905011312176e-11,5.0966905011312176e-11,614,0,9.234941493267814e6,446736.3542843352,829.2440016316671,19.002161913843157,234.51908537678514,9.7214606896118e6,486100.9594168072,718.494342098087,15.80187405208949,205.6350045628505
383,83,7f3bcef5a08e3ee69ec959154bc064e98543e76d,5fccb18775a1c53c589e1a644bcdca5c2966e2c9f1b72779e18c5571bee51811,1.12.5,SOSRI,paper_common,continuation,0.01,0.05,true,high,high,false,true,24260888,1.5e-6,0.1,60.0,1500.0,Success,Success,true,true,9.020934060449479,5.690766187679926e6,1.4687805197870035e7,2.9208708370923735,3.3326568128685e-11,3.3326568128685e-11,524,0,8.940970725921208e6,415926.8005645434,793.4713483006607,18.408087003299613,233.52613073480381,9.721460689611798e6,486100.95941680716,718.4943420980871,15.801874053444228,205.63500455668424
384,84,7f3bcef5a08e3ee69ec959154bc064e98543e76d,5fccb18775a1c53c589e1a644bcdca5c2966e2c9f1b72779e18c5571bee51811,1.12.5,SOSRI,paper_common,continuation,0.01,0.05,true,high,high,false,true,24260889,1.5e-6,0.1,60.0,1500.0,Success,Success,true,true,7.074470856433658,6.68047036991938e6,1.6169756039481606e7,2.920870837092135,7.292241684686045e-11,7.292241684686045e-11,575,1,1.2490155545622034e7,692898.7301902281,521.0316138317239,10.378016772431799,148.01921418285468,9.72146068961203e6,486100.9594168217,718.4943420980659,15.80187405042695,205.6350045713836
385,85,7f3bcef5a08e3ee69ec959154bc064e98543e76d,5fccb18775a1c53c589e1a644bcdca5c2966e2c9f1b72779e18c5571bee51811,1.12.5,SOSRI,paper_common,continuation,0.01,0.05,true,high,high,false,true,24260890,1.5e-6,0.1,60.0,1500.0,Success,Success,true,true,7.276539851823252,6.778985262436909e6,1.5456079036667151e7,2.920870837088164,5.757499129914111e-11,5.757499129914111e-11,683,0,9.723573485979168e6,479564.28983173904,730.6442909598771,16.374269481687193,207.54810846620407,9.721460689611798e6,486100.959416807,718.494342098087,15.801874051892657,205.6350045742285
386,86,7f3bcef5a08e3ee69ec959154bc064e98543e76d,5fccb18775a1c53c589e1a644bcdca5c2966e2c9f1b72779e18c5571bee51811,1.12.5,SOSRI,paper_common,continuation,0.01,0.05,true,high,high,false,true,24260891,1.5e-6,0.1,60.0,1500.0,Success,Success,true,true,11.291743799889332,7.431364940887185e6,1.216246491224248e7,2.920870837092295,5.7631915697309986e-11,5.7631915697309986e-11,558,0,1.0186165361865254e7,530669.5686668081,655.7879812202577,13.716470372908608,190.21888918616415,9.721460689612027e6,486100.9594168217,718.4943420980662,15.801874051588166,205.63500456556633
387,87,7f3bcef5a08e3ee69ec959154bc064e98543e76d,5fccb18775a1c53c589e1a644bcdca5c2966e2c9f1b72779e18c5571bee51811,1.12.5,SOSRI,paper_common,continuation,0.01,0.05,true,high,high,false,true,24260892,1.5e-6,0.1,60.0,1500.0,Success,Success,true,true,6.265674460723296,6.736784561006818e6,1.7180412098598663e7,2.920870837092098,6.560058607046325e-11,6.560058607046325e-11,598,1,1.4819858818559516e7,909026.876754192,375.34916981522065,6.704295596973466,107.98514234471078,9.721460689612027e6,486100.9594168217,718.4943420980657,15.801874050989856,205.63500456884373
388,88,7f3bcef5a08e3ee69ec959154bc064e98543e76d,5fccb18775a1c53c589e1a644bcdca5c2966e2c9f1b72779e18c5571bee51811,1.12.5,SOSRI,paper_common,continuation,0.01,0.05,true,high,high,false,true,24260893,1.5e-6,0.1,60.0,1500.0,Success,Success,true,true,7.126295047274252,7.517085686706301e6,1.5197923935479525e7,2.920870837092333,3.7729073771713406e-11,3.7729073771713406e-11,583,0,7.8226959886378e6,385389.3948642855,854.2487879552854,18.690007956603715,251.66519693964085,9.721460689611798e6,486100.9594168072,718.4943420980869,15.801874053109476,205.63500455834634
389,89,7f3bcef5a08e3ee69ec959154bc064e98543e76d,5fccb18775a1c53c589e1a644bcdca5c2966e2c9f1b72779e18c5571bee51811,1.12.5,SOSRI,paper_common,continuation,0.01,0.05,true,high,high,false,true,24260894,1.5e-6,0.1,60.0,1500.0,Success,Success,true,true,9.894574815138983,5.775956638376304e6,1.4058819272238268e7,2.920870837092332,2.807545587120619e-11,2.807545587120619e-11,490,0,1.0062411808366757e7,482565.9075581772,703.6952563492026,16.05198999236304,203.05599702617673,9.721460689612024e6,486100.9594168217,718.4943420980658,15.801874053849225,205.63500455491194
390,90,7f3bcef5a08e3ee69ec959154bc064e98543e76d,5fccb18775a1c53c589e1a644bcdca5c2966e2c9f1b72779e18c5571bee51811,1.12.5,SOSRI,paper_common,continuation,0.01,0.05,true,high,high,false,true,24260895,1.5e-6,0.1,60.0,1500.0,Success,Success,true,true,8.55977416923378,6.858519332597164e6,1.4944207793937849e7,2.9208708370922376,2.7339754685790914e-11,2.7339754685790914e-11,578,1,1.2170496603855198e7,613653.8463130926,559.3829711964567,12.268015863780914,158.81445959593003,9.721460689612024e6,486100.9594168217,718.4943420980658,15.801874053911215,205.63500455485337
391,91,7f3bcef5a08e3ee69ec959154bc064e98543e76d,5fccb18775a1c53c589e1a644bcdca5c2966e2c9f1b72779e18c5571bee51811,1.12.5,SOSRI,paper_common,continuation,0.01,0.05,true,high,high,false,true,24260896,1.5e-6,0.1,60.0,1500.0,Success,Success,true,true,10.928653075062734,6.459032173036511e6,1.2738155200529175e7,2.920870837092254,2.5455562460223233e-11,2.5455562460223233e-11,489,0,1.1143188738886217e7,567426.9330248635,626.2410315167335,13.559125720328346,178.5613563263683,9.721460689612024e6,486100.9594168217,718.4943420980655,15.801874054054485,205.63500455414302
392,92,7f3bcef5a08e3ee69ec959154bc064e98543e76d,5fccb18775a1c53c589e1a644bcdca5c2966e2c9f1b72779e18c5571bee51811,1.12.5,SOSRI,paper_common,continuation,0.01,0.05,true,high,high,false,true,24260897,1.5e-6,0.1,60.0,1500.0,Success,Success,true,true,10.690432074928864,6.353951069845486e6,1.3161049472645096e7,2.920870837092311,2.311327331090949e-11,2.311327331090949e-11,563,1,1.0233720317711953e7,494159.5481371345,725.4523606360727,16.717049436191942,204.02590941684053,9.721460689612024e6,486100.9594168217,718.4943420980658,15.801874054230451,205.63500455318234
393,93,7f3bcef5a08e3ee69ec959154bc064e98543e76d,5fccb18775a1c53c589e1a644bcdca5c2966e2c9f1b72779e18c5571bee51811,1.12.5,SOSRI,paper_common,continuation,0.01,0.05,true,high,high,false,true,24260898,1.5e-6,0.1,60.0,1500.0,Success,Success,true,true,10.261903554865562,5.936792736363499e6,1.376522296142334e7,2.9208708370921896,4.5189383239550265e-11,4.5189383239550265e-11,580,1,1.376522296142334e7,750411.7295744295,499.7871185688793,10.280433580467925,138.82242791831095,9.721460689612025e6,486100.9594168217,718.4943420980659,15.801874052547287,205.6350045613432
394,94,7f3bcef5a08e3ee69ec959154bc064e98543e76d,5fccb18775a1c53c589e1a644bcdca5c2966e2c9f1b72779e18c5571bee51811,1.12.5,SOSRI,paper_common,continuation,0.01,0.05,true,high,high,false,true,24260899,1.5e-6,0.1,60.0,1500.0,Success,Success,true,true,12.542923067727777,5.722532628859903e6,1.1837237327692747e7,2.920870837092336,7.371492579658491e-11,7.371492579658491e-11,467,0,6.585040737152129e6,277423.4778433254,1214.9456142325514,31.011618967098304,359.52495897992276,9.721460689611802e6,486100.9594168072,718.4943420980876,15.801874050353709,205.63500457121427
395,95,7f3bcef5a08e3ee69ec959154bc064e98543e76d,5fccb18775a1c53c589e1a644bcdca5c2966e2c9f1b72779e18c5571bee51811,1.12.5,SOSRI,paper_common,continuation,0.01,0.05,true,high,high,false,true,24260900,1.5e-6,0.1,60.0,1500.0,Success,Success,true,true,6.285140985482588,8.26786774085803e6,1.6248513220846333e7,2.920870837092246,1.7794041653876326e-11,1.7794041653876326e-11,706,0,1.4058304995110746e7,856995.4581556943,404.91582086977667,7.2702264936917,116.65403105076685,9.721460689612022e6,486100.9594168217,718.4943420980657,15.801874054641665,205.63500455141997
396,96,7f3bcef5a08e3ee69ec959154bc064e98543e76d,5fccb18775a1c53c589e1a644bcdca5c2966e2c9f1b72779e18c5571bee51811,1.12.5,SOSRI,paper_common,continuation,0.01,0.05,true,high,high,false,true,24260901,1.5e-6,0.1,60.0,1500.0,Success,Success,true,true,5.605947986018382,5.595974786273455e6,1.759923455981734e7,2.9208708370923464,1.0353763649347903e-10,1.0353763649347903e-10,653,0,6.678137417524226e6,275278.86433143384,1264.2009868356254,33.65364690245102,363.43302532783537,9.721460689611804e6,486100.9594168072,718.4943420980868,15.801874048069458,205.6350045818618
397,97,7f3bcef5a08e3ee69ec959154bc064e98543e76d,5fccb18775a1c53c589e1a644bcdca5c2966e2c9f1b72779e18c5571bee51811,1.12.5,SOSRI,paper_common,continuation,0.01,0.05,true,high,high,false,true,24260902,1.5e-6,0.1,60.0,1500.0,Success,Success,true,true,9.698715029223866,5.901583045619049e6,1.3856383036852298e7,2.920870837092315,6.84649578114533e-11,6.84649578114533e-11,609,0,6.254169277538725e6,274454.5081388978,1276.5918287156858,31.705709958117968,370.25557175194893,9.7214606896118e6,486100.9594168072,718.4943420980869,15.801874050757,205.63500456938255
398,98,7f3bcef5a08e3ee69ec959154bc064e98543e76d,5fccb18775a1c53c589e1a644bcdca5c2966e2c9f1b72779e18c5571bee51811,1.12.5,SOSRI,paper_common,continuation,0.01,0.05,true,high,high,false,true,24260903,1.5e-6,0.1,60.0,1500.0,Success,Success,true,true,13.322622867436793,6.204108856353307e6,1.12690418995008e7,2.9208708370924343,2.6339991349111872e-11,2.6339991349111872e-11,520,0,9.843226155320715e6,486016.1173766969,738.7587117862971,16.610536279506245,208.44601111285874,9.721460689612024e6,486100.9594168217,718.4943420980653,15.801874053976121,205.63500455406844
399,99,7f3bcef5a08e3ee69ec959154bc064e98543e76d,5fccb18775a1c53c589e1a644bcdca5c2966e2c9f1b72779e18c5571bee51811,1.12.5,SOSRI,paper_common,continuation,0.01,0.05,true,high,high,false,true,24260904,1.5e-6,0.1,60.0,1500.0,Success,Success,true,true,11.711035885321122,5.764611695985649e6,1.2383690622350782e7,2.9208708370922984,1.9485222664918463e-11,1.9485222664918463e-11,532,0,6.978415660334765e6,311084.8330624539,1126.4190031706069,27.797594855311424,322.29919313916906,9.721460689611796e6,486100.95941680716,718.4943420980873,15.80187405450856,205.63500455189504
400,100,7f3bcef5a08e3ee69ec959154bc064e98543e76d,5fccb18775a1c53c589e1a644bcdca5c2966e2c9f1b72779e18c5571bee51811,1.12.5,SOSRI,paper_common,continuation,0.01,0.05,true,high,high,false,true,24260905,1.5e-6,0.1,60.0,1500.0,Success,Success,true,true,7.974944867557369,4.7215272012280235e6,1.6444975400023196e7,2.920870837092308,2.5621045512544514e-11,2.5621045512544514e-11,590,0,7.278061952063672e6,351732.5426893688,1031.839759154791,23.630715320271634,292.32104077290654,9.721460689611796e6,486100.95941680716,718.494342098087,15.801874054038134,205.63500455406913
401,1,7f3bcef5a08e3ee69ec959154bc064e98543e76d,5fccb18775a1c53c589e1a644bcdca5c2966e2c9f1b72779e18c5571bee51811,1.12.5,SOSRI,paper_common,continuation,0.01,0.05,true,low,low,false,true,25260806,1.5e-6,0.15,60.0,1500.0,Success,Success,true,true,91.7406302411209,380.4354265500457,6095.037065879048,3.930146051738824e-11,2.9208708371143306,3.930146051738824e-11,5,1,1927.448073661711,501.09717128550824,158340.51225929536,488.170923488798,92803.75708208226,473.77863919609376,523.6889308229983,225270.33150414,163.6129811899203,138180.9244706968
402,2,7f3bcef5a08e3ee69ec959154bc064e98543e76d,5fccb18775a1c53c589e1a644bcdca5c2966e2c9f1b72779e18c5571bee51811,1.12.5,SOSRI,paper_common,continuation,0.01,0.05,true,low,low,false,true,25260807,1.5e-6,0.15,60.0,1500.0,Success,Success,true,true,107.82379902750908,291.94050362231945,3795.410495288196,3.609235372713194e-11,2.9208708371123,3.609235372713194e-11,4,2,1042.978747915063,724.6957507297549,269902.99361283943,505.69482950353233,159926.29311557853,473.77863920235376,523.6889308242743,225270.33150426537,163.61298118832636,138180.92447091234
403,3,7f3bcef5a08e3ee69ec959154bc064e98543e76d,5fccb18775a1c53c589e1a644bcdca5c2966e2c9f1b72779e18c5571bee51811,1.12.5,SOSRI,paper_common,continuation,0.01,0.05,true,low,low,false,true,25260808,1.5e-6,0.15,60.0,1500.0,Success,Success,true,true,2.9310241726377595,2.9310241726377595,574.0369803606787,1.8464801027776902e-11,2.9208708370786347,1.8464801027776902e-11,11,1,28.963141871923813,499.5542740632156,266306.39143429906,37.33449671691526,150893.95962285076,473.7786393061314,523.6889308469317,225270.33150642738,163.61298116270848,138180.92447461924
404,4,7f3bcef5a08e3ee69ec959154bc064e98543e76d,5fccb18775a1c53c589e1a644bcdca5c2966e2c9f1b72779e18c5571bee51811,1.12.5,SOSRI,paper_common,continuation,0.01,0.05,true,low,low,false,true,25260809,1.5e-6,0.15,60.0,1500.0,Success,Success,true,true,83.07046764528108,139.6801010627757,1558.3133263521024,3.5302365424480264e-10,2.920870836853935,3.5302365424480264e-10,5,1,828.0277376865735,490.5158738280741,188896.93203055285,173.43191630395194,117505.09902362103,473.7786400002801,523.6889310891406,225270.33152592773,163.61298104135224,138180.9245074192
405,5,7f3bcef5a08e3ee69ec959154bc064e98543e76d,5fccb18775a1c53c589e1a644bcdca5c2966e2c9f1b72779e18c5571bee51811,1.12.5,SOSRI,paper_common,continuation,0.01,0.05,true,low,low,false,true,25260810,1.5e-6,0.15,60.0,1500.0,Success,Success,true,true,51.005389932291884,51.005389932291884,1007.8171532166291,3.3256525035088046e-11,2.920870837069292,3.3256525035088046e-11,16,1,69.51547548020783,462.39251722225373,233753.99016053553,101.34731041733725,134675.8282408978,473.77863933490335,523.688930851381,225270.33150692473,163.61298115459778,138180.92447548508
406,6,7f3bcef5a08e3ee69ec959154bc064e98543e76d,5fccb18775a1c53c589e1a644bcdca5c2966e2c9f1b72779e18c5571bee51811,1.12.5,SOSRI,paper_common,continuation,0.01,0.05,true,low,low,false,true,25260811,1.5e-6,0.15,60.0,1500.0,Success,Success,true,true,77.51356292115601,342.2781747310132,3361.5718207083955,1.7255348715003554e-10,2.9208708372013104,1.7255348715003554e-10,6,2,1014.3039967559707,477.09720379133216,176760.61328465593,240.59143546171384,109192.83565885865,473.77863892773735,523.6889307505196,225270.3314977777,163.6129812485034,138180.92445988473
407,7,7f3bcef5a08e3ee69ec959154bc064e98543e76d,5fccb18775a1c53c589e1a644bcdca5c2966e2c9f1b72779e18c5571bee51811,1.12.5,SOSRI,paper_common,continuation,0.01,0.05,true,low,low,false,true,25260812,1.5e-6,0.15,60.0,1500.0,Success,Success,true,true,16.541245789156832,16.541245789156832,1479.6902665591535,1.1141508965913724e-11,2.9208708370949674,1.1141508965913724e-11,15,2,367.367549037994,550.4360772559507,232869.26325155413,184.93596624279047,139117.0413410457,473.77863925581653,523.6889308380966,225270.3315054988,163.61298117631168,138180.92447301192
408,8,7f3bcef5a08e3ee69ec959154bc064e98543e76d,5fccb18775a1c53c589e1a644bcdca5c2966e2c9f1b72779e18c5571bee51811,1.12.5,SOSRI,paper_common,continuation,0.01,0.05,true,low,low,false,true,25260813,1.5e-6,0.15,60.0,1500.0,Success,Success,true,true,86.74471936295036,271.38487757471705,12856.228683704949,1.1144797751299579e-11,2.9208708370836662,1.1144797751299579e-11,3,2,11395.831457930672,932.5675467161257,149141.194730029,1183.241840811068,84353.97466583144,473.7786392906174,523.6889308433675,225270.33150609437,163.61298116643974,138180.92447404945
409,9,7f3bcef5a08e3ee69ec959154bc064e98543e76d,5fccb18775a1c53c589e1a644bcdca5c2966e2c9f1b72779e18c5571bee51811,1.12.5,SOSRI,paper_common,continuation,0.01,0.05,true,low,low,false,true,25260814,1.5e-6,0.15,60.0,1500.0,Success,Success,true,true,69.40216060812072,149.53455730889053,9696.275862091896,9.88975121102704e-12,2.92087083708475,9.88975121102704e-12,5,2,4239.405709264914,488.4268481879848,122814.65253864603,503.8003408773754,71849.17224323066,473.77863928722513,523.688930839349,225270.33150584114,163.61298116547252,138180.92447363844
410,10,7f3bcef5a08e3ee69ec959154bc064e98543e76d,5fccb18775a1c53c589e1a644bcdca5c2966e2c9f1b72779e18c5571bee51811,1.12.5,SOSRI,paper_common,continuation,0.01,0.05,true,low,high,true,true,25260815,1.5e-6,0.15,60.0,1500.0,Success,Success,true,true,77.29943757167467,277.61244821196476,64674.55368038306,2.9208708370921044,4.433053256426892e-11,4.433053256426892e-11,5,0,58342.894018146835,2843.3090687690246,108187.37050074019,2394.524211866221,43842.43560472154,9.721460689611798e6,486100.9594168072,718.4943420980873,15.801874052617775,205.63500456120337
411,11,7f3bcef5a08e3ee69ec959154bc064e98543e76d,5fccb18775a1c53c589e1a644bcdca5c2966e2c9f1b72779e18c5571bee51811,1.12.5,SOSRI,paper_common,continuation,0.01,0.05,true,low,low,false,true,25260816,1.5e-6,0.15,60.0,1500.0,Success,Success,true,true,32.09040776600917,32.09040776600917,2240.5016290943395,3.6394910884329915e-10,2.9208708373290477,3.6394910884329915e-10,5,1,32.09040776600917,839.6652410088166,454414.2151239978,456.5454085262487,238196.26766643417,473.7786385332869,523.6889306226531,225270.3314872396,163.6129813228492,138180.92444210887
412,12,7f3bcef5a08e3ee69ec959154bc064e98543e76d,5fccb18775a1c53c589e1a644bcdca5c2966e2c9f1b72779e18c5571bee51811,1.12.5,SOSRI,paper_common,continuation,0.01,0.05,true,low,low,false,true,25260817,1.5e-6,0.15,60.0,1500.0,Success,Success,true,true,108.51145139192488,412.21813075339196,14178.913901817748,1.8195912083183975e-11,2.9208708371028487,1.8195912083183975e-11,2,2,3964.075372373897,937.611223949294,183465.0848801109,1358.2002766591809,83168.79774726648,473.77863923118593,523.6889308119416,225270.3315038306,163.6129811709373,138180.9244702974
413,13,7f3bcef5a08e3ee69ec959154bc064e98543e76d,5fccb18775a1c53c589e1a644bcdca5c2966e2c9f1b72779e18c5571bee51811,1.12.5,SOSRI,paper_common,continuation,0.01,0.05,true,low,low,false,true,25260818,1.5e-6,0.15,60.0,1500.0,Success,Success,true,true,0.430552907000004,0.430552907000004,1007.3091751790197,8.768162173612903e-11,2.920870837031592,8.768162173612903e-11,5,2,220.56326834174237,494.25921536684695,217451.10651007455,34.295922302342596,132284.25891502446,473.7786394515239,523.6889309018142,225270.3315107426,163.6129811395769,138180.92448185568
414,14,7f3bcef5a08e3ee69ec959154bc064e98543e76d,5fccb18775a1c53c589e1a644bcdca5c2966e2c9f1b72779e18c5571bee51811,1.12.5,SOSRI,paper_common,continuation,0.01,0.05,true,low,low,false,true,25260819,1.5e-6,0.15,60.0,1500.0,Success,Success,true,true,21.775490387991994,21.775490387991994,593.4408074845348,3.4354509311963e-10,2.920870836863757,3.4354509311963e-10,11,2,286.1768243899746,325.7254043602783,132201.39608563128,48.823205564911355,82238.66322713623,473.778639969466,523.6889310492492,225270.33152344206,163.61298103067367,138180.92450339
415,15,7f3bcef5a08e3ee69ec959154bc064e98543e76d,5fccb18775a1c53c589e1a644bcdca5c2966e2c9f1b72779e18c5571bee51811,1.12.5,SOSRI,paper_common,continuation,0.01,0.05,true,low,low,false,true,25260820,1.5e-6,0.15,60.0,1500.0,Success,Success,true,true,0.09723783601804828,0.09723783601804828,911.1178212526894,5.17814309692917e-11,2.920870837120597,5.17814309692917e-11,8,1,0.09723783601804828,1042.8245637855582,732424.8763705028,60.05018431209616,345419.09021323116,473.7786391768888,523.6889308257864,225270.33150412797,163.61298119850923,138180.9244706273
416,16,7f3bcef5a08e3ee69ec959154bc064e98543e76d,5fccb18775a1c53c589e1a644bcdca5c2966e2c9f1b72779e18c5571bee51811,1.12.5,SOSRI,paper_common,continuation,0.01,0.05,true,low,low,false,true,25260821,1.5e-6,0.15,60.0,1500.0,Success,Success,true,true,83.01777616544884,83.01777616544884,3021.2268672674227,1.245303743704553e-10,2.9208708371681023,1.245303743704553e-10,11,2,83.01777616544884,571.7272615172556,288303.69183689286,179.4914282987414,163746.11560793835,473.77863903035706,523.6889307882259,225270.33150076584,163.6129812316091,138180.92446490147
417,17,7f3bcef5a08e3ee69ec959154bc064e98543e76d,5fccb18775a1c53c589e1a644bcdca5c2966e2c9f1b72779e18c5571bee51811,1.12.5,SOSRI,paper_common,continuation,0.01,0.05,true,low,low,false,true,25260822,1.5e-6,0.15,60.0,1500.0,Success,Success,true,true,17.350628792487264,17.350628792487264,4379.444341346596,2.6946886566354657e-10,2.9208708369168495,2.6946886566354657e-10,4,2,423.0401516696289,421.57837816785957,159878.6262556067,79.91745447274697,98842.7617047604,473.7786398051113,523.6889309711464,225270.33151767106,163.6129810479638,138180.92449379104
418,18,7f3bcef5a08e3ee69ec959154bc064e98543e76d,5fccb18775a1c53c589e1a644bcdca5c2966e2c9f1b72779e18c5571bee51811,1.12.5,SOSRI,paper_common,continuation,0.01,0.05,true,low,low,false,true,25260823,1.5e-6,0.15,60.0,1500.0,Success,Success,true,true,8.755132166999685,8.755132166999685,758.9608328362976,5.91468354091725e-11,2.9208708371253254,5.91468354091725e-11,13,1,8.755132166999685,696.0341804123509,415960.4798031281,94.69006269335168,223394.36501960296,473.7786391623156,523.688930822617,225270.33150382523,163.61298120211273,138180.92447010786
419,19,7f3bcef5a08e3ee69ec959154bc064e98543e76d,5fccb18775a1c53c589e1a644bcdca5c2966e2c9f1b72779e18c5571bee51811,1.12.5,SOSRI,paper_common,continuation,0.01,0.05,true,low,low,false,true,25260824,1.5e-6,0.15,60.0,1500.0,Success,Success,true,true,62.49054530868136,69.42576599251076,1112.825659373772,2.5418887437031185e-11,2.9208708370743155,2.5418887437031185e-11,12,2,492.68859853338506,621.8502884915683,266540.46531360596,207.59812211108516,161047.5798377445,473.77863931941533,523.6889308479963,225270.331506602,163.61298115841623,138180.92447493147
420,20,7f3bcef5a08e3ee69ec959154bc064e98543e76d,5fccb18775a1c53c589e1a644bcdca5c2966e2c9f1b72779e18c5571bee51811,1.12.5,SOSRI,paper_common,continuation,0.01,0.05,true,low,low,false,true,25260825,1.5e-6,0.15,60.0,1500.0,Success,Success,true,true,39.38155474989333,44.734585132099376,2263.4428349614695,9.332945565784274e-11,2.920870837150579,9.332945565784274e-11,8,2,785.3071699964779,419.2089005091325,156389.96789535414,181.20319276885238,96334.92866613765,473.7786390841837,523.6889307881759,225270.33150123133,163.6129812118151,138180.9244657819
421,21,7f3bcef5a08e3ee69ec959154bc064e98543e76d,5fccb18775a1c53c589e1a644bcdca5c2966e2c9f1b72779e18c5571bee51811,1.12.5,SOSRI,paper_common,continuation,0.01,0.05,true,low,high,true,true,25260826,1.5e-6,0.15,60.0,1500.0,Success,Success,true,true,101.02958052879518,119.4051477038577,16223.397409782494,2.9208708370916514,8.940023167990925e-11,8.940023167990925e-11,4,0,14767.378377062507,799.3488173188524,104992.11068103228,824.1495305194826,64174.32559347222,9.721460689611804e6,486100.9594168072,718.4943420980875,15.801874049194366,205.63500457830617
422,22,7f3bcef5a08e3ee69ec959154bc064e98543e76d,5fccb18775a1c53c589e1a644bcdca5c2966e2c9f1b72779e18c5571bee51811,1.12.5,SOSRI,paper_common,continuation,0.01,0.05,true,low,high,true,true,25260827,1.5e-6,0.15,60.0,1500.0,Success,Success,true,true,3.420782855269022,3.420782855269022,11833.29928670664,2.9208708370910905,5.728294022578486e-11,5.728294022578486e-11,0,0,10408.388845373147,729.094505685388,127103.91774287994,670.3731240236539,80838.03052607333,9.721460689611798e6,486100.95941680716,718.4943420980871,15.801874051690929,205.63500456801353
423,23,7f3bcef5a08e3ee69ec959154bc064e98543e76d,5fccb18775a1c53c589e1a644bcdca5c2966e2c9f1b72779e18c5571bee51811,1.12.5,SOSRI,paper_common,continuation,0.01,0.05,true,low,low,false,true,25260828,1.5e-6,0.15,60.0,1500.0,Success,Success,true,true,10.746543219461145,10.746543219461145,10316.049803759794,2.910117674797819e-10,2.9208708372783994,2.910117674797819e-10,5,2,10.746543219461145,749.8390986329749,434942.95290833217,417.68722392096373,213230.52638616657,473.7786386898879,523.6889306858318,225270.3314921133,163.6129813001737,138180.9244502625
424,24,7f3bcef5a08e3ee69ec959154bc064e98543e76d,5fccb18775a1c53c589e1a644bcdca5c2966e2c9f1b72779e18c5571bee51811,1.12.5,SOSRI,paper_common,continuation,0.01,0.05,true,low,low,false,true,25260829,1.5e-6,0.15,60.0,1500.0,Success,Success,true,true,72.82506083642596,140.41517619998461,11285.875461403622,2.986602167919834e-11,2.9208708370715315,2.986602167919834e-11,1,2,653.561138357594,417.50004423127183,155133.7403777628,196.68815022830606,90471.80985407346,473.7786393279903,523.6889308493908,225270.33150675395,163.61298115603702,138180.92447519585
425,25,7f3bcef5a08e3ee69ec959154bc064e98543e76d,5fccb18775a1c53c589e1a644bcdca5c2966e2c9f1b72779e18c5571bee51811,1.12.5,SOSRI,paper_common,continuation,0.01,0.05,true,low,low,false,true,25260830,1.5e-6,0.15,60.0,1500.0,Success,Success,true,true,88.38094468992558,145.15190389473312,8624.646014407514,5.8049773049843513e-11,2.92087083705255,5.8049773049843513e-11,5,1,8624.646014407514,610.1023815424636,121305.79264582587,437.98062830600526,79877.97879995745,473.7786393866216,523.6889308693227,225270.33150837204,163.61298114549706,138180.9244779198
426,26,7f3bcef5a08e3ee69ec959154bc064e98543e76d,5fccb18775a1c53c589e1a644bcdca5c2966e2c9f1b72779e18c5571bee51811,1.12.5,SOSRI,paper_common,continuation,0.01,0.05,true,low,low,false,true,25260831,1.5e-6,0.15,60.0,1500.0,Success,Success,true,true,74.14842812546146,147.31045633842453,1771.5820436290182,2.3902376701264156e-11,2.920870837104045,2.3902376701264156e-11,9,1,1732.187457915974,548.2053402389635,190690.3064979959,251.12111599057184,120560.9960466479,473.77863922782177,523.6889308313303,225270.33150487926,163.61298118286084,138180.9244719542
427,27,7f3bcef5a08e3ee69ec959154bc064e98543e76d,5fccb18775a1c53c589e1a644bcdca5c2966e2c9f1b72779e18c5571bee51811,1.12.5,SOSRI,paper_common,continuation,0.01,0.05,true,low,low,false,true,25260832,1.5e-6,0.15,60.0,1500.0,Success,Success,true,true,65.203101177469,173.66269526244602,8462.03566267521,3.857784295580383e-11,2.9208708371167464,3.857784295580383e-11,6,2,2291.023587894899,531.7572911015302,152160.46126448273,560.5701383297904,87289.94873940722,473.7786391883512,523.6889308029702,225270.3315029593,163.61298118172195,138180.92446880083
428,28,7f3bcef5a08e3ee69ec959154bc064e98543e76d,5fccb18775a1c53c589e1a644bcdca5c2966e2c9f1b72779e18c5571bee51811,1.12.5,SOSRI,paper_common,continuation,0.01,0.05,true,low,low,false,true,25260833,1.5e-6,0.15,60.0,1500.0,Success,Success,true,true,1.774243924787386,1.774243924787386,2751.790383839534,3.78699693714447e-10,2.9208708368354834,3.78699693714447e-10,7,2,2.3299617188682378,547.8307487303778,340521.0964050784,63.5516344012693,176293.48211794894,473.77864005748575,523.6889311217707,225270.33152823895,163.61298103833724,138180.92451124103
429,29,7f3bcef5a08e3ee69ec959154bc064e98543e76d,5fccb18775a1c53c589e1a644bcdca5c2966e2c9f1b72779e18c5571bee51811,1.12.5,SOSRI,paper_common,continuation,0.01,0.05,true,low,low,false,true,25260834,1.5e-6,0.15,60.0,1500.0,Success,Success,true,true,0.4397440783557332,0.4397440783557332,652.1886999697042,2.4398216333810047e-10,2.9208708369330574,2.4398216333810047e-10,9,2,8.396277072029106,649.9095314353322,370360.9232436738,39.090478564838236,201980.92715690332,473.7786397551401,523.6889309598218,225270.3315166072,163.61298106006535,138180.92449196987
430,30,7f3bcef5a08e3ee69ec959154bc064e98543e76d,5fccb18775a1c53c589e1a644bcdca5c2966e2c9f1b72779e18c5571bee51811,1.12.5,SOSRI,paper_common,continuation,0.01,0.05,true,low,low,false,true,25260835,1.5e-6,0.15,60.0,1500.0,Success,Success,true,true,36.07630099719112,36.07630099719112,2141.276247501816,8.929660306016794e-11,2.9208708371485463,8.929660306016794e-11,10,2,350.3618644939473,872.5252352557145,393511.1647553554,245.7935061465528,233100.80496960785,473.7786390903971,523.6889307863416,225270.33150118316,163.61298120852288,138180.92446572203
431,31,7f3bcef5a08e3ee69ec959154bc064e98543e76d,5fccb18775a1c53c589e1a644bcdca5c2966e2c9f1b72779e18c5571bee51811,1.12.5,SOSRI,paper_common,continuation,0.01,0.05,true,low,low,false,true,25260836,1.5e-6,0.15,60.0,1500.0,Success,Success,true,true,95.8606823853393,208.60955286873923,2398.2483053278356,1.4966857996606643e-11,2.9208708370959675,1.4966857996606643e-11,7,2,1372.1823148785247,543.5467807566628,193697.22309188056,355.34205728909683,118156.5093612246,473.7786392528053,523.6889308416968,225270.3315056726,163.61298117940487,138180.9244732803
432,32,7f3bcef5a08e3ee69ec959154bc064e98543e76d,5fccb18775a1c53c589e1a644bcdca5c2966e2c9f1b72779e18c5571bee51811,1.12.5,SOSRI,paper_common,continuation,0.01,0.05,true,low,low,false,true,25260837,1.5e-6,0.15,60.0,1500.0,Success,Success,true,true,89.06427670343506,396.534262271559,19881.361564269468,1.1254719860271295e-11,2.9208708370854626,1.1254719860271295e-11,0,2,12612.614367289594,1236.294082926007,173984.99723541833,1750.4609187707633,84569.90825842349,473.77863928491115,523.688930831617,225270.3315053913,163.61298116205617,138180.92447291804
433,33,7f3bcef5a08e3ee69ec959154bc064e98543e76d,5fccb18775a1c53c589e1a644bcdca5c2966e2c9f1b72779e18c5571bee51811,1.12.5,SOSRI,paper_common,continuation,0.01,0.05,true,low,low,false,true,25260838,1.5e-6,0.15,60.0,1500.0,Success,Success,true,true,64.41958676788634,87.30569685735809,9567.167046913084,3.924312910708372e-11,2.920870837116826,3.924312910708372e-11,5,3,5449.126673507156,802.2417744961695,186316.77350783636,1062.974910175732,102846.15178597826,473.77863918816263,523.6889308065669,225270.3315031577,163.61298118377212,138180.92446911556
434,34,7f3bcef5a08e3ee69ec959154bc064e98543e76d,5fccb18775a1c53c589e1a644bcdca5c2966e2c9f1b72779e18c5571bee51811,1.12.5,SOSRI,paper_common,continuation,0.01,0.05,true,low,high,true,true,25260839,1.5e-6,0.15,60.0,1500.0,Success,Success,true,true,94.04807772102185,429.99972808420193,18084.341406774605,2.9208708370918113,5.906408641947831e-11,5.906408641947831e-11,2,0,15431.494962939094,939.816280262332,119004.38283145892,1196.231695017836,63829.12987315897,9.7214606896118e6,486100.9594168072,718.4943420980868,15.80187405150763,205.63500456710668
435,35,7f3bcef5a08e3ee69ec959154bc064e98543e76d,5fccb18775a1c53c589e1a644bcdca5c2966e2c9f1b72779e18c5571bee51811,1.12.5,SOSRI,paper_common,continuation,0.01,0.05,true,low,low,false,true,25260840,1.5e-6,0.15,60.0,1500.0,Success,Success,true,true,1.565807024998126,1.565807024998126,5615.501011237305,3.0843794737151407e-10,2.920870837288407,3.0843794737151407e-10,1,2,4659.385985952497,787.7500029996404,202934.64143881656,609.8769217243648,127382.32063949229,473.7786386591358,523.6889306852364,225270.33149181298,163.6129813111368,138180.9244497044
436,36,7f3bcef5a08e3ee69ec959154bc064e98543e76d,5fccb18775a1c53c589e1a644bcdca5c2966e2c9f1b72779e18c5571bee51811,1.12.5,SOSRI,paper_common,continuation,0.01,0.05,true,low,low,false,true,25260841,1.5e-6,0.15,60.0,1500.0,Success,Success,true,true,69.87614779986465,381.9603178500168,10883.894453200704,3.2636459713362057e-10,2.920870836872883,3.2636459713362057e-10,1,1,6871.238771916952,729.5086167972214,157950.0938935572,775.5603906086524,95128.65405066467,473.77863994158935,523.6889310588655,225270.33152373435,163.61298104621324,138180.9245037809
437,37,7f3bcef5a08e3ee69ec959154bc064e98543e76d,5fccb18775a1c53c589e1a644bcdca5c2966e2c9f1b72779e18c5571bee51811,1.12.5,SOSRI,paper_common,continuation,0.01,0.05,true,low,high,true,true,25260842,1.5e-6,0.15,60.0,1500.0,Success,Success,true,true,103.01818036008129,356.33834355111287,70697.76286042998,2.9208708370920946,4.484022724011566e-11,4.484022724011566e-11,2,0,53982.62683094887,3026.177425598035,109364.29603176149,2348.7018919079896,36081.6082618836,9.721460689611798e6,486100.9594168072,718.4943420980871,15.801874052579349,205.63500456140704
438,38,7f3bcef5a08e3ee69ec959154bc064e98543e76d,5fccb18775a1c53c589e1a644bcdca5c2966e2c9f1b72779e18c5571bee51811,1.12.5,SOSRI,paper_common,continuation,0.01,0.05,true,low,low,false,true,25260843,1.5e-6,0.15,60.0,1500.0,Success,Success,true,true,0.0034859106791447726,0.0034859106791447726,611.9691255415538,8.665053624262876e-12,2.920870837092726,8.665053624262876e-12,11,2,18.785194692018624,534.4960671612392,268133.56864467554,16.432889053116888,150927.59005101307,473.7786392627293,523.6889308397181,225270.3315056488,163.61298117466973,138180.9244732687
439,39,7f3bcef5a08e3ee69ec959154bc064e98543e76d,5fccb18775a1c53c589e1a644bcdca5c2966e2c9f1b72779e18c5571bee51811,1.12.5,SOSRI,paper_common,continuation,0.01,0.05,true,low,low,false,true,25260844,1.5e-6,0.15,60.0,1500.0,Success,Success,true,true,97.95625839848368,343.86342076620866,17792.336138198905,5.06914420457071e-11,2.920870837056285,5.06914420457071e-11,2,1,4177.725624479218,727.0165804179069,180133.6478961323,997.2445288027528,87234.1653542092,473.7786393753029,523.6889308789762,225270.33150881014,163.61298115497465,138180.92447858606
440,40,7f3bcef5a08e3ee69ec959154bc064e98543e76d,5fccb18775a1c53c589e1a644bcdca5c2966e2c9f1b72779e18c5571bee51811,1.12.5,SOSRI,paper_common,continuation,0.01,0.05,true,low,low,false,true,25260845,1.5e-6,0.15,60.0,1500.0,Success,Success,true,true,60.479328910139785,76.04560273092892,7544.9115067905595,2.9098203050334055e-10,2.9208708368991037,2.9098203050334055e-10,10,3,5834.862115108302,743.2160164027533,167019.30343754013,636.912109650482,105021.28161540286,473.7786398602685,523.6889310111142,225270.33152037277,163.61298104974307,138180.92449822742
441,41,7f3bcef5a08e3ee69ec959154bc064e98543e76d,5fccb18775a1c53c589e1a644bcdca5c2966e2c9f1b72779e18c5571bee51811,1.12.5,SOSRI,paper_common,continuation,0.01,0.05,true,low,low,false,true,25260846,1.5e-6,0.15,60.0,1500.0,Success,Success,true,true,4.810776136482919,4.810776136482919,506.0616819163081,1.024787718407519e-10,2.92087083702482,1.024787718407519e-10,10,2,140.81760022608117,576.5605240698815,266015.06486404006,43.38495883711999,159144.41856930166,473.7786394720505,523.6889308846753,225270.33150996815,163.61298112259098,138180.92448067994
442,42,7f3bcef5a08e3ee69ec959154bc064e98543e76d,5fccb18775a1c53c589e1a644bcdca5c2966e2c9f1b72779e18c5571bee51811,1.12.5,SOSRI,paper_common,continuation,0.01,0.05,true,low,low,false,true,25260847,1.5e-6,0.15,60.0,1500.0,Success,Success,true,true,28.426490640003486,28.426490640003486,12284.681750289034,7.745576262111294e-11,2.920870837139197,7.745576262111294e-11,8,2,12284.681750289034,922.2639436362243,153217.22010436145,922.0618699237928,95031.77454613695,473.77863911938863,523.6889308031917,225270.33150237202,163.61298120716586,138180.9244676867
443,43,7f3bcef5a08e3ee69ec959154bc064e98543e76d,5fccb18775a1c53c589e1a644bcdca5c2966e2c9f1b72779e18c5571bee51811,1.12.5,SOSRI,paper_common,continuation,0.01,0.05,true,low,low,false,true,25260848,1.5e-6,0.15,60.0,1500.0,Success,Success,true,true,88.76345804011568,174.05110648768425,3084.765048236295,4.021266911085311e-11,2.9208708371138212,4.021266911085311e-11,7,2,2419.11628650753,849.7518401418597,288718.576137138,594.2651815099039,176214.6071889366,473.77863919773534,523.68893082776,225270.3315044188,163.61298119194382,138180.92447114416
444,44,7f3bcef5a08e3ee69ec959154bc064e98543e76d,5fccb18775a1c53c589e1a644bcdca5c2966e2c9f1b72779e18c5571bee51811,1.12.5,SOSRI,paper_common,continuation,0.01,0.05,true,low,low,false,true,25260849,1.5e-6,0.15,60.0,1500.0,Success,Success,true,true,23.147398952172857,23.147398952172857,1232.9165245266859,3.228304518506002e-11,2.9208708371115324,3.228304518506002e-11,7,2,24.664146967117965,528.8484795886097,290826.40652709285,94.78257395406462,162523.14882400475,473.77863920458407,523.6889308163736,225270.3315038455,163.61298118314994,138180.92447025128
445,45,7f3bcef5a08e3ee69ec959154bc064e98543e76d,5fccb18775a1c53c589e1a644bcdca5c2966e2c9f1b72779e18c5571bee51811,1.12.5,SOSRI,paper_common,continuation,0.01,0.05,true,low,high,true,true,25260850,1.5e-6,0.15,60.0,1500.0,Success,Success,true,true,75.2829470418987,422.3892064397227,174274.17941565314,2.9208708370922265,1.898427135779537e-11,1.898427135779537e-11,0,0,174274.17941565314,6565.095220693997,85111.39241354648,2778.731520282859,23146.611605248978,9.721460689611796e6,486100.9594168072,718.4943420980869,15.801874054551245,205.63500455187148
446,46,7f3bcef5a08e3ee69ec959154bc064e98543e76d,5fccb18775a1c53c589e1a644bcdca5c2966e2c9f1b72779e18c5571bee51811,1.12.5,SOSRI,paper_common,continuation,0.01,0.05,true,low,low,false,true,25260851,1.5e-6,0.15,60.0,1500.0,Success,Success,true,true,93.90412233130328,262.3519412717141,7910.623309036744,4.6666835377441344e-11,2.9208708371226058,4.6666835377441344e-11,4,1,588.2528448467791,546.4719502638309,228638.48001035018,342.2740818170185,130563.60639075277,473.7786391700223,523.6889307825403,225270.33150166433,163.61298117718994,138180.92446669535
447,47,7f3bcef5a08e3ee69ec959154bc064e98543e76d,5fccb18775a1c53c589e1a644bcdca5c2966e2c9f1b72779e18c5571bee51811,1.12.5,SOSRI,paper_common,continuation,0.01,0.05,true,low,low,false,true,25260852,1.5e-6,0.15,60.0,1500.0,Success,Success,true,true,0.11534285136767278,0.11534285136767278,505.3335661854799,4.240358164249776e-11,2.9208708371168153,4.240358164249776e-11,10,2,131.65560311956816,582.5071600382228,283572.3015472755,61.09954031065341,167522.49933083155,473.7786391883961,523.6889308190173,225270.33150385195,163.61298119055073,138180.92447021868
448,48,7f3bcef5a08e3ee69ec959154bc064e98543e76d,5fccb18775a1c53c589e1a644bcdca5c2966e2c9f1b72779e18c5571bee51811,1.12.5,SOSRI,paper_common,continuation,0.01,0.05,true,low,low,false,true,25260853,1.5e-6,0.15,60.0,1500.0,Success,Success,true,true,109.4850351401696,386.1403849987654,8961.30375032518,7.838707321402448e-12,2.920870837095431,7.838707321402448e-12,3,2,8961.30375032518,691.455322993678,139621.8180014326,600.1081954988823,89345.77376822075,473.7786392541913,523.6889308255595,225270.3315047876,163.6129811699966,138180.92447187807
449,49,7f3bcef5a08e3ee69ec959154bc064e98543e76d,5fccb18775a1c53c589e1a644bcdca5c2966e2c9f1b72779e18c5571bee51811,1.12.5,SOSRI,paper_common,continuation,0.01,0.05,true,low,high,true,true,25260854,1.5e-6,0.15,60.0,1500.0,Success,Success,true,true,117.41448142783759,400.9844353945623,23712.31790107734,2.920870837092192,1.9320783467814284e-11,1.9320783467814284e-11,0,0,23712.31790107734,779.047685558494,68766.63050670772,668.3440247441041,41969.295419221744,9.721460689611796e6,486100.95941680716,718.494342098087,15.801874054527566,205.63500455206565
450,50,7f3bcef5a08e3ee69ec959154bc064e98543e76d,5fccb18775a1c53c589e1a644bcdca5c2966e2c9f1b72779e18c5571bee51811,1.12.5,SOSRI,paper_common,continuation,0.01,0.05,true,low,low,false,true,25260855,1.5e-6,0.15,60.0,1500.0,Success,Success,true,true,16.343120365858887,16.343120365858887,7944.053520066442,1.0916724430672719e-11,2.920870837086335,1.0916724430672719e-11,0,1,91.98948726820619,382.01029343666806,173418.8527329616,137.35296746761023,95215.67690792464,473.7786392825283,523.6889308499807,225270.3315063916,163.61298117305938,138180.92447450044
451,51,7f3bcef5a08e3ee69ec959154bc064e98543e76d,5fccb18775a1c53c589e1a644bcdca5c2966e2c9f1b72779e18c5571bee51811,1.12.5,SOSRI,paper_common,continuation,0.01,0.05,true,low,low,false,true,25260856,1.5e-6,0.15,60.0,1500.0,Success,Success,true,true,0.08939673900375023,0.08939673900375023,692.8567537508741,2.330237400231767e-10,2.920870837239434,2.330237400231767e-10,9,2,242.39937574347775,414.80952667053367,171234.74951049231,22.438184108343137,106118.86882572238,473.7786388102281,523.6889307255925,225270.3314953699,163.61298127791136,138180.92445575172
452,52,7f3bcef5a08e3ee69ec959154bc064e98543e76d,5fccb18775a1c53c589e1a644bcdca5c2966e2c9f1b72779e18c5571bee51811,1.12.5,SOSRI,paper_common,continuation,0.01,0.05,true,low,low,false,true,25260857,1.5e-6,0.15,60.0,1500.0,Success,Success,true,true,56.360299054493545,206.67168363107737,3647.3109250132534,6.340550862190707e-11,2.9208708371308814,6.340550862190707e-11,5,2,1704.2484126150284,642.7714620373739,206618.4783829989,576.2692188439224,122236.33793133547,473.7786391449738,523.6889308057176,225270.3315027349,163.6129811991642,138180.92446833034
453,53,7f3bcef5a08e3ee69ec959154bc064e98543e76d,5fccb18775a1c53c589e1a644bcdca5c2966e2c9f1b72779e18c5571bee51811,1.12.5,SOSRI,paper_common,continuation,0.01,0.05,true,low,low,false,true,25260858,1.5e-6,0.15,60.0,1500.0,Success,Success,true,true,11.7672638561231,11.7672638561231,636.0366046875049,2.068631349237475e-10,2.92087083695718,2.068631349237475e-10,20,2,56.39298251994119,372.32260526203953,171493.55191910762,27.71459134009067,101853.75332810397,473.7786396807184,523.6889309397195,225270.33151484255,163.61298107631552,138180.92448897116
454,54,7f3bcef5a08e3ee69ec959154bc064e98543e76d,5fccb18775a1c53c589e1a644bcdca5c2966e2c9f1b72779e18c5571bee51811,1.12.5,SOSRI,paper_common,continuation,0.01,0.05,true,low,low,false,true,25260859,1.5e-6,0.15,60.0,1500.0,Success,Success,true,true,85.15172498995499,207.05785008721654,6972.017494538146,6.116008498642996e-11,2.9208708370522016,6.116008498642996e-11,5,2,4590.00721260319,662.1136908876249,157206.2722968596,726.5184692687398,93852.53378148405,473.77863938752694,523.6889308591667,225270.33150781514,163.6129811395658,138180.9244770377
455,55,7f3bcef5a08e3ee69ec959154bc064e98543e76d,5fccb18775a1c53c589e1a644bcdca5c2966e2c9f1b72779e18c5571bee51811,1.12.5,SOSRI,paper_common,continuation,0.01,0.05,true,low,low,false,true,25260860,1.5e-6,0.15,60.0,1500.0,Success,Success,true,true,52.763719968581825,91.40395260078708,3457.0223576017243,9.902522810213427e-12,2.920870837092365,9.902522810213427e-12,12,2,1416.1499487173376,710.676229605743,251126.6263137828,462.36431440742126,151735.53924315728,473.77863926387977,523.688930842372,225270.33150580656,163.61298117570863,138180.9244735219
456,56,7f3bcef5a08e3ee69ec959154bc064e98543e76d,5fccb18775a1c53c589e1a644bcdca5c2966e2c9f1b72779e18c5571bee51811,1.12.5,SOSRI,paper_common,continuation,0.01,0.05,true,low,high,true,true,25260861,1.5e-6,0.15,60.0,1500.0,Success,Success,true,true,55.70021544932482,290.3943141942785,293423.16769432323,2.9208708370922287,2.2452328453960065e-11,2.2452328453960065e-11,1,0,293034.18148026976,8454.556560807436,38949.7780391915,1454.5918293216207,11323.39847782156,9.721460689611796e6,486100.9594168072,718.494342098087,15.801874054285522,205.63500455310668
457,57,7f3bcef5a08e3ee69ec959154bc064e98543e76d,5fccb18775a1c53c589e1a644bcdca5c2966e2c9f1b72779e18c5571bee51811,1.12.5,SOSRI,paper_common,continuation,0.01,0.05,true,low,low,false,true,25260862,1.5e-6,0.15,60.0,1500.0,Success,Success,true,true,59.866509615678716,59.866509615678716,2187.325023583222,2.926907237396977e-11,2.9208708370727545,2.926907237396977e-11,2,1,458.1751666828061,379.1399199311526,151526.85457626003,104.65322277410272,93152.19165495729,473.7786393241434,523.6889308437525,225270.33150640732,163.6129811543417,138180.92447463458
458,58,7f3bcef5a08e3ee69ec959154bc064e98543e76d,5fccb18775a1c53c589e1a644bcdca5c2966e2c9f1b72779e18c5571bee51811,1.12.5,SOSRI,paper_common,continuation,0.01,0.05,true,low,low,false,true,25260863,1.5e-6,0.15,60.0,1500.0,Success,Success,true,true,11.573234717080602,11.573234717080602,3346.3304996418296,9.505570215606279e-11,2.9208708370284513,9.505570215606279e-11,7,1,3288.3800052436236,470.08777577309957,132168.43987846267,146.3620466144778,88362.56579943356,473.7786394609729,523.6889308894035,225270.33151013477,163.61298112926545,138180.92448091536
459,59,7f3bcef5a08e3ee69ec959154bc064e98543e76d,5fccb18775a1c53c589e1a644bcdca5c2966e2c9f1b72779e18c5571bee51811,1.12.5,SOSRI,paper_common,continuation,0.01,0.05,true,low,high,true,true,25260864,1.5e-6,0.15,60.0,1500.0,Success,Success,true,true,78.12472431222666,263.843434247996,21133.697937655303,2.920870837091934,3.492463398028698e-11,3.492463398028698e-11,6,0,21133.697937655303,1373.1897400937053,156050.85667144283,1729.8390546307653,83866.03054838101,9.721460689611796e6,486100.9594168072,718.4943420980867,15.80187405334873,205.63500455820582
460,60,7f3bcef5a08e3ee69ec959154bc064e98543e76d,5fccb18775a1c53c589e1a644bcdca5c2966e2c9f1b72779e18c5571bee51811,1.12.5,SOSRI,paper_common,continuation,0.01,0.05,true,low,high,true,true,25260865,1.5e-6,0.15,60.0,1500.0,Success,Success,true,true,81.29077525602634,353.95442968885334,47773.96752154237,2.920870837092046,5.429761755320373e-11,5.429761755320373e-11,1,0,44817.11530516103,1606.6982390095527,86790.42726021471,1501.1206373742607,42918.69105494748,9.7214606896118e6,486100.9594168072,718.4943420980873,15.801874051858086,205.6350045648949
461,61,7f3bcef5a08e3ee69ec959154bc064e98543e76d,5fccb18775a1c53c589e1a644bcdca5c2966e2c9f1b72779e18c5571bee51811,1.12.5,SOSRI,paper_common,continuation,0.01,0.05,true,low,low,false,true,25260866,1.5e-6,0.15,60.0,1500.0,Success,Success,true,true,58.927254689619865,88.67795932792144,2656.859261791368,3.290370022243944e-11,2.9208708370684335,3.290370022243944e-11,8,2,2656.859261791368,407.3870534272769,118666.50945583,142.71927495610146,78432.74525750673,473.7786393377936,523.6889308671482,225270.3315078265,163.6129811622254,138180.92447692508
462,62,7f3bcef5a08e3ee69ec959154bc064e98543e76d,5fccb18775a1c53c589e1a644bcdca5c2966e2c9f1b72779e18c5571bee51811,1.12.5,SOSRI,paper_common,continuation,0.01,0.05,true,low,high,true,true,25260867,1.5e-6,0.15,60.0,1500.0,Success,Success,true,true,77.53577804732578,229.87257611620063,31685.795148857153,2.9208708370920946,2.8292542154073382e-11,2.8292542154073382e-11,3,0,31685.795148857153,1650.1434058036536,148692.63503375908,1980.572562982946,74714.53334455755,9.721460689611796e6,486100.95941680716,718.494342098087,15.801874053846532,205.63500455548566
463,63,7f3bcef5a08e3ee69ec959154bc064e98543e76d,5fccb18775a1c53c589e1a644bcdca5c2966e2c9f1b72779e18c5571bee51811,1.12.5,SOSRI,paper_common,continuation,0.01,0.05,true,low,high,true,true,25260868,1.5e-6,0.15,60.0,1500.0,Success,Success,true,true,108.84208102525272,324.6872028895332,57135.86684060166,2.920870837091914,9.784656201382963e-11,9.784656201382963e-11,1,0,57135.86684060166,2066.8880489303574,80355.2500015474,1630.5251060431874,34457.4701278845,9.721460689611804e6,486100.95941680716,718.4943420980868,15.801874048531378,205.6350045807628
464,64,7f3bcef5a08e3ee69ec959154bc064e98543e76d,5fccb18775a1c53c589e1a644bcdca5c2966e2c9f1b72779e18c5571bee51811,1.12.5,SOSRI,paper_common,continuation,0.01,0.05,true,low,high,true,true,25260869,1.5e-6,0.15,60.0,1500.0,Success,Success,true,true,110.45962378500401,346.87844614420356,15345.53833603952,2.9208708370917797,8.312844926576037e-11,8.312844926576037e-11,4,0,14928.583280919675,744.3647223425933,92805.36869843298,793.3604252517757,55403.91637774195,9.721460689611802e6,486100.95941680716,718.4943420980871,15.801874049666683,205.63500457578513
465,65,7f3bcef5a08e3ee69ec959154bc064e98543e76d,5fccb18775a1c53c589e1a644bcdca5c2966e2c9f1b72779e18c5571bee51811,1.12.5,SOSRI,paper_common,continuation,0.01,0.05,true,low,low,false,true,25260870,1.5e-6,0.15,60.0,1500.0,Success,Success,true,true,1.3245485746465964,1.3245485746465964,599.9366755462322,1.956113995363681e-11,2.9208708370965732,1.956113995363681e-11,9,2,7.869216293122776,451.40850239583256,247130.97698977013,19.090816632849567,136776.6752679477,473.77863925103367,523.6889308472547,225270.33150596617,163.61298118312257,138180.92447374182
466,66,7f3bcef5a08e3ee69ec959154bc064e98543e76d,5fccb18775a1c53c589e1a644bcdca5c2966e2c9f1b72779e18c5571bee51811,1.12.5,SOSRI,paper_common,continuation,0.01,0.05,true,low,low,false,true,25260871,1.5e-6,0.15,60.0,1500.0,Success,Success,true,true,114.2336020773803,351.53701333174763,14194.367878415043,1.2651218875555076e-10,2.9208708371711682,1.2651218875555076e-10,2,2,6948.415656512511,671.9056852378784,126714.93599852933,848.383234917144,68836.97467927451,473.7786390207492,523.6889307766555,225270.33150003938,163.61298122875536,138180.92446372192
467,67,7f3bcef5a08e3ee69ec959154bc064e98543e76d,5fccb18775a1c53c589e1a644bcdca5c2966e2c9f1b72779e18c5571bee51811,1.12.5,SOSRI,paper_common,continuation,0.01,0.05,true,low,low,false,true,25260872,1.5e-6,0.15,60.0,1500.0,Success,Success,true,true,47.983019309168796,47.983019309168796,5927.163560553637,5.886906648154763e-11,2.920870837051871,5.886906648154763e-11,4,1,895.266673279545,407.1177936725741,149672.31416808316,123.80402711366493,93773.28595491742,473.778639388735,523.6889308710223,225270.33150848487,163.61298114565741,138180.92447810463
468,68,7f3bcef5a08e3ee69ec959154bc064e98543e76d,5fccb18775a1c53c589e1a644bcdca5c2966e2c9f1b72779e18c5571bee51811,1.12.5,SOSRI,paper_common,continuation,0.01,0.05,true,low,low,false,true,25260873,1.5e-6,0.15,60.0,1500.0,Success,Success,true,true,30.7187543026356,30.7187543026356,5005.576168396787,1.6362172395486816e-10,2.920870836984024,1.6362172395486816e-10,2,1,434.43487150478666,341.20306832315663,123444.12079522126,51.869135511958426,77877.76188181083,473.77863959802573,523.6889309253578,225270.3315133252,163.61298109876236,138180.92448634343
469,69,7f3bcef5a08e3ee69ec959154bc064e98543e76d,5fccb18775a1c53c589e1a644bcdca5c2966e2c9f1b72779e18c5571bee51811,1.12.5,SOSRI,paper_common,continuation,0.01,0.05,true,low,high,true,true,25260874,1.5e-6,0.15,60.0,1500.0,Success,Success,true,true,116.64727727276389,385.9197636671904,36565.799733816355,2.9208708370921483,2.988703689854309e-11,2.988703689854309e-11,3,0,36086.702427477736,1316.6050360063239,80166.14306934083,1256.6256069613803,39710.17645203123,9.721460689611796e6,486100.9594168072,718.4943420980871,15.801874053721102,205.63500455594013
470,70,7f3bcef5a08e3ee69ec959154bc064e98543e76d,5fccb18775a1c53c589e1a644bcdca5c2966e2c9f1b72779e18c5571bee51811,1.12.5,SOSRI,paper_common,continuation,0.01,0.05,true,low,low,false,true,25260875,1.5e-6,0.15,60.0,1500.0,Success,Success,true,true,89.46340309707045,120.54800950839763,7098.982769803293,9.650796081706485e-11,2.920870837153783,9.650796081706485e-11,5,3,7098.982769803293,670.7267675500669,156160.15803874482,522.3767881605484,99627.56930887667,473.77863907418424,523.6889307784458,225270.3315006032,163.61298121012362,138180.9244647583
471,71,7f3bcef5a08e3ee69ec959154bc064e98543e76d,5fccb18775a1c53c589e1a644bcdca5c2966e2c9f1b72779e18c5571bee51811,1.12.5,SOSRI,paper_common,continuation,0.01,0.05,true,low,low,false,true,25260876,1.5e-6,0.15,60.0,1500.0,Success,Success,true,true,3.800447619182834,3.800447619182834,4928.076491420203,1.1749923709643866e-10,2.920870837165037,1.1749923709643866e-10,4,3,780.7945905106855,1033.2889643765805,352090.7586057138,874.6395040695213,194321.83625780983,473.7786390396887,523.6889307831459,225270.33150056482,163.6129812253813,138180.92446460633
472,72,7f3bcef5a08e3ee69ec959154bc064e98543e76d,5fccb18775a1c53c589e1a644bcdca5c2966e2c9f1b72779e18c5571bee51811,1.12.5,SOSRI,paper_common,continuation,0.01,0.05,true,low,low,false,true,25260877,1.5e-6,0.15,60.0,1500.0,Success,Success,true,true,73.3071188885827,109.96155679724637,6457.6408066243985,4.4407039377840054e-10,2.920870836795795,4.4407039377840054e-10,1,2,5613.922042544544,663.1789140867116,159251.13503350242,570.2667525621159,100188.41885871762,473.7786401794681,523.6889311258975,225270.33152952892,163.61298099581768,138180.9245136108
473,73,7f3bcef5a08e3ee69ec959154bc064e98543e76d,5fccb18775a1c53c589e1a644bcdca5c2966e2c9f1b72779e18c5571bee51811,1.12.5,SOSRI,paper_common,continuation,0.01,0.05,true,low,low,false,true,25260878,1.5e-6,0.15,60.0,1500.0,Success,Success,true,true,56.08854676867509,66.99445282458339,5261.916577383013,2.3467663208028708e-11,2.9208708371024086,2.3467663208028708e-11,6,1,2980.11032966284,898.5194333992735,253102.45055831625,961.7949393784368,147145.80779483053,473.7786392329362,523.6889308367295,225270.33150522376,163.61298118395771,138180.92447251518
474,74,7f3bcef5a08e3ee69ec959154bc064e98543e76d,5fccb18775a1c53c589e1a644bcdca5c2966e2c9f1b72779e18c5571bee51811,1.12.5,SOSRI,paper_common,continuation,0.01,0.05,true,low,low,false,true,25260879,1.5e-6,0.15,60.0,1500.0,Success,Success,true,true,89.87187599819255,146.929433203349,6054.073704928339,1.7547872688232283e-11,2.920870837102262,1.7547872688232283e-11,6,1,364.36796771225966,364.5141901301141,146865.4309176279,118.96675132675057,88577.38413285666,473.77863923298094,523.6889308114588,225270.33150381956,163.6129811700103,138180.9244702844
475,75,7f3bcef5a08e3ee69ec959154bc064e98543e76d,5fccb18775a1c53c589e1a644bcdca5c2966e2c9f1b72779e18c5571bee51811,1.12.5,SOSRI,paper_common,continuation,0.01,0.05,true,low,low,false,true,25260880,1.5e-6,0.15,60.0,1500.0,Success,Success,true,true,33.288258685536086,56.72235797492304,4783.896855054125,4.3917436151451014e-11,2.920870837061752,4.3917436151451014e-11,5,2,357.6879282653753,463.144744234102,189897.25952108225,253.75228304542142,107072.1307133339,473.7786393582337,523.688930861869,225270.3315077107,163.61298115181148,138180.92447679487
476,76,7f3bcef5a08e3ee69ec959154bc064e98543e76d,5fccb18775a1c53c589e1a644bcdca5c2966e2c9f1b72779e18c5571bee51811,1.12.5,SOSRI,paper_common,continuation,0.01,0.05,true,low,low,false,true,25260881,1.5e-6,0.15,60.0,1500.0,Success,Success,true,true,116.30068258727935,398.8527148683599,7821.8393080447795,9.980506946938659e-11,2.92087083715184,9.980506946938659e-11,6,2,725.0013791582385,685.5994106227573,257928.1052518684,734.7011178062542,135924.23967870654,473.7786390805335,523.6889308020341,225270.33150196978,163.61298122079745,138180.9244669456
477,77,7f3bcef5a08e3ee69ec959154bc064e98543e76d,5fccb18775a1c53c589e1a644bcdca5c2966e2c9f1b72779e18c5571bee51811,1.12.5,SOSRI,paper_common,continuation,0.01,0.05,true,low,high,true,true,25260882,1.5e-6,0.15,60.0,1500.0,Success,Success,true,true,87.94363319793476,377.93361338974705,24339.146177981438,2.9208708370919783,3.746288162470364e-11,3.746288162470364e-11,3,0,24339.146177981438,1595.086991051427,157896.55465962196,1983.113904380013,79394.92019744785,9.721460689611798e6,486100.95941680716,718.4943420980869,15.801874053151526,205.6350045590185
478,78,7f3bcef5a08e3ee69ec959154bc064e98543e76d,5fccb18775a1c53c589e1a644bcdca5c2966e2c9f1b72779e18c5571bee51811,1.12.5,SOSRI,paper_common,continuation,0.01,0.05,true,low,low,false,true,25260883,1.5e-6,0.15,60.0,1500.0,Success,Success,true,true,126.48395628555858,126.48395628555858,1816.2372037123514,7.687696553494899e-12,2.9208708370903813,7.687696553494899e-12,7,2,362.92790704769214,524.1209340783504,228427.75825044952,164.72877964367996,137304.8271058555,473.77863926997276,523.6889308423669,225270.3315058591,163.6129811734692,138180.92447362162
479,79,7f3bcef5a08e3ee69ec959154bc064e98543e76d,5fccb18775a1c53c589e1a644bcdca5c2966e2c9f1b72779e18c5571bee51811,1.12.5,SOSRI,paper_common,continuation,0.01,0.05,true,low,low,false,true,25260884,1.5e-6,0.15,60.0,1500.0,Success,Success,true,true,31.642694773925676,31.642694773925676,2327.850734121492,9.131284281291855e-11,2.920870837147547,9.131284281291855e-11,7,1,958.0962753759026,744.8273436657798,279799.1278720669,436.82213219683473,168039.70309552614,473.7786390936809,523.6889307997052,225270.3315019546,163.61298121468437,138180.92446695612
480,80,7f3bcef5a08e3ee69ec959154bc064e98543e76d,5fccb18775a1c53c589e1a644bcdca5c2966e2c9f1b72779e18c5571bee51811,1.12.5,SOSRI,paper_common,continuation,0.01,0.05,true,low,low,false,true,25260885,1.5e-6,0.15,60.0,1500.0,Success,Success,true,true,95.76573192968694,95.76573192968694,1430.1150682212453,1.271481884010648e-10,2.920870837005617,1.271481884010648e-10,4,1,634.6174232342115,518.3470819586662,208137.51053634012,161.08594811072402,128107.09659074414,473.77863953167906,523.6889309243036,225270.3315126895,163.6129811225455,138180.9244851595
481,81,7f3bcef5a08e3ee69ec959154bc064e98543e76d,5fccb18775a1c53c589e1a644bcdca5c2966e2c9f1b72779e18c5571bee51811,1.12.5,SOSRI,paper_common,continuation,0.01,0.05,true,low,low,false,true,25260886,1.5e-6,0.15,60.0,1500.0,Success,Success,true,true,16.89393436845245,16.89393436845245,829.1107613627622,1.1243638374208586e-10,2.9208708370156464,1.1243638374208586e-10,15,1,135.29703517588644,338.3232106586969,142718.1102368112,23.111142077978858,87747.57572750795,473.7786395006724,523.6889309120503,225270.3315117388,163.61298112717498,138180.9244835679
482,82,7f3bcef5a08e3ee69ec959154bc064e98543e76d,5fccb18775a1c53c589e1a644bcdca5c2966e2c9f1b72779e18c5571bee51811,1.12.5,SOSRI,paper_common,continuation,0.01,0.05,true,low,low,false,true,25260887,1.5e-6,0.15,60.0,1500.0,Success,Success,true,true,1.8173691255551812,1.8173691255551812,739.6136259604955,9.521038764743795e-11,2.9208708371544234,9.521038764743795e-11,10,2,11.411319848777556,524.7103127251175,293165.3087738328,27.037455451728842,162713.15001768604,473.7786390720191,523.6889307663237,225270.33149991074,163.61298120423075,138180.92446365225
483,83,7f3bcef5a08e3ee69ec959154bc064e98543e76d,5fccb18775a1c53c589e1a644bcdca5c2966e2c9f1b72779e18c5571bee51811,1.12.5,SOSRI,paper_common,continuation,0.01,0.05,true,low,low,false,true,25260888,1.5e-6,0.15,60.0,1500.0,Success,Success,true,true,72.93456163658473,80.4413436917859,1197.830904110528,7.508210218980861e-11,2.920870837140213,7.508210218980861e-11,12,2,804.5279577342073,804.9531325379667,325043.4391020131,204.668271921627,200510.82247212587,473.7786391160084,523.688930787142,225270.33150145048,163.61298119955734,138180.92446621394
484,84,7f3bcef5a08e3ee69ec959154bc064e98543e76d,5fccb18775a1c53c589e1a644bcdca5c2966e2c9f1b72779e18c5571bee51811,1.12.5,SOSRI,paper_common,continuation,0.01,0.05,true,low,low,false,true,25260889,1.5e-6,0.15,60.0,1500.0,Success,Success,true,true,0.5776005471601532,0.5776005471601532,2388.1786055677294,2.603493856483885e-10,2.920870837262008,2.603493856483885e-10,5,1,561.1181961991713,633.5469725084506,249324.20979299885,309.3215479462666,146913.80724228022,473.77863874008716,523.6889306763476,225270.3314920226,163.61298127651372,138180.92445025014
485,85,7f3bcef5a08e3ee69ec959154bc064e98543e76d,5fccb18775a1c53c589e1a644bcdca5c2966e2c9f1b72779e18c5571bee51811,1.12.5,SOSRI,paper_common,continuation,0.01,0.05,true,low,low,false,true,25260890,1.5e-6,0.15,60.0,1500.0,Success,Success,true,true,109.90843405687554,358.50276684654557,13329.30313247928,7.789640464057179e-12,2.920870837086244,7.789640464057179e-12,2,2,512.2210679177813,935.5861491874581,275292.1662695923,1279.3117781075255,116054.72608522292,473.77863928266214,523.6889308409623,225270.33150589137,163.61298116803664,138180.92447370625
486,86,7f3bcef5a08e3ee69ec959154bc064e98543e76d,5fccb18775a1c53c589e1a644bcdca5c2966e2c9f1b72779e18c5571bee51811,1.12.5,SOSRI,paper_common,continuation,0.01,0.05,true,low,low,false,true,25260891,1.5e-6,0.15,60.0,1500.0,Success,Success,true,true,0.23705257842151,0.23705257842151,553.2277857082333,2.42540305320031e-10,2.920870837247843,2.42540305320031e-10,10,1,62.10828571609501,701.718553478616,347380.680598792,28.54129489195805,201342.37196532977,473.7786387840729,523.6889307055234,225270.33149402688,163.61298127645068,138180.92445354964
487,87,7f3bcef5a08e3ee69ec959154bc064e98543e76d,5fccb18775a1c53c589e1a644bcdca5c2966e2c9f1b72779e18c5571bee51811,1.12.5,SOSRI,paper_common,continuation,0.01,0.05,true,low,low,false,true,25260892,1.5e-6,0.15,60.0,1500.0,Success,Success,true,true,10.954168832889426,10.954168832889426,3949.7434863256067,2.7729543955143468e-11,2.920870837106502,2.7729543955143468e-11,2,2,1255.8584674650301,657.294912789599,229742.92604985228,588.4868806629407,133237.7250740314,473.77863922025006,523.6889308298255,225270.3315047296,163.61298118481244,138180.92447169684
488,88,7f3bcef5a08e3ee69ec959154bc064e98543e76d,5fccb18775a1c53c589e1a644bcdca5c2966e2c9f1b72779e18c5571bee51811,1.12.5,SOSRI,paper_common,continuation,0.01,0.05,true,low,low,false,true,25260893,1.5e-6,0.15,60.0,1500.0,Success,Success,true,true,92.72334097009079,273.62333751079376,5147.200232305204,5.5598798053719324e-11,2.9208708370531298,5.5598798053719324e-11,5,2,1230.495756162835,647.532855312969,239429.72710278185,500.1061203902752,141518.48844542165,473.7786393849985,523.6889308792922,225270.33150891197,163.61298115158704,138180.92447877338
489,89,7f3bcef5a08e3ee69ec959154bc064e98543e76d,5fccb18775a1c53c589e1a644bcdca5c2966e2c9f1b72779e18c5571bee51811,1.12.5,SOSRI,paper_common,continuation,0.01,0.05,true,low,low,false,true,25260894,1.5e-6,0.15,60.0,1500.0,Success,Success,true,true,47.54495811822611,52.0366515575939,14592.481529917328,4.016015552766928e-11,2.9208708370635157,4.016015552766928e-11,3,1,7459.7254924870185,1151.0798819842837,192628.71092292416,1488.5178159355235,102361.48993574489,473.7786393530714,523.6889308776339,225270.33150854218,163.61298116239948,138180.92447810198
490,90,7f3bcef5a08e3ee69ec959154bc064e98543e76d,5fccb18775a1c53c589e1a644bcdca5c2966e2c9f1b72779e18c5571bee51811,1.12.5,SOSRI,paper_common,continuation,0.01,0.05,true,low,high,true,true,25260895,1.5e-6,0.15,60.0,1500.0,Success,Success,true,true,108.00229901140432,405.3232642166262,42743.993356175735,2.920870837092149,3.000081693334771e-11,3.000081693334771e-11,0,0,42743.993356175735,1753.7093178160442,94598.60299044018,1674.2222205585574,41493.97859438773,9.721460689611796e6,486100.9594168072,718.4943420980871,15.80187405371237,205.63500455598012
491,91,7f3bcef5a08e3ee69ec959154bc064e98543e76d,5fccb18775a1c53c589e1a644bcdca5c2966e2c9f1b72779e18c5571bee51811,1.12.5,SOSRI,paper_common,continuation,0.01,0.05,true,low,low,false,true,25260896,1.5e-6,0.15,60.0,1500.0,Success,Success,true,true,73.67784943384426,162.41581212541985,6321.836259780264,6.473233198778489e-11,2.9208708370486787,6.473233198778489e-11,9,2,827.9582627007195,451.1140792771037,167517.3986460744,347.46538303270273,95653.89111274577,473.7786393985085,523.6889308691369,225270.33150846497,163.6129811410282,138180.92447809878
492,92,7f3bcef5a08e3ee69ec959154bc064e98543e76d,5fccb18775a1c53c589e1a644bcdca5c2966e2c9f1b72779e18c5571bee51811,1.12.5,SOSRI,paper_common,continuation,0.01,0.05,true,low,low,false,true,25260897,1.5e-6,0.15,60.0,1500.0,Success,Success,true,true,19.340438419840133,19.340438419840133,10100.234986615858,5.047615998587633e-12,2.9208708370887733,5.047615998587633e-12,3,2,2271.3910566809914,1213.5694547710084,304024.3284091162,1530.9866398169402,155515.77432061866,473.77863927483435,523.6889308374629,225270.33150562886,163.61298116897987,138180.92447326868
493,93,7f3bcef5a08e3ee69ec959154bc064e98543e76d,5fccb18775a1c53c589e1a644bcdca5c2966e2c9f1b72779e18c5571bee51811,1.12.5,SOSRI,paper_common,continuation,0.01,0.05,true,low,high,true,true,25260898,1.5e-6,0.15,60.0,1500.0,Success,Success,true,true,63.96129311919734,144.6867003997995,21439.90390359395,2.920870837092019,3.448914230182277e-11,3.448914230182277e-11,6,0,20175.943963136637,1151.6133692327235,130395.4305878231,1283.7606121361987,76167.05490185962,9.721460689611796e6,486100.9594168072,718.4943420980867,15.801874053376697,205.63500455786595
494,94,7f3bcef5a08e3ee69ec959154bc064e98543e76d,5fccb18775a1c53c589e1a644bcdca5c2966e2c9f1b72779e18c5571bee51811,1.12.5,SOSRI,paper_common,continuation,0.01,0.05,true,low,low,false,true,25260899,1.5e-6,0.15,60.0,1500.0,Success,Success,true,true,100.89673389927715,397.70202997868785,19301.269093240986,4.809195028328822e-12,2.9208708370917433,4.809195028328822e-12,4,1,2107.822729980347,506.9952368139047,153264.08357556319,650.5482179806552,77568.09043103973,473.7786392656685,523.6889308348332,225270.33150540292,163.61298117089572,138180.92447288567
495,95,7f3bcef5a08e3ee69ec959154bc064e98543e76d,5fccb18775a1c53c589e1a644bcdca5c2966e2c9f1b72779e18c5571bee51811,1.12.5,SOSRI,paper_common,continuation,0.01,0.05,true,low,low,false,true,25260900,1.5e-6,0.15,60.0,1500.0,Success,Success,true,true,85.36117679534263,425.1169442037243,7503.313472318363,6.29545145695865e-11,2.920870837048383,6.29545145695865e-11,1,2,7481.939406642666,995.0640948283087,243761.32817082878,888.9705987830466,150944.7323633786,473.7786393996203,523.6889308817123,225270.3315091737,163.61298114755354,138180.92447922743
496,96,7f3bcef5a08e3ee69ec959154bc064e98543e76d,5fccb18775a1c53c589e1a644bcdca5c2966e2c9f1b72779e18c5571bee51811,1.12.5,SOSRI,paper_common,continuation,0.01,0.05,true,low,low,false,true,25260901,1.5e-6,0.15,60.0,1500.0,Success,Success,true,true,94.48864472275756,269.52487774804524,14242.378171385342,1.5471757418191142e-11,2.9208708370822496,1.5471757418191142e-11,4,1,3435.1939851760912,515.0628718553786,142926.08083048827,461.35185050260054,82770.36957812596,473.77863929483334,523.6889308348517,225270.3315056575,163.61298116019628,138180.92447336685
497,97,7f3bcef5a08e3ee69ec959154bc064e98543e76d,5fccb18775a1c53c589e1a644bcdca5c2966e2c9f1b72779e18c5571bee51811,1.12.5,SOSRI,paper_common,continuation,0.01,0.05,true,low,low,false,true,25260902,1.5e-6,0.15,60.0,1500.0,Success,Success,true,true,122.98757967663587,419.05203936088964,5349.208418498,7.474655697584658e-11,2.920870837139153,7.474655697584658e-11,7,2,586.6194584157121,475.5641905464674,165581.64667173827,497.85596077183214,90028.8906450172,473.77863911937095,523.6889307937256,225270.33150184577,163.61298120195391,138180.9244668506
498,98,7f3bcef5a08e3ee69ec959154bc064e98543e76d,5fccb18775a1c53c589e1a644bcdca5c2966e2c9f1b72779e18c5571bee51811,1.12.5,SOSRI,paper_common,continuation,0.01,0.05,true,low,low,false,true,25260903,1.5e-6,0.15,60.0,1500.0,Success,Success,true,true,16.00279227820498,16.00279227820498,2391.893878576343,9.86458003284144e-11,2.920870837025559,9.86458003284144e-11,7,1,18.96552621021356,408.6894373786063,216058.7087306461,144.04718147525261,115383.95813394143,473.77863946996297,523.6889308959553,225270.33151057715,163.61298112957851,138180.92448164144
499,99,7f3bcef5a08e3ee69ec959154bc064e98543e76d,5fccb18775a1c53c589e1a644bcdca5c2966e2c9f1b72779e18c5571bee51811,1.12.5,SOSRI,paper_common,continuation,0.01,0.05,true,low,low,false,true,25260904,1.5e-6,0.15,60.0,1500.0,Success,Success,true,true,61.799780282745104,74.67443830347257,7775.88125450608,9.118511386587681e-11,2.9208708370296774,9.118511386587681e-11,3,1,7775.88125450608,1020.5061162633255,241236.23459651353,1102.1208407697309,144420.99672857783,473.77863945736124,523.6889308991383,225270.33151064444,163.61298113595856,138180.92448171545
500,100,7f3bcef5a08e3ee69ec959154bc064e98543e76d,5fccb18775a1c53c589e1a644bcdca5c2966e2c9f1b72779e18c5571bee51811,1.12.5,SOSRI,paper_common,continuation,0.01,0.05,true,low,low,false,true,25260905,1.5e-6,0.15,60.0,1500.0,Success,Success,true,true,69.21721280652302,69.21721280652302,3677.473422883409,5.329911537094862e-11,2.920870837055534,5.329911537094862e-11,9,2,154.46821478412417,659.2599792212969,321732.2832987249,172.4101020935744,186226.1670578536,473.77863937742774,523.6889308677534,225270.3315082048,163.61298114800604,138180.92447762997
501,1,7f3bcef5a08e3ee69ec959154bc064e98543e76d,5fccb18775a1c53c589e1a644bcdca5c2966e2c9f1b72779e18c5571bee51811,1.12.5,SOSRI,paper_common,continuation,0.01,0.05,true,high,high,false,true,26260806,1.5e-6,0.15,60.0,1500.0,Success,Success,true,true,9.051209098541305,6.020844655266165e6,1.5103103333806587e7,2.920870837092177,3.903812039242677e-11,3.903812039242677e-11,654,1,1.4579157342695812e7,798453.8910780614,443.61617872268687,9.051209098541305,123.90665884963568,9.721460689612025e6,486100.9594168217,718.4943420980654,15.801874053019077,205.63500455916935
502,2,7f3bcef5a08e3ee69ec959154bc064e98543e76d,5fccb18775a1c53c589e1a644bcdca5c2966e2c9f1b72779e18c5571bee51811,1.12.5,SOSRI,paper_common,continuation,0.01,0.05,true,high,high,false,true,26260807,1.5e-6,0.15,60.0,1500.0,Success,Success,true,true,11.596539287650602,4.5761865935562365e6,1.423221121128938e7,2.920870837092289,2.5450957513029084e-11,2.5450957513029084e-11,619,0,5.6546539949977975e6,250329.76433514393,1356.487969737748,34.27579409880377,378.0884614302417,9.721460689611796e6,486100.95941680716,718.494342098087,15.801874054052302,205.63500455404989
503,3,7f3bcef5a08e3ee69ec959154bc064e98543e76d,5fccb18775a1c53c589e1a644bcdca5c2966e2c9f1b72779e18c5571bee51811,1.12.5,SOSRI,paper_common,continuation,0.01,0.05,true,high,high,false,true,26260808,1.5e-6,0.15,60.0,1500.0,Success,Success,true,true,4.56093683554746,3.6928807262802296e6,2.4225008445756122e7,2.9208708370920116,1.0075691684822805e-10,1.0075691684822805e-10,755,1,1.1434191813908149e7,709776.9272000479,471.467994267093,8.172246534751741,139.189676042364,9.721460689612031e6,486100.9594168217,718.4943420980659,15.801874048303027,205.63500458160956
504,4,7f3bcef5a08e3ee69ec959154bc064e98543e76d,5fccb18775a1c53c589e1a644bcdca5c2966e2c9f1b72779e18c5571bee51811,1.12.5,SOSRI,paper_common,continuation,0.01,0.05,true,high,high,false,true,26260809,1.5e-6,0.15,60.0,1500.0,Success,Success,true,true,12.73977334334407,4.745335915981869e6,1.1847866810708104e7,2.920870837092407,6.280051124621785e-11,6.280051124621785e-11,547,0,8.57593700208812e6,380889.62947610585,902.3372034518853,22.07066319992048,263.1566534632219,9.7214606896118e6,486100.9594168072,718.4943420980868,15.801874051185305,205.63500456715707
505,5,7f3bcef5a08e3ee69ec959154bc064e98543e76d,5fccb18775a1c53c589e1a644bcdca5c2966e2c9f1b72779e18c5571bee51811,1.12.5,SOSRI,paper_common,continuation,0.01,0.05,true,high,high,false,true,26260810,1.5e-6,0.15,60.0,1500.0,Success,Success,true,true,5.028083946429302,6.526295356723193e6,2.1104093456519574e7,2.9208708370923064,3.1953320634359145e-11,3.1953320634359145e-11,868,1,6.526295356723193e6,356573.29266295256,927.057313807909,18.363372541363525,271.1518306570047,9.721460689611796e6,486100.95941680716,718.4943420980873,15.801874053553318,205.63500455633724
506,6,7f3bcef5a08e3ee69ec959154bc064e98543e76d,5fccb18775a1c53c589e1a644bcdca5c2966e2c9f1b72779e18c5571bee51811,1.12.5,SOSRI,paper_common,continuation,0.01,0.05,true,high,high,false,true,26260811,1.5e-6,0.15,60.0,1500.0,Success,Success,true,true,9.711576046672892,4.402022386181892e6,1.4361827389842875e7,2.9208708370920724,9.585633785607815e-11,9.585633785607815e-11,611,1,1.2356393381188534e7,660195.9995259445,533.9838286378374,10.915308991627745,154.3881048894853,9.721460689612031e6,486100.9594168217,718.4943420980657,15.801874048674588,205.63500457972435
507,7,7f3bcef5a08e3ee69ec959154bc064e98543e76d,5fccb18775a1c53c589e1a644bcdca5c2966e2c9f1b72779e18c5571bee51811,1.12.5,SOSRI,paper_common,continuation,0.01,0.05,true,high,high,false,true,26260812,1.5e-6,0.15,60.0,1500.0,Success,Success,true,true,8.433011256260475,5.755709444330213e6,1.5770099242082555e7,2.920870837092224,8.650995075290329e-11,8.650995075290329e-11,672,1,1.065818903250849e7,587638.1401937454,573.4291564465292,11.32498744375609,166.46818595123716,9.72146068961203e6,486100.9594168217,718.494342098066,15.80187404938111,205.63500457605159
508,8,7f3bcef5a08e3ee69ec959154bc064e98543e76d,5fccb18775a1c53c589e1a644bcdca5c2966e2c9f1b72779e18c5571bee51811,1.12.5,SOSRI,paper_common,continuation,0.01,0.05,true,high,high,false,true,26260813,1.5e-6,0.15,60.0,1500.0,Success,Success,true,true,5.916717866645472,5.713528202430793e6,1.8885831969044227e7,2.9208708370923,2.5099481163144235e-11,2.5099481163144235e-11,798,0,6.859196321231913e6,313323.68848804844,1148.5405440432799,27.331681479398487,334.33485115317296,9.721460689611796e6,486100.95941680716,718.4943420980873,15.80187405407854,205.6350045538996
509,9,7f3bcef5a08e3ee69ec959154bc064e98543e76d,5fccb18775a1c53c589e1a644bcdca5c2966e2c9f1b72779e18c5571bee51811,1.12.5,SOSRI,paper_common,continuation,0.01,0.05,true,high,high,false,true,26260814,1.5e-6,0.15,60.0,1500.0,Success,Success,true,true,14.182758932744111,4.637708333854966e6,1.1375444864165105e7,2.9208708370922825,8.185418821695347e-11,8.185418821695347e-11,559,0,1.0182039756205613e7,471645.62947411445,739.7856560957333,17.580822865928585,211.55501884080215,9.72146068961203e6,486100.9594168217,718.494342098066,15.801874049734119,205.63500457425937
510,10,7f3bcef5a08e3ee69ec959154bc064e98543e76d,5fccb18775a1c53c589e1a644bcdca5c2966e2c9f1b72779e18c5571bee51811,1.12.5,SOSRI,paper_common,continuation,0.01,0.05,true,high,high,false,true,26260815,1.5e-6,0.15,60.0,1500.0,Success,Success,true,true,8.667415097181303,6.131676999045374e6,1.5289988457999103e7,2.9208708370925014,7.866038906677603e-11,7.866038906677603e-11,726,0,9.467050693863465e6,435545.68318224995,805.7505615239675,19.47814659010806,226.85621395823517,9.721460689611802e6,486100.95941680716,718.494342098087,15.801874049965258,205.63500457262577
511,11,7f3bcef5a08e3ee69ec959154bc064e98543e76d,5fccb18775a1c53c589e1a644bcdca5c2966e2c9f1b72779e18c5571bee51811,1.12.5,SOSRI,paper_common,continuation,0.01,0.05,true,high,high,false,true,26260816,1.5e-6,0.15,60.0,1500.0,Success,Success,true,true,12.263254229946558,3.6114902361585926e6,1.2642323106210109e7,2.9208708370922896,1.8294999660773444e-11,1.8294999660773444e-11,494,0,5.64579445325553e6,224836.66775473312,1564.321528507648,43.45261503879502,444.3343848353792,9.721460689611796e6,486100.9594168072,718.4943420980875,15.801874054600209,205.63500455148775
512,12,7f3bcef5a08e3ee69ec959154bc064e98543e76d,5fccb18775a1c53c589e1a644bcdca5c2966e2c9f1b72779e18c5571bee51811,1.12.5,SOSRI,paper_common,continuation,0.01,0.05,true,high,high,false,true,26260817,1.5e-6,0.15,60.0,1500.0,Success,Success,true,true,10.092593930354704,5.127003231578073e6,1.395991572362017e7,2.9208708370923886,9.228178214790744e-11,9.228178214790744e-11,559,0,7.797737027665562e6,337198.73273564084,990.4452894689833,25.00993883303284,286.73757535828,9.721460689611804e6,486100.9594168072,718.4943420980868,15.801874048928864,205.63500457774367
513,13,7f3bcef5a08e3ee69ec959154bc064e98543e76d,5fccb18775a1c53c589e1a644bcdca5c2966e2c9f1b72779e18c5571bee51811,1.12.5,SOSRI,paper_common,continuation,0.01,0.05,true,high,high,false,true,26260818,1.5e-6,0.15,60.0,1500.0,Success,Success,true,true,14.433607749441226,3.503840087621251e6,1.2047878014373058e7,2.9208708370922354,9.095734485124969e-11,9.095734485124969e-11,516,0,3.9279029673783965e6,143719.7443030068,2511.6482025308214,76.71863821742674,702.3895471222883,9.721460689611804e6,486100.9594168072,718.4943420980868,15.80187404903942,205.6350045776017
514,14,7f3bcef5a08e3ee69ec959154bc064e98543e76d,5fccb18775a1c53c589e1a644bcdca5c2966e2c9f1b72779e18c5571bee51811,1.12.5,SOSRI,paper_common,continuation,0.01,0.05,true,high,high,false,true,26260819,1.5e-6,0.15,60.0,1500.0,Success,Success,true,true,8.959005376321956,6.162834869311637e6,1.5629878645863168e7,2.9208708370922922,7.083260696473229e-11,7.083260696473229e-11,662,0,1.0379127026221994e7,496870.89269490744,690.8580532025394,15.904928807283492,197.16963012605405,9.721460689612027e6,486100.9594168217,718.4943420980659,15.80187405057751,205.63500457029542
515,15,7f3bcef5a08e3ee69ec959154bc064e98543e76d,5fccb18775a1c53c589e1a644bcdca5c2966e2c9f1b72779e18c5571bee51811,1.12.5,SOSRI,paper_common,continuation,0.01,0.05,true,high,high,false,true,26260820,1.5e-6,0.15,60.0,1500.0,Success,Success,true,true,8.092932554863049,4.378122760305491e6,1.6037543184654573e7,2.920870837092334,2.2158944437461235e-11,2.2158944437461235e-11,653,0,8.89366277154762e6,395974.61510156584,963.6654174081239,24.636539962492026,261.58294747345076,9.721460689611796e6,486100.9594168072,718.4943420980869,15.801874054301683,205.63500455277332
516,16,7f3bcef5a08e3ee69ec959154bc064e98543e76d,5fccb18775a1c53c589e1a644bcdca5c2966e2c9f1b72779e18c5571bee51811,1.12.5,SOSRI,paper_common,continuation,0.01,0.05,true,high,high,false,true,26260821,1.5e-6,0.15,60.0,1500.0,Success,Success,true,true,10.498196080040124,4.284212693386696e6,1.3552713890927758e7,2.920870837092225,8.385911675680417e-11,8.385911675680417e-11,599,1,1.168352991758587e7,616001.2480261897,578.7773096551658,12.184570367336589,163.3317843977783,9.72146068961203e6,486100.9594168216,718.4943420980663,15.80187404958403,205.63500457510088
517,17,7f3bcef5a08e3ee69ec959154bc064e98543e76d,5fccb18775a1c53c589e1a644bcdca5c2966e2c9f1b72779e18c5571bee51811,1.12.5,SOSRI,paper_common,continuation,0.01,0.05,true,high,high,false,true,26260822,1.5e-6,0.15,60.0,1500.0,Success,Success,true,true,9.950077011184888,4.547044496671771e6,1.3759250608248703e7,2.920870837092338,9.011320089039497e-11,9.011320089039497e-11,673,0,6.736286085595829e6,303797.79269400437,1202.0816289921313,29.102920672056957,347.6842649594565,9.721460689611804e6,486100.9594168072,718.4943420980868,15.80187404909793,205.63500457707752
518,18,7f3bcef5a08e3ee69ec959154bc064e98543e76d,5fccb18775a1c53c589e1a644bcdca5c2966e2c9f1b72779e18c5571bee51811,1.12.5,SOSRI,paper_common,continuation,0.01,0.05,true,high,high,false,true,26260823,1.5e-6,0.15,60.0,1500.0,Success,Success,true,true,13.676070993054052,4.298421080891199e6,1.0738580934093917e7,2.920870837092282,2.207591531811861e-11,2.207591531811861e-11,576,0,4.9164033046552e6,194718.44451723993,1908.7290505695466,54.0913663941861,529.7982620093518,9.721460689611796e6,486100.9594168072,718.4943420980871,15.801874054311144,205.63500455285697
519,19,7f3bcef5a08e3ee69ec959154bc064e98543e76d,5fccb18775a1c53c589e1a644bcdca5c2966e2c9f1b72779e18c5571bee51811,1.12.5,SOSRI,paper_common,continuation,0.01,0.05,true,high,high,false,true,26260824,1.5e-6,0.15,60.0,1500.0,Success,Success,true,true,8.871255294878186,6.7811913231866285e6,1.4870868055747118e7,2.920870837092369,6.393298461030844e-11,6.393298461030844e-11,646,0,7.9804675279899305e6,370157.9821709176,899.3079406615872,21.38458616652475,256.32474514220627,9.7214606896118e6,486100.9594168072,718.4943420980869,15.8018740511008,205.6350045676433
520,20,7f3bcef5a08e3ee69ec959154bc064e98543e76d,5fccb18775a1c53c589e1a644bcdca5c2966e2c9f1b72779e18c5571bee51811,1.12.5,SOSRI,paper_common,continuation,0.01,0.05,true,high,high,false,true,26260825,1.5e-6,0.15,60.0,1500.0,Success,Success,true,true,10.411882203595757,5.109990690541218e6,1.2439379495317712e7,2.9208708370923437,7.542493771834644e-11,7.542493771834644e-11,617,0,6.17576987769184e6,265193.1162910497,1307.0948637141712,33.17942927670286,379.14703174813155,9.721460689611802e6,486100.95941680716,718.4943420980874,15.801874050222322,205.6350045718099
521,21,7f3bcef5a08e3ee69ec959154bc064e98543e76d,5fccb18775a1c53c589e1a644bcdca5c2966e2c9f1b72779e18c5571bee51811,1.12.5,SOSRI,paper_common,continuation,0.01,0.05,true,high,high,false,true,26260826,1.5e-6,0.15,60.0,1500.0,Success,Success,true,true,11.137147732362916,5.897610623364191e6,1.2985949444173608e7,2.920870837092378,2.9930911501517805e-11,2.9930911501517805e-11,667,0,9.274385698517859e6,445213.13568973856,819.7541568892182,18.84244809758465,233.48084438542932,9.721460689611796e6,486100.9594168072,718.4943420980871,15.801874053704003,205.6350045554601
522,22,7f3bcef5a08e3ee69ec959154bc064e98543e76d,5fccb18775a1c53c589e1a644bcdca5c2966e2c9f1b72779e18c5571bee51811,1.12.5,SOSRI,paper_common,continuation,0.01,0.05,true,high,high,false,true,26260827,1.5e-6,0.15,60.0,1500.0,Success,Success,true,true,8.59367448470939,4.1417421268427894e6,1.541529318401542e7,2.9208708370922905,1.832462064122597e-11,1.832462064122597e-11,594,0,5.772596177821072e6,236100.2922383587,1591.196454175446,42.94419599363748,453.17114259718403,9.721460689611796e6,486100.9594168072,718.4943420980874,15.801874054597913,205.63500455149742
523,23,7f3bcef5a08e3ee69ec959154bc064e98543e76d,5fccb18775a1c53c589e1a644bcdca5c2966e2c9f1b72779e18c5571bee51811,1.12.5,SOSRI,paper_common,continuation,0.01,0.05,true,high,high,false,true,26260828,1.5e-6,0.15,60.0,1500.0,Success,Success,true,true,7.270922329966062,5.438734925722929e6,1.777330710965239e7,2.9208708370923255,2.1038480556875095e-11,2.1038480556875095e-11,761,0,8.540681470829217e6,387051.37374299206,943.2054667689792,23.253449367663244,263.66079125517604,9.721460689611796e6,486100.9594168072,718.4943420980869,15.801874054388012,205.6350045523919
524,24,7f3bcef5a08e3ee69ec959154bc064e98543e76d,5fccb18775a1c53c589e1a644bcdca5c2966e2c9f1b72779e18c5571bee51811,1.12.5,SOSRI,paper_common,continuation,0.01,0.05,true,high,high,false,true,26260829,1.5e-6,0.15,60.0,1500.0,Success,Success,true,true,4.122689180774901,6.556921676040014e6,2.029792252951342e7,2.9208708370923366,7.83828879996203e-11,7.83828879996203e-11,864,0,6.603397537535613e6,301556.3257762085,1100.688966928854,25.679599646302083,329.6524900833052,9.721460689611802e6,486100.9594168072,718.4943420980876,15.801874049996233,205.6350045728832
525,25,7f3bcef5a08e3ee69ec959154bc064e98543e76d,5fccb18775a1c53c589e1a644bcdca5c2966e2c9f1b72779e18c5571bee51811,1.12.5,SOSRI,paper_common,continuation,0.01,0.05,true,high,high,false,true,26260830,1.5e-6,0.15,60.0,1500.0,Success,Success,true,true,4.899053551593253,4.468205304513408e6,1.9217735685581073e7,2.9208708370923357,3.430493748772805e-11,3.430493748772805e-11,835,1,8.067020913649424e6,478306.3114752816,732.369648416193,13.46920416520255,211.93497606992884,9.721460689611798e6,486100.9594168072,718.4943420980868,15.801874053371531,205.635004557116
526,26,7f3bcef5a08e3ee69ec959154bc064e98543e76d,5fccb18775a1c53c589e1a644bcdca5c2966e2c9f1b72779e18c5571bee51811,1.12.5,SOSRI,paper_common,continuation,0.01,0.05,true,high,high,false,true,26260831,1.5e-6,0.15,60.0,1500.0,Success,Success,true,true,5.685332521677054,5.09394632207315e6,1.9154089018458076e7,2.9208708370922833,2.183697786126125e-11,2.183697786126125e-11,794,0,5.467477045501869e6,235656.80244099136,1425.8330780373383,35.9911653037628,414.50756706441,9.721460689611796e6,486100.9594168072,718.4943420980871,15.801874054329371,205.63500455276895
527,27,7f3bcef5a08e3ee69ec959154bc064e98543e76d,5fccb18775a1c53c589e1a644bcdca5c2966e2c9f1b72779e18c5571bee51811,1.12.5,SOSRI,paper_common,continuation,0.01,0.05,true,high,high,false,true,26260832,1.5e-6,0.15,60.0,1500.0,Success,Success,true,true,10.45138532250063,2.3818368550352645e6,1.359722410181446e7,2.9208708370922594,1.9571459661135083e-11,1.9571459661135083e-11,546,0,9.569321020782834e6,407437.5608038048,1003.6222824912152,27.2203726473056,266.15012943498715,9.721460689611796e6,486100.9594168072,718.4943420980867,15.801874054504275,205.63500455200986
528,28,7f3bcef5a08e3ee69ec959154bc064e98543e76d,5fccb18775a1c53c589e1a644bcdca5c2966e2c9f1b72779e18c5571bee51811,1.12.5,SOSRI,paper_common,continuation,0.01,0.05,true,high,high,false,true,26260833,1.5e-6,0.15,60.0,1500.0,Success,Success,true,true,10.561233793767546,5.107599820203461e6,1.398046568363669e7,2.920870837092343,3.805967370885655e-11,3.805967370885655e-11,666,0,8.04033738445554e6,366740.119321166,944.2309034401576,23.032536683422542,265.6130423236496,9.721460689611798e6,486100.9594168072,718.4943420980875,15.801874053083607,205.63500455844434
529,29,7f3bcef5a08e3ee69ec959154bc064e98543e76d,5fccb18775a1c53c589e1a644bcdca5c2966e2c9f1b72779e18c5571bee51811,1.12.5,SOSRI,paper_common,continuation,0.01,0.05,true,high,high,false,true,26260834,1.5e-6,0.15,60.0,1500.0,Success,Success,true,true,12.799141230222258,4.9984075002644565e6,1.3131616337263234e7,2.920870837092294,1.8823420962590172e-11,1.8823420962590172e-11,597,0,1.0112302294587929e7,509694.54103718826,670.565714105018,14.553918476473662,193.42733786459925,9.721460689612022e6,486100.9594168217,718.4943420980658,15.801874054559955,205.6350045516844
530,30,7f3bcef5a08e3ee69ec959154bc064e98543e76d,5fccb18775a1c53c589e1a644bcdca5c2966e2c9f1b72779e18c5571bee51811,1.12.5,SOSRI,paper_common,continuation,0.01,0.05,true,high,high,false,true,26260835,1.5e-6,0.15,60.0,1500.0,Success,Success,true,true,5.450387662561405,6.541210456928468e6,2.1966857889420364e7,2.9208708370923824,1.1196090202429341e-10,1.1196090202429341e-10,749,0,6.796210630331054e6,336481.9232357668,998.205090616831,21.695792242763904,294.61311950639174,9.721460689611806e6,486100.9594168072,718.4943420980868,15.80187404742232,205.6350045847976
531,31,7f3bcef5a08e3ee69ec959154bc064e98543e76d,5fccb18775a1c53c589e1a644bcdca5c2966e2c9f1b72779e18c5571bee51811,1.12.5,SOSRI,paper_common,continuation,0.01,0.05,true,high,high,false,true,26260836,1.5e-6,0.15,60.0,1500.0,Success,Success,true,true,4.772265666532754,8.453681619533153e6,1.925132550012362e7,2.9208708370909098,6.618460836817902e-11,6.618460836817902e-11,1082,0,9.760049901806835e6,570689.7882469954,639.7769361832705,12.253740245736637,177.89975243435063,9.721460689612033e6,486100.9594168217,718.4943420980653,15.801874051021287,205.63500457160345
532,32,7f3bcef5a08e3ee69ec959154bc064e98543e76d,5fccb18775a1c53c589e1a644bcdca5c2966e2c9f1b72779e18c5571bee51811,1.12.5,SOSRI,paper_common,continuation,0.01,0.05,true,high,high,false,true,26260837,1.5e-6,0.15,60.0,1500.0,Success,Success,true,true,5.926346498913594,7.660260425816966e6,1.7654679925110534e7,2.9208708370922203,5.2299416947480244e-11,5.2299416947480244e-11,918,0,1.029262740351739e7,599229.6873048991,578.9503609196306,10.843393811861421,167.67099274614617,9.721460689612025e6,486100.9594168217,718.4943420980654,15.801874052000981,205.6350045638204
533,33,7f3bcef5a08e3ee69ec959154bc064e98543e76d,5fccb18775a1c53c589e1a644bcdca5c2966e2c9f1b72779e18c5571bee51811,1.12.5,SOSRI,paper_common,continuation,0.01,0.05,true,high,high,false,true,26260838,1.5e-6,0.15,60.0,1500.0,Success,Success,true,true,5.256647334971671,5.828554065042604e6,2.1249044453271747e7,2.9208708370921497,7.112570342534035e-11,7.112570342534035e-11,838,1,1.2043493055537047e7,695812.9110772646,492.3690156966241,9.36616108104472,140.98786514761713,9.721460689612027e6,486100.9594168217,718.4943420980654,15.801874050563637,205.63500457070882
534,34,7f3bcef5a08e3ee69ec959154bc064e98543e76d,5fccb18775a1c53c589e1a644bcdca5c2966e2c9f1b72779e18c5571bee51811,1.12.5,SOSRI,paper_common,continuation,0.01,0.05,true,high,high,false,true,26260839,1.5e-6,0.15,60.0,1500.0,Success,Success,true,true,10.506674155916022,3.766553584794471e6,1.3798249214965437e7,2.9208708370923553,1.0420599800087768e-10,1.0420599800087768e-10,550,0,6.720479619300715e6,307431.89685674227,1207.7642296725314,29.14298140616701,343.63730850753467,9.721460689611806e6,486100.9594168072,718.4943420980866,15.801874048017735,205.63500458208114
535,35,7f3bcef5a08e3ee69ec959154bc064e98543e76d,5fccb18775a1c53c589e1a644bcdca5c2966e2c9f1b72779e18c5571bee51811,1.12.5,SOSRI,paper_common,continuation,0.01,0.05,true,high,high,false,true,26260840,1.5e-6,0.15,60.0,1500.0,Success,Success,true,true,7.668656553645361,4.121216018260223e6,1.5819894777616244e7,2.9208708370922034,3.375653253924507e-11,3.375653253924507e-11,690,1,1.516511909636239e7,873633.3855236098,403.6012219551135,7.70702088496476,115.43655387471296,9.721460689612024e6,486100.9594168217,718.4943420980658,15.801874053421924,205.63500455722308
536,36,7f3bcef5a08e3ee69ec959154bc064e98543e76d,5fccb18775a1c53c589e1a644bcdca5c2966e2c9f1b72779e18c5571bee51811,1.12.5,SOSRI,paper_common,continuation,0.01,0.05,true,high,high,false,true,26260841,1.5e-6,0.15,60.0,1500.0,Success,Success,true,true,8.176847927221365,4.522236754826192e6,1.570626456136049e7,2.9208708370923335,1.8604050266983575e-11,1.8604050266983575e-11,632,0,9.099586482290782e6,410690.44948595855,919.7597702425815,22.81805944961415,256.2770748929622,9.721460689611796e6,486100.9594168072,718.4943420980873,15.801874054573933,205.63500455150276
537,37,7f3bcef5a08e3ee69ec959154bc064e98543e76d,5fccb18775a1c53c589e1a644bcdca5c2966e2c9f1b72779e18c5571bee51811,1.12.5,SOSRI,paper_common,continuation,0.01,0.05,true,high,high,false,true,26260842,1.5e-6,0.15,60.0,1500.0,Success,Success,true,true,7.9640143305083955,4.318984826744573e6,1.636638414335748e7,2.9208708370923406,3.359482922395625e-11,3.359482922395625e-11,631,1,1.0229391754107075e7,478047.89631415997,766.9975097889933,18.467399778073467,212.04013924463354,9.721460689612024e6,486100.9594168216,718.4943420980663,15.801874053426053,205.63500455686727
538,38,7f3bcef5a08e3ee69ec959154bc064e98543e76d,5fccb18775a1c53c589e1a644bcdca5c2966e2c9f1b72779e18c5571bee51811,1.12.5,SOSRI,paper_common,continuation,0.01,0.05,true,high,high,false,true,26260843,1.5e-6,0.15,60.0,1500.0,Success,Success,true,true,7.331956956562591,5.577384270796489e6,1.6434140689367833e7,2.920870837092288,1.7615224583337467e-11,1.7615224583337467e-11,713,0,6.063225433934713e6,257757.06241578,1336.3530458418932,34.6622631978273,381.1032903227994,9.721460689611796e6,486100.9594168072,718.4943420980873,15.801874054652382,205.63500455124893
539,39,7f3bcef5a08e3ee69ec959154bc064e98543e76d,5fccb18775a1c53c589e1a644bcdca5c2966e2c9f1b72779e18c5571bee51811,1.12.5,SOSRI,paper_common,continuation,0.01,0.05,true,high,high,false,true,26260844,1.5e-6,0.15,60.0,1500.0,Success,Success,true,true,9.839113031773357,7.553626610967828e6,1.3680598008480344e7,2.92087083709224,2.8881038968446753e-11,2.8881038968446753e-11,752,1,1.1338956171853967e7,617679.1562431483,601.1161368202444,12.317725348940979,168.12003652428726,9.721460689612024e6,486100.9594168217,718.4943420980655,15.801874053793052,205.63500455539977
540,40,7f3bcef5a08e3ee69ec959154bc064e98543e76d,5fccb18775a1c53c589e1a644bcdca5c2966e2c9f1b72779e18c5571bee51811,1.12.5,SOSRI,paper_common,continuation,0.01,0.05,true,high,high,false,true,26260845,1.5e-6,0.15,60.0,1500.0,Success,Success,true,true,11.165541966177546,2.9213711353449216e6,1.367428700160526e7,2.9208708370924357,7.897709294162162e-11,7.897709294162162e-11,572,0,8.59164340211515e6,358936.3290090529,1035.2512972487,27.336420336056474,295.3482348413422,9.721460689611802e6,486100.9594168072,718.4943420980869,15.80187404994488,205.63500457288174
541,41,7f3bcef5a08e3ee69ec959154bc064e98543e76d,5fccb18775a1c53c589e1a644bcdca5c2966e2c9f1b72779e18c5571bee51811,1.12.5,SOSRI,paper_common,continuation,0.01,0.05,true,high,high,false,true,26260846,1.5e-6,0.15,60.0,1500.0,Success,Success,true,true,10.281438334509243,3.8880975352037996e6,1.4846646535105921e7,2.920870837092373,3.366457461370883e-11,3.366457461370883e-11,645,0,1.0008299251209535e7,474991.2000055365,782.1754920790307,18.26498965731814,221.35139251854469,9.721460689612024e6,486100.9594168217,718.4943420980652,15.801874053418818,205.63500455682254
542,42,7f3bcef5a08e3ee69ec959154bc064e98543e76d,5fccb18775a1c53c589e1a644bcdca5c2966e2c9f1b72779e18c5571bee51811,1.12.5,SOSRI,paper_common,continuation,0.01,0.05,true,high,high,false,true,26260847,1.5e-6,0.15,60.0,1500.0,Success,Success,true,true,10.362494805820816,4.969783413708897e6,1.3083455405919999e7,2.9208708370923278,2.0602302790330685e-11,2.0602302790330685e-11,613,0,8.572706477059545e6,393711.8840647459,885.4696131919595,21.701463414139237,244.64045644078746,9.721460689611796e6,486100.95941680716,718.4943420980871,15.801874054421276,205.6350045522309
543,43,7f3bcef5a08e3ee69ec959154bc064e98543e76d,5fccb18775a1c53c589e1a644bcdca5c2966e2c9f1b72779e18c5571bee51811,1.12.5,SOSRI,paper_common,continuation,0.01,0.05,true,high,high,false,true,26260848,1.5e-6,0.15,60.0,1500.0,Success,Success,true,true,9.366006608680017,6.162561684968462e6,1.518095515191956e7,2.920870837092484,7.779137604250655e-11,7.779137604250655e-11,635,0,8.85128786110213e6,423026.724738832,839.517359863907,19.379301531192812,239.15736053651025,9.721460689611802e6,486100.9594168072,718.4943420980862,15.801874050032806,205.6350045723519
544,44,7f3bcef5a08e3ee69ec959154bc064e98543e76d,5fccb18775a1c53c589e1a644bcdca5c2966e2c9f1b72779e18c5571bee51811,1.12.5,SOSRI,paper_common,continuation,0.01,0.05,true,high,high,false,true,26260849,1.5e-6,0.15,60.0,1500.0,Success,Success,true,true,4.031604293451841,5.32402825637355e6,2.234471208816413e7,2.920870837092345,1.1259101977035802e-10,1.1259101977035802e-10,745,0,6.493898292364834e6,326176.8676984059,1118.338370633147,24.85767640812514,312.35163571863353,9.721460689611806e6,486100.9594168072,718.4943420980876,15.80187404737628,205.6350045851036
545,45,7f3bcef5a08e3ee69ec959154bc064e98543e76d,5fccb18775a1c53c589e1a644bcdca5c2966e2c9f1b72779e18c5571bee51811,1.12.5,SOSRI,paper_common,continuation,0.01,0.05,true,high,high,false,true,26260850,1.5e-6,0.15,60.0,1500.0,Success,Success,true,true,11.764099679265982,4.922986907708976e6,1.2076379977063697e7,2.920870837092312,4.2789927918770947e-11,4.2789927918770947e-11,624,0,6.799870864525381e6,297267.1966714118,1169.7348585242607,29.378580665922797,335.7187697401774,9.721460689611798e6,486100.9594168072,718.494342098087,15.801874052723207,205.63500456020301
546,46,7f3bcef5a08e3ee69ec959154bc064e98543e76d,5fccb18775a1c53c589e1a644bcdca5c2966e2c9f1b72779e18c5571bee51811,1.12.5,SOSRI,paper_common,continuation,0.01,0.05,true,high,high,false,true,26260851,1.5e-6,0.15,60.0,1500.0,Success,Success,true,true,7.160404221179482,3.404611006933634e6,1.6897640575411234e7,2.9208708370922998,4.60599092394685e-11,4.60599092394685e-11,621,0,1.0247206314720439e7,533313.8972497057,713.5545392584014,15.32887283987121,199.0802766595034,9.721460689612025e6,486100.9594168217,718.4943420980662,15.801874052474,205.6350045614161
547,47,7f3bcef5a08e3ee69ec959154bc064e98543e76d,5fccb18775a1c53c589e1a644bcdca5c2966e2c9f1b72779e18c5571bee51811,1.12.5,SOSRI,paper_common,continuation,0.01,0.05,true,high,high,false,true,26260852,1.5e-6,0.15,60.0,1500.0,Success,Success,true,true,9.207204531808474,4.1698251452353494e6,1.5292542399729393e7,2.920870837092226,2.4537849792784274e-11,2.4537849792784274e-11,562,1,1.5121095129828477e7,792680.217215051,439.8782799637377,9.207204531808474,126.34162636074988,9.721460689612024e6,486100.9594168217,718.4943420980655,15.80187405412647,205.63500455387586
548,48,7f3bcef5a08e3ee69ec959154bc064e98543e76d,5fccb18775a1c53c589e1a644bcdca5c2966e2c9f1b72779e18c5571bee51811,1.12.5,SOSRI,paper_common,continuation,0.01,0.05,true,high,high,false,true,26260853,1.5e-6,0.15,60.0,1500.0,Success,Success,true,true,10.609502478519634,3.1910133443240463e6,1.387599565921892e7,2.9208708370922896,2.053521669130281e-11,2.053521669130281e-11,537,0,5.704502368502938e6,214410.254059114,1605.477399389307,46.68441194676557,464.87588164382635,9.721460689611796e6,486100.95941680716,718.494342098087,15.801874054428682,205.6350045522898
549,49,7f3bcef5a08e3ee69ec959154bc064e98543e76d,5fccb18775a1c53c589e1a644bcdca5c2966e2c9f1b72779e18c5571bee51811,1.12.5,SOSRI,paper_common,continuation,0.01,0.05,true,high,high,false,true,26260854,1.5e-6,0.15,60.0,1500.0,Success,Success,true,true,8.360673903875192,1.3230530630318352e6,1.7729340321157232e7,2.9208708370923078,7.442248618097281e-11,7.442248618097281e-11,453,0,6.0954655950736115e6,233637.2458792714,1499.119207725327,43.01602928999396,429.95110982583634,9.721460689611802e6,486100.9594168072,718.4943420980876,15.80187405030123,205.63500457152927
550,50,7f3bcef5a08e3ee69ec959154bc064e98543e76d,5fccb18775a1c53c589e1a644bcdca5c2966e2c9f1b72779e18c5571bee51811,1.12.5,SOSRI,paper_common,continuation,0.01,0.05,true,high,high,false,true,26260855,1.5e-6,0.15,60.0,1500.0,Success,Success,true,true,13.09649340207043,3.8530691558186137e6,1.2558130763567232e7,2.920870837092303,2.1290872317635857e-11,2.1290872317635857e-11,513,0,6.921347575227333e6,272600.4982949976,1247.0874420597488,34.55245871605086,361.76431338809584,9.721460689611796e6,486100.9594168072,718.4943420980875,15.801874054370014,205.6350045525309
551,51,7f3bcef5a08e3ee69ec959154bc064e98543e76d,5fccb18775a1c53c589e1a644bcdca5c2966e2c9f1b72779e18c5571bee51811,1.12.5,SOSRI,paper_common,continuation,0.01,0.05,true,high,high,false,true,26260856,1.5e-6,0.15,60.0,1500.0,Success,Success,true,true,11.91015382413027,3.7142386890814924e6,1.258359219907438e7,2.9208708370924352,8.800408618578237e-11,8.800408618578237e-11,618,0,7.9241763786249e6,357482.85234097403,953.0888591883463,22.9802813732229,277.3523860963775,9.721460689611804e6,486100.95941680716,718.4943420980874,15.801874049253662,205.63500457611207
552,52,7f3bcef5a08e3ee69ec959154bc064e98543e76d,5fccb18775a1c53c589e1a644bcdca5c2966e2c9f1b72779e18c5571bee51811,1.12.5,SOSRI,paper_common,continuation,0.01,0.05,true,high,high,false,true,26260857,1.5e-6,0.15,60.0,1500.0,Success,Success,true,true,13.87901438969407,5.62352433578395e6,1.2088662383871831e7,2.9208708370923238,1.7606600209748892e-11,1.7606600209748892e-11,622,0,1.0058782934508111e7,471641.0478926319,728.956868900238,17.071904583445317,209.20207006325538,9.721460689612022e6,486100.9594168217,718.494342098066,15.80187405465136,205.63500455118447
553,53,7f3bcef5a08e3ee69ec959154bc064e98543e76d,5fccb18775a1c53c589e1a644bcdca5c2966e2c9f1b72779e18c5571bee51811,1.12.5,SOSRI,paper_common,continuation,0.01,0.05,true,high,high,false,true,26260858,1.5e-6,0.15,60.0,1500.0,Success,Success,true,true,11.782715938089908,3.894504187192899e6,1.286821790905116e7,2.920870837092274,5.483628078501546e-11,5.483628078501546e-11,510,0,4.993493073869597e6,189997.3118210105,1636.8108365927112,46.07008076751971,487.650747530649,9.7214606896118e6,486100.9594168072,718.4943420980869,15.801874051803045,205.63500456459536
554,54,7f3bcef5a08e3ee69ec959154bc064e98543e76d,5fccb18775a1c53c589e1a644bcdca5c2966e2c9f1b72779e18c5571bee51811,1.12.5,SOSRI,paper_common,continuation,0.01,0.05,true,high,high,false,true,26260859,1.5e-6,0.15,60.0,1500.0,Success,Success,true,true,5.800317873460501,4.550907448060641e6,1.9644479405768756e7,2.920870837092292,5.263500115017706e-11,5.263500115017706e-11,665,0,5.335344139118073e6,210293.0949466364,1713.7127572059533,47.845208840052834,490.5647609913508,9.7214606896118e6,486100.9594168072,718.4943420980875,15.801874051970529,205.63500456376877
555,55,7f3bcef5a08e3ee69ec959154bc064e98543e76d,5fccb18775a1c53c589e1a644bcdca5c2966e2c9f1b72779e18c5571bee51811,1.12.5,SOSRI,paper_common,continuation,0.01,0.05,true,high,high,false,true,26260860,1.5e-6,0.15,60.0,1500.0,Success,Success,true,true,12.076319404363904,4.129482829857269e6,1.248219510146916e7,2.9208708370922527,2.6990932990467252e-11,2.6990932990467252e-11,553,0,1.1196665555565644e7,561200.1517483703,625.8431165435621,13.889803446028424,176.06744514112827,9.721460689612024e6,486100.9594168217,718.4943420980654,15.801874053937011,205.6350045546958
556,56,7f3bcef5a08e3ee69ec959154bc064e98543e76d,5fccb18775a1c53c589e1a644bcdca5c2966e2c9f1b72779e18c5571bee51811,1.12.5,SOSRI,paper_common,continuation,0.01,0.05,true,high,high,false,true,26260861,1.5e-6,0.15,60.0,1500.0,Success,Success,true,true,11.377443194719376,5.237744534530175e6,1.5073479116326056e7,2.920870837092063,8.714557707656485e-11,8.714557707656485e-11,579,1,1.5073479116326056e7,765320.9609925274,508.7167299481173,11.377443194719376,138.55798976095062,9.72146068961203e6,486100.9594168217,718.4943420980655,15.801874049342176,205.63500457662792
557,57,7f3bcef5a08e3ee69ec959154bc064e98543e76d,5fccb18775a1c53c589e1a644bcdca5c2966e2c9f1b72779e18c5571bee51811,1.12.5,SOSRI,paper_common,continuation,0.01,0.05,true,high,high,false,true,26260862,1.5e-6,0.15,60.0,1500.0,Success,Success,true,true,6.696268642486205,6.037416288118435e6,1.73299230207391e7,2.920870837092232,2.1875664266776253e-11,2.1875664266776253e-11,799,1,1.1448665117379913e7,664108.0164083896,520.2034790588448,9.745688740440329,151.43420766006997,9.721460689612022e6,486100.9594168217,718.4943420980654,15.80187405432997,205.63500455291071
558,58,7f3bcef5a08e3ee69ec959154bc064e98543e76d,5fccb18775a1c53c589e1a644bcdca5c2966e2c9f1b72779e18c5571bee51811,1.12.5,SOSRI,paper_common,continuation,0.01,0.05,true,high,high,false,true,26260863,1.5e-6,0.15,60.0,1500.0,Success,Success,true,true,10.606444334939521,4.692544966411731e6,1.3444628067119543e7,2.920870837092323,5.039281799786054e-11,5.039281799786054e-11,601,0,6.993041457976787e6,315024.43731754017,1162.4592337717822,28.04841756381064,338.48776560571235,9.7214606896118e6,486100.9594168072,718.4943420980869,15.801874052140361,205.63500456289898
559,59,7f3bcef5a08e3ee69ec959154bc064e98543e76d,5fccb18775a1c53c589e1a644bcdca5c2966e2c9f1b72779e18c5571bee51811,1.12.5,SOSRI,paper_common,continuation,0.01,0.05,true,high,high,false,true,26260864,1.5e-6,0.15,60.0,1500.0,Success,Success,true,true,12.06554413169124,2.8756596035722755e6,1.3603111155728713e7,2.9208708370922998,3.080916106785073e-11,3.080916106785073e-11,493,0,6.462446277081323e6,282555.8985078326,1274.9687791088995,31.90320616667619,367.7676203000912,9.721460689611796e6,486100.95941680716,718.4943420980871,15.801874053641336,205.63500455594263
560,60,7f3bcef5a08e3ee69ec959154bc064e98543e76d,5fccb18775a1c53c589e1a644bcdca5c2966e2c9f1b72779e18c5571bee51811,1.12.5,SOSRI,paper_common,continuation,0.01,0.05,true,high,high,false,true,26260865,1.5e-6,0.15,60.0,1500.0,Success,Success,true,true,10.62925138700383,4.1312049062044974e6,1.2404412815892134e7,2.92087083709231,4.1094162775575156e-11,4.1094162775575156e-11,609,0,6.587670032458855e6,316871.47461815586,1045.4185937332677,23.845323041012,300.03493376915196,9.721460689611798e6,486100.9594168072,718.4943420980869,15.801874052853176,205.63500455960056
561,61,7f3bcef5a08e3ee69ec959154bc064e98543e76d,5fccb18775a1c53c589e1a644bcdca5c2966e2c9f1b72779e18c5571bee51811,1.12.5,SOSRI,paper_common,continuation,0.01,0.05,true,high,high,false,true,26260866,1.5e-6,0.15,60.0,1500.0,Success,Success,true,true,5.14776815735497,6.269719036161033e6,1.9937125220152754e7,2.9208708370921554,3.950033512429435e-11,3.950033512429435e-11,863,1,1.1806093249081047e7,680200.2999380282,558.1774488052378,10.97114047701596,152.56077103695708,9.721460689612025e6,486100.9594168217,718.4943420980654,15.801874052985031,205.6350045593826
562,62,7f3bcef5a08e3ee69ec959154bc064e98543e76d,5fccb18775a1c53c589e1a644bcdca5c2966e2c9f1b72779e18c5571bee51811,1.12.5,SOSRI,paper_common,continuation,0.01,0.05,true,high,high,false,true,26260867,1.5e-6,0.15,60.0,1500.0,Success,Success,true,true,8.189577602331534,5.068550993948084e6,1.4722285088917665e7,2.920870837092366,2.948414198771524e-11,2.948414198771524e-11,691,0,9.147291747964188e6,398707.6600288784,835.910451447785,21.175621101130538,238.06769643319794,9.721460689611796e6,486100.95941680716,718.494342098087,15.801874053738915,205.63500455532625
563,63,7f3bcef5a08e3ee69ec959154bc064e98543e76d,5fccb18775a1c53c589e1a644bcdca5c2966e2c9f1b72779e18c5571bee51811,1.12.5,SOSRI,paper_common,continuation,0.01,0.05,true,high,high,false,true,26260868,1.5e-6,0.15,60.0,1500.0,Success,Success,true,true,7.134337119192159,5.22315100810412e6,1.745022297405991e7,2.9208708370923517,2.362285253867244e-11,2.362285253867244e-11,793,0,9.046517872142626e6,449139.69639120606,761.1208232608428,16.743237136733118,220.05649142046732,9.721460689611796e6,486100.9594168072,718.4943420980871,15.801874054188572,205.63500455325973
564,64,7f3bcef5a08e3ee69ec959154bc064e98543e76d,5fccb18775a1c53c589e1a644bcdca5c2966e2c9f1b72779e18c5571bee51811,1.12.5,SOSRI,paper_common,continuation,0.01,0.05,true,high,high,false,true,26260869,1.5e-6,0.15,60.0,1500.0,Success,Success,true,true,7.3656160429843425,5.677619206380139e6,1.6385188207187673e7,2.920870837092333,1.0982484696900354e-10,1.0982484696900354e-10,729,0,5.677619206380139e6,252089.58415214787,1261.0909739338872,30.519960990404297,373.1552607334701,9.721460689611806e6,486100.95941680716,718.4943420980871,15.801874047588829,205.63500458414052
565,65,7f3bcef5a08e3ee69ec959154bc064e98543e76d,5fccb18775a1c53c589e1a644bcdca5c2966e2c9f1b72779e18c5571bee51811,1.12.5,SOSRI,paper_common,continuation,0.01,0.05,true,high,high,false,true,26260870,1.5e-6,0.15,60.0,1500.0,Success,Success,true,true,4.704742410657693,6.562963818245229e6,2.422141694944651e7,2.920870837092408,6.444980650006232e-11,6.444980650006232e-11,926,0,8.106733925041273e6,407333.55026266037,860.8651445749384,18.734726014259554,248.34926409231156,9.721460689611802e6,486100.9594168072,718.4943420980869,15.801874051058906,205.63500456774324
566,66,7f3bcef5a08e3ee69ec959154bc064e98543e76d,5fccb18775a1c53c589e1a644bcdca5c2966e2c9f1b72779e18c5571bee51811,1.12.5,SOSRI,paper_common,continuation,0.01,0.05,true,high,high,false,true,26260871,1.5e-6,0.15,60.0,1500.0,Success,Success,true,true,14.642485364094625,3.543869793943528e6,1.0889505965048116e7,2.920870837092278,2.826278311655718e-11,2.826278311655718e-11,558,0,4.619863848152689e6,184674.4957921681,1916.4372473812602,53.15420147976307,541.8663110414466,9.721460689611796e6,486100.9594168072,718.4943420980871,15.801874053837624,205.6350045550789
567,67,7f3bcef5a08e3ee69ec959154bc064e98543e76d,5fccb18775a1c53c589e1a644bcdca5c2966e2c9f1b72779e18c5571bee51811,1.12.5,SOSRI,paper_common,continuation,0.01,0.05,true,high,high,false,true,26260872,1.5e-6,0.15,60.0,1500.0,Success,Success,true,true,5.4599906007899985,7.204566772180467e6,1.885876429451264e7,2.920870837092302,8.233434892682783e-11,8.233434892682783e-11,914,0,1.053957837762687e7,536373.032175676,665.9529071920598,14.296984238174607,192.45198833951258,9.72146068961203e6,486100.9594168216,718.4943420980663,15.801874049696185,205.6350045743889
568,68,7f3bcef5a08e3ee69ec959154bc064e98543e76d,5fccb18775a1c53c589e1a644bcdca5c2966e2c9f1b72779e18c5571bee51811,1.12.5,SOSRI,paper_common,continuation,0.01,0.05,true,high,high,false,true,26260873,1.5e-6,0.15,60.0,1500.0,Success,Success,true,true,8.94250809501268,4.1161093409676678e6,1.4889884384111125e7,2.920870837092303,2.2081322397397723e-11,2.2081322397397723e-11,626,0,6.756768572335e6,263090.4213698901,1587.82574311642,48.33391232390545,402.6630135093963,9.721460689611796e6,486100.95941680716,718.494342098087,15.801874054309517,205.63500455281476
569,69,7f3bcef5a08e3ee69ec959154bc064e98543e76d,5fccb18775a1c53c589e1a644bcdca5c2966e2c9f1b72779e18c5571bee51811,1.12.5,SOSRI,paper_common,continuation,0.01,0.05,true,high,high,false,true,26260874,1.5e-6,0.15,60.0,1500.0,Success,Success,true,true,3.846649696538833,6.670999071625056e6,2.2126204257449612e7,2.920870837092312,1.7589573226770308e-11,1.7589573226770308e-11,985,0,8.342468674657485e6,393449.61732048815,922.2866668015582,22.11694127869098,252.77825905816553,9.721460689611796e6,486100.9594168072,718.4943420980871,15.801874054652902,205.63500455118708
570,70,7f3bcef5a08e3ee69ec959154bc064e98543e76d,5fccb18775a1c53c589e1a644bcdca5c2966e2c9f1b72779e18c5571bee51811,1.12.5,SOSRI,paper_common,continuation,0.01,0.05,true,high,high,false,true,26260875,1.5e-6,0.15,60.0,1500.0,Success,Success,true,true,7.142088974091109,4.661156870091966e6,1.6744466449549338e7,2.9208708370923393,7.266562959977265e-11,7.266562959977265e-11,652,0,6.916993358490097e6,295956.0006730648,1255.2136259807305,32.872025149840525,349.3425581552931,9.721460689611802e6,486100.9594168072,718.4943420980876,15.801874050433883,205.6350045708325
571,71,7f3bcef5a08e3ee69ec959154bc064e98543e76d,5fccb18775a1c53c589e1a644bcdca5c2966e2c9f1b72779e18c5571bee51811,1.12.5,SOSRI,paper_common,continuation,0.01,0.05,true,high,high,false,true,26260876,1.5e-6,0.15,60.0,1500.0,Success,Success,true,true,8.3475694950246,6.191822506571628e6,1.5716319018982898e7,2.920870837092457,9.296371520926988e-11,9.296371520926988e-11,740,0,8.411070224456519e6,428439.9326443349,793.9135543064322,16.92641104321145,231.35695506955696,9.721460689611804e6,486100.9594168072,718.4943420980868,15.801874048872572,205.63500457783846
572,72,7f3bcef5a08e3ee69ec959154bc064e98543e76d,5fccb18775a1c53c589e1a644bcdca5c2966e2c9f1b72779e18c5571bee51811,1.12.5,SOSRI,paper_common,continuation,0.01,0.05,true,high,high,false,true,26260877,1.5e-6,0.15,60.0,1500.0,Success,Success,true,true,12.029714342116884,2.744829616084138e6,1.2527358916778378e7,2.9208708370923135,1.7701723213109543e-11,1.7701723213109543e-11,517,0,8.221773430117853e6,387562.8064067463,888.0045401257074,21.14807774115522,246.27640547990202,9.721460689611796e6,486100.95941680716,718.4943420980874,15.801874054644207,205.63500455122332
573,73,7f3bcef5a08e3ee69ec959154bc064e98543e76d,5fccb18775a1c53c589e1a644bcdca5c2966e2c9f1b72779e18c5571bee51811,1.12.5,SOSRI,paper_common,continuation,0.01,0.05,true,high,high,false,true,26260878,1.5e-6,0.15,60.0,1500.0,Success,Success,true,true,9.870835175162728,4.791900216030517e6,1.4425593467927337e7,2.9208708370924974,1.0938203717483912e-10,1.0938203717483912e-10,629,0,8.328426549977884e6,372149.82171547256,962.4388798028076,23.59395874230252,277.24010026062876,9.721460689611806e6,486100.9594168072,718.4943420980868,15.801874047612992,205.635004583626
574,74,7f3bcef5a08e3ee69ec959154bc064e98543e76d,5fccb18775a1c53c589e1a644bcdca5c2966e2c9f1b72779e18c5571bee51811,1.12.5,SOSRI,paper_common,continuation,0.01,0.05,true,high,high,false,true,26260879,1.5e-6,0.15,60.0,1500.0,Success,Success,true,true,8.428889643123576,5.961398027617648e6,1.5590276841108259e7,2.92087083709231,3.238879134319507e-11,3.238879134319507e-11,682,0,1.0114211358619608e7,470393.5320683313,788.0006519808866,19.011620626684113,218.81087790188582,9.721460689612024e6,486100.9594168217,718.4943420980657,15.801874053520269,205.63500455650387
575,75,7f3bcef5a08e3ee69ec959154bc064e98543e76d,5fccb18775a1c53c589e1a644bcdca5c2966e2c9f1b72779e18c5571bee51811,1.12.5,SOSRI,paper_common,continuation,0.01,0.05,true,high,high,false,true,26260880,1.5e-6,0.15,60.0,1500.0,Success,Success,true,true,10.919678782324375,4.396175535496337e6,1.3342522369301362e7,2.9208708370923286,5.920788559213165e-11,5.920788559213165e-11,563,0,6.295800121005762e6,252209.81598753334,1279.4772176473884,34.81408962612521,371.6048513827814,9.7214606896118e6,486100.95941680716,718.4943420980874,15.801874051465033,205.63500456604092
576,76,7f3bcef5a08e3ee69ec959154bc064e98543e76d,5fccb18775a1c53c589e1a644bcdca5c2966e2c9f1b72779e18c5571bee51811,1.12.5,SOSRI,paper_common,continuation,0.01,0.05,true,high,high,false,true,26260881,1.5e-6,0.15,60.0,1500.0,Success,Success,true,true,4.792978856401631,7.045652239761686e6,2.3688455584456053e7,2.9208708370923704,1.7554392777240797e-11,1.7554392777240797e-11,857,0,9.294949779511206e6,526693.8880779353,602.2666765624456,11.19936207293367,183.03182966377153,9.721460689611796e6,486100.9594168072,718.4943420980871,15.801874054652188,205.63500455104816
577,77,7f3bcef5a08e3ee69ec959154bc064e98543e76d,5fccb18775a1c53c589e1a644bcdca5c2966e2c9f1b72779e18c5571bee51811,1.12.5,SOSRI,paper_common,continuation,0.01,0.05,true,high,high,false,true,26260882,1.5e-6,0.15,60.0,1500.0,Success,Success,true,true,10.618168402481466,5.052490444072535e6,1.4164376942000866e7,2.920870837092377,6.733832353286185e-11,6.733832353286185e-11,568,0,8.020174551023826e6,336049.41090875666,990.2254449766821,25.810087706974866,286.72796909325865,9.7214606896118e6,486100.9594168072,718.4943420980876,15.801874050839595,205.6350045688454
578,78,7f3bcef5a08e3ee69ec959154bc064e98543e76d,5fccb18775a1c53c589e1a644bcdca5c2966e2c9f1b72779e18c5571bee51811,1.12.5,SOSRI,paper_common,continuation,0.01,0.05,true,high,high,false,true,26260883,1.5e-6,0.15,60.0,1500.0,Success,Success,true,true,8.491917468030824,4.8609038084123e6,1.5363244593529092e7,2.920870837092277,2.0992087759987972e-11,2.0992087759987972e-11,804,0,1.0189994128264274e7,549414.6032584367,602.5059969543396,12.190990496557228,174.43613666532264,9.721460689612022e6,486100.9594168217,718.4943420980655,15.801874054394885,205.63500455249624
579,79,7f3bcef5a08e3ee69ec959154bc064e98543e76d,5fccb18775a1c53c589e1a644bcdca5c2966e2c9f1b72779e18c5571bee51811,1.12.5,SOSRI,paper_common,continuation,0.01,0.05,true,high,high,false,true,26260884,1.5e-6,0.15,60.0,1500.0,Success,Success,true,true,10.389496826253316,3.4957820422214456e6,1.4178243434377046e7,2.9208708370923824,1.8922304893860443e-11,1.8922304893860443e-11,542,0,9.420108551076222e6,491938.1299456326,726.0207460162653,15.337596304982457,206.71860155009927,9.721460689611796e6,486100.95941680716,718.4943420980871,15.801874054546726,205.63500455151095
580,80,7f3bcef5a08e3ee69ec959154bc064e98543e76d,5fccb18775a1c53c589e1a644bcdca5c2966e2c9f1b72779e18c5571bee51811,1.12.5,SOSRI,paper_common,continuation,0.01,0.05,true,high,high,false,true,26260885,1.5e-6,0.15,60.0,1500.0,Success,Success,true,true,2.3551093581287326,8.14630697376538e6,2.830593379456514e7,2.9208708370922785,1.9550351397896437e-11,1.9550351397896437e-11,1282,1,1.0650501852129454e7,608501.9728081742,545.4022164329072,10.325189716828282,159.85227718450352,9.721460689612022e6,486100.9594168217,718.4943420980657,15.801874054505236,205.63500455197868
581,81,7f3bcef5a08e3ee69ec959154bc064e98543e76d,5fccb18775a1c53c589e1a644bcdca5c2966e2c9f1b72779e18c5571bee51811,1.12.5,SOSRI,paper_common,continuation,0.01,0.05,true,high,high,false,true,26260886,1.5e-6,0.15,60.0,1500.0,Success,Success,true,true,10.946035376728442,2.6592631113058534e6,1.3054118472298324e7,2.9208708370921377,6.840009729786318e-11,6.840009729786318e-11,456,1,1.270255292944138e7,660208.8612182197,522.2444551653847,11.085990560273881,148.76140645827877,9.721460689612027e6,486100.9594168217,718.4943420980659,15.801874050773081,205.63500456975981
582,82,7f3bcef5a08e3ee69ec959154bc064e98543e76d,5fccb18775a1c53c589e1a644bcdca5c2966e2c9f1b72779e18c5571bee51811,1.12.5,SOSRI,paper_common,continuation,0.01,0.05,true,high,high,false,true,26260887,1.5e-6,0.15,60.0,1500.0,Success,Success,true,true,11.612382164901167,4.4681768135318635e6,1.2691263856922802e7,2.9208708370923433,2.212697076036807e-11,2.212697076036807e-11,505,0,9.101728238683647e6,386995.80146889255,863.3881179424588,21.98763752220334,253.12536402504495,9.721460689611796e6,486100.9594168072,718.4943420980869,15.801874054303626,205.63500455274328
583,83,7f3bcef5a08e3ee69ec959154bc064e98543e76d,5fccb18775a1c53c589e1a644bcdca5c2966e2c9f1b72779e18c5571bee51811,1.12.5,SOSRI,paper_common,continuation,0.01,0.05,true,high,high,false,true,26260888,1.5e-6,0.15,60.0,1500.0,Success,Success,true,true,11.654568624012851,3.1893699334408245e6,1.2379510828608833e7,2.9208708370923357,6.015735440154632e-11,6.015735440154632e-11,492,0,6.922309415841973e6,284230.4612890434,1153.754243927508,30.272400450353736,340.70802724369725,9.7214606896118e6,486100.9594168072,718.4943420980876,15.801874051391922,205.63500456636578
584,84,7f3bcef5a08e3ee69ec959154bc064e98543e76d,5fccb18775a1c53c589e1a644bcdca5c2966e2c9f1b72779e18c5571bee51811,1.12.5,SOSRI,paper_common,continuation,0.01,0.05,true,high,high,false,true,26260889,1.5e-6,0.15,60.0,1500.0,Success,Success,true,true,7.160502964045722,3.4160507326726997e6,1.7163340486555077e7,2.9208708370922767,2.5398393432840267e-11,2.5398393432840267e-11,555,0,3.4541380868350263e6,125423.30877722455,2439.0220471092066,70.85358945623676,741.3356023157378,9.721460689611796e6,486100.95941680716,718.4943420980873,15.801874054057048,205.6350045540572
585,85,7f3bcef5a08e3ee69ec959154bc064e98543e76d,5fccb18775a1c53c589e1a644bcdca5c2966e2c9f1b72779e18c5571bee51811,1.12.5,SOSRI,paper_common,continuation,0.01,0.05,true,high,high,false,true,26260890,1.5e-6,0.15,60.0,1500.0,Success,Success,true,true,7.346368034527836,3.930562690214828e6,1.6724316546695001e7,2.9208708370925383,9.212092556360536e-11,9.212092556360536e-11,661,0,9.033117935427375e6,433985.11482030246,824.4643367436869,19.187162096886787,230.1063853585337,9.721460689611804e6,486100.9594168072,718.4943420980871,15.801874048932346,205.6350045773615
586,86,7f3bcef5a08e3ee69ec959154bc064e98543e76d,5fccb18775a1c53c589e1a644bcdca5c2966e2c9f1b72779e18c5571bee51811,1.12.5,SOSRI,paper_common,continuation,0.01,0.05,true,high,high,false,true,26260891,1.5e-6,0.15,60.0,1500.0,Success,Success,true,true,6.572517197218753,5.663929919134237e6,1.8300413154295653e7,2.9208708370923184,1.0292595888840885e-10,1.0292595888840885e-10,692,0,5.83127503138253e6,244608.92886863352,1299.7584436495827,33.269126568952316,385.35935057343573,9.721460689611804e6,486100.9594168072,718.4943420980868,15.801874048117972,205.63500458170387
587,87,7f3bcef5a08e3ee69ec959154bc064e98543e76d,5fccb18775a1c53c589e1a644bcdca5c2966e2c9f1b72779e18c5571bee51811,1.12.5,SOSRI,paper_common,continuation,0.01,0.05,true,high,high,false,true,26260892,1.5e-6,0.15,60.0,1500.0,Success,Success,true,true,9.35574375571862,6.668699699599373e6,1.5325445650266442e7,2.920870837092204,5.375285491257044e-11,5.375285491257044e-11,757,1,1.2051213121479899e7,637766.0063864245,557.0625358818451,11.576940436710013,159.40526883712022,9.721460689612025e6,486100.9594168217,718.4943420980655,15.801874051890696,205.6350045643766
588,88,7f3bcef5a08e3ee69ec959154bc064e98543e76d,5fccb18775a1c53c589e1a644bcdca5c2966e2c9f1b72779e18c5571bee51811,1.12.5,SOSRI,paper_common,continuation,0.01,0.05,true,high,high,false,true,26260893,1.5e-6,0.15,60.0,1500.0,Success,Success,true,true,15.70835740493608,5.960967866854185e6,1.1294631596516449e7,2.9208708370923944,5.314621072528656e-11,5.314621072528656e-11,623,0,8.667412514951631e6,400490.36350149306,855.4277664953745,20.1612048476954,248.49296974223404,9.7214606896118e6,486100.9594168072,718.4943420980871,15.801874051925283,205.6350045637289
589,89,7f3bcef5a08e3ee69ec959154bc064e98543e76d,5fccb18775a1c53c589e1a644bcdca5c2966e2c9f1b72779e18c5571bee51811,1.12.5,SOSRI,paper_common,continuation,0.01,0.05,true,high,high,false,true,26260894,1.5e-6,0.15,60.0,1500.0,Success,Success,true,true,11.633724420156023,4.837921883389819e6,1.2329312906054813e7,2.920870837092361,4.3549658799766184e-11,4.3549658799766184e-11,604,0,8.25698123431521e6,402768.0080686287,904.3292710779592,20.47142225924331,257.17760000443053,9.721460689611798e6,486100.9594168072,718.4943420980873,15.80187405266211,205.635004560368
590,90,7f3bcef5a08e3ee69ec959154bc064e98543e76d,5fccb18775a1c53c589e1a644bcdca5c2966e2c9f1b72779e18c5571bee51811,1.12.5,SOSRI,paper_common,continuation,0.01,0.05,true,high,high,false,true,26260895,1.5e-6,0.15,60.0,1500.0,Success,Success,true,true,11.35303882617576,3.777690809992918e6,1.2672937734622743e7,2.9208708370922847,4.362193841050488e-11,4.362193841050488e-11,618,0,4.741579897883659e6,201285.47139048442,1538.976937371641,37.987491910361605,471.2473601152653,9.721460689611798e6,486100.9594168072,718.4943420980869,15.80187405266113,205.63500456056
591,91,7f3bcef5a08e3ee69ec959154bc064e98543e76d,5fccb18775a1c53c589e1a644bcdca5c2966e2c9f1b72779e18c5571bee51811,1.12.5,SOSRI,paper_common,continuation,0.01,0.05,true,high,high,false,true,26260896,1.5e-6,0.15,60.0,1500.0,Success,Success,true,true,4.48440559105687,7.805577566929666e6,2.2041985025034383e7,2.920870837092237,1.791324032557008e-11,1.791324032557008e-11,926,1,1.7589282877586674e7,1.1657078234999508e6,295.3743519991171,4.863265704318158,85.47867834089571,9.721460689612022e6,486100.9594168217,718.4943420980654,15.801874054633094,205.63500455148235
592,92,7f3bcef5a08e3ee69ec959154bc064e98543e76d,5fccb18775a1c53c589e1a644bcdca5c2966e2c9f1b72779e18c5571bee51811,1.12.5,SOSRI,paper_common,continuation,0.01,0.05,true,high,high,false,true,26260897,1.5e-6,0.15,60.0,1500.0,Success,Success,true,true,9.093833139191112,5.237967280217866e6,1.5497004819523599e7,2.92087083709239,3.546930649244401e-11,3.546930649244401e-11,660,0,1.0064929237976482e7,466687.5097464228,729.9435508897187,17.20150238723737,211.0475897201297,9.721460689612024e6,486100.9594168217,718.4943420980655,15.8018740532796,205.63500455743062
593,93,7f3bcef5a08e3ee69ec959154bc064e98543e76d,5fccb18775a1c53c589e1a644bcdca5c2966e2c9f1b72779e18c5571bee51811,1.12.5,SOSRI,paper_common,continuation,0.01,0.05,true,high,high,false,true,26260898,1.5e-6,0.15,60.0,1500.0,Success,Success,true,true,5.150474295643399,5.773011362882942e6,1.911211215462251e7,2.9208708370924947,2.953772045377276e-11,2.953772045377276e-11,903,0,9.358191638617152e6,547445.6630871933,631.1300378326747,11.78738780840498,182.2110727867532,9.721460689611798e6,486100.95941680716,718.494342098087,15.801874053727309,205.63500455506386
594,94,7f3bcef5a08e3ee69ec959154bc064e98543e76d,5fccb18775a1c53c589e1a644bcdca5c2966e2c9f1b72779e18c5571bee51811,1.12.5,SOSRI,paper_common,continuation,0.01,0.05,true,high,high,false,true,26260899,1.5e-6,0.15,60.0,1500.0,Success,Success,true,true,11.691334498404359,4.219056107009791e6,1.2593176594541162e7,2.920870837092317,3.2771425367433805e-11,3.2771425367433805e-11,537,0,7.176572590521578e6,301930.7284935508,1139.729358732863,29.53277602439202,330.7842996569729,9.721460689611798e6,486100.9594168072,718.4943420980875,15.80187405349008,205.6350045566083
595,95,7f3bcef5a08e3ee69ec959154bc064e98543e76d,5fccb18775a1c53c589e1a644bcdca5c2966e2c9f1b72779e18c5571bee51811,1.12.5,SOSRI,paper_common,continuation,0.01,0.05,true,high,high,false,true,26260900,1.5e-6,0.15,60.0,1500.0,Success,Success,true,true,11.619647891524387,3.4347830671003503e6,1.421959528356712e7,2.9208708370922976,2.1157664854892397e-11,2.1157664854892397e-11,627,0,6.582832199476579e6,298613.5805559423,1115.5348973802295,26.576025332656474,327.4942067877971,9.721460689611796e6,486100.95941680716,718.4943420980873,15.801874054380537,205.63500455249505
596,96,7f3bcef5a08e3ee69ec959154bc064e98543e76d,5fccb18775a1c53c589e1a644bcdca5c2966e2c9f1b72779e18c5571bee51811,1.12.5,SOSRI,paper_common,continuation,0.01,0.05,true,high,high,false,true,26260901,1.5e-6,0.15,60.0,1500.0,Success,Success,true,true,7.889955750009633,6.931690513471654e6,1.58180170083843e7,2.920870837092195,5.478900211575738e-11,5.478900211575738e-11,782,1,1.195566795785963e7,635439.7362562865,535.1422707780079,11.02924173881423,154.04945757771804,9.721460689612025e6,486100.9594168217,718.4943420980655,15.801874051811872,205.63500456476592
597,97,7f3bcef5a08e3ee69ec959154bc064e98543e76d,5fccb18775a1c53c589e1a644bcdca5c2966e2c9f1b72779e18c5571bee51811,1.12.5,SOSRI,paper_common,continuation,0.01,0.05,true,high,high,false,true,26260902,1.5e-6,0.15,60.0,1500.0,Success,Success,true,true,10.412823403076427,4.172198736544445e6,1.608201220947931e7,2.920870837092321,1.8641384384755938e-11,1.8641384384755938e-11,628,0,8.56650899763529e6,417166.27295317093,861.7338065806736,19.760720733550887,240.91419514253303,9.721460689611796e6,486100.9594168072,718.4943420980873,15.80187405457183,205.63500455154394
598,98,7f3bcef5a08e3ee69ec959154bc064e98543e76d,5fccb18775a1c53c589e1a644bcdca5c2966e2c9f1b72779e18c5571bee51811,1.12.5,SOSRI,paper_common,continuation,0.01,0.05,true,high,high,false,true,26260903,1.5e-6,0.15,60.0,1500.0,Success,Success,true,true,8.319822175315657,5.081133431902455e6,1.4768200988001406e7,2.9208708370923566,6.072542047177782e-11,6.072542047177782e-11,681,0,1.0153151629139697e7,498620.0565431485,746.3972192626094,16.871564265807738,210.64450323622387,9.721460689612027e6,486100.9594168217,718.4943420980658,15.801874051347625,205.6350045665399
599,99,7f3bcef5a08e3ee69ec959154bc064e98543e76d,5fccb18775a1c53c589e1a644bcdca5c2966e2c9f1b72779e18c5571bee51811,1.12.5,SOSRI,paper_common,continuation,0.01,0.05,true,high,high,false,true,26260904,1.5e-6,0.15,60.0,1500.0,Success,Success,true,true,9.025474616065102,4.6466432879994195e6,1.5760532330669813e7,2.920870837092283,2.2290249049385358e-11,2.2290249049385358e-11,617,0,5.197312699396289e6,215202.15773969603,1571.449905321377,41.82147059879908,448.4846587234223,9.721460689611796e6,486100.9594168072,718.4943420980868,15.801874054294702,205.63500455293257
600,100,7f3bcef5a08e3ee69ec959154bc064e98543e76d,5fccb18775a1c53c589e1a644bcdca5c2966e2c9f1b72779e18c5571bee51811,1.12.5,SOSRI,paper_common,continuation,0.01,0.05,true,high,high,false,true,26260905,1.5e-6,0.15,60.0,1500.0,Success,Success,true,true,7.534131740478256,5.343072698553941e6,1.5933314836909065e7,2.9208708370924055,1.1353629600014103e-10,1.1353629600014103e-10,699,0,7.342604021339148e6,316637.45703912515,1221.199449541707,31.916452993039275,336.784494606486,9.721460689611806e6,486100.9594168072,718.4943420980877,15.801874047300313,205.63500458531115
601,1,7f3bcef5a08e3ee69ec959154bc064e98543e76d,5fccb18775a1c53c589e1a644bcdca5c2966e2c9f1b72779e18c5571bee51811,1.12.5,SOSRI,paper_common,continuation,0.01,0.05,true,low,high,true,true,27260806,1.5e-6,0.2,60.0,1500.0,Success,Success,true,true,24.82625627811801,44.80766998650915,60499.27308924743,2.9208708370917917,1.0165486650406922e-10,1.0165486650406922e-10,14,0,60499.27308924743,3849.224880094382,180646.47497269255,3617.2601237738627,68680.10033866165,9.721460689611804e6,486100.9594168072,718.4943420980867,15.801874048247184,205.63500458238713
602,2,7f3bcef5a08e3ee69ec959154bc064e98543e76d,5fccb18775a1c53c589e1a644bcdca5c2966e2c9f1b72779e18c5571bee51811,1.12.5,SOSRI,paper_common,continuation,0.01,0.05,true,low,low,false,true,27260807,1.5e-6,0.2,60.0,1500.0,Success,Success,true,true,0.00011198973390493529,0.00011198973390493529,1856.5672889713587,5.041365633967671e-11,2.9208708370566288,5.041365633967671e-11,2,1,0.008814403270131416,422.36187785291395,312100.9864802773,64.20309408320247,130134.43335846314,473.77863937419005,523.6889308755229,225270.33150860862,163.6129811534774,138180.92447826295
603,3,7f3bcef5a08e3ee69ec959154bc064e98543e76d,5fccb18775a1c53c589e1a644bcdca5c2966e2c9f1b72779e18c5571bee51811,1.12.5,SOSRI,paper_common,continuation,0.01,0.05,true,low,low,false,true,27260808,1.5e-6,0.2,60.0,1500.0,Success,Success,true,true,76.55519888567343,82.3232754849108,4214.870201227785,1.3991693052747067e-11,2.920870837082799,1.3991693052747067e-11,14,2,4214.870201227785,543.4534459964922,146941.54290078746,341.88081959303645,94740.734219212,473.77863929316584,523.6889308361905,225270.3315057176,163.61298116154722,138180.92447345747
604,4,7f3bcef5a08e3ee69ec959154bc064e98543e76d,5fccb18775a1c53c589e1a644bcdca5c2966e2c9f1b72779e18c5571bee51811,1.12.5,SOSRI,paper_common,continuation,0.01,0.05,true,low,high,true,true,27260809,1.5e-6,0.2,60.0,1500.0,Success,Success,true,true,38.97473559200488,387.45723462336787,7.438281729543785e6,2.9208708370922976,8.188289898197941e-11,8.188289898197941e-11,56,0,4.54092264146158e6,171712.55177404283,1813.6494681937231,50.941761800245054,546.3855743340068,9.721460689611802e6,486100.95941680716,718.4943420980873,15.801874049730571,205.63500457422077
605,5,7f3bcef5a08e3ee69ec959154bc064e98543e76d,5fccb18775a1c53c589e1a644bcdca5c2966e2c9f1b72779e18c5571bee51811,1.12.5,SOSRI,paper_common,continuation,0.01,0.05,true,low,low,false,true,27260810,1.5e-6,0.2,60.0,1500.0,Success,Success,true,true,81.32777402244808,286.174427998963,15653.37393126176,2.689917140783874e-11,2.9208708370733114,2.689917140783874e-11,8,1,12058.223758459706,1231.56903478436,194136.03130953608,1609.942282568505,106949.43879327198,473.77863932283645,523.6889308687787,225270.3315077871,163.61298116861846,138180.9244768232
606,6,7f3bcef5a08e3ee69ec959154bc064e98543e76d,5fccb18775a1c53c589e1a644bcdca5c2966e2c9f1b72779e18c5571bee51811,1.12.5,SOSRI,paper_common,continuation,0.01,0.05,true,low,high,true,true,27260811,1.5e-6,0.2,60.0,1500.0,Success,Success,true,true,107.22716356669727,413.268016668308,69839.63628932575,2.9208708370920924,4.434865609746268e-11,4.434865609746268e-11,6,0,62820.25354212416,2905.4759557392154,126334.46289225885,2549.6881060855285,60500.069719100895,9.721460689611798e6,486100.95941680716,718.4943420980867,15.801874052617114,205.63500456123552
607,7,7f3bcef5a08e3ee69ec959154bc064e98543e76d,5fccb18775a1c53c589e1a644bcdca5c2966e2c9f1b72779e18c5571bee51811,1.12.5,SOSRI,paper_common,continuation,0.01,0.05,true,low,low,false,true,27260812,1.5e-6,0.2,60.0,1500.0,Success,Success,true,true,34.89452504894886,34.89452504894886,6101.017994706278,9.252032508598274e-11,2.920870837029763,9.252032508598274e-11,8,3,680.02722180909,462.45024829659206,167679.15288908142,118.61866375680518,101997.97058095377,473.7786394569656,523.6889308907975,225270.3315101774,163.61298113150605,138180.92448097235
608,8,7f3bcef5a08e3ee69ec959154bc064e98543e76d,5fccb18775a1c53c589e1a644bcdca5c2966e2c9f1b72779e18c5571bee51811,1.12.5,SOSRI,paper_common,continuation,0.01,0.05,true,low,high,true,true,27260813,1.5e-6,0.2,60.0,1500.0,Success,Success,true,true,95.11932111215208,344.1692421003409,30926.30574862253,2.920870837092029,3.937043925070667e-11,3.937043925070667e-11,9,0,28227.885971603777,1644.401741788382,139661.17978857743,2010.5721505626675,66793.34304046312,9.721460689611798e6,486100.95941680716,718.4943420980869,15.801874053002257,205.6350045595912
609,9,7f3bcef5a08e3ee69ec959154bc064e98543e76d,5fccb18775a1c53c589e1a644bcdca5c2966e2c9f1b72779e18c5571bee51811,1.12.5,SOSRI,paper_common,continuation,0.01,0.05,true,low,low,false,true,27260814,1.5e-6,0.2,60.0,1500.0,Success,Success,true,true,70.90505282734034,385.8604519279072,22756.410828386197,3.573032110568033e-11,2.920870837111673,3.573032110568033e-11,4,3,1567.9373178810508,1079.6098787357848,317667.5168238833,1609.2271390818216,133791.73904073454,473.7786392043106,523.6889308263333,225270.33150439692,163.61298118874103,138180.9244711265
610,10,7f3bcef5a08e3ee69ec959154bc064e98543e76d,5fccb18775a1c53c589e1a644bcdca5c2966e2c9f1b72779e18c5571bee51811,1.12.5,SOSRI,paper_common,continuation,0.01,0.05,true,low,high,true,true,27260815,1.5e-6,0.2,60.0,1500.0,Success,Success,true,true,6.000334504676727,6.000334504676727,22238.06879051711,2.9208708370920227,3.551174414992594e-11,3.551174414992594e-11,4,0,20274.716871727476,1156.982286648901,127584.8968801868,1358.5992744800628,71184.23806652585,9.721460689611798e6,486100.9594168072,718.4943420980871,15.801874053298171,205.63500455822458
611,11,7f3bcef5a08e3ee69ec959154bc064e98543e76d,5fccb18775a1c53c589e1a644bcdca5c2966e2c9f1b72779e18c5571bee51811,1.12.5,SOSRI,paper_common,continuation,0.01,0.05,true,low,low,false,true,27260816,1.5e-6,0.2,60.0,1500.0,Success,Success,true,true,79.267900854167,326.6623195278759,23743.998493641862,1.00901175159188e-11,2.920870837085553,1.00901175159188e-11,9,2,4372.6114684324475,751.1064973605094,137401.08648921436,1050.4890892386068,64063.69981843717,473.7786392848904,523.6889308477495,225270.33150628788,163.6129811709576,138180.92447434238
612,12,7f3bcef5a08e3ee69ec959154bc064e98543e76d,5fccb18775a1c53c589e1a644bcdca5c2966e2c9f1b72779e18c5571bee51811,1.12.5,SOSRI,paper_common,continuation,0.01,0.05,true,low,low,false,true,27260817,1.5e-6,0.2,60.0,1500.0,Success,Success,true,true,38.36056603332652,51.60795766843322,5872.412439024281,8.192662761323764e-11,2.920870837141144,8.192662761323764e-11,18,2,51.60795766843322,378.119995353221,171031.29051532265,223.7544446302863,86057.40666490942,473.7786391134585,523.6889308062323,225270.33150248945,163.61298121102192,138180.92446785784
613,13,7f3bcef5a08e3ee69ec959154bc064e98543e76d,5fccb18775a1c53c589e1a644bcdca5c2966e2c9f1b72779e18c5571bee51811,1.12.5,SOSRI,paper_common,continuation,0.01,0.05,true,low,low,false,true,27260818,1.5e-6,0.2,60.0,1500.0,Success,Success,true,true,74.65520097623536,445.1577091539674,30848.46688845632,1.3315022351174632e-11,2.920870837094007,1.3315022351174632e-11,6,1,7694.599838414611,1032.936421063116,163569.1395613204,1209.6884593742357,61784.199399986115,473.77863925886305,523.6889308439521,225270.3315058509,163.61298117842156,138180.92447357913
614,14,7f3bcef5a08e3ee69ec959154bc064e98543e76d,5fccb18775a1c53c589e1a644bcdca5c2966e2c9f1b72779e18c5571bee51811,1.12.5,SOSRI,paper_common,continuation,0.01,0.05,true,low,low,false,true,27260819,1.5e-6,0.2,60.0,1500.0,Success,Success,true,true,0.3144701664094842,0.3144701664094842,5631.6084882010055,2.101446038006774e-10,2.9208708369508107,2.101446038006774e-10,12,2,0.3144701664094842,770.2849272627258,487854.5260418597,429.72465915759057,210693.5099898577,473.77863970085787,523.6889309754291,225270.33151700263,163.61298108860782,138180.92449245547
615,15,7f3bcef5a08e3ee69ec959154bc064e98543e76d,5fccb18775a1c53c589e1a644bcdca5c2966e2c9f1b72779e18c5571bee51811,1.12.5,SOSRI,paper_common,continuation,0.01,0.05,true,low,low,false,true,27260820,1.5e-6,0.2,60.0,1500.0,Success,Success,true,true,26.600641953925106,26.600641953925106,5321.419279498292,1.1492486427133448e-11,2.920870837095328,1.1492486427133448e-11,12,2,1070.2619359450057,608.6575016857523,225638.17274808104,209.26276262013218,136684.15674554685,473.77863925470194,523.6889308376597,225270.33150546468,163.61298117648158,138180.92447295488
616,16,7f3bcef5a08e3ee69ec959154bc064e98543e76d,5fccb18775a1c53c589e1a644bcdca5c2966e2c9f1b72779e18c5571bee51811,1.12.5,SOSRI,paper_common,continuation,0.01,0.05,true,low,low,false,true,27260821,1.5e-6,0.2,60.0,1500.0,Success,Success,true,true,0.0006151797841674183,0.0006151797841674183,2460.6974110834108,8.616941353722554e-11,2.9208708371432412,8.616941353722554e-11,1,3,1627.218355321243,863.6858211826549,282281.7408368037,257.3949083722959,176660.08299836685,473.7786391070359,523.6889308075833,225270.33150250895,163.61298121412102,138180.92446787158
617,17,7f3bcef5a08e3ee69ec959154bc064e98543e76d,5fccb18775a1c53c589e1a644bcdca5c2966e2c9f1b72779e18c5571bee51811,1.12.5,SOSRI,paper_common,continuation,0.01,0.05,true,low,low,false,true,27260822,1.5e-6,0.2,60.0,1500.0,Success,Success,true,true,0.8019217614029699,0.8019217614029699,2151.7167708033503,5.29147868024319e-11,2.9208708370557885,5.29147868024319e-11,16,2,57.25649433464038,617.0608745843757,306178.3920130741,47.410052940557904,175318.56576221727,473.77863937664284,523.6889308675142,225270.33150818464,163.61298114816282,138180.92447759613
618,18,7f3bcef5a08e3ee69ec959154bc064e98543e76d,5fccb18775a1c53c589e1a644bcdca5c2966e2c9f1b72779e18c5571bee51811,1.12.5,SOSRI,paper_common,continuation,0.01,0.05,true,low,low,false,true,27260823,1.5e-6,0.2,60.0,1500.0,Success,Success,true,true,77.68470779453158,90.06519224006294,3170.2654573662426,4.7949871156121215e-12,2.920870837091096,4.7949871156121215e-12,13,2,961.1635190956312,802.7795099124761,293473.866136156,558.2010714611057,172533.27690106063,473.77863926756555,523.6889308291011,225270.33150510082,163.6129811670397,138180.9244724107
619,19,7f3bcef5a08e3ee69ec959154bc064e98543e76d,5fccb18775a1c53c589e1a644bcdca5c2966e2c9f1b72779e18c5571bee51811,1.12.5,SOSRI,paper_common,continuation,0.01,0.05,true,low,low,false,true,27260824,1.5e-6,0.2,60.0,1500.0,Success,Success,true,true,32.20750842395768,32.20750842395768,1796.2009972969436,8.333610523255547e-12,2.920870837088315,8.333610523255547e-12,21,1,310.61703035275974,357.95050972865187,137165.2808330598,43.541689483215094,85994.78306077005,473.7786392763663,523.6889308451653,225270.33150607036,163.61298117266523,138180.92447397384
620,20,7f3bcef5a08e3ee69ec959154bc064e98543e76d,5fccb18775a1c53c589e1a644bcdca5c2966e2c9f1b72779e18c5571bee51811,1.12.5,SOSRI,paper_common,continuation,0.01,0.05,true,low,low,false,true,27260825,1.5e-6,0.2,60.0,1500.0,Success,Success,true,true,29.309020028641008,29.309020028641008,6196.93878918659,3.7559714688424426e-11,2.9208708371154,3.7559714688424426e-11,13,1,175.64361955387614,483.1832956146598,220498.36545194857,103.42104130125459,127524.34885783304,473.77863919260324,523.688930810341,225270.33150340596,163.61298118422283,138180.9244695216
621,21,7f3bcef5a08e3ee69ec959154bc064e98543e76d,5fccb18775a1c53c589e1a644bcdca5c2966e2c9f1b72779e18c5571bee51811,1.12.5,SOSRI,paper_common,continuation,0.01,0.05,true,low,high,true,true,27260826,1.5e-6,0.2,60.0,1500.0,Success,Success,true,true,19.821460889135487,19.821460889135487,35911.902046980504,2.9208708370921617,1.7996635923155544e-11,1.7996635923155544e-11,2,0,35911.902046980504,2011.5779708484188,163739.5141602414,2359.359835412717,82683.96841947523,9.721460689611796e6,486100.9594168072,718.494342098087,15.80187405463085,205.6350045516575
622,22,7f3bcef5a08e3ee69ec959154bc064e98543e76d,5fccb18775a1c53c589e1a644bcdca5c2966e2c9f1b72779e18c5571bee51811,1.12.5,SOSRI,paper_common,continuation,0.01,0.05,true,low,low,false,true,27260827,1.5e-6,0.2,60.0,1500.0,Success,Success,true,true,0.1820386791724595,0.1820386791724595,561.6002251083434,2.05381967356686e-10,2.920870836956925,2.05381967356686e-10,23,1,0.2978605546556861,437.7382444280655,295586.42078085826,18.094583916312054,147744.1636249515,473.778639681626,523.6889309476596,225270.33151529182,163.61298108035732,138180.92448968702
623,23,7f3bcef5a08e3ee69ec959154bc064e98543e76d,5fccb18775a1c53c589e1a644bcdca5c2966e2c9f1b72779e18c5571bee51811,1.12.5,SOSRI,paper_common,continuation,0.01,0.05,true,low,high,true,true,27260828,1.5e-6,0.2,60.0,1500.0,Success,Success,true,true,70.75761347093331,125.04663672845777,33387.76553547436,2.9208708370920653,3.573232869907974e-11,3.573232869907974e-11,5,0,27502.255970555518,1285.98028613084,117661.49049638081,1203.4255420549987,71383.8251539837,9.721460689611798e6,486100.9594168072,718.4943420980871,15.801874053278636,205.63500455821202
624,24,7f3bcef5a08e3ee69ec959154bc064e98543e76d,5fccb18775a1c53c589e1a644bcdca5c2966e2c9f1b72779e18c5571bee51811,1.12.5,SOSRI,paper_common,continuation,0.01,0.05,true,low,low,false,true,27260829,1.5e-6,0.2,60.0,1500.0,Success,Success,true,true,0.6902166873129061,0.6902166873129061,7204.439173743381,7.809803711471354e-11,2.9208708371435277,7.809803711471354e-11,10,2,139.19206948969065,541.2429270615479,237690.19742501742,116.58675561886805,134850.4747993526,473.7786391055826,523.6889307719333,225270.3315005143,163.6129811950023,138180.9244646995
625,25,7f3bcef5a08e3ee69ec959154bc064e98543e76d,5fccb18775a1c53c589e1a644bcdca5c2966e2c9f1b72779e18c5571bee51811,1.12.5,SOSRI,paper_common,continuation,0.01,0.05,true,low,low,false,true,27260830,1.5e-6,0.2,60.0,1500.0,Success,Success,true,true,25.16338669628915,25.16338669628915,7779.150928103659,1.7355650435706358e-11,2.9208708370793497,1.7355650435706358e-11,13,1,1450.3554098632446,1140.4636805428502,357764.73338908324,1203.7936170823891,193008.56325483005,473.77863930403845,523.6889308532288,225270.33150675896,163.61298116695113,138180.9244751408
626,26,7f3bcef5a08e3ee69ec959154bc064e98543e76d,5fccb18775a1c53c589e1a644bcdca5c2966e2c9f1b72779e18c5571bee51811,1.12.5,SOSRI,paper_common,continuation,0.01,0.05,true,low,low,false,true,27260831,1.5e-6,0.2,60.0,1500.0,Success,Success,true,true,79.61443037717304,428.23862418527256,30268.01437117181,2.4670318722815367e-11,2.9208708371046095,2.4670318722815367e-11,5,3,4997.278687181146,1183.9837391724561,269037.0740106957,1609.8085766160884,120008.8763433928,473.77863922608054,523.6889308307293,225270.3315048306,163.61298118316995,138180.92447187245
627,27,7f3bcef5a08e3ee69ec959154bc064e98543e76d,5fccb18775a1c53c589e1a644bcdca5c2966e2c9f1b72779e18c5571bee51811,1.12.5,SOSRI,paper_common,continuation,0.01,0.05,true,low,low,false,true,27260832,1.5e-6,0.2,60.0,1500.0,Success,Success,true,true,76.809205869652,220.6890604213424,8572.923424273056,2.30611413298762e-11,2.9208708370757233,2.30611413298762e-11,18,2,345.18014976545294,556.4069144117053,231643.04162132528,522.0443533781016,123156.9689680057,473.7786393153321,523.6889308627608,225270.3315073873,163.61298116805906,138180.92447616818
628,28,7f3bcef5a08e3ee69ec959154bc064e98543e76d,5fccb18775a1c53c589e1a644bcdca5c2966e2c9f1b72779e18c5571bee51811,1.12.5,SOSRI,paper_common,continuation,0.01,0.05,true,low,high,true,true,27260833,1.5e-6,0.2,60.0,1500.0,Success,Success,true,true,55.531060983075236,393.3896259504676,104452.86282932272,2.9208708370921683,3.2350781904036324e-11,3.2350781904036324e-11,1,0,90501.40080302818,2953.529098745307,80929.26101107949,2012.5160619982603,34852.801953800736,9.721460689611796e6,486100.9594168072,718.4943420980871,15.801874053531229,205.63500455677902
629,29,7f3bcef5a08e3ee69ec959154bc064e98543e76d,5fccb18775a1c53c589e1a644bcdca5c2966e2c9f1b72779e18c5571bee51811,1.12.5,SOSRI,paper_common,continuation,0.01,0.05,true,low,low,false,true,27260834,1.5e-6,0.2,60.0,1500.0,Success,Success,true,true,95.91423187196207,114.7304851052844,2828.019182124765,2.959107443568212e-11,2.920870837071036,2.959107443568212e-11,11,2,2518.5961496572704,386.3555731023047,112370.40228883173,213.43748088424869,72179.80218946023,473.778639329833,523.688930869166,225270.3315078694,163.61298116626287,138180.92447697232
630,30,7f3bcef5a08e3ee69ec959154bc064e98543e76d,5fccb18775a1c53c589e1a644bcdca5c2966e2c9f1b72779e18c5571bee51811,1.12.5,SOSRI,paper_common,continuation,0.01,0.05,true,low,low,false,true,27260835,1.5e-6,0.2,60.0,1500.0,Success,Success,true,true,2.6323601593630004,2.6323601593630004,939.0431592913517,1.3493343417141465e-10,2.920870837002833,1.3493343417141465e-10,23,3,14.151082645409456,500.6149808597395,272057.03547210415,20.685404744710425,151964.4052497049,473.77863953997854,523.6889309086072,225270.33151188915,163.61298111084363,138180.9244839099
631,31,7f3bcef5a08e3ee69ec959154bc064e98543e76d,5fccb18775a1c53c589e1a644bcdca5c2966e2c9f1b72779e18c5571bee51811,1.12.5,SOSRI,paper_common,continuation,0.01,0.05,true,low,low,false,true,27260836,1.5e-6,0.2,60.0,1500.0,Success,Success,true,true,26.809030340963155,26.809030340963155,5125.596237814143,1.0705330697848786e-10,2.9208708370222554,1.0705330697848786e-10,14,1,955.067536608838,449.5799368329061,154672.50098371407,304.25796045545604,90687.83612139433,473.77863947992404,523.6889308844059,225270.33151002176,163.61298111955097,138180.9244807855
632,32,7f3bcef5a08e3ee69ec959154bc064e98543e76d,5fccb18775a1c53c589e1a644bcdca5c2966e2c9f1b72779e18c5571bee51811,1.12.5,SOSRI,paper_common,continuation,0.01,0.05,true,low,high,true,true,27260837,1.5e-6,0.2,60.0,1500.0,Success,Success,true,true,55.156065434813264,242.81788451025716,1.0599462227312934e6,2.92087083709213,9.045491717738968e-11,9.045491717738968e-11,1,0,1.0599462227312934e6,30070.59878359664,18686.2463457827,812.6171132066955,4429.6580472970045,9.721460689611804e6,486100.9594168072,718.4943420980867,15.801874049084203,205.63500457764897
633,33,7f3bcef5a08e3ee69ec959154bc064e98543e76d,5fccb18775a1c53c589e1a644bcdca5c2966e2c9f1b72779e18c5571bee51811,1.12.5,SOSRI,paper_common,continuation,0.01,0.05,true,low,high,true,true,27260838,1.5e-6,0.2,60.0,1500.0,Success,Success,true,true,63.291335953274064,402.4884244780616,1.0014681835694875e6,2.920870837092249,1.9948750653557155e-11,1.9948750653557155e-11,0,0,1.0014681835694875e6,29035.34171362589,21768.67625349781,945.1792945768118,4913.942760121208,9.721460689611796e6,486100.9594168072,718.4943420980871,15.80187405447603,205.63500455216806
634,34,7f3bcef5a08e3ee69ec959154bc064e98543e76d,5fccb18775a1c53c589e1a644bcdca5c2966e2c9f1b72779e18c5571bee51811,1.12.5,SOSRI,paper_common,continuation,0.01,0.05,true,low,low,false,true,27260839,1.5e-6,0.2,60.0,1500.0,Success,Success,true,true,81.50925483739577,81.50925483739577,19431.06203025001,1.8370059574612763e-11,2.9208708371004017,1.8370059574612763e-11,11,1,81.50925483739577,529.248581374724,207020.71183730458,590.1380419822701,76962.98051493845,473.778639239052,523.6889308336938,225270.33150510816,163.6129811800389,138180.9244723475
635,35,7f3bcef5a08e3ee69ec959154bc064e98543e76d,5fccb18775a1c53c589e1a644bcdca5c2966e2c9f1b72779e18c5571bee51811,1.12.5,SOSRI,paper_common,continuation,0.01,0.05,true,low,high,true,true,27260840,1.5e-6,0.2,60.0,1500.0,Success,Success,true,true,79.31218218258108,265.49464711109067,9601.038677403534,2.9208708370921417,2.1719936166318423e-11,2.1719936166318423e-11,14,0,8712.23214151734,443.2743011021151,75845.58344924106,298.7876827234606,49578.710641002006,9.721460689611796e6,486100.95941680716,718.494342098087,15.801874054346952,205.63500455303267
636,36,7f3bcef5a08e3ee69ec959154bc064e98543e76d,5fccb18775a1c53c589e1a644bcdca5c2966e2c9f1b72779e18c5571bee51811,1.12.5,SOSRI,paper_common,continuation,0.01,0.05,true,low,high,true,true,27260841,1.5e-6,0.2,60.0,1500.0,Success,Success,true,true,71.68378114423582,282.48855693640394,12711.30750484363,2.9208708370918024,6.871885430260532e-11,6.871885430260532e-11,14,0,12283.439965479938,623.7760601893802,94141.6926891965,571.5039955421347,59594.78836302819,9.721460689611802e6,486100.95941680716,718.4943420980866,15.801874050768806,205.63500457058117
637,37,7f3bcef5a08e3ee69ec959154bc064e98543e76d,5fccb18775a1c53c589e1a644bcdca5c2966e2c9f1b72779e18c5571bee51811,1.12.5,SOSRI,paper_common,continuation,0.01,0.05,true,low,low,false,true,27260842,1.5e-6,0.2,60.0,1500.0,Success,Success,true,true,2.5592303039253723,2.5592303039253723,803.6795129861289,3.44581771244241e-11,2.9208708371102508,3.44581771244241e-11,20,2,79.67904566726467,523.7914232277393,257972.27615064324,46.61324986571229,150034.13870455377,473.7786392087328,523.6889308295937,225270.33150461668,163.61298118891554,138180.92447148703
638,38,7f3bcef5a08e3ee69ec959154bc064e98543e76d,5fccb18775a1c53c589e1a644bcdca5c2966e2c9f1b72779e18c5571bee51811,1.12.5,SOSRI,paper_common,continuation,0.01,0.05,true,low,low,false,true,27260843,1.5e-6,0.2,60.0,1500.0,Success,Success,true,true,42.55996402468037,47.08025634670805,7030.033813327236,1.2732740942681492e-10,2.920870837177122,1.2732740942681492e-10,10,1,6848.599637995544,913.115230489108,210693.86272545357,814.3117753773324,130970.79998978451,473.77863900169734,523.6889307292162,225270.3314972363,163.6129812095982,138180.92445921944
639,39,7f3bcef5a08e3ee69ec959154bc064e98543e76d,5fccb18775a1c53c589e1a644bcdca5c2966e2c9f1b72779e18c5571bee51811,1.12.5,SOSRI,paper_common,continuation,0.01,0.05,true,low,low,false,true,27260844,1.5e-6,0.2,60.0,1500.0,Success,Success,true,true,36.425106822486924,45.339402869706454,18159.1117128461,8.817007196545878e-11,2.9208708370345406,8.817007196545878e-11,6,2,527.8088417517794,695.9695099314058,224752.3450375381,847.8393878864979,96343.57620626739,473.77863944202164,523.6889308741926,225270.33150912425,163.61298112784027,138180.9244792605
640,40,7f3bcef5a08e3ee69ec959154bc064e98543e76d,5fccb18775a1c53c589e1a644bcdca5c2966e2c9f1b72779e18c5571bee51811,1.12.5,SOSRI,paper_common,continuation,0.01,0.05,true,low,high,true,true,27260845,1.5e-6,0.2,60.0,1500.0,Success,Success,true,true,49.762680253848345,323.9841104093111,44027.01250074712,2.9208708370918908,8.627967613268076e-11,8.627967613268076e-11,3,0,30637.082138503774,1108.3734321518552,78090.33522341363,837.1018633586128,37198.40476989544,9.721460689611804e6,486100.95941680716,718.4943420980869,15.801874049418517,205.63500457667305
641,41,7f3bcef5a08e3ee69ec959154bc064e98543e76d,5fccb18775a1c53c589e1a644bcdca5c2966e2c9f1b72779e18c5571bee51811,1.12.5,SOSRI,paper_common,continuation,0.01,0.05,true,low,low,false,true,27260846,1.5e-6,0.2,60.0,1500.0,Success,Success,true,true,9.678058249769972,9.678058249769972,10832.424387187506,1.3722818149468878e-10,2.920870837182241,1.3722818149468878e-10,13,2,7428.494638805267,616.6297690179239,117112.52072103978,639.8122351285826,71704.4103346941,473.77863898613987,523.6889307397647,225270.33149768735,163.61298122112532,138180.92445989524
642,42,7f3bcef5a08e3ee69ec959154bc064e98543e76d,5fccb18775a1c53c589e1a644bcdca5c2966e2c9f1b72779e18c5571bee51811,1.12.5,SOSRI,paper_common,continuation,0.01,0.05,true,low,high,true,true,27260847,1.5e-6,0.2,60.0,1500.0,Success,Success,true,true,84.7113496323501,398.82022339795657,29463.722201632394,2.9208708370917282,8.846923041480237e-11,8.846923041480237e-11,3,0,28088.641806683343,1519.2415033303378,133702.52460611143,1775.4361481477588,70704.48417362898,9.721460689611804e6,486100.9594168072,718.4943420980873,15.801874049260876,205.6350045778071
643,43,7f3bcef5a08e3ee69ec959154bc064e98543e76d,5fccb18775a1c53c589e1a644bcdca5c2966e2c9f1b72779e18c5571bee51811,1.12.5,SOSRI,paper_common,continuation,0.01,0.05,true,low,low,false,true,27260848,1.5e-6,0.2,60.0,1500.0,Success,Success,true,true,46.75736111106583,52.42045533393054,5721.506497033427,1.5092262037389235e-10,2.920870836993984,1.5092262037389235e-10,9,3,517.0646053839359,473.1847093416369,193003.5227984047,299.703190411694,111469.84171396328,473.77863956712486,523.6889309064377,225270.33151200472,163.61298109967828,138180.9244841646
644,44,7f3bcef5a08e3ee69ec959154bc064e98543e76d,5fccb18775a1c53c589e1a644bcdca5c2966e2c9f1b72779e18c5571bee51811,1.12.5,SOSRI,paper_common,continuation,0.01,0.05,true,low,high,true,true,27260849,1.5e-6,0.2,60.0,1500.0,Success,Success,true,true,78.76375749176509,411.3341312732781,65085.157686925944,2.9208708370922096,1.8930470883066398e-11,1.8930470883066398e-11,14,0,65085.157686925944,1776.4887270529323,64175.95541850262,1178.6517640412308,35224.04904639666,9.721460689611796e6,486100.9594168072,718.4943420980871,15.801874054556377,205.63500455188807
645,45,7f3bcef5a08e3ee69ec959154bc064e98543e76d,5fccb18775a1c53c589e1a644bcdca5c2966e2c9f1b72779e18c5571bee51811,1.12.5,SOSRI,paper_common,continuation,0.01,0.05,true,low,low,false,true,27260850,1.5e-6,0.2,60.0,1500.0,Success,Success,true,true,0.07411277774867732,0.07411277774867732,1097.1619297535335,6.354300582379462e-11,2.920870837049015,6.354300582379462e-11,10,2,9.32648708343097,597.2036084324654,324738.11685089994,33.55433588773258,173461.3047737198,473.77863939752143,523.6889308719202,225270.3315086112,163.61298114292626,138180.92447832835
646,46,7f3bcef5a08e3ee69ec959154bc064e98543e76d,5fccb18775a1c53c589e1a644bcdca5c2966e2c9f1b72779e18c5571bee51811,1.12.5,SOSRI,paper_common,continuation,0.01,0.05,true,low,high,true,true,27260851,1.5e-6,0.2,60.0,1500.0,Success,Success,true,true,47.40479399688654,225.82005119286117,80131.12189923282,2.920870837092188,2.6854749851398963e-11,2.6854749851398963e-11,5,0,62379.0544598862,2487.002797811376,86846.69197794683,2035.6267139023005,36973.997937602835,9.721460689611796e6,486100.9594168072,718.4943420980873,15.801874053950899,205.63500455477035
647,47,7f3bcef5a08e3ee69ec959154bc064e98543e76d,5fccb18775a1c53c589e1a644bcdca5c2966e2c9f1b72779e18c5571bee51811,1.12.5,SOSRI,paper_common,continuation,0.01,0.05,true,low,low,false,true,27260852,1.5e-6,0.2,60.0,1500.0,Success,Success,true,true,1.9628285811821877e-8,1.9628285811821877e-8,627.0480734040656,1.470303205465127e-10,2.9208708371843706,1.470303205465127e-10,17,2,0.00044217957723612577,407.7307083161702,260472.49511801847,18.00236022955571,109609.62808661726,473.7786389800324,523.6889307665027,225270.33149912063,163.61298123811366,138180.92446215576
648,48,7f3bcef5a08e3ee69ec959154bc064e98543e76d,5fccb18775a1c53c589e1a644bcdca5c2966e2c9f1b72779e18c5571bee51811,1.12.5,SOSRI,paper_common,continuation,0.01,0.05,true,low,high,true,true,27260853,1.5e-6,0.2,60.0,1500.0,Success,Success,true,true,51.62387855393996,154.7721040101311,51234.19032897505,2.9208708370920546,4.996808743115946e-11,4.996808743115946e-11,7,0,32044.483254098395,3946.6808645602437,141676.10641648542,2049.908170708464,28528.99421791441,9.721460689611798e6,486100.9594168072,718.4943420980868,15.801874052189119,205.6350045633279
649,49,7f3bcef5a08e3ee69ec959154bc064e98543e76d,5fccb18775a1c53c589e1a644bcdca5c2966e2c9f1b72779e18c5571bee51811,1.12.5,SOSRI,paper_common,continuation,0.01,0.05,true,low,low,false,true,27260854,1.5e-6,0.2,60.0,1500.0,Success,Success,true,true,43.928278424942675,45.49544937757296,1743.8312113435047,3.2673192668368727e-10,2.9208708373009036,3.2673192668368727e-10,10,2,1311.5426595300664,495.887614759665,171258.9602175496,151.98158588692246,108370.09678410199,473.7786386205246,523.6889306713133,225270.33149070313,163.61298131764235,138180.92444783982
650,50,7f3bcef5a08e3ee69ec959154bc064e98543e76d,5fccb18775a1c53c589e1a644bcdca5c2966e2c9f1b72779e18c5571bee51811,1.12.5,SOSRI,paper_common,continuation,0.01,0.05,true,low,low,false,true,27260855,1.5e-6,0.2,60.0,1500.0,Success,Success,true,true,7.8470755679906254,7.8470755679906254,9103.736281027193,1.1123595094549771e-10,2.9208708370182235,1.1123595094549771e-10,11,2,167.51002380561326,1056.6872021297438,316678.6867653496,1124.1723711160098,131904.69054860403,473.77863949249405,523.6889308958845,225270.33151076903,163.61298112126426,138180.92448200574
651,51,7f3bcef5a08e3ee69ec959154bc064e98543e76d,5fccb18775a1c53c589e1a644bcdca5c2966e2c9f1b72779e18c5571bee51811,1.12.5,SOSRI,paper_common,continuation,0.01,0.05,true,low,low,false,true,27260856,1.5e-6,0.2,60.0,1500.0,Success,Success,true,true,0.0009537851762528777,0.0009537851762528777,757.658305776939,1.2676371753161577e-10,2.920870837173506,1.2676371753161577e-10,18,3,20.029556870556025,648.5069117327046,354496.7321113068,23.658625270444865,194547.00930490228,473.7786390133284,523.6889307616776,225270.3314991421,163.61298122322367,138180.92446227727
652,52,7f3bcef5a08e3ee69ec959154bc064e98543e76d,5fccb18775a1c53c589e1a644bcdca5c2966e2c9f1b72779e18c5571bee51811,1.12.5,SOSRI,paper_common,continuation,0.01,0.05,true,low,high,true,true,27260857,1.5e-6,0.2,60.0,1500.0,Success,Success,true,true,55.927886664447286,202.86813050635016,8682.721330906319,2.9208708370920955,2.278977006861124e-11,2.278977006861124e-11,9,0,8682.721330906319,496.9761796489975,93698.16600526721,214.38092129655942,64070.15915726022,9.721460689611796e6,486100.9594168072,718.4943420980867,15.801874054267913,205.63500455351524
653,53,7f3bcef5a08e3ee69ec959154bc064e98543e76d,5fccb18775a1c53c589e1a644bcdca5c2966e2c9f1b72779e18c5571bee51811,1.12.5,SOSRI,paper_common,continuation,0.01,0.05,true,low,high,true,true,27260858,1.5e-6,0.2,60.0,1500.0,Success,Success,true,true,3.449764752593928,3.449764752593928,9601.546223533835,2.9208708370918974,3.726908765345564e-11,3.726908765345564e-11,14,0,9601.546223533835,574.550398325048,108346.14288462453,267.25010063218406,74335.36470905751,9.721460689611796e6,486100.95941680716,718.4943420980871,15.801874053171463,205.6350045591228
654,54,7f3bcef5a08e3ee69ec959154bc064e98543e76d,5fccb18775a1c53c589e1a644bcdca5c2966e2c9f1b72779e18c5571bee51811,1.12.5,SOSRI,paper_common,continuation,0.01,0.05,true,low,low,false,true,27260859,1.5e-6,0.2,60.0,1500.0,Success,Success,true,true,45.05505664484849,48.59381236642079,3013.301426841239,1.5574327158743142e-10,2.9208708371895575,1.5574327158743142e-10,22,3,48.59381236642079,583.8468944938567,298382.9316964005,274.59761765179763,159808.27178828412,473.778638964071,523.688930764823,225270.3314988886,163.61298124304588,138180.92446174507
655,55,7f3bcef5a08e3ee69ec959154bc064e98543e76d,5fccb18775a1c53c589e1a644bcdca5c2966e2c9f1b72779e18c5571bee51811,1.12.5,SOSRI,paper_common,continuation,0.01,0.05,true,low,low,false,true,27260860,1.5e-6,0.2,60.0,1500.0,Success,Success,true,true,51.59732879856554,332.860218212531,35102.40170141442,1.4012536521765858e-11,2.9208708370823526,1.4012536521765858e-11,5,2,12229.561966979545,1184.7562762215186,167042.6386668668,1101.9617115586898,66418.95389097766,473.7786392948015,523.6889308526113,225270.33150664455,163.61298116999822,138180.9244749346
656,56,7f3bcef5a08e3ee69ec959154bc064e98543e76d,5fccb18775a1c53c589e1a644bcdca5c2966e2c9f1b72779e18c5571bee51811,1.12.5,SOSRI,paper_common,continuation,0.01,0.05,true,low,high,true,true,27260861,1.5e-6,0.2,60.0,1500.0,Success,Success,true,true,68.87409823034442,97.35860698879027,38807.597970398085,2.920870837091757,6.318334465093082e-11,6.318334465093082e-11,7,0,29959.474675825302,2590.527524785084,198685.1326033627,3020.236763775751,86891.45641847378,9.7214606896118e6,486100.9594168072,718.4943420980873,15.801874051195528,205.63500456869647
657,57,7f3bcef5a08e3ee69ec959154bc064e98543e76d,5fccb18775a1c53c589e1a644bcdca5c2966e2c9f1b72779e18c5571bee51811,1.12.5,SOSRI,paper_common,continuation,0.01,0.05,true,low,low,false,true,27260862,1.5e-6,0.2,60.0,1500.0,Success,Success,true,true,71.28462880716845,408.1770326835025,9326.696522409004,1.3374642086127098e-10,2.920870837179991,1.3374642086127098e-10,7,2,3455.394964565883,527.6270679718788,141027.62512764224,457.96813938951846,86656.63971331976,473.7786389930819,523.6889307414378,225270.3314978406,163.6129812195026,138180.92446015697
658,58,7f3bcef5a08e3ee69ec959154bc064e98543e76d,5fccb18775a1c53c589e1a644bcdca5c2966e2c9f1b72779e18c5571bee51811,1.12.5,SOSRI,paper_common,continuation,0.01,0.05,true,low,low,false,true,27260863,1.5e-6,0.2,60.0,1500.0,Success,Success,true,true,47.43908380684484,47.43908380684484,7832.361200274926,1.0027551876356449e-10,2.9208708370248133,1.0027551876356449e-10,10,2,47.43908380684484,867.0691917746326,321523.3483747609,862.2599404075485,138068.96370168688,473.77863947222374,523.6889308941766,225270.33151049804,163.61298112776618,138180.92448152177
659,59,7f3bcef5a08e3ee69ec959154bc064e98543e76d,5fccb18775a1c53c589e1a644bcdca5c2966e2c9f1b72779e18c5571bee51811,1.12.5,SOSRI,paper_common,continuation,0.01,0.05,true,low,high,true,true,27260864,1.5e-6,0.2,60.0,1500.0,Success,Success,true,true,85.29849946511196,364.2878646969243,11619.225432829,2.9208708370921466,2.1850255232079062e-11,2.1850255232079062e-11,14,0,11619.225432829,525.5399909911333,78932.08468097198,362.16773057332244,52655.634123878306,9.721460689611796e6,486100.9594168072,718.4943420980871,15.801874054336684,205.63500455306928
660,60,7f3bcef5a08e3ee69ec959154bc064e98543e76d,5fccb18775a1c53c589e1a644bcdca5c2966e2c9f1b72779e18c5571bee51811,1.12.5,SOSRI,paper_common,continuation,0.01,0.05,true,low,low,false,true,27260865,1.5e-6,0.2,60.0,1500.0,Success,Success,true,true,26.681317313837766,26.681317313837766,9200.60255050819,2.985445689710979e-10,2.920870836893631,2.985445689710979e-10,12,2,26.681317313837766,870.932635812473,452316.25376576756,500.05693268232164,222997.63788214274,473.77863987722077,523.6889310198211,225270.33152100397,163.61298104832315,138180.9244992748
661,61,7f3bcef5a08e3ee69ec959154bc064e98543e76d,5fccb18775a1c53c589e1a644bcdca5c2966e2c9f1b72779e18c5571bee51811,1.12.5,SOSRI,paper_common,continuation,0.01,0.05,true,low,high,true,true,27260866,1.5e-6,0.2,60.0,1500.0,Success,Success,true,true,79.06390899383102,238.4184304403019,9472.421645303435,2.920870837092101,1.7619156113006013e-11,1.7619156113006013e-11,11,0,7627.985920714953,549.6600764085531,101915.26518242016,531.6407432200488,63431.415421509206,9.721460689611794e6,486100.9594168072,718.4943420980868,15.801874054663555,205.63500455165232
662,62,7f3bcef5a08e3ee69ec959154bc064e98543e76d,5fccb18775a1c53c589e1a644bcdca5c2966e2c9f1b72779e18c5571bee51811,1.12.5,SOSRI,paper_common,continuation,0.01,0.05,true,low,low,false,true,27260867,1.5e-6,0.2,60.0,1500.0,Success,Success,true,true,59.399502714605376,108.81539878352652,996.6110029058113,1.8203148981212018e-10,2.920870837209782,1.8203148981212018e-10,26,1,155.04527607379814,578.6397711284803,278117.42339709017,178.87595598609437,161964.95292436678,473.7786389013691,523.6889307290862,225270.3314963567,163.6129812463673,138180.9244575587
663,63,7f3bcef5a08e3ee69ec959154bc064e98543e76d,5fccb18775a1c53c589e1a644bcdca5c2966e2c9f1b72779e18c5571bee51811,1.12.5,SOSRI,paper_common,continuation,0.01,0.05,true,low,low,false,true,27260868,1.5e-6,0.2,60.0,1500.0,Success,Success,true,true,81.53087355063862,424.7294327017288,12272.842407909491,1.1742994524723717e-10,2.9208708371663263,1.1742994524723717e-10,5,1,4156.639597189055,416.711435363698,101741.44188364396,378.2691050741614,60664.04365557667,473.77863903559086,523.6889307746509,225270.33150005696,163.6129812221997,138180.92446378907
664,64,7f3bcef5a08e3ee69ec959154bc064e98543e76d,5fccb18775a1c53c589e1a644bcdca5c2966e2c9f1b72779e18c5571bee51811,1.12.5,SOSRI,paper_common,continuation,0.01,0.05,true,low,high,true,true,27260869,1.5e-6,0.2,60.0,1500.0,Success,Success,true,true,95.17877016603985,378.80793813080106,58359.43217160518,2.920870837091942,7.47622744990771e-11,7.47622744990771e-11,2,0,35627.023844503536,1951.7503353455443,107338.71514218407,1886.8904865187583,43850.11511137771,9.721460689611802e6,486100.9594168072,718.4943420980873,15.801874050297375,205.6350045724427
665,65,7f3bcef5a08e3ee69ec959154bc064e98543e76d,5fccb18775a1c53c589e1a644bcdca5c2966e2c9f1b72779e18c5571bee51811,1.12.5,SOSRI,paper_common,continuation,0.01,0.05,true,low,high,true,true,27260870,1.5e-6,0.2,60.0,1500.0,Success,Success,true,true,109.08597669555678,425.2707773419305,14771.257266214021,2.9208708370920213,1.8067025016880097e-11,1.8067025016880097e-11,8,0,14771.257266214021,937.2454132603623,141768.0921730991,1100.40463243955,82778.40925636272,9.721460689611794e6,486100.95941680716,718.494342098087,15.80187405463438,205.63500455198397
666,66,7f3bcef5a08e3ee69ec959154bc064e98543e76d,5fccb18775a1c53c589e1a644bcdca5c2966e2c9f1b72779e18c5571bee51811,1.12.5,SOSRI,paper_common,continuation,0.01,0.05,true,low,low,false,true,27260871,1.5e-6,0.2,60.0,1500.0,Success,Success,true,true,50.28523209412454,50.28523209412454,6792.254059968146,4.6234358755435005e-11,2.9208708371207615,4.6234358755435005e-11,6,2,2050.670260943849,751.1077534156815,252926.22581568704,468.4841118138989,154642.93222691191,473.77863917609636,523.6889308079373,225270.33150312884,163.61298118896093,138180.92446903812
667,67,7f3bcef5a08e3ee69ec959154bc064e98543e76d,5fccb18775a1c53c589e1a644bcdca5c2966e2c9f1b72779e18c5571bee51811,1.12.5,SOSRI,paper_common,continuation,0.01,0.05,true,low,high,true,true,27260872,1.5e-6,0.2,60.0,1500.0,Success,Success,true,true,27.680949384132234,31.203743147877816,58755.85354251473,2.920870837092099,4.527871162293427e-11,4.527871162293427e-11,14,0,39131.17458069411,1431.196757579121,62629.68404693962,1119.930060186658,28085.76203495127,9.721460689611798e6,486100.9594168072,718.4943420980866,15.801874052545486,205.6350045615539
668,68,7f3bcef5a08e3ee69ec959154bc064e98543e76d,5fccb18775a1c53c589e1a644bcdca5c2966e2c9f1b72779e18c5571bee51811,1.12.5,SOSRI,paper_common,continuation,0.01,0.05,true,low,high,true,true,27260873,1.5e-6,0.2,60.0,1500.0,Success,Success,true,true,85.32512398485333,375.0180845345319,67956.81699116073,2.920870837092099,5.006735211642044e-11,5.006735211642044e-11,5,0,50259.95933218154,1734.9398812607446,65796.82049940487,1370.913532073642,32345.733966781347,9.7214606896118e6,486100.95941680716,718.4943420980871,15.80187405217881,205.635004563268
669,69,7f3bcef5a08e3ee69ec959154bc064e98543e76d,5fccb18775a1c53c589e1a644bcdca5c2966e2c9f1b72779e18c5571bee51811,1.12.5,SOSRI,paper_common,continuation,0.01,0.05,true,low,low,false,true,27260874,1.5e-6,0.2,60.0,1500.0,Success,Success,true,true,7.314761737523121,7.314761737523121,1360.011743009523,8.984106778936712e-11,2.9208708370331142,8.984106778936712e-11,13,2,147.43556234040642,545.6544848174392,247686.6198433291,63.29218484158942,146073.06197386852,473.77863944645304,523.688930877327,225270.3315093372,163.61298112793975,138180.9244796101
670,70,7f3bcef5a08e3ee69ec959154bc064e98543e76d,5fccb18775a1c53c589e1a644bcdca5c2966e2c9f1b72779e18c5571bee51811,1.12.5,SOSRI,paper_common,continuation,0.01,0.05,true,low,low,false,true,27260875,1.5e-6,0.2,60.0,1500.0,Success,Success,true,true,78.74901745197681,123.97110563928567,1704.2495044621082,1.4671869338178042e-11,2.920870837081173,1.4671869338178042e-11,25,2,1257.904952298397,500.8952334529465,179954.44388044713,253.902399914363,112062.39766400476,473.77863929831125,523.6889308454444,225270.33150627665,163.61298116476104,138180.92447435932
671,71,7f3bcef5a08e3ee69ec959154bc064e98543e76d,5fccb18775a1c53c589e1a644bcdca5c2966e2c9f1b72779e18c5571bee51811,1.12.5,SOSRI,paper_common,continuation,0.01,0.05,true,low,high,true,true,27260876,1.5e-6,0.2,60.0,1500.0,Success,Success,true,true,66.39906939971198,237.02502110061738,36285.020447537245,2.920870837092057,4.866926684757604e-11,4.866926684757604e-11,4,0,29047.691712121792,911.030568795296,65737.03333949193,755.5865219396428,36907.839249341676,9.721460689611798e6,486100.9594168072,718.4943420980871,15.801874052288438,205.63500456285823
672,72,7f3bcef5a08e3ee69ec959154bc064e98543e76d,5fccb18775a1c53c589e1a644bcdca5c2966e2c9f1b72779e18c5571bee51811,1.12.5,SOSRI,paper_common,continuation,0.01,0.05,true,low,low,false,true,27260877,1.5e-6,0.2,60.0,1500.0,Success,Success,true,true,12.419366326362915,12.419366326362915,9163.114379857157,4.796373650583112e-11,2.9208708370597845,4.796373650583112e-11,5,2,2365.3125773821034,817.6131738879392,236429.8090511451,635.7109495539323,140178.96979393827,473.77863936422597,523.6889308586927,225270.33150758626,163.6129811478601,138180.92447661288
673,73,7f3bcef5a08e3ee69ec959154bc064e98543e76d,5fccb18775a1c53c589e1a644bcdca5c2966e2c9f1b72779e18c5571bee51811,1.12.5,SOSRI,paper_common,continuation,0.01,0.05,true,low,low,false,true,27260878,1.5e-6,0.2,60.0,1500.0,Success,Success,true,true,17.108837401893375,17.108837401893375,4097.947077653513,2.379615707119498e-11,2.9208708370750567,2.379615707119498e-11,13,2,221.83684093394282,490.7257613309479,204547.05031631666,94.34505342812703,121787.67887981635,473.7786393171743,523.6889308501234,225270.33150670078,163.6129811604123,138180.9244750826
674,74,7f3bcef5a08e3ee69ec959154bc064e98543e76d,5fccb18775a1c53c589e1a644bcdca5c2966e2c9f1b72779e18c5571bee51811,1.12.5,SOSRI,paper_common,continuation,0.01,0.05,true,low,low,false,true,27260879,1.5e-6,0.2,60.0,1500.0,Success,Success,true,true,0.6199810681890849,0.6199810681890849,2925.2633891563037,2.0245952758782924e-10,2.9208708369569534,2.0245952758782924e-10,10,2,0.7469028111713653,695.9813718259736,453520.3174233024,136.11026614608477,221295.46504082237,473.7786396817573,523.6889309610035,225270.33151603464,163.61298108766658,138180.92449086765
675,75,7f3bcef5a08e3ee69ec959154bc064e98543e76d,5fccb18775a1c53c589e1a644bcdca5c2966e2c9f1b72779e18c5571bee51811,1.12.5,SOSRI,paper_common,continuation,0.01,0.05,true,low,high,true,true,27260880,1.5e-6,0.2,60.0,1500.0,Success,Success,true,true,30.483013453430132,33.34285930425416,20353.235950517796,2.9208708370917917,3.0267291769491404e-11,3.0267291769491404e-11,15,0,9792.787737731594,860.1993272587939,130551.62870303773,1084.0003650928772,70912.67360341443,9.721460689611796e6,486100.9594168072,718.4943420980868,15.80187405371465,205.6350045568431
676,76,7f3bcef5a08e3ee69ec959154bc064e98543e76d,5fccb18775a1c53c589e1a644bcdca5c2966e2c9f1b72779e18c5571bee51811,1.12.5,SOSRI,paper_common,continuation,0.01,0.05,true,low,high,true,true,27260881,1.5e-6,0.2,60.0,1500.0,Success,Success,true,true,66.98182951563673,263.28403226734946,31139.75816969408,2.9208708370921292,1.9290448272298806e-11,1.9290448272298806e-11,11,0,26439.246032157425,1436.6359237411104,149983.09684321948,1451.59979453026,88810.46101434313,9.721460689611796e6,486100.9594168072,718.4943420980871,15.801874054533808,205.63500455219088
677,77,7f3bcef5a08e3ee69ec959154bc064e98543e76d,5fccb18775a1c53c589e1a644bcdca5c2966e2c9f1b72779e18c5571bee51811,1.12.5,SOSRI,paper_common,continuation,0.01,0.05,true,low,low,false,true,27260882,1.5e-6,0.2,60.0,1500.0,Success,Success,true,true,0.23070386714347674,0.23070386714347674,3483.585511137386,1.083770889087005e-10,2.920870837164174,1.083770889087005e-10,9,3,0.23070386714347674,1079.1985819044346,732445.2903628187,265.49318141800563,342284.2438747789,473.7786390417388,523.6889307459787,225270.33149851637,163.61298120413284,138180.92446135823
678,78,7f3bcef5a08e3ee69ec959154bc064e98543e76d,5fccb18775a1c53c589e1a644bcdca5c2966e2c9f1b72779e18c5571bee51811,1.12.5,SOSRI,paper_common,continuation,0.01,0.05,true,low,high,true,true,27260883,1.5e-6,0.2,60.0,1500.0,Success,Success,true,true,106.3926949259712,331.7964650681274,11090.252997645923,2.9208708370920826,2.079231327206415e-11,2.079231327206415e-11,8,0,4428.879770461522,360.18058635814157,82271.39202018945,273.87734763247914,51651.695955819756,9.721460689611796e6,486100.9594168072,718.4943420980873,15.801874054421699,205.63500455282795
679,79,7f3bcef5a08e3ee69ec959154bc064e98543e76d,5fccb18775a1c53c589e1a644bcdca5c2966e2c9f1b72779e18c5571bee51811,1.12.5,SOSRI,paper_common,continuation,0.01,0.05,true,low,high,true,true,27260884,1.5e-6,0.2,60.0,1500.0,Success,Success,true,true,70.79374457763635,406.30460769543055,64919.70669539202,2.9208708370920666,5.760325824522066e-11,5.760325824522066e-11,4,0,63544.05966340029,3639.9460854309286,108685.80046639674,2238.592940170958,29844.395850048415,9.7214606896118e6,486100.9594168072,718.4943420980866,15.80187405160369,205.63500456603322
680,80,7f3bcef5a08e3ee69ec959154bc064e98543e76d,5fccb18775a1c53c589e1a644bcdca5c2966e2c9f1b72779e18c5571bee51811,1.12.5,SOSRI,paper_common,continuation,0.01,0.05,true,low,low,false,true,27260885,1.5e-6,0.2,60.0,1500.0,Success,Success,true,true,0.3225475795212495,0.3225475795212495,4740.79659871448,4.578828027341427e-12,2.9208708370894776,4.578828027341427e-12,17,2,0.32502609030007357,633.6307910219952,354816.0578695602,467.51864782492703,142699.23274680992,473.77863927265867,523.6889308367262,225270.33150556905,163.61298116937124,138180.92447316786
681,81,7f3bcef5a08e3ee69ec959154bc064e98543e76d,5fccb18775a1c53c589e1a644bcdca5c2966e2c9f1b72779e18c5571bee51811,1.12.5,SOSRI,paper_common,continuation,0.01,0.05,true,low,low,false,true,27260886,1.5e-6,0.2,60.0,1500.0,Success,Success,true,true,7.147628865436188,7.147628865436188,2259.7927999365647,6.764440881994874e-11,2.92087083713509,6.764440881994874e-11,21,2,1473.2831400858227,426.6271103831209,139203.09376163688,177.36726583427745,88628.96337677978,473.7786391318461,523.6889307934251,225270.33150193733,163.612981197207,138180.92446702917
682,82,7f3bcef5a08e3ee69ec959154bc064e98543e76d,5fccb18775a1c53c589e1a644bcdca5c2966e2c9f1b72779e18c5571bee51811,1.12.5,SOSRI,paper_common,continuation,0.01,0.05,true,low,high,true,true,27260887,1.5e-6,0.2,60.0,1500.0,Success,Success,true,true,58.45788708999962,408.3563513646408,1.078681318001322e6,2.920870837092151,8.866978994458431e-11,8.866978994458431e-11,1,0,1.0605440096215047e6,28102.205422033516,13564.906235895307,625.6544982224497,3371.5780542890507,9.721460689611804e6,486100.9594168072,718.4943420980871,15.801874049219661,205.63500457696594
683,83,7f3bcef5a08e3ee69ec959154bc064e98543e76d,5fccb18775a1c53c589e1a644bcdca5c2966e2c9f1b72779e18c5571bee51811,1.12.5,SOSRI,paper_common,continuation,0.01,0.05,true,low,high,true,true,27260888,1.5e-6,0.2,60.0,1500.0,Success,Success,true,true,31.21594265850954,32.90449228125965,72012.1130415868,2.9208708370920586,6.32662624016196e-11,6.32662624016196e-11,9,0,71567.01063814714,3267.6396596667014,91654.66449173824,2054.2798344932635,29369.480475305867,9.7214606896118e6,486100.9594168072,718.4943420980871,15.801874051170524,205.63500456807645
684,84,7f3bcef5a08e3ee69ec959154bc064e98543e76d,5fccb18775a1c53c589e1a644bcdca5c2966e2c9f1b72779e18c5571bee51811,1.12.5,SOSRI,paper_common,continuation,0.01,0.05,true,low,low,false,true,27260889,1.5e-6,0.2,60.0,1500.0,Success,Success,true,true,2.7986863448213084,2.7986863448213084,728.2563361964187,5.4049187665294186e-11,2.920870837055444,5.4049187665294186e-11,19,1,690.3946894361893,616.5037052664026,249721.09488187003,120.09300353360705,155249.7304097925,473.77863937765807,523.6889308648089,225270.33150804293,163.61298114630074,138180.9244773738
685,85,7f3bcef5a08e3ee69ec959154bc064e98543e76d,5fccb18775a1c53c589e1a644bcdca5c2966e2c9f1b72779e18c5571bee51811,1.12.5,SOSRI,paper_common,continuation,0.01,0.05,true,low,high,true,true,27260890,1.5e-6,0.2,60.0,1500.0,Success,Success,true,true,102.0991772876726,362.39646528524736,259482.52723128934,2.920870837092006,1.0825280138429782e-10,1.0825280138429782e-10,3,0,259482.52723128934,8735.867752076854,84545.23542071949,2932.3166017611247,23499.286412068523,9.721460689611806e6,486100.9594168072,718.4943420980868,15.801874047728882,205.63500458428618
686,86,7f3bcef5a08e3ee69ec959154bc064e98543e76d,5fccb18775a1c53c589e1a644bcdca5c2966e2c9f1b72779e18c5571bee51811,1.12.5,SOSRI,paper_common,continuation,0.01,0.05,true,low,low,false,true,27260891,1.5e-6,0.2,60.0,1500.0,Success,Success,true,true,12.504368276142461,12.504368276142461,1649.9225384896959,4.333326825286197e-11,2.920870837062183,4.333326825286197e-11,20,3,631.2185807072998,448.6422704590258,166802.61950819832,64.98778272553271,104571.73070849419,473.7786393568946,523.6889308611089,225270.3315076568,163.61298115188134,138180.92447670567
687,87,7f3bcef5a08e3ee69ec959154bc064e98543e76d,5fccb18775a1c53c589e1a644bcdca5c2966e2c9f1b72779e18c5571bee51811,1.12.5,SOSRI,paper_common,continuation,0.01,0.05,true,low,high,true,true,27260892,1.5e-6,0.2,60.0,1500.0,Success,Success,true,true,80.44271460468745,245.07945669866626,259657.68697608326,2.9208708370922,3.7032743642232457e-11,3.7032743642232457e-11,4,0,259343.81676326078,9884.761945952043,50570.54048987817,1621.5496332673667,10494.255564173203,9.721460689611798e6,486100.9594168072,718.4943420980871,15.80187405317079,205.63500455838604
688,88,7f3bcef5a08e3ee69ec959154bc064e98543e76d,5fccb18775a1c53c589e1a644bcdca5c2966e2c9f1b72779e18c5571bee51811,1.12.5,SOSRI,paper_common,continuation,0.01,0.05,true,low,high,true,true,27260893,1.5e-6,0.2,60.0,1500.0,Success,Success,true,true,71.62052602373498,308.8292652886578,111668.52412476923,2.9208708370919476,9.49779192570317e-11,9.49779192570317e-11,3,0,96378.25356431091,4135.348776427679,121171.39006739337,3105.2195563042205,44174.941150518935,9.721460689611804e6,486100.9594168072,718.4943420980873,15.801874048748957,205.63500457966254
689,89,7f3bcef5a08e3ee69ec959154bc064e98543e76d,5fccb18775a1c53c589e1a644bcdca5c2966e2c9f1b72779e18c5571bee51811,1.12.5,SOSRI,paper_common,continuation,0.01,0.05,true,low,low,false,true,27260894,1.5e-6,0.2,60.0,1500.0,Success,Success,true,true,0.8133050382795605,0.8133050382795605,1023.0627958648085,1.7125403593186674e-10,2.92087083697531,1.7125403593186674e-10,11,2,1023.0627958648085,618.6212905630473,232963.43529017866,109.95125897534066,147314.91546306122,473.77863962542386,523.6889309643304,225270.33151572983,163.6129811101901,138180.92449023537
690,90,7f3bcef5a08e3ee69ec959154bc064e98543e76d,5fccb18775a1c53c589e1a644bcdca5c2966e2c9f1b72779e18c5571bee51811,1.12.5,SOSRI,paper_common,continuation,0.01,0.05,true,low,low,false,true,27260895,1.5e-6,0.2,60.0,1500.0,Success,Success,true,true,8.890831687909997e-9,8.890831687909997e-9,719.0114850234146,1.0372073114911793e-11,2.920870837093834,1.0372073114911793e-11,12,1,0.004027663284977588,282.8561643690149,153272.52119849023,10.72667028630307,69976.32506304969,473.7786392593277,523.6889308398343,225270.33150562595,163.61298117598088,138180.9244732231
691,91,7f3bcef5a08e3ee69ec959154bc064e98543e76d,5fccb18775a1c53c589e1a644bcdca5c2966e2c9f1b72779e18c5571bee51811,1.12.5,SOSRI,paper_common,continuation,0.01,0.05,true,low,low,false,true,27260896,1.5e-6,0.2,60.0,1500.0,Success,Success,true,true,1.7303247314488124,1.7303247314488124,636.1289268587107,1.9264578806807784e-10,2.9208708369646494,1.9264578806807784e-10,20,1,70.35510894363239,498.2928333284638,238659.93527890742,40.53817727255722,137110.40553236756,473.7786396578566,523.688930944968,225270.33151493553,163.6129810876033,138180.92448905876
692,92,7f3bcef5a08e3ee69ec959154bc064e98543e76d,5fccb18775a1c53c589e1a644bcdca5c2966e2c9f1b72779e18c5571bee51811,1.12.5,SOSRI,paper_common,continuation,0.01,0.05,true,low,low,false,true,27260897,1.5e-6,0.2,60.0,1500.0,Success,Success,true,true,53.53918520460724,58.33765188412896,26429.05318703806,6.709020908163299e-11,2.9208708371355208,6.709020908163299e-11,9,1,11206.956736723878,1583.294249328754,181921.7747545271,2060.5752630434563,80315.53015170924,473.77863913041733,523.6889307868255,225270.33150155825,163.6129811940903,138180.92446642288
693,93,7f3bcef5a08e3ee69ec959154bc064e98543e76d,5fccb18775a1c53c589e1a644bcdca5c2966e2c9f1b72779e18c5571bee51811,1.12.5,SOSRI,paper_common,continuation,0.01,0.05,true,low,high,true,true,27260898,1.5e-6,0.2,60.0,1500.0,Success,Success,true,true,0.004217972908357966,0.004217972908357966,18037.64128208226,2.9208708370920218,3.004091876592801e-11,3.004091876592801e-11,1,0,18037.64128208226,918.9643732343167,127259.00633530032,793.766821352398,81744.96106188053,9.721460689611796e6,486100.9594168072,718.4943420980868,15.801874053717219,205.63500455626914
694,94,7f3bcef5a08e3ee69ec959154bc064e98543e76d,5fccb18775a1c53c589e1a644bcdca5c2966e2c9f1b72779e18c5571bee51811,1.12.5,SOSRI,paper_common,continuation,0.01,0.05,true,low,high,true,true,27260899,1.5e-6,0.2,60.0,1500.0,Success,Success,true,true,45.19671670817529,422.24780074300503,830158.25323873,2.9208708370922065,4.418855902224474e-11,4.418855902224474e-11,3,0,696188.6484036056,19657.12912455032,13145.91736346888,558.8788639394662,3274.5192181563307,9.721460689611798e6,486100.9594168072,718.4943420980871,15.801874052622434,205.6350045609318
695,95,7f3bcef5a08e3ee69ec959154bc064e98543e76d,5fccb18775a1c53c589e1a644bcdca5c2966e2c9f1b72779e18c5571bee51811,1.12.5,SOSRI,paper_common,continuation,0.01,0.05,true,low,low,false,true,27260900,1.5e-6,0.2,60.0,1500.0,Success,Success,true,true,28.872741516912207,28.872741516912207,3831.1081796638427,1.582262697116937e-10,2.920870837195965,1.582262697116937e-10,7,1,2365.572194018543,409.914296486324,118748.49900934267,126.47522423777276,77498.21924679309,473.77863894379516,523.6889307280956,225270.33149667067,163.61298123024085,138180.92445816865
696,96,7f3bcef5a08e3ee69ec959154bc064e98543e76d,5fccb18775a1c53c589e1a644bcdca5c2966e2c9f1b72779e18c5571bee51811,1.12.5,SOSRI,paper_common,continuation,0.01,0.05,true,low,low,false,true,27260901,1.5e-6,0.2,60.0,1500.0,Success,Success,true,true,22.907050237066613,22.907050237066613,2640.991395066449,1.0219315404576077e-10,2.920870837155265,1.0219315404576077e-10,18,2,93.20058532946162,442.4652135604383,202529.57049399655,181.6244289279488,111765.0763715933,473.77863906982174,523.688930790208,225270.33150121933,163.61298121820997,138180.9244657253
697,97,7f3bcef5a08e3ee69ec959154bc064e98543e76d,5fccb18775a1c53c589e1a644bcdca5c2966e2c9f1b72779e18c5571bee51811,1.12.5,SOSRI,paper_common,continuation,0.01,0.05,true,low,high,true,true,27260902,1.5e-6,0.2,60.0,1500.0,Success,Success,true,true,76.51563061589106,392.12218709961996,48041.19498884825,2.920870837092092,4.00537135015686e-11,4.00537135015686e-11,3,0,46112.68650070736,3096.3187316652393,137594.40919329238,2543.1524805546414,41276.63969753814,9.721460689611798e6,486100.9594168072,718.494342098087,15.801874052946028,205.63500455969944
698,98,7f3bcef5a08e3ee69ec959154bc064e98543e76d,5fccb18775a1c53c589e1a644bcdca5c2966e2c9f1b72779e18c5571bee51811,1.12.5,SOSRI,paper_common,continuation,0.01,0.05,true,low,high,true,true,27260903,1.5e-6,0.2,60.0,1500.0,Success,Success,true,true,79.36521285961052,225.16481585034663,84767.24712287102,2.920870837092225,1.7834833462141934e-11,1.7834833462141934e-11,5,0,84767.24712287102,2613.2991450418785,67549.45542776336,1571.0099018569936,28460.143211144852,9.721460689611796e6,486100.95941680716,718.4943420980869,15.801874054639343,205.635004551463
699,99,7f3bcef5a08e3ee69ec959154bc064e98543e76d,5fccb18775a1c53c589e1a644bcdca5c2966e2c9f1b72779e18c5571bee51811,1.12.5,SOSRI,paper_common,continuation,0.01,0.05,true,low,high,true,true,27260904,1.5e-6,0.2,60.0,1500.0,Success,Success,true,true,34.060988887248264,403.0017382554338,6.457815034589082e6,2.9208708370923078,7.3200270199225e-11,7.3200270199225e-11,38,0,5.813144876563437e6,207375.4648761593,1707.7249608441816,53.38641799898742,480.3711180431949,9.721460689611802e6,486100.9594168072,718.4943420980875,15.8018740503948,205.6350045710913
700,100,7f3bcef5a08e3ee69ec959154bc064e98543e76d,5fccb18775a1c53c589e1a644bcdca5c2966e2c9f1b72779e18c5571bee51811,1.12.5,SOSRI,paper_common,continuation,0.01,0.05,true,low,low,false,true,27260905,1.5e-6,0.2,60.0,1500.0,Success,Success,true,true,6.209774577504378,6.209774577504378,5633.836008628969,5.75983456978353e-12,2.920870837088088,5.75983456978353e-12,6,2,22.195551253405853,362.73808809069857,184155.78864024198,140.31213584778297,98081.40157719055,473.77863927696353,523.6889308388902,225270.33150572682,163.61298116898504,138180.92447342962
701,1,7f3bcef5a08e3ee69ec959154bc064e98543e76d,5fccb18775a1c53c589e1a644bcdca5c2966e2c9f1b72779e18c5571bee51811,1.12.5,SOSRI,paper_common,continuation,0.01,0.05,true,high,high,false,true,28260806,1.5e-6,0.2,60.0,1500.0,Success,Success,true,true,2.3074577729135233,5.923399041753701e6,2.979983014865626e7,2.9208708370922056,5.044058710743323e-11,5.044058710743323e-11,1295,1,1.1349784674007924e7,652796.6209281121,511.1736387064209,9.553212063760496,151.16568570624923,9.721460689612025e6,486100.9594168217,718.4943420980655,15.80187405214421,205.63500456318732
702,2,7f3bcef5a08e3ee69ec959154bc064e98543e76d,5fccb18775a1c53c589e1a644bcdca5c2966e2c9f1b72779e18c5571bee51811,1.12.5,SOSRI,paper_common,continuation,0.01,0.05,true,high,high,false,true,28260807,1.5e-6,0.2,60.0,1500.0,Success,Success,true,true,10.84789616018255,2.7703083067456596e6,1.4578856900712762e7,2.920870837092272,2.4930171082120514e-11,2.4930171082120514e-11,468,0,3.588507920956436e6,133166.0667565829,2860.813640295913,83.87628130162616,831.768081690039,9.721460689611796e6,486100.95941680716,718.494342098087,15.8018740540932,205.63500455390053
703,3,7f3bcef5a08e3ee69ec959154bc064e98543e76d,5fccb18775a1c53c589e1a644bcdca5c2966e2c9f1b72779e18c5571bee51811,1.12.5,SOSRI,paper_common,continuation,0.01,0.05,true,high,high,false,true,28260808,1.5e-6,0.2,60.0,1500.0,Success,Success,true,true,10.379535138053843,3.630247878452542e6,1.5795885417452093e7,2.920870837092314,5.5181459374104096e-11,5.5181459374104096e-11,588,0,6.697094095074023e6,309423.0672482163,1204.001145041576,29.49202599687848,329.45774940625887,9.7214606896118e6,486100.9594168072,718.4943420980869,15.801874051774195,205.6350045646311
704,4,7f3bcef5a08e3ee69ec959154bc064e98543e76d,5fccb18775a1c53c589e1a644bcdca5c2966e2c9f1b72779e18c5571bee51811,1.12.5,SOSRI,paper_common,continuation,0.01,0.05,true,high,high,false,true,28260809,1.5e-6,0.2,60.0,1500.0,Success,Success,true,true,11.702910287105698,3.522469939752225e6,1.223402411847355e7,2.9208708370922722,6.404369080661825e-11,6.404369080661825e-11,550,0,4.197956906490405e6,157708.92855944444,2267.889742088236,63.768488769124865,687.8986144870955,9.7214606896118e6,486100.95941680716,718.4943420980868,15.801874051098114,205.63500456789367
705,5,7f3bcef5a08e3ee69ec959154bc064e98543e76d,5fccb18775a1c53c589e1a644bcdca5c2966e2c9f1b72779e18c5571bee51811,1.12.5,SOSRI,paper_common,continuation,0.01,0.05,true,high,high,false,true,28260810,1.5e-6,0.2,60.0,1500.0,Success,Success,true,true,5.832770466035792,4.570122903372423e6,1.828628856581709e7,2.920870837092289,8.867791093998233e-11,8.867791093998233e-11,928,0,4.570122903372423e6,196084.9655680362,1613.6673166589733,40.15476092585922,481.4673341882214,9.721460689611804e6,486100.9594168072,718.4943420980867,15.801874049210758,205.6350045766702
706,6,7f3bcef5a08e3ee69ec959154bc064e98543e76d,5fccb18775a1c53c589e1a644bcdca5c2966e2c9f1b72779e18c5571bee51811,1.12.5,SOSRI,paper_common,continuation,0.01,0.05,true,high,high,false,true,28260811,1.5e-6,0.2,60.0,1500.0,Success,Success,true,true,5.48633281498331,6.84472381528046e6,2.4379224567007978e7,2.9208708370922314,2.0210578557045223e-11,2.0210578557045223e-11,886,1,1.6687748451963926e7,951376.4734671882,352.68430747660796,6.644993033220014,104.44251793619529,9.721460689612022e6,486100.9594168217,718.494342098066,15.801874054457482,205.63500455231528
707,7,7f3bcef5a08e3ee69ec959154bc064e98543e76d,5fccb18775a1c53c589e1a644bcdca5c2966e2c9f1b72779e18c5571bee51811,1.12.5,SOSRI,paper_common,continuation,0.01,0.05,true,high,high,false,true,28260812,1.5e-6,0.2,60.0,1500.0,Success,Success,true,true,12.068274454167252,2.560295558729264e6,1.258128083898792e7,2.9208708370923,1.7612908491395318e-11,1.7612908491395318e-11,544,0,7.432997205614457e6,291599.65582525305,1172.1168765064842,32.625676952373944,339.75492355426076,9.721460689611796e6,486100.9594168072,718.4943420980873,15.801874054651812,205.63500455122087
708,8,7f3bcef5a08e3ee69ec959154bc064e98543e76d,5fccb18775a1c53c589e1a644bcdca5c2966e2c9f1b72779e18c5571bee51811,1.12.5,SOSRI,paper_common,continuation,0.01,0.05,true,high,high,false,true,28260813,1.5e-6,0.2,60.0,1500.0,Success,Success,true,true,3.0268874991333172,4.443846270756893e6,2.7728178784819707e7,2.9208708370922922,6.354513225443521e-11,6.354513225443521e-11,983,0,5.756046092014631e6,274490.47272186785,1336.47486250996,30.880616414909113,380.8053934917321,9.7214606896118e6,486100.9594168072,718.4943420980868,15.801874051135085,205.63500456767164
709,9,7f3bcef5a08e3ee69ec959154bc064e98543e76d,5fccb18775a1c53c589e1a644bcdca5c2966e2c9f1b72779e18c5571bee51811,1.12.5,SOSRI,paper_common,continuation,0.01,0.05,true,high,high,false,true,28260814,1.5e-6,0.2,60.0,1500.0,Success,Success,true,true,5.177247812951782,4.341157947499906e6,2.0523444050336227e7,2.9208708370923104,3.6832861314616874e-11,3.6832861314616874e-11,933,0,6.663680824716829e6,291356.0405071349,1091.6845623477027,26.442620837351484,329.84970776830266,9.721460689611798e6,486100.9594168072,718.4943420980871,15.801874053179471,205.63500455807565
710,10,7f3bcef5a08e3ee69ec959154bc064e98543e76d,5fccb18775a1c53c589e1a644bcdca5c2966e2c9f1b72779e18c5571bee51811,1.12.5,SOSRI,paper_common,continuation,0.01,0.05,true,high,high,false,true,28260815,1.5e-6,0.2,60.0,1500.0,Success,Success,true,true,9.847116483420367,3.1630385404503327e6,1.4443196035978772e7,2.920870837092385,9.741352649337168e-11,9.741352649337168e-11,679,0,7.641786585149236e6,284396.67973192595,1219.2667905828662,37.12044306408827,334.34414414508615,9.721460689611804e6,486100.9594168072,718.4943420980868,15.801874048536112,205.63500457958722
711,11,7f3bcef5a08e3ee69ec959154bc064e98543e76d,5fccb18775a1c53c589e1a644bcdca5c2966e2c9f1b72779e18c5571bee51811,1.12.5,SOSRI,paper_common,continuation,0.01,0.05,true,high,high,false,true,28260816,1.5e-6,0.2,60.0,1500.0,Success,Success,true,true,15.801874056001509,2.29116598890147e6,9.721460689611899e6,2.920870837092261,4.981152666867594e-11,4.981152666867594e-11,501,0,3.7788656696163705e6,137161.3355115189,2415.317917659298,69.76841281909113,740.3913089161384,9.7214606896118e6,486100.9594168072,718.4943420980869,15.80187405218857,205.63500456282512
712,12,7f3bcef5a08e3ee69ec959154bc064e98543e76d,5fccb18775a1c53c589e1a644bcdca5c2966e2c9f1b72779e18c5571bee51811,1.12.5,SOSRI,paper_common,continuation,0.01,0.05,true,high,high,false,true,28260817,1.5e-6,0.2,60.0,1500.0,Success,Success,true,true,12.328535252596616,3.6276601706884247e6,1.278005972344112e7,2.9208708370923238,2.35381147183384e-11,2.35381147183384e-11,606,0,8.598077261214724e6,362524.5351979286,873.2197886220079,21.85331608590402,265.3906423241439,9.721460689611796e6,486100.9594168072,718.4943420980869,15.8018740541967,205.63500455328978
713,13,7f3bcef5a08e3ee69ec959154bc064e98543e76d,5fccb18775a1c53c589e1a644bcdca5c2966e2c9f1b72779e18c5571bee51811,1.12.5,SOSRI,paper_common,continuation,0.01,0.05,true,high,high,false,true,28260818,1.5e-6,0.2,60.0,1500.0,Success,Success,true,true,7.059655264482326,4.0234368486890206e6,1.8667771403831057e7,2.9208708370928025,3.4702791569224974e-11,3.4702791569224974e-11,738,0,9.567138370723238e6,523032.53300435067,720.9842853529442,14.949706350796712,196.7007546475074,9.721460689611794e6,486100.95941680705,718.4943420980875,15.801874053314538,205.63500455623975
714,14,7f3bcef5a08e3ee69ec959154bc064e98543e76d,5fccb18775a1c53c589e1a644bcdca5c2966e2c9f1b72779e18c5571bee51811,1.12.5,SOSRI,paper_common,continuation,0.01,0.05,true,high,high,false,true,28260819,1.5e-6,0.2,60.0,1500.0,Success,Success,true,true,2.7146861806191853,5.52405551358735e6,2.9321602691068444e7,2.920870837092291,2.080812320229785e-11,2.080812320229785e-11,1235,0,5.52405551358735e6,308414.51228444726,1078.0434075883622,20.650177791774652,320.35976437504166,9.721460689611796e6,486100.95941680716,718.4943420980874,15.801874054407708,205.63500455238466
715,15,7f3bcef5a08e3ee69ec959154bc064e98543e76d,5fccb18775a1c53c589e1a644bcdca5c2966e2c9f1b72779e18c5571bee51811,1.12.5,SOSRI,paper_common,continuation,0.01,0.05,true,high,high,false,true,28260820,1.5e-6,0.2,60.0,1500.0,Success,Success,true,true,9.156583405192924,2.67027843426021e6,1.5726308645561678e7,2.920870837092267,2.4728301168665775e-11,2.4728301168665775e-11,796,0,3.114458731987735e6,109830.54705551728,2621.361665112048,75.83022231806586,832.2966952536932,9.721460689611796e6,486100.9594168072,718.4943420980876,15.801874054108962,205.63500455383925
716,16,7f3bcef5a08e3ee69ec959154bc064e98543e76d,5fccb18775a1c53c589e1a644bcdca5c2966e2c9f1b72779e18c5571bee51811,1.12.5,SOSRI,paper_common,continuation,0.01,0.05,true,high,high,false,true,28260821,1.5e-6,0.2,60.0,1500.0,Success,Success,true,true,11.157233032891888,3.2943771276388145e6,1.3526677094947234e7,2.920870837092299,3.0997142542746605e-11,3.0997142542746605e-11,702,0,6.149818723799782e6,234850.64276352385,1592.6939942340325,46.101214138313146,453.3780523325834,9.721460689611798e6,486100.9594168072,718.494342098087,15.801874053627008,205.63500455601232
717,17,7f3bcef5a08e3ee69ec959154bc064e98543e76d,5fccb18775a1c53c589e1a644bcdca5c2966e2c9f1b72779e18c5571bee51811,1.12.5,SOSRI,paper_common,continuation,0.01,0.05,true,high,high,false,true,28260822,1.5e-6,0.2,60.0,1500.0,Success,Success,true,true,13.688479936377616,4.539144914694093e6,1.1918730566844754e7,2.9208708370913237,1.8967913384487088e-11,1.8967913384487088e-11,610,0,9.72457993354721e6,455334.4666189436,812.1807816435697,19.266269631709857,229.082723575662,9.721460689611794e6,486100.9594168071,718.494342098087,15.801874054615208,205.63500455377948
718,18,7f3bcef5a08e3ee69ec959154bc064e98543e76d,5fccb18775a1c53c589e1a644bcdca5c2966e2c9f1b72779e18c5571bee51811,1.12.5,SOSRI,paper_common,continuation,0.01,0.05,true,high,high,false,true,28260823,1.5e-6,0.2,60.0,1500.0,Success,Success,true,true,1.7445182897921931,3.055311953306244e6,3.3335525255628925e7,2.920870837091808,9.11147104882947e-11,9.11147104882947e-11,941,2,2.6866153583143968e7,2.2613202871156028e6,153.33940204094213,2.0034181841337615,43.8598054685503,9.721460689612031e6,486100.9594168217,718.4943420980657,15.801874049053842,205.63500457859874
719,19,7f3bcef5a08e3ee69ec959154bc064e98543e76d,5fccb18775a1c53c589e1a644bcdca5c2966e2c9f1b72779e18c5571bee51811,1.12.5,SOSRI,paper_common,continuation,0.01,0.05,true,high,high,false,true,28260824,1.5e-6,0.2,60.0,1500.0,Success,Success,true,true,6.764897669489512,4.530813943885134e6,1.7932905137895588e7,2.9208708370924104,7.149890509727692e-11,7.149890509727692e-11,827,0,8.325932551439444e6,355950.70409371034,1033.2483135848001,27.205431050764844,285.6476333695097,9.721460689611802e6,486100.9594168072,718.4943420980875,15.801874050519011,205.6350045702611
720,20,7f3bcef5a08e3ee69ec959154bc064e98543e76d,5fccb18775a1c53c589e1a644bcdca5c2966e2c9f1b72779e18c5571bee51811,1.12.5,SOSRI,paper_common,continuation,0.01,0.05,true,high,high,false,true,28260825,1.5e-6,0.2,60.0,1500.0,Success,Success,true,true,4.489527899607195,3.605986724397078e6,2.2690399797197483e7,2.920870837092175,3.174096524655593e-11,3.174096524655593e-11,841,2,1.828784232570304e7,1.198862678543006e6,281.7431318105537,4.665378761206611,82.15865956814078,9.721460689612024e6,486100.9594168217,718.4943420980657,15.801874053577992,205.63500455656316
721,21,7f3bcef5a08e3ee69ec959154bc064e98543e76d,5fccb18775a1c53c589e1a644bcdca5c2966e2c9f1b72779e18c5571bee51811,1.12.5,SOSRI,paper_common,continuation,0.01,0.05,true,high,high,false,true,28260826,1.5e-6,0.2,60.0,1500.0,Success,Success,true,true,11.84010758407717,3.1927026951009324e6,1.4455178256956829e7,2.9208708370922842,2.434389287966373e-11,2.434389287966373e-11,586,0,5.176271099526986e6,238970.1452340871,1426.823284552028,34.21643628329276,403.61578117553586,9.721460689611796e6,486100.9594168072,718.4943420980873,15.801874054137352,205.6350045536639
722,22,7f3bcef5a08e3ee69ec959154bc064e98543e76d,5fccb18775a1c53c589e1a644bcdca5c2966e2c9f1b72779e18c5571bee51811,1.12.5,SOSRI,paper_common,continuation,0.01,0.05,true,high,high,false,true,28260827,1.5e-6,0.2,60.0,1500.0,Success,Success,true,true,7.511738971240684,4.411379020385763e6,1.73560249113219e7,2.9208708370923135,2.2834323285211408e-11,2.2834323285211408e-11,764,0,7.767029565202011e6,353010.2780759159,1011.5469967075361,25.053671050837348,279.3865787193384,9.721460689611796e6,486100.9594168072,718.4943420980869,15.801874054251194,205.63500455306004
723,23,7f3bcef5a08e3ee69ec959154bc064e98543e76d,5fccb18775a1c53c589e1a644bcdca5c2966e2c9f1b72779e18c5571bee51811,1.12.5,SOSRI,paper_common,continuation,0.01,0.05,true,high,high,false,true,28260828,1.5e-6,0.2,60.0,1500.0,Success,Success,true,true,3.1597217870018945,5.561605554711862e6,2.6582280360647187e7,2.920870837092222,2.3259779714380294e-11,2.3259779714380294e-11,1089,1,1.440354304672201e7,995680.685459961,328.4983112690642,5.061014633617562,98.3891794734926,9.721460689612022e6,486100.9594168217,718.4943420980655,15.801874054224589,205.63500455342756
724,24,7f3bcef5a08e3ee69ec959154bc064e98543e76d,5fccb18775a1c53c589e1a644bcdca5c2966e2c9f1b72779e18c5571bee51811,1.12.5,SOSRI,paper_common,continuation,0.01,0.05,true,high,high,false,true,28260829,1.5e-6,0.2,60.0,1500.0,Success,Success,true,true,8.70340756294477,3.8858650633163564e6,1.575395201477794e7,2.9208708370925263,5.547419596291724e-11,5.547419596291724e-11,634,0,1.0030971687736133e7,451608.53697733383,750.9208042537059,18.23460604013894,216.99938261249466,9.721460689612025e6,486100.9594168217,718.4943420980653,15.801874051739759,205.63500456429287
725,25,7f3bcef5a08e3ee69ec959154bc064e98543e76d,5fccb18775a1c53c589e1a644bcdca5c2966e2c9f1b72779e18c5571bee51811,1.12.5,SOSRI,paper_common,continuation,0.01,0.05,true,high,high,false,true,28260830,1.5e-6,0.2,60.0,1500.0,Success,Success,true,true,3.94648893166115,2.2292398532991577e6,2.7247804713225204e7,2.920870837092262,2.8560801987298584e-11,2.8560801987298584e-11,820,0,2.62919420316112e6,86704.0362149164,4457.531149322248,148.41754288321215,1281.238037121954,9.721460689611796e6,486100.9594168072,718.4943420980874,15.801874053815776,205.63500455522063
726,26,7f3bcef5a08e3ee69ec959154bc064e98543e76d,5fccb18775a1c53c589e1a644bcdca5c2966e2c9f1b72779e18c5571bee51811,1.12.5,SOSRI,paper_common,continuation,0.01,0.05,true,high,high,false,true,28260831,1.5e-6,0.2,60.0,1500.0,Success,Success,true,true,4.7584077633076145,3.417312963613958e6,2.3046112934350226e7,2.920870837092212,2.0258667060332307e-11,2.0258667060332307e-11,835,2,2.3046112934350226e7,1.3395178426775346e6,251.66752084025146,4.7584077633076145,72.09779838069234,9.721460689612022e6,486100.9594168217,718.4943420980655,15.801874054455032,205.63500455237607
727,27,7f3bcef5a08e3ee69ec959154bc064e98543e76d,5fccb18775a1c53c589e1a644bcdca5c2966e2c9f1b72779e18c5571bee51811,1.12.5,SOSRI,paper_common,continuation,0.01,0.05,true,high,high,false,true,28260832,1.5e-6,0.2,60.0,1500.0,Success,Success,true,true,5.230747939682786,3.769176328660621e6,2.517945259382239e7,2.9208708370922563,4.669245260436857e-11,4.669245260436857e-11,696,0,3.769176328660621e6,140389.6023429511,1954.326906617813,53.37349609075259,622.6227083631629,9.7214606896118e6,486100.9594168072,718.4943420980874,15.8018740524277,205.63500456171968
728,28,7f3bcef5a08e3ee69ec959154bc064e98543e76d,5fccb18775a1c53c589e1a644bcdca5c2966e2c9f1b72779e18c5571bee51811,1.12.5,SOSRI,paper_common,continuation,0.01,0.05,true,high,high,false,true,28260833,1.5e-6,0.2,60.0,1500.0,Success,Success,true,true,12.522524179528919,2.8564360010630656e6,1.2316442276058469e7,2.920870837092299,4.345520941734426e-11,4.345520941734426e-11,487,0,5.740449347139649e6,240679.25747847007,1599.3136769098135,42.54820219641006,448.0502667450591,9.721460689611798e6,486100.9594168072,718.4943420980869,15.80187405267304,205.6350045604693
729,29,7f3bcef5a08e3ee69ec959154bc064e98543e76d,5fccb18775a1c53c589e1a644bcdca5c2966e2c9f1b72779e18c5571bee51811,1.12.5,SOSRI,paper_common,continuation,0.01,0.05,true,high,high,false,true,28260834,1.5e-6,0.2,60.0,1500.0,Success,Success,true,true,6.827210043054208,4.606308105428614e6,1.785720352628738e7,2.920870837092199,5.1432432818476274e-11,5.1432432818476274e-11,777,0,1.1234765329874463e7,589784.2426912392,589.0863351203415,12.434242966938298,166.67028419668347,9.721460689612025e6,486100.9594168217,718.4943420980655,15.801874052068662,205.63500456355655
730,30,7f3bcef5a08e3ee69ec959154bc064e98543e76d,5fccb18775a1c53c589e1a644bcdca5c2966e2c9f1b72779e18c5571bee51811,1.12.5,SOSRI,paper_common,continuation,0.01,0.05,true,high,high,false,true,28260835,1.5e-6,0.2,60.0,1500.0,Success,Success,true,true,6.97557078477289,2.5320543682131637e6,1.8515089075574454e7,2.920870837092367,3.5682945049716386e-11,3.5682945049716386e-11,785,1,8.837693405605584e6,446613.55246991274,670.808779380935,13.7125900194759,209.3696544721879,9.721460689611798e6,486100.9594168072,718.4943420980875,15.801874053264164,205.63500455754115
731,31,7f3bcef5a08e3ee69ec959154bc064e98543e76d,5fccb18775a1c53c589e1a644bcdca5c2966e2c9f1b72779e18c5571bee51811,1.12.5,SOSRI,paper_common,continuation,0.01,0.05,true,high,high,false,true,28260836,1.5e-6,0.2,60.0,1500.0,Success,Success,true,true,5.956999520444479,3.2871412129309503e6,1.939612456773848e7,2.920870837092133,4.512870578500095e-11,4.512870578500095e-11,604,1,1.8381157320413347e7,1.050492871549632e6,349.4705870125695,6.724521970682172,100.01658636147356,9.721460689612025e6,486100.9594168217,718.4943420980655,15.801874052555387,205.63500456144425
732,32,7f3bcef5a08e3ee69ec959154bc064e98543e76d,5fccb18775a1c53c589e1a644bcdca5c2966e2c9f1b72779e18c5571bee51811,1.12.5,SOSRI,paper_common,continuation,0.01,0.05,true,high,high,false,true,28260837,1.5e-6,0.2,60.0,1500.0,Success,Success,true,true,3.0356926096809165,3.6708955084968572e6,2.2589843529334575e7,2.920870837092172,5.178980520066569e-11,5.178980520066569e-11,946,1,1.2817654172139606e7,925008.8076734006,366.2716928441417,5.441961315975681,108.64645736292377,9.721460689612025e6,486100.9594168217,718.4943420980658,15.801874052042928,205.63500456374274
733,33,7f3bcef5a08e3ee69ec959154bc064e98543e76d,5fccb18775a1c53c589e1a644bcdca5c2966e2c9f1b72779e18c5571bee51811,1.12.5,SOSRI,paper_common,continuation,0.01,0.05,true,high,high,false,true,28260838,1.5e-6,0.2,60.0,1500.0,Success,Success,true,true,4.5668980920113915,5.5897765776961865e6,2.15817700401588e7,2.9208708370922882,1.7711149759589565e-11,1.7711149759589565e-11,1104,0,5.763446213173212e6,262604.1601331404,1324.2846029449106,32.121471276339165,375.89461346219633,9.721460689611796e6,486100.9594168072,718.494342098087,15.801874054645003,205.63500455128204
734,34,7f3bcef5a08e3ee69ec959154bc064e98543e76d,5fccb18775a1c53c589e1a644bcdca5c2966e2c9f1b72779e18c5571bee51811,1.12.5,SOSRI,paper_common,continuation,0.01,0.05,true,high,high,false,true,28260839,1.5e-6,0.2,60.0,1500.0,Success,Success,true,true,8.69502100123617,3.103542615056207e6,1.4480123110386938e7,2.920870837092309,1.94660148293542e-11,1.94660148293542e-11,550,0,7.984874116289409e6,350494.22256467986,993.1267886881197,25.033715711411435,281.862763860963,9.721460689611796e6,486100.9594168072,718.4943420980874,15.801874054509389,205.6350045518648
735,35,7f3bcef5a08e3ee69ec959154bc064e98543e76d,5fccb18775a1c53c589e1a644bcdca5c2966e2c9f1b72779e18c5571bee51811,1.12.5,SOSRI,paper_common,continuation,0.01,0.05,true,high,high,false,true,28260840,1.5e-6,0.2,60.0,1500.0,Success,Success,true,true,5.052577532079928,3.894682782467131e6,2.0826999165321533e7,2.9208708370921013,7.317885347097565e-11,7.317885347097565e-11,826,1,1.539708805121812e7,961527.4871031892,363.8384116893363,6.372952945878521,104.91864674958794,9.721460689612027e6,486100.9594168217,718.4943420980655,15.801874050409362,205.63500457154845
736,36,7f3bcef5a08e3ee69ec959154bc064e98543e76d,5fccb18775a1c53c589e1a644bcdca5c2966e2c9f1b72779e18c5571bee51811,1.12.5,SOSRI,paper_common,continuation,0.01,0.05,true,high,high,false,true,28260841,1.5e-6,0.2,60.0,1500.0,Success,Success,true,true,8.817697073399646,2.548295162819891e6,1.5304064717483401e7,2.9208708370895895,5.946528360966877e-11,5.946528360966877e-11,611,0,9.723380245852435e6,449663.12999541534,791.3064144536185,19.05451110565147,222.34489778226074,9.7214606896118e6,486100.959416807,718.4943420980867,15.801874051631163,205.6350045719634
737,37,7f3bcef5a08e3ee69ec959154bc064e98543e76d,5fccb18775a1c53c589e1a644bcdca5c2966e2c9f1b72779e18c5571bee51811,1.12.5,SOSRI,paper_common,continuation,0.01,0.05,true,high,high,false,true,28260842,1.5e-6,0.2,60.0,1500.0,Success,Success,true,true,12.845175418025281,3.118755496225945e6,1.2697126481873494e7,2.920870837092321,5.171946417890012e-11,5.171946417890012e-11,547,0,6.16967380975837e6,242769.3180478874,1433.8597094850588,39.920087728666395,413.4485520094123,9.7214606896118e6,486100.95941680716,718.4943420980871,15.80187405203891,205.63500456337852
738,38,7f3bcef5a08e3ee69ec959154bc064e98543e76d,5fccb18775a1c53c589e1a644bcdca5c2966e2c9f1b72779e18c5571bee51811,1.12.5,SOSRI,paper_common,continuation,0.01,0.05,true,high,high,false,true,28260843,1.5e-6,0.2,60.0,1500.0,Success,Success,true,true,12.706870954593835,1.3835791410910867e6,1.1772751589308724e7,2.9208708370923016,4.418755830114413e-11,4.418755830114413e-11,383,0,6.1863555479844585e6,233119.35042273675,1756.2117442619412,54.872626912329366,451.0025585700001,9.721460689611798e6,486100.9594168072,718.494342098087,15.8018740526168,205.6350045607254
739,39,7f3bcef5a08e3ee69ec959154bc064e98543e76d,5fccb18775a1c53c589e1a644bcdca5c2966e2c9f1b72779e18c5571bee51811,1.12.5,SOSRI,paper_common,continuation,0.01,0.05,true,high,high,false,true,28260844,1.5e-6,0.2,60.0,1500.0,Success,Success,true,true,2.9327917498824894,7.335005708475502e6,2.7228171656781897e7,2.9208708370923797,5.5811630467250433e-11,5.5811630467250433e-11,1204,0,8.087725072271934e6,423986.82928436174,777.0599524948635,15.686747147433895,234.77178197985523,9.7214606896118e6,486100.95941680716,718.4943420980873,15.801874051722066,205.635004564715
740,40,7f3bcef5a08e3ee69ec959154bc064e98543e76d,5fccb18775a1c53c589e1a644bcdca5c2966e2c9f1b72779e18c5571bee51811,1.12.5,SOSRI,paper_common,continuation,0.01,0.05,true,high,high,false,true,28260845,1.5e-6,0.2,60.0,1500.0,Success,Success,true,true,6.7555290586631305,3.9833123509311485e6,1.7346283641400788e7,2.9208708370924605,6.011711453802453e-11,6.011711453802453e-11,706,0,9.245480703165593e6,445073.62336686766,759.4929477892597,16.789138700923022,227.92013676217962,9.7214606896118e6,486100.9594168072,718.4943420980866,15.801874051387625,205.63500456608048
741,41,7f3bcef5a08e3ee69ec959154bc064e98543e76d,5fccb18775a1c53c589e1a644bcdca5c2966e2c9f1b72779e18c5571bee51811,1.12.5,SOSRI,paper_common,continuation,0.01,0.05,true,high,high,false,true,28260846,1.5e-6,0.2,60.0,1500.0,Success,Success,true,true,11.500986937379523,3.4864523710667896e6,1.3825260656600365e7,2.92087083709235,1.768303629551401e-11,1.768303629551401e-11,709,0,9.295551404774548e6,471147.8318742312,697.3228676784231,14.771872563628701,206.60820938285352,9.721460689611796e6,486100.95941680716,718.494342098087,15.801874054643525,205.63500455113856
742,42,7f3bcef5a08e3ee69ec959154bc064e98543e76d,5fccb18775a1c53c589e1a644bcdca5c2966e2c9f1b72779e18c5571bee51811,1.12.5,SOSRI,paper_common,continuation,0.01,0.05,true,high,high,false,true,28260847,1.5e-6,0.2,60.0,1500.0,Success,Success,true,true,6.55222223536905,4.562406058721691e6,2.0470226538422406e7,2.9208708370922865,3.5254822335930234e-11,3.5254822335930234e-11,859,0,1.0366668612630406e7,513859.04421618016,679.2154884533782,15.279048740137425,190.37621453791115,9.721460689612024e6,486100.9594168217,718.4943420980661,15.801874053302164,205.63500455757853
743,43,7f3bcef5a08e3ee69ec959154bc064e98543e76d,5fccb18775a1c53c589e1a644bcdca5c2966e2c9f1b72779e18c5571bee51811,1.12.5,SOSRI,paper_common,continuation,0.01,0.05,true,high,high,false,true,28260848,1.5e-6,0.2,60.0,1500.0,Success,Success,true,true,3.90884546089858,4.7514373536883015e6,2.302862545235675e7,2.9208708370922665,7.593427596801178e-11,7.593427596801178e-11,955,0,9.58358999721742e6,433466.22303033894,789.967627916736,18.822760906173908,233.03356987033877,9.721460689611802e6,486100.9594168072,718.4943420980869,15.801874050187942,205.63500457215997
744,44,7f3bcef5a08e3ee69ec959154bc064e98543e76d,5fccb18775a1c53c589e1a644bcdca5c2966e2c9f1b72779e18c5571bee51811,1.12.5,SOSRI,paper_common,continuation,0.01,0.05,true,high,high,false,true,28260849,1.5e-6,0.2,60.0,1500.0,Success,Success,true,true,5.2528030922063405,4.752277568967302e6,2.076923037640413e7,2.920870837092259,2.8507883067783234e-11,2.8507883067783234e-11,829,0,1.1300750685883353e7,579536.175322599,597.0956057128416,12.993222512550648,167.13244173131454,9.721460689612024e6,486100.9594168217,718.4943420980655,15.801874053820478,205.63500455522512
745,45,7f3bcef5a08e3ee69ec959154bc064e98543e76d,5fccb18775a1c53c589e1a644bcdca5c2966e2c9f1b72779e18c5571bee51811,1.12.5,SOSRI,paper_common,continuation,0.01,0.05,true,high,high,false,true,28260850,1.5e-6,0.2,60.0,1500.0,Success,Success,true,true,7.1432629169482675,3.194500168972197e6,1.9497060256297246e7,2.920870837092288,1.769854302657377e-11,1.769854302657377e-11,742,0,5.448184263616779e6,241603.15769609614,1440.132797280294,34.69176653156766,429.4837264112237,9.721460689611796e6,486100.9594168072,718.4943420980874,15.80187405464599,205.63500455127834
746,46,7f3bcef5a08e3ee69ec959154bc064e98543e76d,5fccb18775a1c53c589e1a644bcdca5c2966e2c9f1b72779e18c5571bee51811,1.12.5,SOSRI,paper_common,continuation,0.01,0.05,true,high,high,false,true,28260851,1.5e-6,0.2,60.0,1500.0,Success,Success,true,true,2.797296979754085,4.958302719050758e6,2.70613099845339e7,2.9208708370923,1.7719081126637456e-11,1.7719081126637456e-11,1146,0,7.349174542797392e6,363793.02786797466,931.4821586870099,20.208125883118498,275.7860325252316,9.721460689611796e6,486100.9594168072,718.4943420980874,15.801874054643676,205.63500455125867
747,47,7f3bcef5a08e3ee69ec959154bc064e98543e76d,5fccb18775a1c53c589e1a644bcdca5c2966e2c9f1b72779e18c5571bee51811,1.12.5,SOSRI,paper_common,continuation,0.01,0.05,true,high,high,false,true,28260852,1.5e-6,0.2,60.0,1500.0,Success,Success,true,true,14.047875027189935,4.164101416728745e6,1.234877794425945e7,2.9208708370923073,2.1352949471692027e-11,2.1352949471692027e-11,524,0,7.069494563541364e6,304519.1962188325,1232.695299115421,32.059633063503455,343.1718490403961,9.721460689611796e6,486100.9594168072,718.4943420980873,15.801874054365003,205.6350045525437
748,48,7f3bcef5a08e3ee69ec959154bc064e98543e76d,5fccb18775a1c53c589e1a644bcdca5c2966e2c9f1b72779e18c5571bee51811,1.12.5,SOSRI,paper_common,continuation,0.01,0.05,true,high,high,false,true,28260853,1.5e-6,0.2,60.0,1500.0,Success,Success,true,true,13.911892831670178,4.486003593651195e6,1.2660943685633916e7,2.9208708370923318,1.7849018885887996e-11,1.7849018885887996e-11,675,0,9.028956182109196e6,440662.43406239746,735.8817637983907,16.170612217952087,218.43146000272418,9.721460689611796e6,486100.9594168072,718.494342098087,15.801874054631854,205.63500455123648
749,49,7f3bcef5a08e3ee69ec959154bc064e98543e76d,5fccb18775a1c53c589e1a644bcdca5c2966e2c9f1b72779e18c5571bee51811,1.12.5,SOSRI,paper_common,continuation,0.01,0.05,true,high,high,false,true,28260854,1.5e-6,0.2,60.0,1500.0,Success,Success,true,true,9.233484968708208,5.852975275310464e6,1.5386648415485574e7,2.920870837092206,3.482792511909836e-11,3.482792511909836e-11,792,0,1.1184988541352987e7,564855.8668143305,622.6300688962589,13.705677587816938,175.33186931152952,9.721460689612024e6,486100.9594168217,718.4943420980655,15.801874053339713,205.63500455760038
750,50,7f3bcef5a08e3ee69ec959154bc064e98543e76d,5fccb18775a1c53c589e1a644bcdca5c2966e2c9f1b72779e18c5571bee51811,1.12.5,SOSRI,paper_common,continuation,0.01,0.05,true,high,high,false,true,28260855,1.5e-6,0.2,60.0,1500.0,Success,Success,true,true,5.090136316316622,2.5588925512149087e6,2.1410734653484635e7,2.9208708370923544,3.306650513963084e-11,3.306650513963084e-11,672,0,8.688572004989013e6,382082.3787559456,893.8758990408782,22.214198017016937,258.4592241394016,9.721460689611798e6,486100.9594168072,718.4943420980871,15.801874053465257,205.63500455663225
751,51,7f3bcef5a08e3ee69ec959154bc064e98543e76d,5fccb18775a1c53c589e1a644bcdca5c2966e2c9f1b72779e18c5571bee51811,1.12.5,SOSRI,paper_common,continuation,0.01,0.05,true,high,high,false,true,28260856,1.5e-6,0.2,60.0,1500.0,Success,Success,true,true,12.139854853707488,4.1805540550743616e6,1.2149935158927934e7,2.920870837092305,2.522126092851966e-11,2.522126092851966e-11,555,0,6.65180669088305e6,277389.1654346469,1190.1370634614468,31.32200726680164,342.02240146951203,9.721460689611796e6,486100.9594168072,718.4943420980873,15.801874054068923,205.6350045539325
752,52,7f3bcef5a08e3ee69ec959154bc064e98543e76d,5fccb18775a1c53c589e1a644bcdca5c2966e2c9f1b72779e18c5571bee51811,1.12.5,SOSRI,paper_common,continuation,0.01,0.05,true,high,high,false,true,28260857,1.5e-6,0.2,60.0,1500.0,Success,Success,true,true,14.76474839212227,3.9140029351968504e6,1.0594451650778903e7,2.920870837092282,5.312318002373094e-11,5.312318002373094e-11,509,0,4.678406015815759e6,174328.89754508357,2191.848863183521,65.21844524418908,620.7342034390259,9.7214606896118e6,486100.9594168072,718.4943420980869,15.801874051933723,205.63500456396432
753,53,7f3bcef5a08e3ee69ec959154bc064e98543e76d,5fccb18775a1c53c589e1a644bcdca5c2966e2c9f1b72779e18c5571bee51811,1.12.5,SOSRI,paper_common,continuation,0.01,0.05,true,high,high,false,true,28260858,1.5e-6,0.2,60.0,1500.0,Success,Success,true,true,6.061526014368875,5.287285439166519e6,1.895173032521286e7,2.9208708370922856,2.0845858229299533e-11,2.0845858229299533e-11,848,0,1.0292963665588994e7,543216.3139440218,677.1995868764061,14.237319911429747,191.16998113065466,9.721460689612022e6,486100.9594168216,718.4943420980661,15.80187405440557,205.6350045524254
754,54,7f3bcef5a08e3ee69ec959154bc064e98543e76d,5fccb18775a1c53c589e1a644bcdca5c2966e2c9f1b72779e18c5571bee51811,1.12.5,SOSRI,paper_common,continuation,0.01,0.05,true,high,high,false,true,28260859,1.5e-6,0.2,60.0,1500.0,Success,Success,true,true,9.562545555438748,2.3344296508999243e6,1.4987953094273055e7,2.9208708370924445,4.766422846754489e-11,4.766422846754489e-11,557,0,9.944485936855389e6,483577.30194724636,681.2804858186973,15.184994828585062,199.24340493855055,9.721460689612025e6,486100.9594168217,718.4943420980654,15.801874052342605,205.63500456167665
755,55,7f3bcef5a08e3ee69ec959154bc064e98543e76d,5fccb18775a1c53c589e1a644bcdca5c2966e2c9f1b72779e18c5571bee51811,1.12.5,SOSRI,paper_common,continuation,0.01,0.05,true,high,high,false,true,28260860,1.5e-6,0.2,60.0,1500.0,Success,Success,true,true,4.757606804286402,2.934914152898617e6,2.0521406117860764e7,2.9208708370922434,2.313179636806536e-11,2.313179636806536e-11,925,1,1.2533642913984742e7,783265.2031416736,446.9578152444038,7.785861946449111,129.76767525379668,9.721460689612022e6,486100.9594168217,718.4943420980655,15.801874054233087,205.63500455333534
756,56,7f3bcef5a08e3ee69ec959154bc064e98543e76d,5fccb18775a1c53c589e1a644bcdca5c2966e2c9f1b72779e18c5571bee51811,1.12.5,SOSRI,paper_common,continuation,0.01,0.05,true,high,high,false,true,28260861,1.5e-6,0.2,60.0,1500.0,Success,Success,true,true,15.229210300201197,3.051795786414736e6,9.837904320978824e6,2.9208708370922807,2.3683682051250293e-11,2.3683682051250293e-11,494,0,4.908849568314291e6,196000.86392867038,1743.0420068525864,47.10000635776564,513.2304360183306,9.721460689611796e6,486100.9594168072,718.4943420980876,15.801874054188117,205.63500455343527
757,57,7f3bcef5a08e3ee69ec959154bc064e98543e76d,5fccb18775a1c53c589e1a644bcdca5c2966e2c9f1b72779e18c5571bee51811,1.12.5,SOSRI,paper_common,continuation,0.01,0.05,true,high,high,false,true,28260862,1.5e-6,0.2,60.0,1500.0,Success,Success,true,true,11.441260673597196,2.763422318591239e6,1.3588399899105042e7,2.920870837092306,2.071832582673661e-11,2.071832582673661e-11,548,0,7.683461241075079e6,323029.1935800104,1298.6775277377626,35.48152302724292,347.39617658432354,9.721460689611796e6,486100.9594168072,718.4943420980875,15.801874054413688,205.6350045523199
758,58,7f3bcef5a08e3ee69ec959154bc064e98543e76d,5fccb18775a1c53c589e1a644bcdca5c2966e2c9f1b72779e18c5571bee51811,1.12.5,SOSRI,paper_common,continuation,0.01,0.05,true,high,high,false,true,28260863,1.5e-6,0.2,60.0,1500.0,Success,Success,true,true,2.1795997708461616,4.0378085737030194e6,3.1611515641422488e7,2.920870837092137,4.01246785238978e-11,4.01246785238978e-11,839,2,2.739287240596738e7,2.1756459719212158e6,161.75383754862887,2.231481093932875,46.52160340921189,9.721460689612025e6,486100.9594168217,718.4943420980655,15.801874052938336,205.63500455964538
759,59,7f3bcef5a08e3ee69ec959154bc064e98543e76d,5fccb18775a1c53c589e1a644bcdca5c2966e2c9f1b72779e18c5571bee51811,1.12.5,SOSRI,paper_common,continuation,0.01,0.05,true,high,high,false,true,28260864,1.5e-6,0.2,60.0,1500.0,Success,Success,true,true,10.089989149710691,3.455212673921807e6,1.5226599433878195e7,2.920870837092314,1.0642449964006341e-10,1.0642449964006341e-10,672,0,6.032351318798039e6,264594.29877808486,1397.4431860143172,35.971879956928376,383.92126485111265,9.721460689611806e6,486100.9594168072,718.4943420980873,15.801874047850326,205.63500458296468
760,60,7f3bcef5a08e3ee69ec959154bc064e98543e76d,5fccb18775a1c53c589e1a644bcdca5c2966e2c9f1b72779e18c5571bee51811,1.12.5,SOSRI,paper_common,continuation,0.01,0.05,true,high,high,false,true,28260865,1.5e-6,0.2,60.0,1500.0,Success,Success,true,true,8.148309394111124,1.9122389080027589e6,1.7042843002729505e7,2.9208708370922762,3.358322072607957e-11,3.358322072607957e-11,520,0,4.238562088595855e6,156215.4472782244,1941.0564275141824,56.89330082689039,571.3469472653367,9.721460689611798e6,486100.9594168072,718.4943420980868,15.801874053430337,205.63500455698673
761,61,7f3bcef5a08e3ee69ec959154bc064e98543e76d,5fccb18775a1c53c589e1a644bcdca5c2966e2c9f1b72779e18c5571bee51811,1.12.5,SOSRI,paper_common,continuation,0.01,0.05,true,high,high,false,true,28260866,1.5e-6,0.2,60.0,1500.0,Success,Success,true,true,12.854676199350854,2.383073247111865e6,1.1678877752085008e7,2.920870837092345,5.799824506294714e-11,5.799824506294714e-11,511,0,7.6137398737463355e6,333965.08525288984,1014.6699974408289,25.38659673510826,291.51065158691637,9.7214606896118e6,486100.9594168072,718.4943420980869,15.801874051556664,205.63500456557188
762,62,7f3bcef5a08e3ee69ec959154bc064e98543e76d,5fccb18775a1c53c589e1a644bcdca5c2966e2c9f1b72779e18c5571bee51811,1.12.5,SOSRI,paper_common,continuation,0.01,0.05,true,high,high,false,true,28260867,1.5e-6,0.2,60.0,1500.0,Success,Success,true,true,7.929364323966929,5.01220936201826e6,1.644149642411797e7,2.920870837092385,1.785774594965692e-11,1.785774594965692e-11,837,0,9.479228301143939e6,488106.09734307165,720.2494021528776,15.334072662973874,207.04985560320773,9.721460689611796e6,486100.95941680716,718.4943420980869,15.801874054628112,205.63500455112484
763,63,7f3bcef5a08e3ee69ec959154bc064e98543e76d,5fccb18775a1c53c589e1a644bcdca5c2966e2c9f1b72779e18c5571bee51811,1.12.5,SOSRI,paper_common,continuation,0.01,0.05,true,high,high,false,true,28260868,1.5e-6,0.2,60.0,1500.0,Success,Success,true,true,9.69570337366605,3.8508564143176163e6,1.4730487326540018e7,2.920870837092168,9.950283280621501e-11,9.950283280621501e-11,721,0,1.0745326131681006e7,527776.2380196376,651.0473613443512,14.647516599209698,185.03703071704894,9.721460689612031e6,486100.9594168217,718.4943420980653,15.801874048389568,205.63500458082152
764,64,7f3bcef5a08e3ee69ec959154bc064e98543e76d,5fccb18775a1c53c589e1a644bcdca5c2966e2c9f1b72779e18c5571bee51811,1.12.5,SOSRI,paper_common,continuation,0.01,0.05,true,high,high,false,true,28260869,1.5e-6,0.2,60.0,1500.0,Success,Success,true,true,6.058285560035232,2.42821607587026e6,2.1122428744986124e7,2.9208708370923135,5.698972953410879e-11,5.698972953410879e-11,678,0,6.278908406120039e6,262800.42417539115,1344.2249397859462,35.76024536113529,377.8422613729339,9.7214606896118e6,486100.95941680716,718.4943420980873,15.801874051635775,205.63500456527967
765,65,7f3bcef5a08e3ee69ec959154bc064e98543e76d,5fccb18775a1c53c589e1a644bcdca5c2966e2c9f1b72779e18c5571bee51811,1.12.5,SOSRI,paper_common,continuation,0.01,0.05,true,high,high,false,true,28260870,1.5e-6,0.2,60.0,1500.0,Success,Success,true,true,8.26418144884527,3.513136460604449e6,1.734320901370304e7,2.920870837092295,2.10939324597698e-11,2.10939324597698e-11,670,0,6.494907678403842e6,262064.74534000797,1395.8033089502621,37.56415648752741,407.5387364583057,9.721460689611796e6,486100.9594168072,718.4943420980874,15.801874054385573,205.63500455247785
766,66,7f3bcef5a08e3ee69ec959154bc064e98543e76d,5fccb18775a1c53c589e1a644bcdca5c2966e2c9f1b72779e18c5571bee51811,1.12.5,SOSRI,paper_common,continuation,0.01,0.05,true,high,high,false,true,28260871,1.5e-6,0.2,60.0,1500.0,Success,Success,true,true,6.7508135338235,3.6282235961035676e6,2.01514667152483e7,2.9208708370923766,1.9252761400890243e-11,1.9252761400890243e-11,712,0,9.388137516016494e6,496617.546444914,703.3032828514606,14.931512351271063,194.80697263557792,9.721460689611796e6,486100.9594168072,718.4943420980871,15.801874054521763,205.635004551642
767,67,7f3bcef5a08e3ee69ec959154bc064e98543e76d,5fccb18775a1c53c589e1a644bcdca5c2966e2c9f1b72779e18c5571bee51811,1.12.5,SOSRI,paper_common,continuation,0.01,0.05,true,high,high,false,true,28260872,1.5e-6,0.2,60.0,1500.0,Success,Success,true,true,12.13897685073546,3.6753024886346445e6,1.2724671884638624e7,2.9208708370922776,4.168776432799222e-11,4.168776432799222e-11,491,0,4.2637471093447e6,176232.8362600648,1969.9337501247312,50.36488427518796,596.0937214990267,9.721460689611798e6,486100.9594168072,718.4943420980868,15.801874052809664,205.63500455988347
768,68,7f3bcef5a08e3ee69ec959154bc064e98543e76d,5fccb18775a1c53c589e1a644bcdca5c2966e2c9f1b72779e18c5571bee51811,1.12.5,SOSRI,paper_common,continuation,0.01,0.05,true,high,high,false,true,28260873,1.5e-6,0.2,60.0,1500.0,Success,Success,true,true,11.22191966075803,3.175303105082985e6,1.3070538779849926e7,2.920870837092284,5.7815464382411884e-11,5.7815464382411884e-11,599,0,4.527158553729429e6,173977.32880762202,1731.1453383009466,48.72616147237118,508.25072817116705,9.7214606896118e6,486100.95941680716,718.4943420980873,15.801874051574332,205.63500456563997
769,69,7f3bcef5a08e3ee69ec959154bc064e98543e76d,5fccb18775a1c53c589e1a644bcdca5c2966e2c9f1b72779e18c5571bee51811,1.12.5,SOSRI,paper_common,continuation,0.01,0.05,true,high,high,false,true,28260874,1.5e-6,0.2,60.0,1500.0,Success,Success,true,true,7.725216635250005,5.142649889092719e6,1.677752536548642e7,2.920870837092236,1.0876043769499141e-10,1.0876043769499141e-10,860,0,1.0264243984827252e7,530105.9543968078,667.9785877655792,14.548272597999393,184.62702188328782,9.721460689612033e6,486100.9594168217,718.4943420980659,15.80187404767659,205.63500458398642
770,70,7f3bcef5a08e3ee69ec959154bc064e98543e76d,5fccb18775a1c53c589e1a644bcdca5c2966e2c9f1b72779e18c5571bee51811,1.12.5,SOSRI,paper_common,continuation,0.01,0.05,true,high,high,false,true,28260875,1.5e-6,0.2,60.0,1500.0,Success,Success,true,true,10.814066769322103,4.2649647759475345e6,1.4136999039914709e7,2.9208708370922682,2.0986538865028883e-11,2.0986538865028883e-11,645,0,1.0541485402131245e7,478250.92932162795,752.093721670685,18.175349995520783,216.41295927301798,9.721460689612022e6,486100.9594168217,718.4943420980655,15.801874054395874,205.63500455251463
771,71,7f3bcef5a08e3ee69ec959154bc064e98543e76d,5fccb18775a1c53c589e1a644bcdca5c2966e2c9f1b72779e18c5571bee51811,1.12.5,SOSRI,paper_common,continuation,0.01,0.05,true,high,high,false,true,28260876,1.5e-6,0.2,60.0,1500.0,Success,Success,true,true,6.605450543285855,2.9714487191347047e6,1.9445862880740885e7,2.9208708370923104,1.8349800809641502e-11,1.8349800809641502e-11,720,0,9.504417808123436e6,416902.9256336222,897.9155111706496,23.47510102842383,240.83661620951227,9.721460689611796e6,486100.9594168072,718.4943420980875,15.80187405459479,205.63500455146286
772,72,7f3bcef5a08e3ee69ec959154bc064e98543e76d,5fccb18775a1c53c589e1a644bcdca5c2966e2c9f1b72779e18c5571bee51811,1.12.5,SOSRI,paper_common,continuation,0.01,0.05,true,high,high,false,true,28260877,1.5e-6,0.2,60.0,1500.0,Success,Success,true,true,9.810216698006354,2.1457857539779446e6,1.4453718551996462e7,2.9208708370922594,1.0795041000293578e-10,1.0795041000293578e-10,570,0,4.0700182963773217e6,134832.6954508627,2661.293801885203,85.77890655677575,798.4955631477812,9.721460689611806e6,486100.9594168072,718.4943420980876,15.801874047736767,205.63500458362975
773,73,7f3bcef5a08e3ee69ec959154bc064e98543e76d,5fccb18775a1c53c589e1a644bcdca5c2966e2c9f1b72779e18c5571bee51811,1.12.5,SOSRI,paper_common,continuation,0.01,0.05,true,high,high,false,true,28260878,1.5e-6,0.2,60.0,1500.0,Success,Success,true,true,8.59358381227165,4.120446217707164e6,1.6004688743117968e7,2.9208708370922776,2.3026846638620642e-11,2.3026846638620642e-11,682,0,4.785064688815149e6,201043.2310292859,1972.112685778446,54.303763279047686,520.0006517798593,9.721460689611796e6,486100.9594168072,718.4943420980878,15.80187405423861,205.6350045532074
774,74,7f3bcef5a08e3ee69ec959154bc064e98543e76d,5fccb18775a1c53c589e1a644bcdca5c2966e2c9f1b72779e18c5571bee51811,1.12.5,SOSRI,paper_common,continuation,0.01,0.05,true,high,high,false,true,28260879,1.5e-6,0.2,60.0,1500.0,Success,Success,true,true,5.619268197622143,4.945447027935768e6,2.0590976511838697e7,2.9208708370921985,2.8476053076267582e-11,2.8476053076267582e-11,706,2,2.0445375886463296e7,1.1560162440063495e6,292.6313177531212,5.619268197622143,85.34495536986255,9.721460689612024e6,486100.9594168217,718.4943420980658,15.80187405382656,205.63500455534384
775,75,7f3bcef5a08e3ee69ec959154bc064e98543e76d,5fccb18775a1c53c589e1a644bcdca5c2966e2c9f1b72779e18c5571bee51811,1.12.5,SOSRI,paper_common,continuation,0.01,0.05,true,high,high,false,true,28260880,1.5e-6,0.2,60.0,1500.0,Success,Success,true,true,15.801874056001509,2.5306451770565948e6,9.724037711506505e6,2.9208708370923255,1.7569440211887914e-11,1.7569440211887914e-11,465,0,9.434723135765355e6,420648.1324498496,814.924929295898,19.840739147739598,237.95420210739692,9.721460689611796e6,486100.9594168072,718.4943420980871,15.80187405465366,205.635004551151
776,76,7f3bcef5a08e3ee69ec959154bc064e98543e76d,5fccb18775a1c53c589e1a644bcdca5c2966e2c9f1b72779e18c5571bee51811,1.12.5,SOSRI,paper_common,continuation,0.01,0.05,true,high,high,false,true,28260881,1.5e-6,0.2,60.0,1500.0,Success,Success,true,true,7.1366561041544045,4.249058906470389e6,1.761835856174142e7,2.9208708370921292,6.437679563726599e-11,6.437679563726599e-11,892,1,1.3502707141074898e7,719014.3255596366,489.71920083278627,10.230077846425138,137.75657700562124,9.721460689612027e6,486100.9594168217,718.4943420980654,15.801874051081679,205.6350045683387
777,77,7f3bcef5a08e3ee69ec959154bc064e98543e76d,5fccb18775a1c53c589e1a644bcdca5c2966e2c9f1b72779e18c5571bee51811,1.12.5,SOSRI,paper_common,continuation,0.01,0.05,true,high,high,false,true,28260882,1.5e-6,0.2,60.0,1500.0,Success,Success,true,true,3.510112353906309,2.93568470752439e6,2.272367195326242e7,2.9208708370922754,1.865332283536368e-11,1.865332283536368e-11,964,0,3.826428876630122e6,143087.91971311808,2690.8676068445457,79.19812410005399,769.374240978662,9.721460689611796e6,486100.9594168072,718.4943420980871,15.801874054573634,205.63500455164728
778,78,7f3bcef5a08e3ee69ec959154bc064e98543e76d,5fccb18775a1c53c589e1a644bcdca5c2966e2c9f1b72779e18c5571bee51811,1.12.5,SOSRI,paper_common,continuation,0.01,0.05,true,high,high,false,true,28260883,1.5e-6,0.2,60.0,1500.0,Success,Success,true,true,7.210552385675408,3.0127591673876466e6,1.7673746350244634e7,2.9208708370922847,2.8618294097209986e-11,2.8618294097209986e-11,790,0,4.728891279424107e6,171096.39867126153,2082.850910235549,63.11265829513794,600.524103173254,9.721460689611796e6,486100.95941680716,718.4943420980873,15.801874053809994,205.63500455519136
779,79,7f3bcef5a08e3ee69ec959154bc064e98543e76d,5fccb18775a1c53c589e1a644bcdca5c2966e2c9f1b72779e18c5571bee51811,1.12.5,SOSRI,paper_common,continuation,0.01,0.05,true,high,high,false,true,28260884,1.5e-6,0.2,60.0,1500.0,Success,Success,true,true,8.597157639460512,5.010532325852872e6,1.6419879925261877e7,2.920870837092215,4.8311555195947344e-11,4.8311555195947344e-11,762,0,1.1768815037369017e7,540263.7230176817,659.8664583768099,16.197215486563092,182.0705227315747,9.721460689612025e6,486100.9594168216,718.4943420980657,15.801874052306673,205.6350045624053
780,80,7f3bcef5a08e3ee69ec959154bc064e98543e76d,5fccb18775a1c53c589e1a644bcdca5c2966e2c9f1b72779e18c5571bee51811,1.12.5,SOSRI,paper_common,continuation,0.01,0.05,true,high,high,false,true,28260885,1.5e-6,0.2,60.0,1500.0,Success,Success,true,true,6.949017134297742,3.461625630122807e6,1.6318609837704185e7,2.9208708370923095,4.264882912867872e-11,4.264882912867872e-11,681,0,5.889539500243474e6,218493.43400443764,1768.4156712274212,53.13888650127333,497.2037685068108,9.721460689611798e6,486100.9594168072,718.4943420980874,15.801874052734167,205.63500456015817
781,81,7f3bcef5a08e3ee69ec959154bc064e98543e76d,5fccb18775a1c53c589e1a644bcdca5c2966e2c9f1b72779e18c5571bee51811,1.12.5,SOSRI,paper_common,continuation,0.01,0.05,true,high,high,false,true,28260886,1.5e-6,0.2,60.0,1500.0,Success,Success,true,true,10.949378229676705,5.370566082609241e6,1.3847078270891428e7,2.920870837092403,4.493456874884415e-11,4.493456874884415e-11,724,0,9.528450820918025e6,450972.9641672152,816.6524247196418,19.858338426796596,217.56055023489537,9.721460689611798e6,486100.95941680716,718.494342098087,15.801874052553618,205.63500456077364
782,82,7f3bcef5a08e3ee69ec959154bc064e98543e76d,5fccb18775a1c53c589e1a644bcdca5c2966e2c9f1b72779e18c5571bee51811,1.12.5,SOSRI,paper_common,continuation,0.01,0.05,true,high,high,false,true,28260887,1.5e-6,0.2,60.0,1500.0,Success,Success,true,true,6.144977776905309,5.780210943875536e6,1.946807276898253e7,2.9208708370923055,1.853213668782285e-11,1.853213668782285e-11,1007,0,7.5094595933219595e6,398359.1588311377,818.6330857932173,16.647353273370943,240.73827177039524,9.721460689611796e6,486100.9594168072,718.4943420980875,15.801874054581118,205.63500455153863
783,83,7f3bcef5a08e3ee69ec959154bc064e98543e76d,5fccb18775a1c53c589e1a644bcdca5c2966e2c9f1b72779e18c5571bee51811,1.12.5,SOSRI,paper_common,continuation,0.01,0.05,true,high,high,false,true,28260888,1.5e-6,0.2,60.0,1500.0,Success,Success,true,true,6.658785507038458,5.169883618796412e6,1.901546527654044e7,2.9208708370923535,3.3013476988131213e-11,3.3013476988131213e-11,868,0,8.647613011160532e6,426873.80862754403,822.568075689131,18.245962144027988,236.90501829030123,9.721460689611798e6,486100.9594168072,718.4943420980871,15.80187405346936,205.63500455661483
784,84,7f3bcef5a08e3ee69ec959154bc064e98543e76d,5fccb18775a1c53c589e1a644bcdca5c2966e2c9f1b72779e18c5571bee51811,1.12.5,SOSRI,paper_common,continuation,0.01,0.05,true,high,high,false,true,28260889,1.5e-6,0.2,60.0,1500.0,Success,Success,true,true,8.146318707706117,4.377451167427058e6,1.779240874038835e7,2.920870837092771,3.610696251750148e-11,3.610696251750148e-11,702,0,9.617308559626967e6,493458.7915703762,729.4780230993672,15.854489444034812,204.3473356351326,9.721460689611794e6,486100.95941680705,718.4943420980871,15.80187405320867,205.6350045568108
785,85,7f3bcef5a08e3ee69ec959154bc064e98543e76d,5fccb18775a1c53c589e1a644bcdca5c2966e2c9f1b72779e18c5571bee51811,1.12.5,SOSRI,paper_common,continuation,0.01,0.05,true,high,high,false,true,28260890,1.5e-6,0.2,60.0,1500.0,Success,Success,true,true,4.940957578667161,7.249061691343861e6,2.1286269156091668e7,2.9208708370920795,1.0714986004909991e-10,1.0714986004909991e-10,1059,1,1.3142685535620697e7,748373.7778202941,482.38508318128135,9.460891238669193,134.81400957640545,9.721460689612033e6,486100.9594168217,718.4943420980655,15.80187404780936,205.63500458374955
786,86,7f3bcef5a08e3ee69ec959154bc064e98543e76d,5fccb18775a1c53c589e1a644bcdca5c2966e2c9f1b72779e18c5571bee51811,1.12.5,SOSRI,paper_common,continuation,0.01,0.05,true,high,high,false,true,28260891,1.5e-6,0.2,60.0,1500.0,Success,Success,true,true,7.765215766699454,3.9788539774786867e6,1.6493169427722618e7,2.9208708370922936,3.869186739808132e-11,3.869186739808132e-11,727,0,5.904836619189908e6,230561.5628287166,1388.3081151430424,38.144607175291114,412.59447439784304,9.721460689611798e6,486100.9594168072,718.4943420980873,15.80187405303811,205.63500455877679
787,87,7f3bcef5a08e3ee69ec959154bc064e98543e76d,5fccb18775a1c53c589e1a644bcdca5c2966e2c9f1b72779e18c5571bee51811,1.12.5,SOSRI,paper_common,continuation,0.01,0.05,true,high,high,false,true,28260892,1.5e-6,0.2,60.0,1500.0,Success,Success,true,true,5.126383348300273,2.879624291489795e6,2.0083318187237095e7,2.920870837092044,6.437830155833526e-11,6.437830155833526e-11,734,1,1.6219916748061297e7,979286.8506332998,371.78361476383395,6.89909670645324,103.38343696038604,9.721460689612027e6,486100.9594168217,718.4943420980655,15.801874051086747,205.63500456852313
788,88,7f3bcef5a08e3ee69ec959154bc064e98543e76d,5fccb18775a1c53c589e1a644bcdca5c2966e2c9f1b72779e18c5571bee51811,1.12.5,SOSRI,paper_common,continuation,0.01,0.05,true,high,high,false,true,28260893,1.5e-6,0.2,60.0,1500.0,Success,Success,true,true,7.383293218610834,5.847601531752406e6,1.8650156906410716e7,2.9208708370922447,2.1372033109997522e-11,2.1372033109997522e-11,876,0,1.3016096800254485e7,739066.850902948,453.5435815495835,8.538685561186018,135.19730184099748,9.721460689612022e6,486100.9594168217,718.4943420980659,15.80187405436777,205.6350045527033
789,89,7f3bcef5a08e3ee69ec959154bc064e98543e76d,5fccb18775a1c53c589e1a644bcdca5c2966e2c9f1b72779e18c5571bee51811,1.12.5,SOSRI,paper_common,continuation,0.01,0.05,true,high,high,false,true,28260894,1.5e-6,0.2,60.0,1500.0,Success,Success,true,true,12.294706865741318,4.0247422824543715e6,1.3442098801960673e7,2.9208708370922785,1.8039627819259206e-11,1.8039627819259206e-11,541,0,4.939662825928982e6,193909.25333411444,2122.7649635043667,61.1189807048775,582.72009794771,9.721460689611796e6,486100.9594168072,718.4943420980875,15.801874054620434,205.63500455142074
790,90,7f3bcef5a08e3ee69ec959154bc064e98543e76d,5fccb18775a1c53c589e1a644bcdca5c2966e2c9f1b72779e18c5571bee51811,1.12.5,SOSRI,paper_common,continuation,0.01,0.05,true,high,high,false,true,28260895,1.5e-6,0.2,60.0,1500.0,Success,Success,true,true,11.699523682107959,1.708512480236291e6,1.3372394859698132e7,2.92087083709222,8.263013058536691e-11,8.263013058536691e-11,508,0,1.0525153607424429e7,537793.9889118596,698.6124147900628,15.428457278095983,192.12740514637318,9.72146068961203e6,486100.9594168217,718.4943420980657,15.80187404967845,205.6350045746724
791,91,7f3bcef5a08e3ee69ec959154bc064e98543e76d,5fccb18775a1c53c589e1a644bcdca5c2966e2c9f1b72779e18c5571bee51811,1.12.5,SOSRI,paper_common,continuation,0.01,0.05,true,high,high,false,true,28260896,1.5e-6,0.2,60.0,1500.0,Success,Success,true,true,13.72557403031958,3.1283165580766858e6,1.2039758421226721e7,2.920870837092289,1.771966833672315e-11,1.771966833672315e-11,505,0,6.1842660943754995e6,258041.41946604065,1534.3220869283266,41.26786163595492,425.9174042161935,9.721460689611796e6,486100.9594168072,718.494342098087,15.801874054644308,205.63500455128352
792,92,7f3bcef5a08e3ee69ec959154bc064e98543e76d,5fccb18775a1c53c589e1a644bcdca5c2966e2c9f1b72779e18c5571bee51811,1.12.5,SOSRI,paper_common,continuation,0.01,0.05,true,high,high,false,true,28260897,1.5e-6,0.2,60.0,1500.0,Success,Success,true,true,13.220507349637565,3.586570901339636e6,1.2093415948770173e7,2.920870837092353,8.274268742837262e-11,8.274268742837262e-11,562,0,6.593109092299593e6,280665.30499938264,1269.3115866150258,32.1279776156035,374.4779318224259,9.721460689611804e6,486100.95941680716,718.4943420980874,15.801874049661418,205.63500457440767
793,93,7f3bcef5a08e3ee69ec959154bc064e98543e76d,5fccb18775a1c53c589e1a644bcdca5c2966e2c9f1b72779e18c5571bee51811,1.12.5,SOSRI,paper_common,continuation,0.01,0.05,true,high,high,false,true,28260898,1.5e-6,0.2,60.0,1500.0,Success,Success,true,true,9.047230851809564,3.7646934478476364e6,1.6877832450276043e7,2.920870837092308,3.6006006671879315e-11,3.6006006671879315e-11,771,0,6.392926566284291e6,295184.75721434684,1203.3250617681012,28.240878134330384,351.7300230947217,9.721460689611798e6,486100.9594168072,718.4943420980874,15.80187405324291,205.63500455778436
794,94,7f3bcef5a08e3ee69ec959154bc064e98543e76d,5fccb18775a1c53c589e1a644bcdca5c2966e2c9f1b72779e18c5571bee51811,1.12.5,SOSRI,paper_common,continuation,0.01,0.05,true,high,high,false,true,28260899,1.5e-6,0.2,60.0,1500.0,Success,Success,true,true,7.965737140533232,4.557233405888153e6,1.6625717168427093e7,2.9208708370923047,8.095899717433429e-11,8.095899717433429e-11,668,0,4.958777802745479e6,203370.44693736944,1582.2975759815959,40.63395803551921,481.5615754962301,9.721460689611802e6,486100.95941680716,718.4943420980874,15.801874049800867,205.63500457387386
795,95,7f3bcef5a08e3ee69ec959154bc064e98543e76d,5fccb18775a1c53c589e1a644bcdca5c2966e2c9f1b72779e18c5571bee51811,1.12.5,SOSRI,paper_common,continuation,0.01,0.05,true,high,high,false,true,28260900,1.5e-6,0.2,60.0,1500.0,Success,Success,true,true,4.800488676980719,5.459669746532908e6,2.2565346295213565e7,2.920870837092066,7.018954636481045e-11,7.018954636481045e-11,1159,1,1.2416151579932744e7,774219.891548716,457.55523443718135,8.173376589060075,128.34104107399568,9.721460689612027e6,486100.9594168217,718.4943420980659,15.801874050640393,205.6350045705544
796,96,7f3bcef5a08e3ee69ec959154bc064e98543e76d,5fccb18775a1c53c589e1a644bcdca5c2966e2c9f1b72779e18c5571bee51811,1.12.5,SOSRI,paper_common,continuation,0.01,0.05,true,high,high,false,true,28260901,1.5e-6,0.2,60.0,1500.0,Success,Success,true,true,6.50321395232436,4.592778475048526e6,1.7310649858438402e7,2.9208708370922474,2.2127520285826004e-11,2.2127520285826004e-11,858,1,1.2318803585048532e7,739086.4630083553,459.4850874282542,8.28457042540636,134.6502226164869,9.721460689612022e6,486100.9594168217,718.4943420980654,15.80187405430975,205.63500455296747
797,97,7f3bcef5a08e3ee69ec959154bc064e98543e76d,5fccb18775a1c53c589e1a644bcdca5c2966e2c9f1b72779e18c5571bee51811,1.12.5,SOSRI,paper_common,continuation,0.01,0.05,true,high,high,false,true,28260902,1.5e-6,0.2,60.0,1500.0,Success,Success,true,true,8.640669492614471,3.737634770676083e6,1.5734716929111104e7,2.9208708370923104,2.53200411218374e-11,2.53200411218374e-11,699,0,7.503723190944416e6,325424.03091341903,973.678678925767,23.74426825627523,294.86301050382514,9.721460689611796e6,486100.9594168072,718.4943420980868,15.801874054061035,205.63500455395595
798,98,7f3bcef5a08e3ee69ec959154bc064e98543e76d,5fccb18775a1c53c589e1a644bcdca5c2966e2c9f1b72779e18c5571bee51811,1.12.5,SOSRI,paper_common,continuation,0.01,0.05,true,high,high,false,true,28260903,1.5e-6,0.2,60.0,1500.0,Success,Success,true,true,8.282988338024067,2.9937598401625827e6,1.6623416600727148e7,2.920870837092296,1.7689220077135753e-11,1.7689220077135753e-11,521,0,6.869008620469489e6,267197.19221376843,1316.499374058566,37.53526749720462,372.8601774591895,9.721460689611796e6,486100.95941680716,718.4943420980874,15.801874054646227,205.63500455125762
799,99,7f3bcef5a08e3ee69ec959154bc064e98543e76d,5fccb18775a1c53c589e1a644bcdca5c2966e2c9f1b72779e18c5571bee51811,1.12.5,SOSRI,paper_common,continuation,0.01,0.05,true,high,high,false,true,28260904,1.5e-6,0.2,60.0,1500.0,Success,Success,true,true,8.079703985823125,3.5949801492673224e6,1.5125065974794345e7,2.920870837092303,1.761653861299921e-11,1.761653861299921e-11,729,0,7.346356249984776e6,331765.07181130745,1004.8466732983909,23.487835425637265,304.9137282965178,9.721460689611796e6,486100.9594168072,718.4943420980873,15.801874054651355,205.63500455121567
800,100,7f3bcef5a08e3ee69ec959154bc064e98543e76d,5fccb18775a1c53c589e1a644bcdca5c2966e2c9f1b72779e18c5571bee51811,1.12.5,SOSRI,paper_common,continuation,0.01,0.05,true,high,high,false,true,28260905,1.5e-6,0.2,60.0,1500.0,Success,Success,true,true,9.133409482742087,3.584938591087728e6,1.6776379525336692e7,2.92087083709228,1.759774226243893e-11,1.759774226243893e-11,551,0,4.607331876131853e6,173330.9337477656,1824.2782051347358,52.61743397527535,533.4346225976209,9.721460689611796e6,486100.9594168072,718.4943420980871,15.801874054654194,205.6350045512598
801,1,7f3bcef5a08e3ee69ec959154bc064e98543e76d,5fccb18775a1c53c589e1a644bcdca5c2966e2c9f1b72779e18c5571bee51811,1.12.5,SOSRI,paper_common,continuation,0.01,0.05,true,low,low,false,true,29260806,1.5e-6,0.25,60.0,1500.0,Success,Success,true,true,4.555123075986778,4.555123075986778,5923.321291250444,4.496048685178505e-11,2.9208708370626018,4.496048685178505e-11,20,2,599.3969702710341,618.7499852154194,251835.7392542265,325.0718216969801,145922.11919047544,473.7786393554565,523.6889308514678,225270.33150710838,163.6129811470993,138180.9244758306
802,2,7f3bcef5a08e3ee69ec959154bc064e98543e76d,5fccb18775a1c53c589e1a644bcdca5c2966e2c9f1b72779e18c5571bee51811,1.12.5,SOSRI,paper_common,continuation,0.01,0.05,true,low,low,false,true,29260807,1.5e-6,0.25,60.0,1500.0,Success,Success,true,true,25.31227816584725,25.31227816584725,10085.931847866657,7.925185047199522e-12,2.920870837091327,7.925185047199522e-12,16,1,1815.6965554660399,412.95131022432946,126524.41614717485,362.3305302024055,72345.6495150403,473.7786392670517,523.6889308413162,225270.33150577536,163.61298117396242,138180.92447348085
803,3,7f3bcef5a08e3ee69ec959154bc064e98543e76d,5fccb18775a1c53c589e1a644bcdca5c2966e2c9f1b72779e18c5571bee51811,1.12.5,SOSRI,paper_common,continuation,0.01,0.05,true,low,high,true,true,29260808,1.5e-6,0.25,60.0,1500.0,Success,Success,true,true,43.36235143746896,341.3618718412095,4.496632635790841e6,2.9208708370922456,3.897572289521748e-11,3.897572289521748e-11,16,0,2.628789599872855e6,80096.77863690832,4659.003917142529,177.0815524282805,1239.7171535576558,9.721460689611798e6,486100.9594168072,718.4943420980873,15.80187405301926,205.63500455898264
804,4,7f3bcef5a08e3ee69ec959154bc064e98543e76d,5fccb18775a1c53c589e1a644bcdca5c2966e2c9f1b72779e18c5571bee51811,1.12.5,SOSRI,paper_common,continuation,0.01,0.05,true,low,high,true,true,29260809,1.5e-6,0.25,60.0,1500.0,Success,Success,true,true,25.403479433080307,25.403479433080307,7702.507940248292,2.9208708370920555,1.8861304996345458e-11,1.8861304996345458e-11,21,0,7702.507940248292,516.2044296898449,105111.35650317355,243.893974878258,71484.20848800818,9.721460689611794e6,486100.9594168072,718.4943420980874,15.801874054571325,205.63500455219489
805,5,7f3bcef5a08e3ee69ec959154bc064e98543e76d,5fccb18775a1c53c589e1a644bcdca5c2966e2c9f1b72779e18c5571bee51811,1.12.5,SOSRI,paper_common,continuation,0.01,0.05,true,low,high,true,true,29260810,1.5e-6,0.25,60.0,1500.0,Success,Success,true,true,11.335735278182623,11.335735278182623,15559.80200514198,2.9208708370921497,2.6092867387298197e-11,2.6092867387298197e-11,18,0,13490.783917181707,453.5968850094071,51345.426313436226,263.4601364755884,34920.679893260065,9.721460689611796e6,486100.9594168072,718.4943420980871,15.801874054011586,205.6350045545803
806,6,7f3bcef5a08e3ee69ec959154bc064e98543e76d,5fccb18775a1c53c589e1a644bcdca5c2966e2c9f1b72779e18c5571bee51811,1.12.5,SOSRI,paper_common,continuation,0.01,0.05,true,low,high,true,true,29260811,1.5e-6,0.25,60.0,1500.0,Success,Success,true,true,35.78911935942629,122.21449887519353,98326.66454845249,2.9208708370919543,9.983225965370927e-11,9.983225965370927e-11,8,0,76486.27009020963,1808.1742498779945,40732.78886791147,805.8304110137021,21732.70253274222,9.721460689611804e6,486100.9594168072,718.4943420980871,15.801874048376828,205.63500458138503
807,7,7f3bcef5a08e3ee69ec959154bc064e98543e76d,5fccb18775a1c53c589e1a644bcdca5c2966e2c9f1b72779e18c5571bee51811,1.12.5,SOSRI,paper_common,continuation,0.01,0.05,true,low,high,true,true,29260812,1.5e-6,0.25,60.0,1500.0,Success,Success,true,true,55.47272086315917,294.6100942906595,875754.6119938351,2.9208708370922256,3.378543447845837e-11,3.378543447845837e-11,5,0,875754.6119938351,25921.9513778815,24185.310210431187,1116.6927325808197,4566.860834697008,9.721460689611798e6,486100.9594168072,718.4943420980875,15.801874053417892,205.6350045571685
808,8,7f3bcef5a08e3ee69ec959154bc064e98543e76d,5fccb18775a1c53c589e1a644bcdca5c2966e2c9f1b72779e18c5571bee51811,1.12.5,SOSRI,paper_common,continuation,0.01,0.05,true,low,low,false,true,29260813,1.5e-6,0.25,60.0,1500.0,Success,Success,true,true,0.00010305703252935458,0.00010305703252935458,7221.032696208649,5.428371353705783e-11,2.920870837123577,5.428371353705783e-11,14,2,0.07510232908919981,473.7346931773541,281855.05476920947,66.03866806875303,127496.93645271302,473.778639167611,523.6889308181138,225270.33150362092,163.61298119768583,138180.92446979723
809,9,7f3bcef5a08e3ee69ec959154bc064e98543e76d,5fccb18775a1c53c589e1a644bcdca5c2966e2c9f1b72779e18c5571bee51811,1.12.5,SOSRI,paper_common,continuation,0.01,0.05,true,low,high,true,true,29260814,1.5e-6,0.25,60.0,1500.0,Success,Success,true,true,43.74154079797898,398.5334307820864,503987.39207301795,2.9208708370922327,2.504457534278399e-11,2.504457534278399e-11,1,0,482561.2091898136,13716.855733078666,29859.088699630534,1243.584190193107,7693.237684057951,9.721460689611796e6,486100.95941680716,718.4943420980869,15.801874054086786,205.63500455402573
810,10,7f3bcef5a08e3ee69ec959154bc064e98543e76d,5fccb18775a1c53c589e1a644bcdca5c2966e2c9f1b72779e18c5571bee51811,1.12.5,SOSRI,paper_common,continuation,0.01,0.05,true,low,high,true,true,29260815,1.5e-6,0.25,60.0,1500.0,Success,Success,true,true,40.87862001007218,385.87343590431186,178945.89283903566,2.920870837092128,5.6477666587295616e-11,5.6477666587295616e-11,2,0,144061.7597895241,3276.2081082550785,31756.03682944252,870.5288601331972,15582.805899655921,9.7214606896118e6,486100.9594168072,718.4943420980871,15.801874051686166,205.63500456549872
811,11,7f3bcef5a08e3ee69ec959154bc064e98543e76d,5fccb18775a1c53c589e1a644bcdca5c2966e2c9f1b72779e18c5571bee51811,1.12.5,SOSRI,paper_common,continuation,0.01,0.05,true,low,low,false,true,29260816,1.5e-6,0.25,60.0,1500.0,Success,Success,true,true,5.451163721348871,5.451163721348871,1931.9596378117574,6.907973948743089e-11,2.9208708371354755,6.907973948743089e-11,18,1,184.74356833469145,393.7426907552505,161715.82166665563,73.73857567379233,95117.65468644882,473.7786391307169,523.6889307967299,225270.33150211122,163.61298119944368,138180.92446730228
812,12,7f3bcef5a08e3ee69ec959154bc064e98543e76d,5fccb18775a1c53c589e1a644bcdca5c2966e2c9f1b72779e18c5571bee51811,1.12.5,SOSRI,paper_common,continuation,0.01,0.05,true,low,high,true,true,29260817,1.5e-6,0.25,60.0,1500.0,Success,Success,true,true,43.57870218918921,347.6655337180356,903920.2080574582,2.9208708370921874,5.264560925908123e-11,5.264560925908123e-11,1,0,903920.2080574582,24449.325740235963,22321.13819922159,930.7524394207595,6230.467626043898,9.7214606896118e6,486100.9594168072,718.4943420980868,15.801874051975986,205.6350045639985
813,13,7f3bcef5a08e3ee69ec959154bc064e98543e76d,5fccb18775a1c53c589e1a644bcdca5c2966e2c9f1b72779e18c5571bee51811,1.12.5,SOSRI,paper_common,continuation,0.01,0.05,true,low,low,false,true,29260818,1.5e-6,0.25,60.0,1500.0,Success,Success,true,true,76.49974243378817,354.4214053474982,32572.238369220482,7.84127517103246e-12,2.920870837088035,7.84127517103246e-12,8,2,6403.686078386528,818.6327794087408,152666.9741535501,922.9539765536972,68855.62074230619,473.77863927721376,523.6889308443416,225270.33150603197,163.6129811718982,138180.9244739153
814,14,7f3bcef5a08e3ee69ec959154bc064e98543e76d,5fccb18775a1c53c589e1a644bcdca5c2966e2c9f1b72779e18c5571bee51811,1.12.5,SOSRI,paper_common,continuation,0.01,0.05,true,low,low,false,true,29260819,1.5e-6,0.25,60.0,1500.0,Success,Success,true,true,85.70083138093817,360.7578658603823,11844.275048132215,3.648261266394656e-11,2.920870837065966,3.648261266394656e-11,9,3,11844.275048132215,977.2543374617968,180488.76645460541,1046.447294978267,109450.26829121969,473.7786393453978,523.6889308686214,225270.3315079744,163.6129811602489,138180.9244771801
815,15,7f3bcef5a08e3ee69ec959154bc064e98543e76d,5fccb18775a1c53c589e1a644bcdca5c2966e2c9f1b72779e18c5571bee51811,1.12.5,SOSRI,paper_common,continuation,0.01,0.05,true,low,low,false,true,29260820,1.5e-6,0.25,60.0,1500.0,Success,Success,true,true,58.93151936942606,79.71157215342375,15895.930528905395,1.6318273712697717e-11,2.92087083708038,1.6318273712697717e-11,17,2,2184.277269699017,785.4063648820074,224360.5372289214,1028.0271873945444,109676.73695668607,473.7786393007044,523.6889308427066,225270.3315061452,163.6129811623744,138180.92447415684
816,16,7f3bcef5a08e3ee69ec959154bc064e98543e76d,5fccb18775a1c53c589e1a644bcdca5c2966e2c9f1b72779e18c5571bee51811,1.12.5,SOSRI,paper_common,continuation,0.01,0.05,true,low,low,false,true,29260821,1.5e-6,0.25,60.0,1500.0,Success,Success,true,true,66.94063143985565,223.58102022091444,4229.840687431153,9.298343271423425e-12,2.9208708370921963,9.298343271423425e-12,30,2,3503.9193101035044,820.8692499839594,237709.99642337827,781.7267864517717,141766.43259642614,473.7786392643909,523.6889308418016,225270.33150577912,163.61298117520712,138180.92447348006
817,17,7f3bcef5a08e3ee69ec959154bc064e98543e76d,5fccb18775a1c53c589e1a644bcdca5c2966e2c9f1b72779e18c5571bee51811,1.12.5,SOSRI,paper_common,continuation,0.01,0.05,true,low,low,false,true,29260822,1.5e-6,0.25,60.0,1500.0,Success,Success,true,true,13.930151741723723,13.930151741723723,1757.498854212262,9.973768277178304e-11,2.920870837023953,9.973768277178304e-11,25,1,145.31277480776558,264.8953099445081,105810.28974103522,36.45726209224572,64683.20271121993,473.7786394750429,523.6889309051415,225270.3315111322,163.61298113277482,138180.92448253633
818,18,7f3bcef5a08e3ee69ec959154bc064e98543e76d,5fccb18775a1c53c589e1a644bcdca5c2966e2c9f1b72779e18c5571bee51811,1.12.5,SOSRI,paper_common,continuation,0.01,0.05,true,low,high,true,true,29260823,1.5e-6,0.25,60.0,1500.0,Success,Success,true,true,25.757388099346077,410.3291728821001,7.291028597753478e6,2.9208708370922842,1.755431623347989e-11,1.755431623347989e-11,54,0,6.073653124120055e6,224005.31576690558,1264.0682257763808,33.87251150958039,417.55997945729297,9.721460689611796e6,486100.9594168072,718.4943420980873,15.801874054657235,205.63500455123403
819,19,7f3bcef5a08e3ee69ec959154bc064e98543e76d,5fccb18775a1c53c589e1a644bcdca5c2966e2c9f1b72779e18c5571bee51811,1.12.5,SOSRI,paper_common,continuation,0.01,0.05,true,low,high,true,true,29260824,1.5e-6,0.25,60.0,1500.0,Success,Success,true,true,23.769967666215486,364.5538906741857,3.3130624102271944e6,2.920870837092252,5.4653772669907444e-11,5.4653772669907444e-11,1,0,3.3130624102271944e6,99241.33679730911,4307.760324281317,163.37452794967396,1185.1311241608862,9.7214606896118e6,486100.95941680716,718.4943420980874,15.801874051818347,205.63500456457803
820,20,7f3bcef5a08e3ee69ec959154bc064e98543e76d,5fccb18775a1c53c589e1a644bcdca5c2966e2c9f1b72779e18c5571bee51811,1.12.5,SOSRI,paper_common,continuation,0.01,0.05,true,low,high,true,true,29260825,1.5e-6,0.25,60.0,1500.0,Success,Success,true,true,53.91832081551825,383.9332755851551,616232.1196795404,2.9208708370920995,1.0102167543933608e-10,1.0102167543933608e-10,0,0,513635.0524119374,13534.24562249389,23355.096456439052,990.523120377263,6755.63105886246,9.721460689611806e6,486100.9594168072,718.494342098087,15.801874048276945,205.635004581497
821,21,7f3bcef5a08e3ee69ec959154bc064e98543e76d,5fccb18775a1c53c589e1a644bcdca5c2966e2c9f1b72779e18c5571bee51811,1.12.5,SOSRI,paper_common,continuation,0.01,0.05,true,low,high,true,true,29260826,1.5e-6,0.25,60.0,1500.0,Success,Success,true,true,61.728273279884796,154.5911590558199,84965.05357565508,2.9208708370920573,5.934125450229945e-11,5.934125450229945e-11,8,0,48851.53891750291,1652.9689941416636,72895.54933643217,1085.1392868874955,33741.58054150566,9.7214606896118e6,486100.9594168072,718.4943420980869,15.8018740514712,205.63500456667626
822,22,7f3bcef5a08e3ee69ec959154bc064e98543e76d,5fccb18775a1c53c589e1a644bcdca5c2966e2c9f1b72779e18c5571bee51811,1.12.5,SOSRI,paper_common,continuation,0.01,0.05,true,low,high,true,true,29260827,1.5e-6,0.25,60.0,1500.0,Success,Success,true,true,8.719322758351897,8.719322758351897,35510.91047758872,2.9208708370918965,8.781470386769213e-11,8.781470386769213e-11,8,0,35510.91047758872,1269.8759482596424,93360.68829882062,1101.607944540338,56657.352849023824,9.721460689611802e6,486100.95941680716,718.4943420980871,15.801874049300624,205.63500457721017
823,23,7f3bcef5a08e3ee69ec959154bc064e98543e76d,5fccb18775a1c53c589e1a644bcdca5c2966e2c9f1b72779e18c5571bee51811,1.12.5,SOSRI,paper_common,continuation,0.01,0.05,true,low,high,true,true,29260828,1.5e-6,0.25,60.0,1500.0,Success,Success,true,true,76.40128765590715,313.24305659499555,163837.15255652627,2.920870837092155,4.526177189266736e-11,4.526177189266736e-11,9,0,121950.4379150324,3755.0779674184664,51648.30356085204,1614.6410369205737,18714.332652143352,9.721460689611798e6,486100.95941680716,718.4943420980869,15.801874052543372,205.63500456142708
824,24,7f3bcef5a08e3ee69ec959154bc064e98543e76d,5fccb18775a1c53c589e1a644bcdca5c2966e2c9f1b72779e18c5571bee51811,1.12.5,SOSRI,paper_common,continuation,0.01,0.05,true,low,low,false,true,29260829,1.5e-6,0.25,60.0,1500.0,Success,Success,true,true,0.9132059061102245,0.9132059061102245,3459.4038889053254,1.3227766283541564e-11,2.920870837085547,1.3227766283541564e-11,17,1,4.670087790853124,221.6545258544255,97884.06764061107,33.22525966839681,52805.14742814882,473.77863928501284,523.6889308540682,225270.33150664048,163.61298117439728,138180.92447490216
825,25,7f3bcef5a08e3ee69ec959154bc064e98543e76d,5fccb18775a1c53c589e1a644bcdca5c2966e2c9f1b72779e18c5571bee51811,1.12.5,SOSRI,paper_common,continuation,0.01,0.05,true,low,low,false,true,29260830,1.5e-6,0.25,60.0,1500.0,Success,Success,true,true,0.011615311596104183,0.011615311596104183,1446.0974133833977,4.2288827981817326e-10,2.9208708373676413,4.2288827981817326e-10,21,2,1446.0974133833977,514.575647498975,153111.6955152525,42.14940970146698,102578.06110090694,473.77863841418286,523.6889305885139,225270.3314843064,163.61298134776274,138180.92443713598
826,26,7f3bcef5a08e3ee69ec959154bc064e98543e76d,5fccb18775a1c53c589e1a644bcdca5c2966e2c9f1b72779e18c5571bee51811,1.12.5,SOSRI,paper_common,continuation,0.01,0.05,true,low,high,true,true,29260831,1.5e-6,0.25,60.0,1500.0,Success,Success,true,true,70.09463629462513,322.5630845231391,135088.2744669442,2.9208708370921754,3.8546687541948354e-11,3.8546687541948354e-11,6,0,113100.82335770004,3168.238840886088,45572.88800811374,1351.167552606282,18294.261315084932,9.721460689611798e6,486100.95941680716,718.4943420980869,15.80187405305634,205.6350045589804
827,27,7f3bcef5a08e3ee69ec959154bc064e98543e76d,5fccb18775a1c53c589e1a644bcdca5c2966e2c9f1b72779e18c5571bee51811,1.12.5,SOSRI,paper_common,continuation,0.01,0.05,true,low,high,true,true,29260832,1.5e-6,0.25,60.0,1500.0,Success,Success,true,true,17.85729988557312,17.85729988557312,67718.54960630747,2.9208708370921768,2.6730276294066574e-11,2.6730276294066574e-11,5,0,45581.048669852404,1358.370920788588,54477.62974870304,983.9790518885668,29648.232563788886,9.721460689611796e6,486100.9594168072,718.494342098087,15.801874053961125,205.63500455475037
828,28,7f3bcef5a08e3ee69ec959154bc064e98543e76d,5fccb18775a1c53c589e1a644bcdca5c2966e2c9f1b72779e18c5571bee51811,1.12.5,SOSRI,paper_common,continuation,0.01,0.05,true,low,low,false,true,29260833,1.5e-6,0.25,60.0,1500.0,Success,Success,true,true,55.83520728506515,84.05371258207443,6841.592754761588,2.1300470485732213e-10,2.920870837227152,2.1300470485732213e-10,16,2,606.0743008663543,492.8331260064032,187787.24366210733,124.34440990992421,113824.95343205568,473.77863884805345,523.6889307316624,225270.33149603658,163.61298126736577,138180.92445690976
829,29,7f3bcef5a08e3ee69ec959154bc064e98543e76d,5fccb18775a1c53c589e1a644bcdca5c2966e2c9f1b72779e18c5571bee51811,1.12.5,SOSRI,paper_common,continuation,0.01,0.05,true,low,low,false,true,29260834,1.5e-6,0.25,60.0,1500.0,Success,Success,true,true,1.480476050737522,1.480476050737522,2382.396073655381,5.338357862937856e-11,2.920870837055689,5.338357862937856e-11,11,2,2382.396073655381,661.7270359663366,211302.51405879273,174.1071295502695,136410.62887334288,473.7786393769235,523.6889308659839,225270.33150810222,163.61298114721518,138180.92447746574
830,30,7f3bcef5a08e3ee69ec959154bc064e98543e76d,5fccb18775a1c53c589e1a644bcdca5c2966e2c9f1b72779e18c5571bee51811,1.12.5,SOSRI,paper_common,continuation,0.01,0.05,true,low,low,false,true,29260835,1.5e-6,0.25,60.0,1500.0,Success,Success,true,true,47.12347796475716,96.98587256032175,12816.644104684245,8.606955670075587e-11,2.9208708370347387,8.606955670075587e-11,12,3,614.2491627274871,553.7619215077495,200855.54722311138,518.6741953573164,96535.85704854845,473.77863944152347,523.6889308811269,225270.33150950554,163.61298113184384,138180.92447986477
831,31,7f3bcef5a08e3ee69ec959154bc064e98543e76d,5fccb18775a1c53c589e1a644bcdca5c2966e2c9f1b72779e18c5571bee51811,1.12.5,SOSRI,paper_common,continuation,0.01,0.05,true,low,high,true,true,29260836,1.5e-6,0.25,60.0,1500.0,Success,Success,true,true,58.40473977203702,392.37929676117903,242059.59053920442,2.920870837092087,8.471540498481441e-11,8.471540498481441e-11,5,0,242059.59053920442,7600.699350717352,51456.57490516081,1877.6611718202232,14163.848181948137,9.721460689611802e6,486100.95941680716,718.4943420980868,15.801874049526338,205.63500457568972
832,32,7f3bcef5a08e3ee69ec959154bc064e98543e76d,5fccb18775a1c53c589e1a644bcdca5c2966e2c9f1b72779e18c5571bee51811,1.12.5,SOSRI,paper_common,continuation,0.01,0.05,true,low,high,true,true,29260837,1.5e-6,0.25,60.0,1500.0,Success,Success,true,true,23.52640672139304,56.10125820418259,31126.312911341825,2.9208708370920093,2.503586098711101e-11,2.503586098711101e-11,24,0,30668.339210971648,2286.921372418772,207111.92479531307,2755.597425338381,103182.19225930348,9.721460689611796e6,486100.9594168072,718.494342098087,15.801874054101333,205.63500455450426
833,33,7f3bcef5a08e3ee69ec959154bc064e98543e76d,5fccb18775a1c53c589e1a644bcdca5c2966e2c9f1b72779e18c5571bee51811,1.12.5,SOSRI,paper_common,continuation,0.01,0.05,true,low,high,true,true,29260838,1.5e-6,0.25,60.0,1500.0,Success,Success,true,true,53.89152839787071,62.28403494922293,25280.894384842293,2.9208708370920067,4.4873957672585434e-11,4.4873957672585434e-11,8,0,25280.894384842293,1024.218491055148,114546.42066342452,974.0765326904605,69634.3284011027,9.721460689611798e6,486100.9594168072,718.4943420980867,15.801874052582187,205.6350045616089
834,34,7f3bcef5a08e3ee69ec959154bc064e98543e76d,5fccb18775a1c53c589e1a644bcdca5c2966e2c9f1b72779e18c5571bee51811,1.12.5,SOSRI,paper_common,continuation,0.01,0.05,true,low,high,true,true,29260839,1.5e-6,0.25,60.0,1500.0,Success,Success,true,true,46.92777686969653,366.8508372967153,1.9843680837220356e6,2.920870837092183,1.0298229537272092e-10,1.0298229537272092e-10,1,0,1.9843680837220356e6,56070.22615000359,7904.567365196541,341.5791862446253,1929.6263565195638,9.721460689611804e6,486100.9594168072,718.4943420980867,15.801874048121746,205.6350045820166
835,35,7f3bcef5a08e3ee69ec959154bc064e98543e76d,5fccb18775a1c53c589e1a644bcdca5c2966e2c9f1b72779e18c5571bee51811,1.12.5,SOSRI,paper_common,continuation,0.01,0.05,true,low,low,false,true,29260840,1.5e-6,0.25,60.0,1500.0,Success,Success,true,true,64.80279334616911,206.47751275356697,10891.828746597988,1.2806090263378532e-11,2.9208708370824774,1.2806090263378532e-11,12,1,3857.280390822141,443.62732163492456,103215.34350962614,516.4016030624477,59326.456883494975,473.77863929428503,523.6889308443164,225270.3315061789,163.61298116561701,138180.92447419348
836,36,7f3bcef5a08e3ee69ec959154bc064e98543e76d,5fccb18775a1c53c589e1a644bcdca5c2966e2c9f1b72779e18c5571bee51811,1.12.5,SOSRI,paper_common,continuation,0.01,0.05,true,low,low,false,true,29260841,1.5e-6,0.25,60.0,1500.0,Success,Success,true,true,19.511599983624656,19.511599983624656,14778.603774640156,9.419863827133101e-12,2.9208708370903373,9.419863827133101e-12,17,2,11789.309376549743,1004.6403104317756,159351.71577020068,1216.9218940465473,90971.44672089405,473.7786392701527,523.6889308450118,225270.3315060077,163.6129811748637,138180.92447385806
837,37,7f3bcef5a08e3ee69ec959154bc064e98543e76d,5fccb18775a1c53c589e1a644bcdca5c2966e2c9f1b72779e18c5571bee51811,1.12.5,SOSRI,paper_common,continuation,0.01,0.05,true,low,low,false,true,29260842,1.5e-6,0.25,60.0,1500.0,Success,Success,true,true,2.903674858542731e-7,2.903674858542731e-7,599.524742743431,8.703625174579844e-11,2.9208708371444283,8.703625174579844e-11,7,2,409.09237762820135,473.09908289623183,185816.93344805768,33.494301519757066,113875.52203674581,473.77863910332997,523.6889308038094,225270.33150226672,163.61298121340354,138180.92446747737
838,38,7f3bcef5a08e3ee69ec959154bc064e98543e76d,5fccb18775a1c53c589e1a644bcdca5c2966e2c9f1b72779e18c5571bee51811,1.12.5,SOSRI,paper_common,continuation,0.01,0.05,true,low,low,false,true,29260843,1.5e-6,0.25,60.0,1500.0,Success,Success,true,true,7.182124993482436,7.182124993482436,12996.858626811922,4.2867872949432587e-10,2.920870837375057,4.2867872949432587e-10,9,1,2376.160059772542,413.787486740402,119636.65754863818,160.77449550068053,75349.84750883307,473.7786383908664,523.6889305551942,225270.3314822512,163.6129813379579,138180.92443381052
839,39,7f3bcef5a08e3ee69ec959154bc064e98543e76d,5fccb18775a1c53c589e1a644bcdca5c2966e2c9f1b72779e18c5571bee51811,1.12.5,SOSRI,paper_common,continuation,0.01,0.05,true,low,low,false,true,29260844,1.5e-6,0.25,60.0,1500.0,Success,Success,true,true,33.943044226735594,40.24061082118551,15742.741817015085,1.5796416855000776e-11,2.9208708370985774,1.5796416855000776e-11,17,3,5653.204845052663,601.9738296714138,122038.22903380195,720.9590679018803,68029.37339492135,473.77863924468215,523.68893083513,225270.33150523694,163.61298117876692,138180.92447256684
840,40,7f3bcef5a08e3ee69ec959154bc064e98543e76d,5fccb18775a1c53c589e1a644bcdca5c2966e2c9f1b72779e18c5571bee51811,1.12.5,SOSRI,paper_common,continuation,0.01,0.05,true,low,low,false,true,29260845,1.5e-6,0.25,60.0,1500.0,Success,Success,true,true,10.371274086630256,10.371274086630256,3384.5398498393542,7.231133167612785e-11,2.920870837042127,7.231133167612785e-11,24,2,516.890332117445,404.1050492190163,132586.10659241863,48.98775572615533,84875.92366694445,473.77863941894236,523.6889308880646,225270.3315096948,163.61298114396436,138180.92448010604
841,41,7f3bcef5a08e3ee69ec959154bc064e98543e76d,5fccb18775a1c53c589e1a644bcdca5c2966e2c9f1b72779e18c5571bee51811,1.12.5,SOSRI,paper_common,continuation,0.01,0.05,true,low,low,false,true,29260846,1.5e-6,0.25,60.0,1500.0,Success,Success,true,true,87.3195074972744,87.3195074972744,29939.80982199387,3.7998607954228613e-10,2.92087083683824,3.7998607954228613e-10,12,2,100.19949748655236,1430.2384097534498,424551.21121167357,1408.8100529751146,126691.5778735541,473.77864004842246,523.6889310848504,225270.33152610753,163.61298102130652,138180.92450783183
842,42,7f3bcef5a08e3ee69ec959154bc064e98543e76d,5fccb18775a1c53c589e1a644bcdca5c2966e2c9f1b72779e18c5571bee51811,1.12.5,SOSRI,paper_common,continuation,0.01,0.05,true,low,high,true,true,29260847,1.5e-6,0.25,60.0,1500.0,Success,Success,true,true,58.75044752469357,237.61343350635866,304081.1760561954,2.9208708370922394,1.8606040974954037e-11,1.8606040974954037e-11,5,0,304081.1760561954,13732.40255177134,98824.31594855187,3523.7059301730314,17180.50351443875,9.721460689611796e6,486100.95941680716,718.4943420980869,15.801874054579402,205.63500455170742
843,43,7f3bcef5a08e3ee69ec959154bc064e98543e76d,5fccb18775a1c53c589e1a644bcdca5c2966e2c9f1b72779e18c5571bee51811,1.12.5,SOSRI,paper_common,continuation,0.01,0.05,true,low,low,false,true,29260848,1.5e-6,0.25,60.0,1500.0,Success,Success,true,true,93.00432643148072,426.74008907231115,23951.23230620612,2.0247492639310367e-10,2.9208708369582586,2.0247492639310367e-10,11,2,4274.779403139215,1552.7604451872987,250987.79648249628,1878.7764714756504,86775.14177499061,473.77863967757355,523.6889309503041,225270.33151540378,163.61298108330416,138180.92448985417
844,44,7f3bcef5a08e3ee69ec959154bc064e98543e76d,5fccb18775a1c53c589e1a644bcdca5c2966e2c9f1b72779e18c5571bee51811,1.12.5,SOSRI,paper_common,continuation,0.01,0.05,true,low,high,true,true,29260849,1.5e-6,0.25,60.0,1500.0,Success,Success,true,true,43.120460429582366,43.120460429582366,24535.628047750368,2.9208708370920826,3.406193786779211e-11,3.406193786779211e-11,20,0,20973.98303129402,953.0466427575581,99184.45223348842,931.8730582798449,60211.449202385054,9.721460689611798e6,486100.9594168072,718.4943420980873,15.801874053405477,205.6350045575768
845,45,7f3bcef5a08e3ee69ec959154bc064e98543e76d,5fccb18775a1c53c589e1a644bcdca5c2966e2c9f1b72779e18c5571bee51811,1.12.5,SOSRI,paper_common,continuation,0.01,0.05,true,low,low,false,true,29260850,1.5e-6,0.25,60.0,1500.0,Success,Success,true,true,69.44141443727038,428.14864634750825,34304.788401700534,1.2899999139389748e-10,2.9208708371761563,1.2899999139389748e-10,6,1,5870.877433901324,2888.2277933430123,372856.4147267033,2921.0491959963388,119228.45874111574,473.7786390050126,523.6889307508193,225270.3314984661,163.61298122029254,138180.9244611816
846,46,7f3bcef5a08e3ee69ec959154bc064e98543e76d,5fccb18775a1c53c589e1a644bcdca5c2966e2c9f1b72779e18c5571bee51811,1.12.5,SOSRI,paper_common,continuation,0.01,0.05,true,low,high,true,true,29260851,1.5e-6,0.25,60.0,1500.0,Success,Success,true,true,49.197769036977846,110.36010939846523,90229.27693455208,2.9208708370921905,2.8260410734659503e-11,2.8260410734659503e-11,2,0,75628.2729868061,2186.586650316,52440.94315451214,1283.2928166836657,23586.13651672421,9.721460689611796e6,486100.9594168072,718.4943420980871,15.801874053843099,205.63500455526759
847,47,7f3bcef5a08e3ee69ec959154bc064e98543e76d,5fccb18775a1c53c589e1a644bcdca5c2966e2c9f1b72779e18c5571bee51811,1.12.5,SOSRI,paper_common,continuation,0.01,0.05,true,low,low,false,true,29260852,1.5e-6,0.25,60.0,1500.0,Success,Success,true,true,70.91906047405693,263.9751846787119,20778.456309734032,3.1505022034346665e-10,2.9208708368849843,3.1505022034346665e-10,8,2,9055.470380740253,790.7133907586809,136159.1736324487,1057.8230000891242,66895.81758509853,473.7786399036558,523.6889310121023,225270.33152080476,163.61298103435533,138180.92449902793
848,48,7f3bcef5a08e3ee69ec959154bc064e98543e76d,5fccb18775a1c53c589e1a644bcdca5c2966e2c9f1b72779e18c5571bee51811,1.12.5,SOSRI,paper_common,continuation,0.01,0.05,true,low,low,false,true,29260853,1.5e-6,0.25,60.0,1500.0,Success,Success,true,true,91.56199655242705,160.72295295822101,14131.309224546883,1.8173013385184134e-10,2.9208708372117,1.8173013385184134e-10,5,2,295.4229977173644,563.030536939662,174647.48896874153,501.38928421411197,76857.7115739675,473.7786388951936,523.6889307115207,225270.33149532665,163.6129812389497,138180.92445590594
849,49,7f3bcef5a08e3ee69ec959154bc064e98543e76d,5fccb18775a1c53c589e1a644bcdca5c2966e2c9f1b72779e18c5571bee51811,1.12.5,SOSRI,paper_common,continuation,0.01,0.05,true,low,low,false,true,29260854,1.5e-6,0.25,60.0,1500.0,Success,Success,true,true,0.876709392372373,0.876709392372373,5797.5709179679025,5.38243797932919e-10,2.920870836737521,5.38243797932919e-10,24,3,0.876709392372373,754.1644658888225,501467.1395347002,416.59397951453803,224772.9218408479,473.77864035889365,523.6889311516057,225270.33153251832,163.61298094410685,138180.9245188306
850,50,7f3bcef5a08e3ee69ec959154bc064e98543e76d,5fccb18775a1c53c589e1a644bcdca5c2966e2c9f1b72779e18c5571bee51811,1.12.5,SOSRI,paper_common,continuation,0.01,0.05,true,low,high,true,true,29260855,1.5e-6,0.25,60.0,1500.0,Success,Success,true,true,94.52475893702865,384.9754811784077,34336.143165484435,2.9208708370919116,7.912761352908161e-11,7.912761352908161e-11,15,0,34336.143165484435,1002.1872218213196,81365.48537912086,662.7017188320958,51988.02051915943,9.721460689611802e6,486100.9594168072,718.4943420980871,15.801874049964926,205.6350045740692
851,51,7f3bcef5a08e3ee69ec959154bc064e98543e76d,5fccb18775a1c53c589e1a644bcdca5c2966e2c9f1b72779e18c5571bee51811,1.12.5,SOSRI,paper_common,continuation,0.01,0.05,true,low,high,true,true,29260856,1.5e-6,0.25,60.0,1500.0,Success,Success,true,true,0.15093351525341897,0.15093351525341897,11152.025572311159,2.9208708370916985,1.0970935121401474e-10,1.0970935121401474e-10,12,0,9036.549095215556,350.0088487285793,48650.637351418,126.73124089556093,34306.79462228774,9.721460689611806e6,486100.9594168072,718.4943420980871,15.801874047636147,205.63500458547082
852,52,7f3bcef5a08e3ee69ec959154bc064e98543e76d,5fccb18775a1c53c589e1a644bcdca5c2966e2c9f1b72779e18c5571bee51811,1.12.5,SOSRI,paper_common,continuation,0.01,0.05,true,low,low,false,true,29260857,1.5e-6,0.25,60.0,1500.0,Success,Success,true,true,0.259871707321647,0.259871707321647,12415.966485597157,1.997422163421887e-10,2.9208708369585423,1.997422163421887e-10,4,4,0.28179398341750317,776.1588801361139,462132.31158822915,179.57520519871971,185817.012776651,473.7786396768758,523.6889309610864,225270.33151599695,163.61298108950507,138180.92449079466
853,53,7f3bcef5a08e3ee69ec959154bc064e98543e76d,5fccb18775a1c53c589e1a644bcdca5c2966e2c9f1b72779e18c5571bee51811,1.12.5,SOSRI,paper_common,continuation,0.01,0.05,true,low,high,true,true,29260858,1.5e-6,0.25,60.0,1500.0,Success,Success,true,true,45.21252471651729,361.64262870566097,227649.34405623906,2.9208708370922283,2.070032453452936e-11,2.070032453452936e-11,7,0,227649.34405623906,7053.167074476067,58617.88540327751,2077.8634436921693,17513.772840385387,9.721460689611796e6,486100.9594168072,718.4943420980869,15.801874054419711,205.63500455248092
854,54,7f3bcef5a08e3ee69ec959154bc064e98543e76d,5fccb18775a1c53c589e1a644bcdca5c2966e2c9f1b72779e18c5571bee51811,1.12.5,SOSRI,paper_common,continuation,0.01,0.05,true,low,low,false,true,29260859,1.5e-6,0.25,60.0,1500.0,Success,Success,true,true,7.548676071295632,7.548676071295632,2896.1249334168806,3.6631692969478127e-10,2.9208708373268317,3.6631692969478127e-10,20,2,850.7411779572477,435.50776998029295,154987.972416531,98.31552773442364,96832.71513119934,473.778638540511,523.6889306485336,225270.331488741,163.61298133446405,138180.9244445131
855,55,7f3bcef5a08e3ee69ec959154bc064e98543e76d,5fccb18775a1c53c589e1a644bcdca5c2966e2c9f1b72779e18c5571bee51811,1.12.5,SOSRI,paper_common,continuation,0.01,0.05,true,low,high,true,true,29260860,1.5e-6,0.25,60.0,1500.0,Success,Success,true,true,79.23478676150718,413.7134834599851,27385.12176905142,2.92087083709173,1.0686412286996258e-10,1.0686412286996258e-10,3,0,26292.898030667067,985.7181177085027,87601.00228831836,953.950804014013,51001.34505577946,9.721460689611806e6,486100.9594168072,718.4943420980867,15.801874047852099,205.63500458438526
856,56,7f3bcef5a08e3ee69ec959154bc064e98543e76d,5fccb18775a1c53c589e1a644bcdca5c2966e2c9f1b72779e18c5571bee51811,1.12.5,SOSRI,paper_common,continuation,0.01,0.05,true,low,high,true,true,29260861,1.5e-6,0.25,60.0,1500.0,Success,Success,true,true,28.472579358074228,170.15451121666038,237913.4821137971,2.920870837092232,2.090499946791995e-11,2.090499946791995e-11,4,0,237913.4821137971,5857.488020411505,40500.625856637766,1447.314584777236,16374.5478358653,9.721460689611796e6,486100.95941680716,718.4943420980868,15.801874054403836,205.63500455254695
857,57,7f3bcef5a08e3ee69ec959154bc064e98543e76d,5fccb18775a1c53c589e1a644bcdca5c2966e2c9f1b72779e18c5571bee51811,1.12.5,SOSRI,paper_common,continuation,0.01,0.05,true,low,low,false,true,29260862,1.5e-6,0.25,60.0,1500.0,Success,Success,true,true,42.28964562034006,46.22518493086782,2432.2771500233684,7.473344795068002e-11,2.920870837138882,7.473344795068002e-11,34,2,406.2061108341338,1040.3844980252181,457946.15014868963,506.68301235707406,260634.42676488616,473.7786391202327,523.6889307955571,225270.33150195508,163.61298120264516,138180.92446702658
858,58,7f3bcef5a08e3ee69ec959154bc064e98543e76d,5fccb18775a1c53c589e1a644bcdca5c2966e2c9f1b72779e18c5571bee51811,1.12.5,SOSRI,paper_common,continuation,0.01,0.05,true,low,high,true,true,29260863,1.5e-6,0.25,60.0,1500.0,Success,Success,true,true,89.55895351556565,341.91229968483185,1.1731092312320832e6,2.9208708370922105,4.717511936438165e-11,4.717511936438165e-11,1,0,954178.0124920016,25819.70193784079,12034.313076400907,446.343384668921,3914.7844681400293,9.721460689611798e6,486100.9594168072,718.4943420980866,15.80187405239349,205.63500456199134
859,59,7f3bcef5a08e3ee69ec959154bc064e98543e76d,5fccb18775a1c53c589e1a644bcdca5c2966e2c9f1b72779e18c5571bee51811,1.12.5,SOSRI,paper_common,continuation,0.01,0.05,true,low,high,true,true,29260864,1.5e-6,0.25,60.0,1500.0,Success,Success,true,true,60.99695264094924,106.523352466763,9326.563230946822,2.920870837091893,3.898685343287506e-11,3.898685343287506e-11,10,0,6635.86842587847,458.3098585143521,95025.75695269434,218.34190727320717,63635.75785642448,9.721460689611798e6,486100.9594168072,718.4943420980865,15.801874053040159,205.63500455974642
860,60,7f3bcef5a08e3ee69ec959154bc064e98543e76d,5fccb18775a1c53c589e1a644bcdca5c2966e2c9f1b72779e18c5571bee51811,1.12.5,SOSRI,paper_common,continuation,0.01,0.05,true,low,high,true,true,29260865,1.5e-6,0.25,60.0,1500.0,Success,Success,true,true,55.491730284959225,358.7270719393871,71583.25989910582,2.9208708370919845,8.306224965162467e-11,8.306224965162467e-11,2,0,71583.25989910582,2100.018018386487,80261.61479298682,1423.5664555645694,39026.092156850464,9.721460689611804e6,486100.9594168072,718.4943420980871,15.801874049659142,205.63500457531896
861,61,7f3bcef5a08e3ee69ec959154bc064e98543e76d,5fccb18775a1c53c589e1a644bcdca5c2966e2c9f1b72779e18c5571bee51811,1.12.5,SOSRI,paper_common,continuation,0.01,0.05,true,low,high,true,true,29260866,1.5e-6,0.25,60.0,1500.0,Success,Success,true,true,57.630747410321504,314.342217061733,44727.8649457229,2.9208708370914556,1.1226588380903182e-10,1.1226588380903182e-10,4,0,14438.560816017607,1594.6401060426463,134892.55532987782,1509.9970804536285,48010.98024712068,9.721460689611806e6,486100.95941680716,718.494342098087,15.80187404745547,205.63500458691018
862,62,7f3bcef5a08e3ee69ec959154bc064e98543e76d,5fccb18775a1c53c589e1a644bcdca5c2966e2c9f1b72779e18c5571bee51811,1.12.5,SOSRI,paper_common,continuation,0.01,0.05,true,low,high,true,true,29260867,1.5e-6,0.25,60.0,1500.0,Success,Success,true,true,47.17851502782257,410.4933563705281,934286.5615174876,2.920870837092226,3.8478783710233586e-11,3.8478783710233586e-11,0,0,749969.0220670111,19991.221456583735,13167.927088794255,489.4629790364362,4345.561529202417,9.721460689611798e6,486100.9594168072,718.4943420980873,15.801874053058487,205.6350045588471
863,63,7f3bcef5a08e3ee69ec959154bc064e98543e76d,5fccb18775a1c53c589e1a644bcdca5c2966e2c9f1b72779e18c5571bee51811,1.12.5,SOSRI,paper_common,continuation,0.01,0.05,true,low,low,false,true,29260868,1.5e-6,0.25,60.0,1500.0,Success,Success,true,true,37.324129428029075,74.39666585187925,5603.096988561603,1.4094534494493532e-10,2.920870836998394,1.4094534494493532e-10,28,2,406.21939788862693,354.86237761979754,137984.78480503036,137.48559624277974,82365.22096447328,473.7786395537311,523.6889309159284,225270.33151241578,163.61298110982966,138180.92448478244
864,64,7f3bcef5a08e3ee69ec959154bc064e98543e76d,5fccb18775a1c53c589e1a644bcdca5c2966e2c9f1b72779e18c5571bee51811,1.12.5,SOSRI,paper_common,continuation,0.01,0.05,true,low,low,false,true,29260869,1.5e-6,0.25,60.0,1500.0,Success,Success,true,true,75.6221356921783,322.2077309075487,12259.213791002789,4.0598179590676514e-11,2.920870837115591,4.0598179590676514e-11,13,1,2418.2622286831406,691.2317454018117,173824.2494174195,918.4283712230739,85209.33558310491,473.77863919217674,523.6889308201992,225270.33150395047,163.61298118981423,138180.92447038533
865,65,7f3bcef5a08e3ee69ec959154bc064e98543e76d,5fccb18775a1c53c589e1a644bcdca5c2966e2c9f1b72779e18c5571bee51811,1.12.5,SOSRI,paper_common,continuation,0.01,0.05,true,low,high,true,true,29260870,1.5e-6,0.25,60.0,1500.0,Success,Success,true,true,44.40121782376867,327.9267620982458,7.685760405138063e6,2.9208708370923406,4.935309533404941e-11,4.935309533404941e-11,55,0,7.685760405138063e6,272731.9760510649,1362.3679523315186,44.40121782376867,361.57047287137385,9.721460689611798e6,486100.9594168072,718.4943420980875,15.801874052218954,205.63500456248963
866,66,7f3bcef5a08e3ee69ec959154bc064e98543e76d,5fccb18775a1c53c589e1a644bcdca5c2966e2c9f1b72779e18c5571bee51811,1.12.5,SOSRI,paper_common,continuation,0.01,0.05,true,low,low,false,true,29260871,1.5e-6,0.25,60.0,1500.0,Success,Success,true,true,7.258983816874584,7.258983816874584,12099.238421103912,1.4526753816568673e-10,2.9208708369964267,1.4526753816568673e-10,10,2,413.7744559943543,439.552433388113,158461.0865574491,121.13391857916352,82276.88255248418,473.7786395597084,523.6889309119149,225270.33151224474,163.61298110542072,138180.92448452624
867,67,7f3bcef5a08e3ee69ec959154bc064e98543e76d,5fccb18775a1c53c589e1a644bcdca5c2966e2c9f1b72779e18c5571bee51811,1.12.5,SOSRI,paper_common,continuation,0.01,0.05,true,low,low,false,true,29260872,1.5e-6,0.25,60.0,1500.0,Success,Success,true,true,1.3347652181062735,1.3347652181062735,12801.09902151676,1.6042486812671556e-10,2.9208708371988017,1.6042486812671556e-10,1,2,1826.1207405041814,495.1396821692331,139788.54293150382,404.2877297980139,74737.12895835149,473.7786389348286,523.6889307124371,225270.3314957221,163.61298122490058,138180.92445663855
868,68,7f3bcef5a08e3ee69ec959154bc064e98543e76d,5fccb18775a1c53c589e1a644bcdca5c2966e2c9f1b72779e18c5571bee51811,1.12.5,SOSRI,paper_common,continuation,0.01,0.05,true,low,high,true,true,29260873,1.5e-6,0.25,60.0,1500.0,Success,Success,true,true,69.61937635525904,388.69595171092374,106408.19731310534,2.920870837092132,4.2570870252173124e-11,4.2570870252173124e-11,8,0,75890.4080090364,3696.660818336946,83465.4954748577,2070.5177340810596,22712.16972586959,9.721460689611798e6,486100.9594168072,718.494342098087,15.801874052750849,205.6350045605147
869,69,7f3bcef5a08e3ee69ec959154bc064e98543e76d,5fccb18775a1c53c589e1a644bcdca5c2966e2c9f1b72779e18c5571bee51811,1.12.5,SOSRI,paper_common,continuation,0.01,0.05,true,low,high,true,true,29260874,1.5e-6,0.25,60.0,1500.0,Success,Success,true,true,59.923056216477235,276.2211256347793,198438.8616752601,2.920870837092111,6.389952817076365e-11,6.389952817076365e-11,5,0,195083.8909017773,5865.662048538346,55734.109031236985,1945.4739274206695,18340.730574763827,9.7214606896118e6,486100.9594168072,718.4943420980866,15.801874051118862,205.6350045681906
870,70,7f3bcef5a08e3ee69ec959154bc064e98543e76d,5fccb18775a1c53c589e1a644bcdca5c2966e2c9f1b72779e18c5571bee51811,1.12.5,SOSRI,paper_common,continuation,0.01,0.05,true,low,high,true,true,29260875,1.5e-6,0.25,60.0,1500.0,Success,Success,true,true,117.39583882153931,375.0050142696815,10820.476605477526,2.920870837092115,1.8651012318551426e-11,1.8651012318551426e-11,12,0,7891.137000252405,541.7208692003983,97306.49278682048,558.8231491798813,59224.14918608228,9.721460689611794e6,486100.9594168072,718.4943420980867,15.801874054583635,205.63500455199133
871,71,7f3bcef5a08e3ee69ec959154bc064e98543e76d,5fccb18775a1c53c589e1a644bcdca5c2966e2c9f1b72779e18c5571bee51811,1.12.5,SOSRI,paper_common,continuation,0.01,0.05,true,low,low,false,true,29260876,1.5e-6,0.25,60.0,1500.0,Success,Success,true,true,0.0002978259549312986,0.0002978259549312986,1048.5031173471095,4.564698573386663e-11,2.920870837120451,4.564698573386663e-11,9,2,354.6092269412287,421.22234727645986,140071.36031146324,14.795070028189414,90081.05054890946,473.7786391770449,523.6889308077281,225270.33150312572,163.61298118849356,138180.9244690353
872,72,7f3bcef5a08e3ee69ec959154bc064e98543e76d,5fccb18775a1c53c589e1a644bcdca5c2966e2c9f1b72779e18c5571bee51811,1.12.5,SOSRI,paper_common,continuation,0.01,0.05,true,low,low,false,true,29260877,1.5e-6,0.25,60.0,1500.0,Success,Success,true,true,39.618506967291644,126.71113967807955,22996.191082298057,2.4977655677495687e-11,2.9208708371047645,2.4977655677495687e-11,24,3,2547.3533791498526,867.7716513092065,231789.86858340568,521.2935683781233,103347.04499894845,473.7786392256042,523.6889308307896,225270.33150482978,163.61298118337834,138180.92447186998
873,73,7f3bcef5a08e3ee69ec959154bc064e98543e76d,5fccb18775a1c53c589e1a644bcdca5c2966e2c9f1b72779e18c5571bee51811,1.12.5,SOSRI,paper_common,continuation,0.01,0.05,true,low,low,false,true,29260878,1.5e-6,0.25,60.0,1500.0,Success,Success,true,true,11.760886305173297,11.760886305173297,8496.058583120852,1.5132295430605025e-10,2.9208708369902197,1.5132295430605025e-10,16,2,154.88442838917754,321.6353014944332,140144.2558231766,60.02896252019349,82322.93480390431,473.77863957912587,523.6889309336268,225270.33151362045,163.61298111026147,138180.9244867628
874,74,7f3bcef5a08e3ee69ec959154bc064e98543e76d,5fccb18775a1c53c589e1a644bcdca5c2966e2c9f1b72779e18c5571bee51811,1.12.5,SOSRI,paper_common,continuation,0.01,0.05,true,low,high,true,true,29260879,1.5e-6,0.25,60.0,1500.0,Success,Success,true,true,31.106928210312816,152.93072116168815,830334.5759375684,2.9208708370921435,7.472952555314228e-11,7.472952555314228e-11,6,0,579661.6082200909,14632.603632690905,15143.356011073918,516.2918835311846,5771.9584749574215,9.721460689611802e6,486100.9594168072,718.4943420980868,15.801874050287573,205.63500457199444
875,75,7f3bcef5a08e3ee69ec959154bc064e98543e76d,5fccb18775a1c53c589e1a644bcdca5c2966e2c9f1b72779e18c5571bee51811,1.12.5,SOSRI,paper_common,continuation,0.01,0.05,true,low,high,true,true,29260880,1.5e-6,0.25,60.0,1500.0,Success,Success,true,true,85.07164561224806,371.75640342313716,3.0628421745109283e6,2.9208708370922474,4.063161795471129e-11,4.063161795471129e-11,23,0,2.4951817820889927e6,75564.37819094001,4924.711702167763,184.45211292719804,1355.216596783239,9.721460689611798e6,486100.9594168072,718.4943420980871,15.801874052892343,205.63500455957077
876,76,7f3bcef5a08e3ee69ec959154bc064e98543e76d,5fccb18775a1c53c589e1a644bcdca5c2966e2c9f1b72779e18c5571bee51811,1.12.5,SOSRI,paper_common,continuation,0.01,0.05,true,low,low,false,true,29260881,1.5e-6,0.25,60.0,1500.0,Success,Success,true,true,0.0032917412527428466,0.0032917412527428466,562.0841092415319,1.2033412951354773e-10,2.920870837010854,1.2033412951354773e-10,27,3,0.17511973202513367,629.6467070092934,422473.6739003556,18.342989061347552,201506.44012361238,473.7786395154074,523.6889309128413,225270.3315119109,163.61298112219933,138180.92448387988
877,77,7f3bcef5a08e3ee69ec959154bc064e98543e76d,5fccb18775a1c53c589e1a644bcdca5c2966e2c9f1b72779e18c5571bee51811,1.12.5,SOSRI,paper_common,continuation,0.01,0.05,true,low,low,false,true,29260882,1.5e-6,0.25,60.0,1500.0,Success,Success,true,true,0.0011134301467254993,0.0011134301467254993,682.8705072995374,2.67689243313488e-11,2.920870837073229,2.67689243313488e-11,35,1,0.0033482801492487157,478.0017758019613,341043.34057033085,17.544443326325588,142597.40642515649,473.7786393227936,523.6889308504092,225270.33150676548,163.61298115850892,138180.9244752002
878,78,7f3bcef5a08e3ee69ec959154bc064e98543e76d,5fccb18775a1c53c589e1a644bcdca5c2966e2c9f1b72779e18c5571bee51811,1.12.5,SOSRI,paper_common,continuation,0.01,0.05,true,low,low,false,true,29260883,1.5e-6,0.25,60.0,1500.0,Success,Success,true,true,0.00026299872942193195,0.00026299872942193195,1896.5289823682265,1.414283167919901e-10,2.9208708371797236,1.414283167919901e-10,10,2,285.0499364528214,439.2835522733666,162756.8408009962,21.078730998453473,99509.15214571281,473.7786389944536,523.6889307756585,225270.33149975512,163.61298123786153,138180.92446320146
879,79,7f3bcef5a08e3ee69ec959154bc064e98543e76d,5fccb18775a1c53c589e1a644bcdca5c2966e2c9f1b72779e18c5571bee51811,1.12.5,SOSRI,paper_common,continuation,0.01,0.05,true,low,low,false,true,29260884,1.5e-6,0.25,60.0,1500.0,Success,Success,true,true,32.68157109302162,32.68157109302162,8005.078602949102,1.4791409403313782e-10,2.920870836989744,1.4791409403313782e-10,7,2,2339.581177868395,443.71166378168914,133281.2803152261,196.1704196337341,84241.59360513791,473.77863958115853,523.6889309691288,225270.3315156116,163.6129811290871,138180.9244899312
880,80,7f3bcef5a08e3ee69ec959154bc064e98543e76d,5fccb18775a1c53c589e1a644bcdca5c2966e2c9f1b72779e18c5571bee51811,1.12.5,SOSRI,paper_common,continuation,0.01,0.05,true,low,high,true,true,29260885,1.5e-6,0.25,60.0,1500.0,Success,Success,true,true,70.78444354022326,185.5543035341494,48165.232085279094,2.9208708370921843,2.140504129869036e-11,2.140504129869036e-11,5,0,33846.00451418511,1206.8421109235221,75262.42341075948,1088.0718925142708,41239.545842004474,9.721460689611796e6,486100.9594168072,718.4943420980871,15.80187405436845,205.63500455282866
881,81,7f3bcef5a08e3ee69ec959154bc064e98543e76d,5fccb18775a1c53c589e1a644bcdca5c2966e2c9f1b72779e18c5571bee51811,1.12.5,SOSRI,paper_common,continuation,0.01,0.05,true,low,low,false,true,29260886,1.5e-6,0.25,60.0,1500.0,Success,Success,true,true,85.45241760526437,208.9891516978218,30946.61193552872,5.16031286238257e-11,2.92087083712228,5.16031286238257e-11,13,2,1331.300836611798,1958.5345971069894,281215.7695661214,1377.2747408912912,74108.7393889392,473.7786391715811,523.688930817141,225270.3315036013,163.61298119569204,138180.9244697766
882,82,7f3bcef5a08e3ee69ec959154bc064e98543e76d,5fccb18775a1c53c589e1a644bcdca5c2966e2c9f1b72779e18c5571bee51811,1.12.5,SOSRI,paper_common,continuation,0.01,0.05,true,low,high,true,true,29260887,1.5e-6,0.25,60.0,1500.0,Success,Success,true,true,30.578130485502697,396.41039938998205,1.482690878492283e6,2.920870837092198,6.144434673836238e-11,6.144434673836238e-11,10,0,1.482690878492283e6,40803.70834787937,9851.809906529445,400.7676738566043,2786.449683993432,9.7214606896118e6,486100.9594168072,718.4943420980869,15.801874051301581,205.63500456712325
883,83,7f3bcef5a08e3ee69ec959154bc064e98543e76d,5fccb18775a1c53c589e1a644bcdca5c2966e2c9f1b72779e18c5571bee51811,1.12.5,SOSRI,paper_common,continuation,0.01,0.05,true,low,low,false,true,29260888,1.5e-6,0.25,60.0,1500.0,Success,Success,true,true,67.15934216962695,358.2659710772567,43896.985832569786,1.248163505316153e-11,2.920870837085423,1.248163505316153e-11,7,3,8077.87295624889,1113.1685721532258,156056.72573084608,1216.6434409786807,59706.28021940512,473.7786392849937,523.6889308293404,225270.33150526555,163.61298116076966,138180.92447271832
884,84,7f3bcef5a08e3ee69ec959154bc064e98543e76d,5fccb18775a1c53c589e1a644bcdca5c2966e2c9f1b72779e18c5571bee51811,1.12.5,SOSRI,paper_common,continuation,0.01,0.05,true,low,high,true,true,29260889,1.5e-6,0.25,60.0,1500.0,Success,Success,true,true,49.58077332566121,417.56526453251956,674930.9346304261,2.9208708370921825,5.898072811252813e-11,5.898072811252813e-11,0,0,674930.9346304261,17306.45219448369,23354.426097379815,1051.327033945462,6536.019732563166,9.7214606896118e6,486100.95941680716,718.4943420980869,15.801874051491176,205.63500456627574
885,85,7f3bcef5a08e3ee69ec959154bc064e98543e76d,5fccb18775a1c53c589e1a644bcdca5c2966e2c9f1b72779e18c5571bee51811,1.12.5,SOSRI,paper_common,continuation,0.01,0.05,true,low,high,true,true,29260890,1.5e-6,0.25,60.0,1500.0,Success,Success,true,true,4.380006485259627,4.380006485259627,22206.885684710247,2.9208708370921,3.287642786067649e-11,3.287642786067649e-11,4,0,22206.885684710247,784.0387451450858,82740.1904698827,612.9167901627416,53018.918557132936,9.721460689611796e6,486100.9594168072,718.4943420980873,15.801874053495167,205.63500455711437
886,86,7f3bcef5a08e3ee69ec959154bc064e98543e76d,5fccb18775a1c53c589e1a644bcdca5c2966e2c9f1b72779e18c5571bee51811,1.12.5,SOSRI,paper_common,continuation,0.01,0.05,true,low,high,true,true,29260891,1.5e-6,0.25,60.0,1500.0,Success,Success,true,true,84.92767828764823,364.83800982500196,143289.80831786146,2.920870837092152,3.776777548989974e-11,3.776777548989974e-11,6,0,126746.95847707608,5541.915828507335,138085.1543335865,3896.3562021557123,50579.13060271515,9.721460689611798e6,486100.9594168072,718.4943420980873,15.801874053117453,205.6350045587538
887,87,7f3bcef5a08e3ee69ec959154bc064e98543e76d,5fccb18775a1c53c589e1a644bcdca5c2966e2c9f1b72779e18c5571bee51811,1.12.5,SOSRI,paper_common,continuation,0.01,0.05,true,low,low,false,true,29260892,1.5e-6,0.25,60.0,1500.0,Success,Success,true,true,25.893271647838393,25.893271647838393,15718.446473398317,3.7973619662538584e-10,2.9208708368387293,3.7973619662538584e-10,11,1,336.7492424503775,414.32596696880813,158384.59103979066,203.9978010739694,81269.40489695857,473.77864004687075,523.6889310817343,225270.33152592106,163.61298102016121,138180.92450753108
888,88,7f3bcef5a08e3ee69ec959154bc064e98543e76d,5fccb18775a1c53c589e1a644bcdca5c2966e2c9f1b72779e18c5571bee51811,1.12.5,SOSRI,paper_common,continuation,0.01,0.05,true,low,high,true,true,29260893,1.5e-6,0.25,60.0,1500.0,Success,Success,true,true,11.991277604340754,11.991277604340754,21233.86955050163,2.9208708370915666,8.461374274601912e-11,8.461374274601912e-11,4,0,11565.67619976649,900.8307573655405,115201.52849035802,1124.9551225397443,61218.475685785095,9.721460689611804e6,486100.9594168072,718.4943420980862,15.80187404956626,205.63500457677657
889,89,7f3bcef5a08e3ee69ec959154bc064e98543e76d,5fccb18775a1c53c589e1a644bcdca5c2966e2c9f1b72779e18c5571bee51811,1.12.5,SOSRI,paper_common,continuation,0.01,0.05,true,low,low,false,true,29260894,1.5e-6,0.25,60.0,1500.0,Success,Success,true,true,1.804638699398088,1.804638699398088,1265.7478159042994,1.7186294465756943e-10,2.920870837204573,1.7186294465756943e-10,32,1,1.804638699398088,1230.5705862752407,744887.5653168511,165.99153105154681,374181.58808238455,473.77863891727276,523.6889307231709,225270.33149616624,163.61298123726544,138180.92445729775
890,90,7f3bcef5a08e3ee69ec959154bc064e98543e76d,5fccb18775a1c53c589e1a644bcdca5c2966e2c9f1b72779e18c5571bee51811,1.12.5,SOSRI,paper_common,continuation,0.01,0.05,true,low,low,false,true,29260895,1.5e-6,0.25,60.0,1500.0,Success,Success,true,true,5.899111270928257,5.899111270928257,2153.289705555392,3.835371462215477e-11,2.92087083711327,3.835371462215477e-11,28,3,1464.6924271800826,768.716686479623,269685.3243695046,268.573372653377,168553.13939351734,473.77863919939443,523.6889308256175,225270.33150431458,163.6129811901505,138180.92447098246
891,91,7f3bcef5a08e3ee69ec959154bc064e98543e76d,5fccb18775a1c53c589e1a644bcdca5c2966e2c9f1b72779e18c5571bee51811,1.12.5,SOSRI,paper_common,continuation,0.01,0.05,true,low,low,false,true,29260896,1.5e-6,0.25,60.0,1500.0,Success,Success,true,true,24.009207069458988,24.009207069458988,13264.35241665314,7.108218305882692e-11,2.920870837042432,7.108218305882692e-11,11,2,5523.199821338832,1674.9400975050755,340132.33551781037,2268.829085431495,167330.03060482745,473.7786394184222,523.6889309139481,225270.33151112933,163.61298115842214,138180.92448238312
892,92,7f3bcef5a08e3ee69ec959154bc064e98543e76d,5fccb18775a1c53c589e1a644bcdca5c2966e2c9f1b72779e18c5571bee51811,1.12.5,SOSRI,paper_common,continuation,0.01,0.05,true,low,high,true,true,29260897,1.5e-6,0.25,60.0,1500.0,Success,Success,true,true,5.753680937962351,5.753680937962351,4164.8931694791,2.920870837091903,5.472348238404758e-11,5.472348238404758e-11,27,0,3691.169870990338,270.8617473976235,54195.15257597911,49.99233843847793,38248.08639804278,9.7214606896118e6,486100.9594168072,718.4943420980869,15.801874051834341,205.63500456535672
893,93,7f3bcef5a08e3ee69ec959154bc064e98543e76d,5fccb18775a1c53c589e1a644bcdca5c2966e2c9f1b72779e18c5571bee51811,1.12.5,SOSRI,paper_common,continuation,0.01,0.05,true,low,high,true,true,29260898,1.5e-6,0.25,60.0,1500.0,Success,Success,true,true,73.68433525869207,352.0596162199267,239780.12363098742,2.92087083709218,4.116621862969985e-11,4.116621862969985e-11,4,0,239780.12363098742,8143.022202229008,84575.91396396505,3114.1393624403563,25879.38027410468,9.721460689611798e6,486100.95941680716,718.494342098087,15.801874052855476,205.6350045599079
894,94,7f3bcef5a08e3ee69ec959154bc064e98543e76d,5fccb18775a1c53c589e1a644bcdca5c2966e2c9f1b72779e18c5571bee51811,1.12.5,SOSRI,paper_common,continuation,0.01,0.05,true,low,low,false,true,29260899,1.5e-6,0.25,60.0,1500.0,Success,Success,true,true,1.2124288348107393,1.2124288348107393,3262.6323998370553,6.433792421808799e-11,2.9208708370485033,6.433792421808799e-11,18,2,17.053939301514554,807.0009691253825,394830.1332947867,403.14694166008775,193827.0126054905,473.77863939909895,523.6889308723016,225270.3315086459,163.61298114255612,138180.9244783879
895,95,7f3bcef5a08e3ee69ec959154bc064e98543e76d,5fccb18775a1c53c589e1a644bcdca5c2966e2c9f1b72779e18c5571bee51811,1.12.5,SOSRI,paper_common,continuation,0.01,0.05,true,low,low,false,true,29260900,1.5e-6,0.25,60.0,1500.0,Success,Success,true,true,8.341519773475635,8.341519773475635,3188.5735608759314,2.3025004252573847e-11,2.9208708371036325,2.3025004252573847e-11,11,1,1079.8649623437998,732.3655177375094,284103.39365885704,196.30909022505404,175452.91930682672,473.7786392290873,523.6889308310175,225270.3315048726,163.61298118222882,138180.92447194728
896,96,7f3bcef5a08e3ee69ec959154bc064e98543e76d,5fccb18775a1c53c589e1a644bcdca5c2966e2c9f1b72779e18c5571bee51811,1.12.5,SOSRI,paper_common,continuation,0.01,0.05,true,low,high,true,true,29260901,1.5e-6,0.25,60.0,1500.0,Success,Success,true,true,100.23509507449005,370.54282574137176,10313.150447901582,2.9208708370921395,1.8987566452577656e-11,1.8987566452577656e-11,18,0,7743.153382934673,489.57151413068567,88188.57127567905,441.74061405371737,55486.084661899746,9.721460689611796e6,486100.95941680716,718.4943420980871,15.801874054556357,205.63500455206028
897,97,7f3bcef5a08e3ee69ec959154bc064e98543e76d,5fccb18775a1c53c589e1a644bcdca5c2966e2c9f1b72779e18c5571bee51811,1.12.5,SOSRI,paper_common,continuation,0.01,0.05,true,low,high,true,true,29260902,1.5e-6,0.25,60.0,1500.0,Success,Success,true,true,83.90658441336362,377.1243414370562,64506.83853958987,2.920870837092038,4.764887384188109e-11,4.764887384188109e-11,11,0,29546.93041023947,2343.7740234661237,118478.77263626386,1409.581490766207,33139.989395343386,9.721460689611798e6,486100.9594168072,718.4943420980868,15.801874052367735,205.6350045625337
898,98,7f3bcef5a08e3ee69ec959154bc064e98543e76d,5fccb18775a1c53c589e1a644bcdca5c2966e2c9f1b72779e18c5571bee51811,1.12.5,SOSRI,paper_common,continuation,0.01,0.05,true,low,high,true,true,29260903,1.5e-6,0.25,60.0,1500.0,Success,Success,true,true,43.34845888058896,348.99083700391435,572523.4014238124,2.9208708370920715,1.0893404367959125e-10,1.0893404367959125e-10,4,0,572523.4014238124,16104.669901397792,23697.364018939075,989.7495666167201,6125.037545230578,9.721460689611806e6,486100.9594168072,718.4943420980865,15.80187404767273,205.63500458438764
899,99,7f3bcef5a08e3ee69ec959154bc064e98543e76d,5fccb18775a1c53c589e1a644bcdca5c2966e2c9f1b72779e18c5571bee51811,1.12.5,SOSRI,paper_common,continuation,0.01,0.05,true,low,low,false,true,29260904,1.5e-6,0.25,60.0,1500.0,Success,Success,true,true,2.221893720078899,2.221893720078899,1560.5149725524343,7.539357027235081e-12,2.9208708370887653,7.539357027235081e-12,28,1,1221.365023098659,378.570196234443,130709.92905324408,146.8669697567176,82981.31677022204,473.7786392749606,523.6889308435952,225270.33150597077,163.6129811723172,138180.92447381213
900,100,7f3bcef5a08e3ee69ec959154bc064e98543e76d,5fccb18775a1c53c589e1a644bcdca5c2966e2c9f1b72779e18c5571bee51811,1.12.5,SOSRI,paper_common,continuation,0.01,0.05,true,low,high,true,true,29260905,1.5e-6,0.25,60.0,1500.0,Success,Success,true,true,71.51657845363634,301.9296136430414,222063.6376117,2.9208708370921643,4.862128917722894e-11,4.862128917722894e-11,4,0,217673.54600412818,6285.958672296342,49571.09824031377,1730.003676250491,16250.127387959366,9.721460689611798e6,486100.9594168072,718.4943420980866,15.801874052285546,205.6350045626087
901,1,7f3bcef5a08e3ee69ec959154bc064e98543e76d,5fccb18775a1c53c589e1a644bcdca5c2966e2c9f1b72779e18c5571bee51811,1.12.5,SOSRI,paper_common,continuation,0.01,0.05,true,high,high,false,true,30260806,1.5e-6,0.25,60.0,1500.0,Success,Success,true,true,5.328763349638281,2.8825835299257645e6,2.1114801926273517e7,2.920870837092233,9.067487396934995e-11,9.067487396934995e-11,865,0,3.2750621777158314e6,122302.82223972397,2398.6191992120876,68.14256890153692,722.6241959161943,9.721460689611804e6,486100.9594168072,718.494342098087,15.801874049061187,205.63500457750564
902,2,7f3bcef5a08e3ee69ec959154bc064e98543e76d,5fccb18775a1c53c589e1a644bcdca5c2966e2c9f1b72779e18c5571bee51811,1.12.5,SOSRI,paper_common,continuation,0.01,0.05,true,high,high,false,true,30260807,1.5e-6,0.25,60.0,1500.0,Success,Success,true,true,3.346863267616792,1.8715051356675574e6,2.7288447466143455e7,2.9208708370922953,2.0972874868008297e-11,2.0972874868008297e-11,933,0,5.80162095880779e6,226812.6915381899,1583.739749299437,44.28184190277219,458.09269566387985,9.721460689611796e6,486100.9594168072,718.4943420980868,15.801874054394844,205.63500455243462
903,3,7f3bcef5a08e3ee69ec959154bc064e98543e76d,5fccb18775a1c53c589e1a644bcdca5c2966e2c9f1b72779e18c5571bee51811,1.12.5,SOSRI,paper_common,continuation,0.01,0.05,true,high,high,false,true,30260808,1.5e-6,0.25,60.0,1500.0,Success,Success,true,true,10.278515486697664,2.4481615890884604e6,1.689608140283368e7,2.9208708370923193,9.028265299548571e-11,9.028265299548571e-11,632,0,6.288229010413336e6,280127.67964251555,1256.6434520237028,30.752220010063255,364.27045261283257,9.721460689611804e6,486100.9594168072,718.4943420980868,15.801874049086068,205.63500457717865
904,4,7f3bcef5a08e3ee69ec959154bc064e98543e76d,5fccb18775a1c53c589e1a644bcdca5c2966e2c9f1b72779e18c5571bee51811,1.12.5,SOSRI,paper_common,continuation,0.01,0.05,true,high,high,false,true,30260809,1.5e-6,0.25,60.0,1500.0,Success,Success,true,true,2.8437874071777847,1.8759844696071385e6,2.7618447005601317e7,2.9208708370921412,3.9763388071030533e-11,3.9763388071030533e-11,900,2,2.2638336460014038e7,1.6739803024934707e6,200.61831808953917,2.944036922052604,58.52726442965002,9.721460689612025e6,486100.9594168216,718.4943420980661,15.801874052965713,205.6350045595059
905,5,7f3bcef5a08e3ee69ec959154bc064e98543e76d,5fccb18775a1c53c589e1a644bcdca5c2966e2c9f1b72779e18c5571bee51811,1.12.5,SOSRI,paper_common,continuation,0.01,0.05,true,high,high,false,true,30260810,1.5e-6,0.25,60.0,1500.0,Success,Success,true,true,4.409236693104142,2.0903206566064337e6,2.4519058419438783e7,2.920870837092286,1.791139536401959e-11,1.791139536401959e-11,650,0,5.221389679803959e6,228931.21429553578,1528.5862149872169,37.4601460908469,452.1239361002448,9.721460689611796e6,486100.9594168072,718.4943420980875,15.8018740546298,205.63500455135843
906,6,7f3bcef5a08e3ee69ec959154bc064e98543e76d,5fccb18775a1c53c589e1a644bcdca5c2966e2c9f1b72779e18c5571bee51811,1.12.5,SOSRI,paper_common,continuation,0.01,0.05,true,high,high,false,true,30260811,1.5e-6,0.25,60.0,1500.0,Success,Success,true,true,14.568913988646443,2.4254425654088454e6,1.348696850789968e7,2.9208708370924,7.212287031184342e-11,7.212287031184342e-11,573,0,7.927795307848073e6,353546.58523678995,1035.169933766484,26.318578503992118,282.7106172530409,9.721460689611802e6,486100.9594168072,718.4943420980876,15.801874050471836,205.63500457050648
907,7,7f3bcef5a08e3ee69ec959154bc064e98543e76d,5fccb18775a1c53c589e1a644bcdca5c2966e2c9f1b72779e18c5571bee51811,1.12.5,SOSRI,paper_common,continuation,0.01,0.05,true,high,high,false,true,30260812,1.5e-6,0.25,60.0,1500.0,Success,Success,true,true,11.610493503001793,3.8527968584974348e6,1.2913924100989638e7,2.9208708370923735,4.204825519196351e-11,4.204825519196351e-11,692,0,8.790908879620507e6,380270.6114473832,901.3146610681266,22.518926568028146,264.8955737874557,9.721460689611798e6,486100.9594168072,718.4943420980871,15.801874052776354,205.63500455980423
908,8,7f3bcef5a08e3ee69ec959154bc064e98543e76d,5fccb18775a1c53c589e1a644bcdca5c2966e2c9f1b72779e18c5571bee51811,1.12.5,SOSRI,paper_common,continuation,0.01,0.05,true,high,high,false,true,30260813,1.5e-6,0.25,60.0,1500.0,Success,Success,true,true,13.21241051317758,3.42195346817539e6,1.2931298001527261e7,2.920870837092373,6.510957267604534e-11,6.510957267604534e-11,606,0,8.069954361218267e6,347391.463442992,993.9067405428578,25.011259130321957,291.1092329853874,9.7214606896118e6,486100.9594168072,718.4943420980869,15.801874051010492,205.63500456805653
909,9,7f3bcef5a08e3ee69ec959154bc064e98543e76d,5fccb18775a1c53c589e1a644bcdca5c2966e2c9f1b72779e18c5571bee51811,1.12.5,SOSRI,paper_common,continuation,0.01,0.05,true,high,high,false,true,30260814,1.5e-6,0.25,60.0,1500.0,Success,Success,true,true,6.047570451516004,1.9003567343985492e6,2.3379316798868775e7,2.920870837092271,2.3171995491694245e-11,2.3171995491694245e-11,621,0,3.4237048689903086e6,111776.63112634238,3545.6079288295714,127.68423713076972,915.990693526228,9.721460689611796e6,486100.9594168072,718.4943420980874,15.80187405422789,205.63500455327357
910,10,7f3bcef5a08e3ee69ec959154bc064e98543e76d,5fccb18775a1c53c589e1a644bcdca5c2966e2c9f1b72779e18c5571bee51811,1.12.5,SOSRI,paper_common,continuation,0.01,0.05,true,high,high,false,true,30260815,1.5e-6,0.25,60.0,1500.0,Success,Success,true,true,5.938930614737629,3.1571710688778805e6,2.0838185597375017e7,2.920870837092299,7.346282206356318e-11,7.346282206356318e-11,877,0,5.371186440331481e6,231421.70613052126,1353.2354840213334,33.450894755772815,405.48714080184016,9.721460689611802e6,486100.9594168072,718.4943420980868,15.801874050375263,205.63500457120585
911,11,7f3bcef5a08e3ee69ec959154bc064e98543e76d,5fccb18775a1c53c589e1a644bcdca5c2966e2c9f1b72779e18c5571bee51811,1.12.5,SOSRI,paper_common,continuation,0.01,0.05,true,high,high,false,true,30260816,1.5e-6,0.25,60.0,1500.0,Success,Success,true,true,8.010000397154329,2.330224312443842e6,1.4376641490979888e7,2.9208708370922984,7.324614044537261e-11,7.324614044537261e-11,645,0,4.722662211161927e6,205693.24295403506,1732.7644994154562,44.42767717362323,483.7737476774827,9.721460689611802e6,486100.95941680716,718.4943420980874,15.801874050391875,205.63500457112906
912,12,7f3bcef5a08e3ee69ec959154bc064e98543e76d,5fccb18775a1c53c589e1a644bcdca5c2966e2c9f1b72779e18c5571bee51811,1.12.5,SOSRI,paper_common,continuation,0.01,0.05,true,high,high,false,true,30260817,1.5e-6,0.25,60.0,1500.0,Success,Success,true,true,4.695460836769727,3.6410792398610627e6,2.3381469231709603e7,2.920870837092183,6.33928562174102e-11,6.33928562174102e-11,1011,0,1.2261661262157304e7,536482.8918792277,743.8148178178778,19.41804331259448,200.87223139653915,9.721460689612027e6,486100.9594168217,718.4943420980658,15.801874051153762,205.6350045678701
913,13,7f3bcef5a08e3ee69ec959154bc064e98543e76d,5fccb18775a1c53c589e1a644bcdca5c2966e2c9f1b72779e18c5571bee51811,1.12.5,SOSRI,paper_common,continuation,0.01,0.05,true,high,high,false,true,30260818,1.5e-6,0.25,60.0,1500.0,Success,Success,true,true,2.639423309839426,6.006731815795298e6,3.0232320962774325e7,2.9208708370921914,3.895122305229316e-11,3.895122305229316e-11,1225,1,1.4744780531488704e7,1.0351421977686068e6,333.2541801025073,5.229959559628743,95.04183577410846,9.721460689612025e6,486100.9594168217,718.4943420980655,15.80187405302487,205.6350045591076
914,14,7f3bcef5a08e3ee69ec959154bc064e98543e76d,5fccb18775a1c53c589e1a644bcdca5c2966e2c9f1b72779e18c5571bee51811,1.12.5,SOSRI,paper_common,continuation,0.01,0.05,true,high,high,false,true,30260819,1.5e-6,0.25,60.0,1500.0,Success,Success,true,true,14.637716429099065,2.1488789656501585e6,1.2701037192855872e7,2.9208708370923064,1.1180338225305459e-10,1.1180338225305459e-10,436,0,5.244732398165644e6,185470.20337704694,1590.3442406446397,47.419820509201415,484.88552588399585,9.721460689611806e6,486100.9594168072,718.4943420980877,15.801874047438927,205.63500458490662
915,15,7f3bcef5a08e3ee69ec959154bc064e98543e76d,5fccb18775a1c53c589e1a644bcdca5c2966e2c9f1b72779e18c5571bee51811,1.12.5,SOSRI,paper_common,continuation,0.01,0.05,true,high,high,false,true,30260820,1.5e-6,0.25,60.0,1500.0,Success,Success,true,true,2.9497887716751414,5.908359118669292e6,3.129454312622772e7,2.9208708370920653,9.099555908042928e-11,9.099555908042928e-11,1395,1,1.4527581444900163e7,1.0320564433927846e6,331.49100370710767,5.145282840230338,94.4164174555832,9.721460689612031e6,486100.9594168217,718.4943420980659,15.801874049047242,205.63500457800103
916,16,7f3bcef5a08e3ee69ec959154bc064e98543e76d,5fccb18775a1c53c589e1a644bcdca5c2966e2c9f1b72779e18c5571bee51811,1.12.5,SOSRI,paper_common,continuation,0.01,0.05,true,high,high,false,true,30260821,1.5e-6,0.25,60.0,1500.0,Success,Success,true,true,15.12443202045343,2.217507831189958e6,1.2469091655995168e7,2.9208708370922505,8.101020924979619e-11,8.101020924979619e-11,488,0,1.0545926458736235e7,501666.84458071826,689.8762165268561,15.865432393412364,199.08220234203853,9.72146068961203e6,486100.9594168217,718.4943420980659,15.801874049800654,205.63500457402642
917,17,7f3bcef5a08e3ee69ec959154bc064e98543e76d,5fccb18775a1c53c589e1a644bcdca5c2966e2c9f1b72779e18c5571bee51811,1.12.5,SOSRI,paper_common,continuation,0.01,0.05,true,high,high,false,true,30260822,1.5e-6,0.25,60.0,1500.0,Success,Success,true,true,6.695850215453384,3.290240078842631e6,1.8784702692690864e7,2.9208708370922882,1.761782214809804e-11,1.761782214809804e-11,756,0,5.804037205137062e6,269083.5262861327,1251.396731591406,29.56087139881523,360.046931069072,9.721460689611796e6,486100.9594168072,718.4943420980874,15.801874054652139,205.63500455124827
918,18,7f3bcef5a08e3ee69ec959154bc064e98543e76d,5fccb18775a1c53c589e1a644bcdca5c2966e2c9f1b72779e18c5571bee51811,1.12.5,SOSRI,paper_common,continuation,0.01,0.05,true,high,high,false,true,30260823,1.5e-6,0.25,60.0,1500.0,Success,Success,true,true,1.174173135644832,2.9620358403289793e6,4.405963249592619e7,2.9208708370922363,7.617295228001791e-11,7.617295228001791e-11,1149,0,3.3840114271891736e6,121828.30844217302,2908.888133222762,88.17006358768732,842.8067958953671,9.721460689611802e6,486100.9594168072,718.4943420980876,15.801874050171472,205.63500457231066
919,19,7f3bcef5a08e3ee69ec959154bc064e98543e76d,5fccb18775a1c53c589e1a644bcdca5c2966e2c9f1b72779e18c5571bee51811,1.12.5,SOSRI,paper_common,continuation,0.01,0.05,true,high,high,false,true,30260824,1.5e-6,0.25,60.0,1500.0,Success,Success,true,true,3.777115058277495,3.6968435010431698e6,2.7340089548676215e7,2.920870837092276,3.659457635687683e-11,3.659457635687683e-11,1104,0,4.654960457753149e6,186229.6494139148,1719.0642466352888,46.40395592052101,505.4219308902355,9.721460689611798e6,486100.9594168072,718.4943420980869,15.801874053199768,205.63500455806482
920,20,7f3bcef5a08e3ee69ec959154bc064e98543e76d,5fccb18775a1c53c589e1a644bcdca5c2966e2c9f1b72779e18c5571bee51811,1.12.5,SOSRI,paper_common,continuation,0.01,0.05,true,high,high,false,true,30260825,1.5e-6,0.25,60.0,1500.0,Success,Success,true,true,1.7529634109007333,5.940895445754932e6,3.8459459265023515e7,2.9208708370922905,2.715836255435264e-11,2.715836255435264e-11,1491,0,5.940895445754932e6,288692.76872535236,1060.7013463854978,22.701322266201572,327.8940247731582,9.721460689611796e6,486100.9594168072,718.4943420980874,15.801874053921459,205.6350045546571
921,21,7f3bcef5a08e3ee69ec959154bc064e98543e76d,5fccb18775a1c53c589e1a644bcdca5c2966e2c9f1b72779e18c5571bee51811,1.12.5,SOSRI,paper_common,continuation,0.01,0.05,true,high,high,false,true,30260826,1.5e-6,0.25,60.0,1500.0,Success,Success,true,true,6.812658711085565,4.1274768790339865e6,1.9896376760339353e7,2.9208708370922296,3.682072263891471e-11,3.682072263891471e-11,823,1,1.1011700286416573e7,535747.2520988907,628.29441900658,13.99641214858407,183.7768237229253,9.721460689612024e6,486100.9594168217,718.4943420980655,15.801874053185697,205.63500455826266
922,22,7f3bcef5a08e3ee69ec959154bc064e98543e76d,5fccb18775a1c53c589e1a644bcdca5c2966e2c9f1b72779e18c5571bee51811,1.12.5,SOSRI,paper_common,continuation,0.01,0.05,true,high,high,false,true,30260827,1.5e-6,0.25,60.0,1500.0,Success,Success,true,true,8.351786503808475,3.2025523416203484e6,1.8133319614999674e7,2.920870837092191,4.9089973598206737e-11,4.9089973598206737e-11,694,1,1.1695499668887999e7,593651.0806267291,555.7227007891365,11.819935575065282,163.4281156377397,9.721460689612025e6,486100.9594168217,718.4943420980655,15.801874052248506,205.63500456273533
923,23,7f3bcef5a08e3ee69ec959154bc064e98543e76d,5fccb18775a1c53c589e1a644bcdca5c2966e2c9f1b72779e18c5571bee51811,1.12.5,SOSRI,paper_common,continuation,0.01,0.05,true,high,high,false,true,30260828,1.5e-6,0.25,60.0,1500.0,Success,Success,true,true,7.104915768225646,2.749517915968124e6,1.8032831753833227e7,2.9208708370922856,1.87125010311363e-11,1.87125010311363e-11,810,0,5.387406437603596e6,244777.54880847107,1160.7646030221856,25.87966089888938,371.15350717732974,9.721460689611796e6,486100.95941680716,718.4943420980873,15.801874054568486,205.6350045516461
924,24,7f3bcef5a08e3ee69ec959154bc064e98543e76d,5fccb18775a1c53c589e1a644bcdca5c2966e2c9f1b72779e18c5571bee51811,1.12.5,SOSRI,paper_common,continuation,0.01,0.05,true,high,high,false,true,30260829,1.5e-6,0.25,60.0,1500.0,Success,Success,true,true,6.4468402603110855,1.356481841558613e6,1.8382186344548468e7,2.9208708370922807,2.265524616576137e-11,2.265524616576137e-11,525,0,4.697020653758633e6,182427.17944918704,1902.9636416364776,55.98115971453003,513.52924891428,9.721460689611796e6,486100.9594168072,718.494342098087,15.801874054266873,205.63500455306752
925,25,7f3bcef5a08e3ee69ec959154bc064e98543e76d,5fccb18775a1c53c589e1a644bcdca5c2966e2c9f1b72779e18c5571bee51811,1.12.5,SOSRI,paper_common,continuation,0.01,0.05,true,high,high,false,true,30260830,1.5e-6,0.25,60.0,1500.0,Success,Success,true,true,3.7075532573952987,2.4833663288024035e6,3.1305735231858797e7,2.9208708370923087,2.5519352458568453e-11,2.5519352458568453e-11,1036,0,7.0457047668923875e6,331766.40556762874,867.0877869148138,18.943790878835546,272.0859260909684,9.721460689611796e6,486100.9594168072,718.4943420980875,15.801874054045896,205.63500455403187
926,26,7f3bcef5a08e3ee69ec959154bc064e98543e76d,5fccb18775a1c53c589e1a644bcdca5c2966e2c9f1b72779e18c5571bee51811,1.12.5,SOSRI,paper_common,continuation,0.01,0.05,true,high,high,false,true,30260831,1.5e-6,0.25,60.0,1500.0,Success,Success,true,true,15.801874056001509,1.3940160711688756e6,1.082846749447674e7,2.9208708370922665,2.2854417038826612e-11,2.2854417038826612e-11,489,0,2.6508562377492366e6,81101.31161807357,4334.4674403622785,144.10245660983492,1387.464653732879,9.721460689611796e6,486100.9594168072,718.4943420980874,15.801874054252465,205.63500455316927
927,27,7f3bcef5a08e3ee69ec959154bc064e98543e76d,5fccb18775a1c53c589e1a644bcdca5c2966e2c9f1b72779e18c5571bee51811,1.12.5,SOSRI,paper_common,continuation,0.01,0.05,true,high,high,false,true,30260832,1.5e-6,0.25,60.0,1500.0,Success,Success,true,true,9.333176949900519,1.9148784843601098e6,1.4473853665311472e7,2.9208708370923233,5.931621779017995e-11,5.931621779017995e-11,618,0,6.43908083172683e6,247485.4984511523,1464.8676869128162,43.12426985545437,402.16485318600905,9.7214606896118e6,486100.9594168072,718.4943420980869,15.801874051457043,205.63500456609083
928,28,7f3bcef5a08e3ee69ec959154bc064e98543e76d,5fccb18775a1c53c589e1a644bcdca5c2966e2c9f1b72779e18c5571bee51811,1.12.5,SOSRI,paper_common,continuation,0.01,0.05,true,high,high,false,true,30260833,1.5e-6,0.25,60.0,1500.0,Success,Success,true,true,9.894451591296384,3.7342086524227266e6,1.6138702064385023e7,2.920870837092304,3.276261747045535e-11,3.276261747045535e-11,703,0,6.07558045458588e6,258792.01160127178,1358.4255319155236,35.00112875881654,390.08985293418675,9.721460689611798e6,486100.9594168072,718.4943420980873,15.801874053491508,205.63500455663268
929,29,7f3bcef5a08e3ee69ec959154bc064e98543e76d,5fccb18775a1c53c589e1a644bcdca5c2966e2c9f1b72779e18c5571bee51811,1.12.5,SOSRI,paper_common,continuation,0.01,0.05,true,high,high,false,true,30260834,1.5e-6,0.25,60.0,1500.0,Success,Success,true,true,11.526037675960374,2.4452264510574364e6,1.4118853139441567e7,2.9208708370922563,5.108021092900684e-11,5.108021092900684e-11,657,0,2.601250765548009e6,98314.66471461175,3100.50615110382,80.4122191356797,1028.2856109991826,9.721460689611798e6,486100.95941680716,718.4943420980874,15.80187405209173,205.63500456329012
930,30,7f3bcef5a08e3ee69ec959154bc064e98543e76d,5fccb18775a1c53c589e1a644bcdca5c2966e2c9f1b72779e18c5571bee51811,1.12.5,SOSRI,paper_common,continuation,0.01,0.05,true,high,high,false,true,30260835,1.5e-6,0.25,60.0,1500.0,Success,Success,true,true,5.04851108109459,3.434510487295308e6,2.1586603417483363e7,2.920870837092292,4.7254635400538216e-11,4.7254635400538216e-11,800,0,5.5161281333188955e6,225819.1479547688,1515.5126645713844,39.32826508334129,456.0234037783407,9.721460689611798e6,486100.9594168072,718.4943420980869,15.801874052382523,205.6350045618438
931,31,7f3bcef5a08e3ee69ec959154bc064e98543e76d,5fccb18775a1c53c589e1a644bcdca5c2966e2c9f1b72779e18c5571bee51811,1.12.5,SOSRI,paper_common,continuation,0.01,0.05,true,high,high,false,true,30260836,1.5e-6,0.25,60.0,1500.0,Success,Success,true,true,7.716221615691602,2.0481570038019726e6,1.604105531306176e7,2.920870837092077,6.853666555359936e-11,6.853666555359936e-11,760,1,1.4172849096138028e7,694236.41942948,505.72687414809525,11.24626811417354,146.86995841311918,9.721460689612027e6,486100.9594168217,718.4943420980654,15.801874050766338,205.63500456994083
932,32,7f3bcef5a08e3ee69ec959154bc064e98543e76d,5fccb18775a1c53c589e1a644bcdca5c2966e2c9f1b72779e18c5571bee51811,1.12.5,SOSRI,paper_common,continuation,0.01,0.05,true,high,high,false,true,30260837,1.5e-6,0.25,60.0,1500.0,Success,Success,true,true,1.3819482333611768,3.300827514354526e6,4.343370422022177e7,2.9208708370922727,1.7558178852620136e-11,1.7558178852620136e-11,1380,0,3.688832721716661e6,152574.06389414668,2847.2689863797373,77.1513059758266,788.8068425533048,9.721460689611796e6,486100.95941680716,718.4943420980873,15.80187405465766,205.63500455126146
933,33,7f3bcef5a08e3ee69ec959154bc064e98543e76d,5fccb18775a1c53c589e1a644bcdca5c2966e2c9f1b72779e18c5571bee51811,1.12.5,SOSRI,paper_common,continuation,0.01,0.05,true,high,high,false,true,30260838,1.5e-6,0.25,60.0,1500.0,Success,Success,true,true,3.2165343742921713,4.475108087351626e6,2.8821613604005493e7,2.920870837092261,8.362061551322105e-11,8.362061551322105e-11,1301,0,4.475108087351626e6,204341.6267203601,1541.9789255592877,34.91159525289898,479.90966397751316,9.721460689611804e6,486100.9594168072,718.4943420980871,15.801874049599672,205.63500457492088
934,34,7f3bcef5a08e3ee69ec959154bc064e98543e76d,5fccb18775a1c53c589e1a644bcdca5c2966e2c9f1b72779e18c5571bee51811,1.12.5,SOSRI,paper_common,continuation,0.01,0.05,true,high,high,false,true,30260839,1.5e-6,0.25,60.0,1500.0,Success,Success,true,true,1.5242088268737335,5.8607307159186555e6,3.988169498485003e7,2.9208708370922905,1.912798959804792e-11,1.912798959804792e-11,1535,0,5.8607307159186555e6,354448.84691175574,922.4679102357018,16.54545562024854,268.62577242345776,9.721460689611796e6,486100.9594168072,718.4943420980874,15.801874054536373,205.635004551784
935,35,7f3bcef5a08e3ee69ec959154bc064e98543e76d,5fccb18775a1c53c589e1a644bcdca5c2966e2c9f1b72779e18c5571bee51811,1.12.5,SOSRI,paper_common,continuation,0.01,0.05,true,high,high,false,true,30260840,1.5e-6,0.25,60.0,1500.0,Success,Success,true,true,8.940495134251577,3.5400996397971255e6,1.6351210897775024e7,2.9208708370923415,6.880411312239941e-11,6.880411312239941e-11,753,0,6.415544043171034e6,302564.9834088845,1137.8743500552184,25.72626123559707,340.2500718908257,9.7214606896118e6,486100.95941680716,718.4943420980874,15.801874050729442,205.63500456944612
936,36,7f3bcef5a08e3ee69ec959154bc064e98543e76d,5fccb18775a1c53c589e1a644bcdca5c2966e2c9f1b72779e18c5571bee51811,1.12.5,SOSRI,paper_common,continuation,0.01,0.05,true,high,high,false,true,30260841,1.5e-6,0.25,60.0,1500.0,Success,Success,true,true,3.350442183115095,3.4858452993260752e6,3.039204201251177e7,2.9208708370923167,5.689380303612764e-11,5.689380303612764e-11,1135,0,6.046053200996836e6,241222.53934360962,1890.708617307475,53.311238776016864,523.1115740853058,9.7214606896118e6,486100.95941680716,718.4943420980873,15.801874051642946,205.63500456523903
937,37,7f3bcef5a08e3ee69ec959154bc064e98543e76d,5fccb18775a1c53c589e1a644bcdca5c2966e2c9f1b72779e18c5571bee51811,1.12.5,SOSRI,paper_common,continuation,0.01,0.05,true,high,high,false,true,30260842,1.5e-6,0.25,60.0,1500.0,Success,Success,true,true,12.256951968548627,3.100197616024683e6,1.3080000160041705e7,2.920870837092335,5.5109864136486135e-11,5.5109864136486135e-11,486,0,7.245038593548456e6,291663.6003610753,1054.5733210377698,27.244513693794556,326.8362441713496,9.7214606896118e6,486100.9594168072,718.4943420980875,15.801874051778471,205.63500456456148
938,38,7f3bcef5a08e3ee69ec959154bc064e98543e76d,5fccb18775a1c53c589e1a644bcdca5c2966e2c9f1b72779e18c5571bee51811,1.12.5,SOSRI,paper_common,continuation,0.01,0.05,true,high,high,false,true,30260843,1.5e-6,0.25,60.0,1500.0,Success,Success,true,true,15.801874056001509,2.386136703997651e6,1.038741378433557e7,2.9208708370922682,1.7715959739057515e-11,1.7715959739057515e-11,506,0,2.7857748289206754e6,94134.67964397758,3505.199644106462,110.11713766312634,1056.9113802894724,9.721460689611796e6,486100.9594168072,718.4943420980867,15.801874054645847,205.63500455132757
939,39,7f3bcef5a08e3ee69ec959154bc064e98543e76d,5fccb18775a1c53c589e1a644bcdca5c2966e2c9f1b72779e18c5571bee51811,1.12.5,SOSRI,paper_common,continuation,0.01,0.05,true,high,high,false,true,30260844,1.5e-6,0.25,60.0,1500.0,Success,Success,true,true,2.117129681356328,5.70643772571931e6,3.719282381254076e7,2.9208708370922953,1.8164579150274996e-11,1.8164579150274996e-11,1349,0,6.523252531325086e6,356627.91507575347,948.4232998544926,18.748660717038955,277.9614024614142,9.721460689611796e6,486100.9594168072,718.4943420980866,15.80187405460984,205.63500455142818
940,40,7f3bcef5a08e3ee69ec959154bc064e98543e76d,5fccb18775a1c53c589e1a644bcdca5c2966e2c9f1b72779e18c5571bee51811,1.12.5,SOSRI,paper_common,continuation,0.01,0.05,true,high,high,false,true,30260845,1.5e-6,0.25,60.0,1500.0,Success,Success,true,true,6.226576239520087,1.913012544546077e6,2.01353851362427e7,2.9208708370922896,5.96062625705138e-11,5.96062625705138e-11,524,0,5.2457577496005865e6,206452.5089273814,1539.7616320920527,41.896941533265334,458.52334869885277,9.7214606896118e6,486100.9594168072,718.4943420980876,15.801874051436846,205.63500456626772
941,41,7f3bcef5a08e3ee69ec959154bc064e98543e76d,5fccb18775a1c53c589e1a644bcdca5c2966e2c9f1b72779e18c5571bee51811,1.12.5,SOSRI,paper_common,continuation,0.01,0.05,true,high,high,false,true,30260846,1.5e-6,0.25,60.0,1500.0,Success,Success,true,true,14.98344263113776,3.6651751855913773e6,1.211556399290549e7,2.920870837092346,2.8467692987271224e-11,2.8467692987271224e-11,659,0,8.86655173167777e6,418020.9983374546,834.1901452990326,19.619873060174985,235.85293754798423,9.721460689611796e6,486100.95941680716,718.494342098087,15.8018740538179,205.63500455500494
942,42,7f3bcef5a08e3ee69ec959154bc064e98543e76d,5fccb18775a1c53c589e1a644bcdca5c2966e2c9f1b72779e18c5571bee51811,1.12.5,SOSRI,paper_common,continuation,0.01,0.05,true,high,high,false,true,30260847,1.5e-6,0.25,60.0,1500.0,Success,Success,true,true,7.328445901607923,1.717977128789896e6,1.5750945948278815e7,2.9208708370922856,1.7746215166669296e-11,1.7746215166669296e-11,678,0,5.302105725613547e6,221585.91243382503,1380.818794379447,35.55761645865734,407.95826448238086,9.721460689611796e6,486100.9594168072,718.494342098087,15.801874054642477,205.6350045513003
943,43,7f3bcef5a08e3ee69ec959154bc064e98543e76d,5fccb18775a1c53c589e1a644bcdca5c2966e2c9f1b72779e18c5571bee51811,1.12.5,SOSRI,paper_common,continuation,0.01,0.05,true,high,high,false,true,30260848,1.5e-6,0.25,60.0,1500.0,Success,Success,true,true,7.3165246580947825,1.9030285615372404e6,1.969561900916271e7,2.920870837092301,4.6476904044105316e-11,4.6476904044105316e-11,525,0,5.414910533314015e6,219191.46932299496,1568.5269077684718,42.25018791851294,454.9715519963668,9.721460689611798e6,486100.9594168072,718.4943420980875,15.801874052441544,205.63500456154622
944,44,7f3bcef5a08e3ee69ec959154bc064e98543e76d,5fccb18775a1c53c589e1a644bcdca5c2966e2c9f1b72779e18c5571bee51811,1.12.5,SOSRI,paper_common,continuation,0.01,0.05,true,high,high,false,true,30260849,1.5e-6,0.25,60.0,1500.0,Success,Success,true,true,8.694652956852547,4.3000505861813e6,1.6521124016378835e7,2.9208708370922882,2.0153386660838358e-11,2.0153386660838358e-11,843,0,5.690189577113644e6,253182.3014700668,1525.707615592027,39.852106190408435,399.2410561416032,9.721460689611796e6,486100.9594168072,718.4943420980871,15.801874054457972,205.6350045521551
945,45,7f3bcef5a08e3ee69ec959154bc064e98543e76d,5fccb18775a1c53c589e1a644bcdca5c2966e2c9f1b72779e18c5571bee51811,1.12.5,SOSRI,paper_common,continuation,0.01,0.05,true,high,high,false,true,30260850,1.5e-6,0.25,60.0,1500.0,Success,Success,true,true,3.7747164082808644,3.1973944305724325e6,2.5937341670344852e7,2.9208708370922722,1.8077851624722914e-11,1.8077851624722914e-11,708,0,3.624754036198645e6,139600.826696337,2289.9825077781056,63.38881687055085,685.0730018973404,9.721460689611796e6,486100.9594168072,718.4943420980875,15.801874054617878,205.6350045514478
946,46,7f3bcef5a08e3ee69ec959154bc064e98543e76d,5fccb18775a1c53c589e1a644bcdca5c2966e2c9f1b72779e18c5571bee51811,1.12.5,SOSRI,paper_common,continuation,0.01,0.05,true,high,high,false,true,30260851,1.5e-6,0.25,60.0,1500.0,Success,Success,true,true,5.29389564236326,2.280037531708893e6,2.0265303760191787e7,2.9208708370922274,1.8692853688669424e-11,1.8692853688669424e-11,997,1,1.3226957263884692e7,753444.7675999115,489.2743151720596,9.43535461110995,140.2233979316754,9.721460689612022e6,486100.9594168217,718.4943420980657,15.80187405457397,205.63500455178172
947,47,7f3bcef5a08e3ee69ec959154bc064e98543e76d,5fccb18775a1c53c589e1a644bcdca5c2966e2c9f1b72779e18c5571bee51811,1.12.5,SOSRI,paper_common,continuation,0.01,0.05,true,high,high,false,true,30260852,1.5e-6,0.25,60.0,1500.0,Success,Success,true,true,6.398191520749597,2.6558133702018587e6,2.0315867249353666e7,2.9208708370923184,6.494159872611902e-11,6.494159872611902e-11,850,0,6.06600028905201e6,232117.69637158883,1570.1506780016816,44.71466670091313,456.47274088524574,9.721460689611802e6,486100.95941680716,718.4943420980868,15.801874051026559,205.63500456811337
948,48,7f3bcef5a08e3ee69ec959154bc064e98543e76d,5fccb18775a1c53c589e1a644bcdca5c2966e2c9f1b72779e18c5571bee51811,1.12.5,SOSRI,paper_common,continuation,0.01,0.05,true,high,high,false,true,30260853,1.5e-6,0.25,60.0,1500.0,Success,Success,true,true,5.108354564507403,2.9311963601433835e6,2.517535131518133e7,2.9208708370921386,6.01216999316779e-11,6.01216999316779e-11,960,1,1.7559650348208565e7,1.068524240703059e6,315.8013750031576,5.734120203327348,89.7239668744088,9.721460689612027e6,486100.9594168216,718.494342098066,15.80187405140691,205.63500456679486
949,49,7f3bcef5a08e3ee69ec959154bc064e98543e76d,5fccb18775a1c53c589e1a644bcdca5c2966e2c9f1b72779e18c5571bee51811,1.12.5,SOSRI,paper_common,continuation,0.01,0.05,true,high,high,false,true,30260854,1.5e-6,0.25,60.0,1500.0,Success,Success,true,true,5.96418147325575,2.6562055480486546e6,1.9099148062059738e7,2.9208708370922696,4.193448935755889e-11,4.193448935755889e-11,1001,0,3.274179702592163e6,118633.37069828977,3172.055327037113,95.05610733925394,924.9085556827985,9.721460689611798e6,486100.95941680716,718.4943420980873,15.801874052791247,205.63500455998894
950,50,7f3bcef5a08e3ee69ec959154bc064e98543e76d,5fccb18775a1c53c589e1a644bcdca5c2966e2c9f1b72779e18c5571bee51811,1.12.5,SOSRI,paper_common,continuation,0.01,0.05,true,high,high,false,true,30260855,1.5e-6,0.25,60.0,1500.0,Success,Success,true,true,8.11572951259899,4.455279898383898e6,1.7213474562148772e7,2.9208708370923304,2.63712097098744e-11,2.63712097098744e-11,735,0,8.294398139938313e6,386049.89231313264,994.9795069237483,24.20038892836707,272.2979284783206,9.721460689611796e6,486100.9594168072,718.4943420980873,15.80187405397935,205.63500455428846
951,51,7f3bcef5a08e3ee69ec959154bc064e98543e76d,5fccb18775a1c53c589e1a644bcdca5c2966e2c9f1b72779e18c5571bee51811,1.12.5,SOSRI,paper_common,continuation,0.01,0.05,true,high,high,false,true,30260856,1.5e-6,0.25,60.0,1500.0,Success,Success,true,true,5.989006674070304,4.34773460497467e6,2.389363708926358e7,2.9208708370923455,2.668142711358833e-11,2.668142711358833e-11,809,0,9.024459589228196e6,417106.98867639824,960.3603705299687,23.994228955063438,254.401909690503,9.721460689611796e6,486100.9594168072,718.494342098087,15.80187405395471,205.6350045543669
952,52,7f3bcef5a08e3ee69ec959154bc064e98543e76d,5fccb18775a1c53c589e1a644bcdca5c2966e2c9f1b72779e18c5571bee51811,1.12.5,SOSRI,paper_common,continuation,0.01,0.05,true,high,high,false,true,30260857,1.5e-6,0.25,60.0,1500.0,Success,Success,true,true,2.5763992980858905,5.0710262383893905e6,3.900345374703592e7,2.9208708370921177,6.221457711317263e-11,6.221457711317263e-11,1189,1,1.4152890037005972e7,860090.3127624734,432.16509800907727,7.981065344189436,119.82968897439542,9.721460689612027e6,486100.9594168217,718.4943420980658,15.801874051247966,205.63500456759056
953,53,7f3bcef5a08e3ee69ec959154bc064e98543e76d,5fccb18775a1c53c589e1a644bcdca5c2966e2c9f1b72779e18c5571bee51811,1.12.5,SOSRI,paper_common,continuation,0.01,0.05,true,high,high,false,true,30260858,1.5e-6,0.25,60.0,1500.0,Success,Success,true,true,6.178951269418417,4.372323222882793e6,2.127102965989316e7,2.920870837092305,1.782851262575884e-11,1.782851262575884e-11,754,0,7.613868651628987e6,346118.44717263244,942.7977881568972,22.42199364106778,276.7473060814321,9.721460689611796e6,486100.95941680716,718.4943420980867,15.801874054635018,205.6350045512877
954,54,7f3bcef5a08e3ee69ec959154bc064e98543e76d,5fccb18775a1c53c589e1a644bcdca5c2966e2c9f1b72779e18c5571bee51811,1.12.5,SOSRI,paper_common,continuation,0.01,0.05,true,high,high,false,true,30260859,1.5e-6,0.25,60.0,1500.0,Success,Success,true,true,5.923674232860533,2.691745005347047e6,1.8393782882224668e7,2.9208708370923206,9.662550876046273e-11,9.662550876046273e-11,616,0,5.894224284927161e6,242054.706173613,1295.8480539667012,33.71560241025665,386.98404085338706,9.721460689611804e6,486100.9594168072,718.4943420980877,15.801874048600295,205.6350045794452
955,55,7f3bcef5a08e3ee69ec959154bc064e98543e76d,5fccb18775a1c53c589e1a644bcdca5c2966e2c9f1b72779e18c5571bee51811,1.12.5,SOSRI,paper_common,continuation,0.01,0.05,true,high,high,false,true,30260860,1.5e-6,0.25,60.0,1500.0,Success,Success,true,true,4.891857286600617,3.962206763854102e6,2.309110294140277e7,2.920870837092366,2.0270920357084257e-11,2.0270920357084257e-11,1012,0,9.285183419019124e6,497178.7312508006,672.8744061430729,13.725553306481956,194.43990089230604,9.721460689611796e6,486100.9594168072,718.4943420980871,15.801874054444408,205.63500455202922
956,56,7f3bcef5a08e3ee69ec959154bc064e98543e76d,5fccb18775a1c53c589e1a644bcdca5c2966e2c9f1b72779e18c5571bee51811,1.12.5,SOSRI,paper_common,continuation,0.01,0.05,true,high,high,false,true,30260861,1.5e-6,0.25,60.0,1500.0,Success,Success,true,true,8.253257702136848,3.0572377752213934e6,1.6968282163031437e7,2.920870837092177,9.303909926598875e-11,9.303909926598875e-11,829,0,1.1506252400119552e7,518269.6627408404,727.3375446405345,18.63976049797808,192.93941349861018,9.721460689612031e6,486100.9594168217,718.4943420980655,15.80187404888398,205.6350045784895
957,57,7f3bcef5a08e3ee69ec959154bc064e98543e76d,5fccb18775a1c53c589e1a644bcdca5c2966e2c9f1b72779e18c5571bee51811,1.12.5,SOSRI,paper_common,continuation,0.01,0.05,true,high,high,false,true,30260862,1.5e-6,0.25,60.0,1500.0,Success,Success,true,true,6.32159152618515,3.3227487296344363e6,2.117678106134301e7,2.920870837092099,5.958229321611667e-11,5.958229321611667e-11,685,1,1.6661947701971075e7,960893.1629840515,370.24750583401317,7.112550839383018,104.77964607494717,9.721460689612027e6,486100.9594168217,718.4943420980654,15.801874051450676,205.63500456668933
958,58,7f3bcef5a08e3ee69ec959154bc064e98543e76d,5fccb18775a1c53c589e1a644bcdca5c2966e2c9f1b72779e18c5571bee51811,1.12.5,SOSRI,paper_common,continuation,0.01,0.05,true,high,high,false,true,30260863,1.5e-6,0.25,60.0,1500.0,Success,Success,true,true,7.0872572214561345,3.274790199881307e6,2.0155540226778246e7,2.920870837092295,7.848694745728725e-11,7.848694745728725e-11,661,0,5.509989913652734e6,215961.32076182286,1418.6594749971218,39.20212489087645,415.88548807758156,9.721460689611802e6,486100.9594168072,718.4943420980868,15.801874049990781,205.63500457301186
959,59,7f3bcef5a08e3ee69ec959154bc064e98543e76d,5fccb18775a1c53c589e1a644bcdca5c2966e2c9f1b72779e18c5571bee51811,1.12.5,SOSRI,paper_common,continuation,0.01,0.05,true,high,high,false,true,30260864,1.5e-6,0.25,60.0,1500.0,Success,Success,true,true,4.4664081913145495,2.661076745396933e6,2.4483438163746e7,2.9208708370923966,1.0190385171016995e-10,1.0190385171016995e-10,686,0,7.1354511275852015e6,304496.8638395992,1043.4508667587247,26.583858001471473,304.0137639703522,9.721460689611804e6,486100.9594168072,718.4943420980868,15.801874048191586,205.63500458116874
960,60,7f3bcef5a08e3ee69ec959154bc064e98543e76d,5fccb18775a1c53c589e1a644bcdca5c2966e2c9f1b72779e18c5571bee51811,1.12.5,SOSRI,paper_common,continuation,0.01,0.05,true,high,high,false,true,30260865,1.5e-6,0.25,60.0,1500.0,Success,Success,true,true,1.6461698641278963,5.217231038383445e6,4.418229675820911e7,2.9208708370922936,2.1113608333256406e-11,2.1113608333256406e-11,1411,0,6.617486356983568e6,288395.8470191222,1275.123311133602,33.76739331196909,338.1047364440009,9.721460689611796e6,486100.9594168072,718.4943420980868,15.801874054384141,205.63500455248763
961,61,7f3bcef5a08e3ee69ec959154bc064e98543e76d,5fccb18775a1c53c589e1a644bcdca5c2966e2c9f1b72779e18c5571bee51811,1.12.5,SOSRI,paper_common,continuation,0.01,0.05,true,high,high,false,true,30260866,1.5e-6,0.25,60.0,1500.0,Success,Success,true,true,10.739352714577246,943175.4548535296,1.4695486082606634e7,2.9208708370922594,1.897736817036441e-11,1.897736817036441e-11,526,0,1.5327218479004747e6,44350.05090666807,6464.380367742136,240.98553547869855,1917.9461747458856,9.721460689611796e6,486100.9594168072,718.4943420980871,15.801874054549785,205.63500455179792
962,62,7f3bcef5a08e3ee69ec959154bc064e98543e76d,5fccb18775a1c53c589e1a644bcdca5c2966e2c9f1b72779e18c5571bee51811,1.12.5,SOSRI,paper_common,continuation,0.01,0.05,true,high,high,false,true,30260867,1.5e-6,0.25,60.0,1500.0,Success,Success,true,true,5.621055653460965,1.6876010484379812e6,2.2391387024476327e7,2.9208708370923775,3.0801516575544886e-11,3.0801516575544886e-11,826,0,9.208663338208223e6,423275.88749008894,820.2436869800281,19.747326783198694,232.70097645164518,9.721460689611798e6,486100.95941680716,718.494342098087,15.801874053637357,205.6350045557724
963,63,7f3bcef5a08e3ee69ec959154bc064e98543e76d,5fccb18775a1c53c589e1a644bcdca5c2966e2c9f1b72779e18c5571bee51811,1.12.5,SOSRI,paper_common,continuation,0.01,0.05,true,high,high,false,true,30260868,1.5e-6,0.25,60.0,1500.0,Success,Success,true,true,9.44396741917749,2.504658927116011e6,1.4817269228476912e7,2.920870837092297,3.436041507166043e-11,3.436041507166043e-11,858,0,6.2644512768375175e6,269865.1867722293,1322.5011890431053,34.568672878465506,365.09025416142305,9.721460689611798e6,486100.9594168072,718.494342098087,15.80187405336957,205.63500455721928
964,64,7f3bcef5a08e3ee69ec959154bc064e98543e76d,5fccb18775a1c53c589e1a644bcdca5c2966e2c9f1b72779e18c5571bee51811,1.12.5,SOSRI,paper_common,continuation,0.01,0.05,true,high,high,false,true,30260869,1.5e-6,0.25,60.0,1500.0,Success,Success,true,true,15.801874056001509,640046.0368704288,1.1794724829018082e7,2.920870837092256,2.087074636236499e-11,2.087074636236499e-11,399,0,1.8235048274668916e6,52128.006725236235,7995.100058407313,327.3266731528055,2098.9707752359086,9.721460689611796e6,486100.9594168072,718.4943420980869,15.801874054405001,205.6350045524825
965,65,7f3bcef5a08e3ee69ec959154bc064e98543e76d,5fccb18775a1c53c589e1a644bcdca5c2966e2c9f1b72779e18c5571bee51811,1.12.5,SOSRI,paper_common,continuation,0.01,0.05,true,high,high,false,true,30260870,1.5e-6,0.25,60.0,1500.0,Success,Success,true,true,8.138672173568734,2.5604548428980717e6,1.6649566572306646e7,2.9208708370923,2.009104437184828e-11,2.009104437184828e-11,663,0,6.703266620783738e6,264551.3208965308,1435.9906001996033,40.65050155304254,401.98540925718424,9.721460689611796e6,486100.9594168072,718.4943420980875,15.801874054462038,205.63500455210706
966,66,7f3bcef5a08e3ee69ec959154bc064e98543e76d,5fccb18775a1c53c589e1a644bcdca5c2966e2c9f1b72779e18c5571bee51811,1.12.5,SOSRI,paper_common,continuation,0.01,0.05,true,high,high,false,true,30260871,1.5e-6,0.25,60.0,1500.0,Success,Success,true,true,15.801874056001509,2.4222204110996053e6,1.2260927246515859e7,2.9208708370923144,2.2285626363516084e-11,2.2285626363516084e-11,546,0,8.157102632048314e6,361355.40896611,985.6038397503365,25.386204178811738,266.46587765966945,9.721460689611796e6,486100.9594168072,718.4943420980871,15.801874054293153,205.63500455286163
967,67,7f3bcef5a08e3ee69ec959154bc064e98543e76d,5fccb18775a1c53c589e1a644bcdca5c2966e2c9f1b72779e18c5571bee51811,1.12.5,SOSRI,paper_common,continuation,0.01,0.05,true,high,high,false,true,30260872,1.5e-6,0.25,60.0,1500.0,Success,Success,true,true,15.801874056001509,2.1349739457573793e6,1.190591309948299e7,2.920870837092181,4.8789408933374074e-11,4.8789408933374074e-11,542,1,1.190591309948299e7,534777.2987384613,708.116019559353,17.431296747071496,201.2251313215178,9.721460689612025e6,486100.9594168217,718.4943420980655,15.80187405227213,205.63500456264953
968,68,7f3bcef5a08e3ee69ec959154bc064e98543e76d,5fccb18775a1c53c589e1a644bcdca5c2966e2c9f1b72779e18c5571bee51811,1.12.5,SOSRI,paper_common,continuation,0.01,0.05,true,high,high,false,true,30260873,1.5e-6,0.25,60.0,1500.0,Success,Success,true,true,4.164870675841055,1.7337621624067826e6,2.3377357903606214e7,2.9208708370922616,1.971481977592141e-11,1.971481977592141e-11,680,0,2.1539039807135407e6,66844.1913585432,3816.578911992073,123.6714975067239,1237.0755769544585,9.721460689611796e6,486100.95941680716,718.4943420980869,15.801874054493183,205.63500455205704
969,69,7f3bcef5a08e3ee69ec959154bc064e98543e76d,5fccb18775a1c53c589e1a644bcdca5c2966e2c9f1b72779e18c5571bee51811,1.12.5,SOSRI,paper_common,continuation,0.01,0.05,true,high,high,false,true,30260874,1.5e-6,0.25,60.0,1500.0,Success,Success,true,true,7.087208271043496,2.176715528473279e6,1.8541425249402504e7,2.920870837092139,6.058384370065244e-11,6.058384370065244e-11,747,1,1.446844809654589e7,760128.1381082021,491.26864242286194,10.476238740994688,136.6818134294796,9.721460689612025e6,486100.9594168217,718.4943420980658,15.801874051371508,205.6350045669597
970,70,7f3bcef5a08e3ee69ec959154bc064e98543e76d,5fccb18775a1c53c589e1a644bcdca5c2966e2c9f1b72779e18c5571bee51811,1.12.5,SOSRI,paper_common,continuation,0.01,0.05,true,high,high,false,true,30260875,1.5e-6,0.25,60.0,1500.0,Success,Success,true,true,12.387960977836837,3.088926367784782e6,1.1547478867320206e7,2.9208708370923055,1.7550383637626354e-11,1.7550383637626354e-11,618,0,7.729512513859715e6,339250.0425646128,929.5409397399186,22.866778445243142,273.4902531483708,9.721460689611796e6,486100.95941680716,718.4943420980873,15.80187405465629,205.63500455118725
971,71,7f3bcef5a08e3ee69ec959154bc064e98543e76d,5fccb18775a1c53c589e1a644bcdca5c2966e2c9f1b72779e18c5571bee51811,1.12.5,SOSRI,paper_common,continuation,0.01,0.05,true,high,high,false,true,30260876,1.5e-6,0.25,60.0,1500.0,Success,Success,true,true,4.373373784622877,2.3197175173466112e6,2.2836746065308623e7,2.9208708370924983,9.433024699476434e-11,9.433024699476434e-11,683,0,8.495766712648025e6,390773.8263228229,981.2127679341817,23.577116239805466,278.81627391874366,9.721460689611804e6,486100.9594168072,718.4943420980871,15.80187404876551,205.6350045782384
972,72,7f3bcef5a08e3ee69ec959154bc064e98543e76d,5fccb18775a1c53c589e1a644bcdca5c2966e2c9f1b72779e18c5571bee51811,1.12.5,SOSRI,paper_common,continuation,0.01,0.05,true,high,high,false,true,30260877,1.5e-6,0.25,60.0,1500.0,Success,Success,true,true,4.982866020765617,3.5691316941222856e6,2.256459878925009e7,2.9208708370922847,4.4570542200295146e-11,4.4570542200295146e-11,806,0,5.057281558825435e6,255071.86970243885,1141.3408523846917,22.89799916174841,364.98650697173633,9.721460689611798e6,486100.9594168072,718.494342098087,15.80187405258848,205.635004560899
973,73,7f3bcef5a08e3ee69ec959154bc064e98543e76d,5fccb18775a1c53c589e1a644bcdca5c2966e2c9f1b72779e18c5571bee51811,1.12.5,SOSRI,paper_common,continuation,0.01,0.05,true,high,high,false,true,30260878,1.5e-6,0.25,60.0,1500.0,Success,Success,true,true,9.09505898131723,3.979323310033538e6,1.4549946931725591e7,2.9208708370923278,7.103235751124739e-11,7.103235751124739e-11,791,0,6.395379017598905e6,269439.11196674366,1651.3778229273867,44.445062864208595,450.84498011592837,9.721460689611802e6,486100.9594168072,718.4943420980868,15.801874050559645,205.6350045702735
974,74,7f3bcef5a08e3ee69ec959154bc064e98543e76d,5fccb18775a1c53c589e1a644bcdca5c2966e2c9f1b72779e18c5571bee51811,1.12.5,SOSRI,paper_common,continuation,0.01,0.05,true,high,high,false,true,30260879,1.5e-6,0.25,60.0,1500.0,Success,Success,true,true,3.2716954898943937,4.657420385664923e6,3.0031605017674856e7,2.920870837092279,1.8643347638924444e-11,1.8643347638924444e-11,935,0,4.657420385664923e6,228178.31300786466,1188.179851782943,23.924959993906544,391.6960016587403,9.721460689611796e6,486100.9594168072,718.4943420980869,15.801874054574181,205.63500455163586
975,75,7f3bcef5a08e3ee69ec959154bc064e98543e76d,5fccb18775a1c53c589e1a644bcdca5c2966e2c9f1b72779e18c5571bee51811,1.12.5,SOSRI,paper_common,continuation,0.01,0.05,true,high,high,false,true,30260880,1.5e-6,0.25,60.0,1500.0,Success,Success,true,true,8.914757158489088,1.278489504945091e6,1.3866199958516465e7,2.920870837092055,1.0469318807011751e-10,1.0469318807011751e-10,407,1,1.3866199958516465e7,694645.4480603734,424.42554046569484,8.914757158489088,129.3657526671716,9.721460689612031e6,486100.9594168217,718.4943420980655,15.801874047998941,205.63500458292285
976,76,7f3bcef5a08e3ee69ec959154bc064e98543e76d,5fccb18775a1c53c589e1a644bcdca5c2966e2c9f1b72779e18c5571bee51811,1.12.5,SOSRI,paper_common,continuation,0.01,0.05,true,high,high,false,true,30260881,1.5e-6,0.25,60.0,1500.0,Success,Success,true,true,9.455634529431913,1.177913395764299e6,1.4905639462433212e7,2.920870837092257,2.6797862125649847e-11,2.6797862125649847e-11,467,0,1.1695390593931796e7,476656.81586652674,706.8032333057243,18.797908102978806,207.02273271184518,9.721460689612024e6,486100.9594168217,718.4943420980655,15.801874053951531,205.63500455461727
977,77,7f3bcef5a08e3ee69ec959154bc064e98543e76d,5fccb18775a1c53c589e1a644bcdca5c2966e2c9f1b72779e18c5571bee51811,1.12.5,SOSRI,paper_common,continuation,0.01,0.05,true,high,high,false,true,30260882,1.5e-6,0.25,60.0,1500.0,Success,Success,true,true,3.1481915885773333,3.1889006935365438e6,2.9008761680167705e7,2.9208708370923757,9.920058575575253e-11,9.920058575575253e-11,1137,0,6.8782335587961245e6,282428.1173391466,1418.0386324737108,39.32224610880519,384.89753260559775,9.721460689611804e6,486100.9594168072,718.4943420980877,15.801874048399842,205.63500458024745
978,78,7f3bcef5a08e3ee69ec959154bc064e98543e76d,5fccb18775a1c53c589e1a644bcdca5c2966e2c9f1b72779e18c5571bee51811,1.12.5,SOSRI,paper_common,continuation,0.01,0.05,true,high,high,false,true,30260883,1.5e-6,0.25,60.0,1500.0,Success,Success,true,true,7.5435868404749735,3.0633923520913017e6,1.769621148745411e7,2.920870837092287,4.4517134383857756e-11,4.4517134383857756e-11,723,0,4.5728573455772195e6,203129.06654358355,1621.2644649618605,38.8109864202248,486.15182972498656,9.721460689611798e6,486100.9594168072,718.4943420980869,15.801874052592453,205.63500456087564
979,79,7f3bcef5a08e3ee69ec959154bc064e98543e76d,5fccb18775a1c53c589e1a644bcdca5c2966e2c9f1b72779e18c5571bee51811,1.12.5,SOSRI,paper_common,continuation,0.01,0.05,true,high,high,false,true,30260884,1.5e-6,0.25,60.0,1500.0,Success,Success,true,true,2.7417092032289787,3.009839683946719e6,2.9584701640851468e7,2.92087083709197,7.792554285317786e-11,7.792554285317786e-11,910,2,2.9584701640851468e7,2.0328828325262577e6,171.84822472253742,2.7417092032289787,49.394802076928066,9.72146068961203e6,486100.9594168217,718.4943420980654,15.801874050053897,205.63500457353075
980,80,7f3bcef5a08e3ee69ec959154bc064e98543e76d,5fccb18775a1c53c589e1a644bcdca5c2966e2c9f1b72779e18c5571bee51811,1.12.5,SOSRI,paper_common,continuation,0.01,0.05,true,high,high,false,true,30260885,1.5e-6,0.25,60.0,1500.0,Success,Success,true,true,6.41161154251526,3.5557195313001834e6,1.7586546908046562e7,2.9208708370923926,6.775718940012394e-11,6.775718940012394e-11,757,0,9.877046403707001e6,436563.7771602095,755.0064023306234,18.122010757013047,227.71115684077841,9.721460689612027e6,486100.9594168217,718.4943420980655,15.80187405080705,205.6350045689781
981,81,7f3bcef5a08e3ee69ec959154bc064e98543e76d,5fccb18775a1c53c589e1a644bcdca5c2966e2c9f1b72779e18c5571bee51811,1.12.5,SOSRI,paper_common,continuation,0.01,0.05,true,high,high,false,true,30260886,1.5e-6,0.25,60.0,1500.0,Success,Success,true,true,10.408649135609531,2.0167011398980063e6,1.3787928577169077e7,2.920870837092234,2.0364577146859188e-11,2.0364577146859188e-11,512,0,1.3787928577169077e7,576077.0829852051,647.5873912945394,17.440570702859393,179.24399881310453,9.721460689612022e6,486100.9594168217,718.4943420980653,15.801874054445557,205.63500455236567
982,82,7f3bcef5a08e3ee69ec959154bc064e98543e76d,5fccb18775a1c53c589e1a644bcdca5c2966e2c9f1b72779e18c5571bee51811,1.12.5,SOSRI,paper_common,continuation,0.01,0.05,true,high,high,false,true,30260887,1.5e-6,0.25,60.0,1500.0,Success,Success,true,true,4.2851919151622795,2.3076169266877705e6,2.3585036805044062e7,2.9208708370923486,5.786307698920074e-11,5.786307698920074e-11,848,0,7.590841372371695e6,320320.147833017,933.9706388011499,22.728575106230707,294.0726158913738,9.7214606896118e6,486100.9594168072,718.4943420980873,15.801874051566811,205.63500456551603
983,83,7f3bcef5a08e3ee69ec959154bc064e98543e76d,5fccb18775a1c53c589e1a644bcdca5c2966e2c9f1b72779e18c5571bee51811,1.12.5,SOSRI,paper_common,continuation,0.01,0.05,true,high,high,false,true,30260888,1.5e-6,0.25,60.0,1500.0,Success,Success,true,true,9.566284048222512,3.246287829437088e6,1.5929411725417588e7,2.9208708370921554,8.957464587878767e-11,8.957464587878767e-11,739,0,1.0654302663340878e7,533477.2051053013,682.639960701383,15.615213255735032,183.27295022102058,9.721460689612031e6,486100.9594168217,718.4943420980654,15.801874049150584,205.63500457729728
984,84,7f3bcef5a08e3ee69ec959154bc064e98543e76d,5fccb18775a1c53c589e1a644bcdca5c2966e2c9f1b72779e18c5571bee51811,1.12.5,SOSRI,paper_common,continuation,0.01,0.05,true,high,high,false,true,30260889,1.5e-6,0.25,60.0,1500.0,Success,Success,true,true,9.945588527473626,2.4147222324516037e6,1.6184331306717189e7,2.92087083709225,3.9679176433861383e-11,3.9679176433861383e-11,505,0,3.0143047546965517e6,104790.81529043816,3013.4274406624836,90.99745523687099,922.0795750355428,9.721460689611798e6,486100.9594168072,718.4943420980866,15.801874052965086,205.63500455922326
985,85,7f3bcef5a08e3ee69ec959154bc064e98543e76d,5fccb18775a1c53c589e1a644bcdca5c2966e2c9f1b72779e18c5571bee51811,1.12.5,SOSRI,paper_common,continuation,0.01,0.05,true,high,high,false,true,30260890,1.5e-6,0.25,60.0,1500.0,Success,Success,true,true,5.775027814952039,2.554812953512733e6,2.2589710413143046e7,2.9208708370920364,6.514205388657037e-11,6.514205388657037e-11,603,2,2.2589710413143046e7,1.2171055097558848e6,283.9204504560823,5.775027814952039,81.69394461680504,9.721460689612027e6,486100.9594168217,718.4943420980654,15.80187405102872,205.63500456881255
986,86,7f3bcef5a08e3ee69ec959154bc064e98543e76d,5fccb18775a1c53c589e1a644bcdca5c2966e2c9f1b72779e18c5571bee51811,1.12.5,SOSRI,paper_common,continuation,0.01,0.05,true,high,high,false,true,30260891,1.5e-6,0.25,60.0,1500.0,Success,Success,true,true,12.035169833016187,1.7954831666840035e6,1.4667096866796672e7,2.920870837092244,2.0073157396551567e-11,2.0073157396551567e-11,437,2,1.2807406205003377e7,617643.379508428,577.7417960159628,12.915237352805976,170.30999960557375,9.721460689612022e6,486100.9594168217,718.4943420980653,15.80187405446728,205.6350045522403
987,87,7f3bcef5a08e3ee69ec959154bc064e98543e76d,5fccb18775a1c53c589e1a644bcdca5c2966e2c9f1b72779e18c5571bee51811,1.12.5,SOSRI,paper_common,continuation,0.01,0.05,true,high,high,false,true,30260892,1.5e-6,0.25,60.0,1500.0,Success,Success,true,true,13.233791040682732,2.4446690291004768e6,1.3449659774136603e7,2.920870837092243,2.36234229045153e-11,2.36234229045153e-11,596,1,1.3449659774136603e7,619437.5415671396,555.1430232274618,13.233791040682732,159.4213122788384,9.721460689612022e6,486100.9594168217,718.4943420980655,15.801874054195443,205.63500455351127
988,88,7f3bcef5a08e3ee69ec959154bc064e98543e76d,5fccb18775a1c53c589e1a644bcdca5c2966e2c9f1b72779e18c5571bee51811,1.12.5,SOSRI,paper_common,continuation,0.01,0.05,true,high,high,false,true,30260893,1.5e-6,0.25,60.0,1500.0,Success,Success,true,true,11.158395824601094,1.9104626808506232e6,1.211811596914134e7,2.9208708370922687,3.802713437838158e-11,3.802713437838158e-11,448,0,3.3166124237025343e6,102527.60267772716,6113.542198457278,257.06683012463355,1292.8131127486292,9.721460689611798e6,486100.9594168072,718.4943420980874,15.801874053090504,205.635004558593
989,89,7f3bcef5a08e3ee69ec959154bc064e98543e76d,5fccb18775a1c53c589e1a644bcdca5c2966e2c9f1b72779e18c5571bee51811,1.12.5,SOSRI,paper_common,continuation,0.01,0.05,true,high,high,false,true,30260894,1.5e-6,0.25,60.0,1500.0,Success,Success,true,true,4.226646272387089,4.845494175606267e6,2.790374698165219e7,2.9208708370922345,3.053049021472299e-11,3.053049021472299e-11,1053,0,1.1052688685269643e7,605806.2706618942,562.4890398651575,10.945666516070558,168.18964239721686,9.721460689612024e6,486100.9594168217,718.4943420980655,15.801874053667083,205.635004556002
990,90,7f3bcef5a08e3ee69ec959154bc064e98543e76d,5fccb18775a1c53c589e1a644bcdca5c2966e2c9f1b72779e18c5571bee51811,1.12.5,SOSRI,paper_common,continuation,0.01,0.05,true,high,high,false,true,30260895,1.5e-6,0.25,60.0,1500.0,Success,Success,true,true,4.592772955394059,4.523210713050133e6,2.4281696370184626e7,2.920870837092386,1.7579197294130243e-11,1.7579197294130243e-11,1023,0,9.95663237405136e6,459730.2240545008,756.0296368928026,17.877757122177968,218.83281089139854,9.721460689612022e6,486100.9594168217,718.4943420980653,15.801874054649822,205.63500455103946
991,91,7f3bcef5a08e3ee69ec959154bc064e98543e76d,5fccb18775a1c53c589e1a644bcdca5c2966e2c9f1b72779e18c5571bee51811,1.12.5,SOSRI,paper_common,continuation,0.01,0.05,true,high,high,false,true,30260896,1.5e-6,0.25,60.0,1500.0,Success,Success,true,true,13.624970437898552,1.5307090702372873e6,1.3294176201924233e7,2.9208708370922922,1.9233782761716582e-11,1.9233782761716582e-11,515,0,6.343530392384532e6,300143.77684929926,974.9318796493201,21.6928828893205,296.69275464767384,9.721460689611796e6,486100.95941680716,718.4943420980873,15.801874054528186,205.6350045518187
992,92,7f3bcef5a08e3ee69ec959154bc064e98543e76d,5fccb18775a1c53c589e1a644bcdca5c2966e2c9f1b72779e18c5571bee51811,1.12.5,SOSRI,paper_common,continuation,0.01,0.05,true,high,high,false,true,30260897,1.5e-6,0.25,60.0,1500.0,Success,Success,true,true,6.643830291487121,2.7163052898963075e6,2.0300287449947715e7,2.920870837092283,1.758974040670725e-11,1.758974040670725e-11,717,0,4.570849521588037e6,168934.72144147838,2227.999904549956,66.84964338122252,630.9064897395667,9.721460689611796e6,486100.9594168072,718.4943420980871,15.801874054654627,205.6350045512505
993,93,7f3bcef5a08e3ee69ec959154bc064e98543e76d,5fccb18775a1c53c589e1a644bcdca5c2966e2c9f1b72779e18c5571bee51811,1.12.5,SOSRI,paper_common,continuation,0.01,0.05,true,high,high,false,true,30260898,1.5e-6,0.25,60.0,1500.0,Success,Success,true,true,15.098894709131443,1.936889887047809e6,1.109361126271116e7,2.9208708370922913,5.087619069655566e-11,5.087619069655566e-11,409,0,4.827830747105938e6,201975.81845659058,1425.7583005491524,35.28551447203565,443.7101650606035,9.7214606896118e6,486100.9594168072,718.4943420980875,15.801874052105235,205.63500456314057
994,94,7f3bcef5a08e3ee69ec959154bc064e98543e76d,5fccb18775a1c53c589e1a644bcdca5c2966e2c9f1b72779e18c5571bee51811,1.12.5,SOSRI,paper_common,continuation,0.01,0.05,true,high,high,false,true,30260899,1.5e-6,0.25,60.0,1500.0,Success,Success,true,true,8.004951789424965,2.7513304934532433e6,1.619686972199556e7,2.9208708370922896,2.0731133126946256e-11,2.0731133126946256e-11,654,0,5.741225879146264e6,230406.97007450825,1681.2372877906148,45.95860204128366,483.3724490574693,9.721460689611796e6,486100.9594168072,718.4943420980874,15.801874054413656,205.63500455235902
995,95,7f3bcef5a08e3ee69ec959154bc064e98543e76d,5fccb18775a1c53c589e1a644bcdca5c2966e2c9f1b72779e18c5571bee51811,1.12.5,SOSRI,paper_common,continuation,0.01,0.05,true,high,high,false,true,30260900,1.5e-6,0.25,60.0,1500.0,Success,Success,true,true,9.488041357906878,1.2507960935623182e6,1.4798796602315437e7,2.9208708370923055,2.833670315531784e-11,2.833670315531784e-11,461,0,6.739426856614075e6,247203.48470164108,1635.950203138415,50.650920566090754,446.9431932884684,9.721460689611796e6,486100.9594168072,718.4943420980874,15.801874053830351,205.63500455504675
996,96,7f3bcef5a08e3ee69ec959154bc064e98543e76d,5fccb18775a1c53c589e1a644bcdca5c2966e2c9f1b72779e18c5571bee51811,1.12.5,SOSRI,paper_common,continuation,0.01,0.05,true,high,high,false,true,30260901,1.5e-6,0.25,60.0,1500.0,Success,Success,true,true,3.865453313199906,3.2153552663438693e6,2.817139050003586e7,2.920870837092315,3.696744947697946e-11,3.696744947697946e-11,991,0,6.993039693444534e6,270367.1858735534,1255.7408363207862,34.430747841957604,379.5842744646598,9.721460689611798e6,486100.9594168072,718.4943420980876,15.80187405316888,205.6350045581134
997,97,7f3bcef5a08e3ee69ec959154bc064e98543e76d,5fccb18775a1c53c589e1a644bcdca5c2966e2c9f1b72779e18c5571bee51811,1.12.5,SOSRI,paper_common,continuation,0.01,0.05,true,high,high,false,true,30260902,1.5e-6,0.25,60.0,1500.0,Success,Success,true,true,3.324129902559798,4.415209679210352e6,3.1326647281579167e7,2.9208708370921235,5.190063426242128e-11,5.190063426242128e-11,953,2,1.8591504930388052e7,1.1992932038407186e6,278.5967773053002,4.674699431305394,81.58393526859484,9.721460689612025e6,486100.9594168217,718.4943420980654,15.801874052037393,205.63500456388735
998,98,7f3bcef5a08e3ee69ec959154bc064e98543e76d,5fccb18775a1c53c589e1a644bcdca5c2966e2c9f1b72779e18c5571bee51811,1.12.5,SOSRI,paper_common,continuation,0.01,0.05,true,high,high,false,true,30260903,1.5e-6,0.25,60.0,1500.0,Success,Success,true,true,4.415633998126192,4.761570039908389e6,2.1738804373705886e7,2.9208708370923127,3.386021368427085e-11,3.386021368427085e-11,963,0,7.334509796807002e6,366235.12272866623,931.6098481628314,19.930999569505573,277.8411488070545,9.721460689611798e6,486100.9594168072,718.4943420980868,15.801874053406948,205.63500455700668
999,99,7f3bcef5a08e3ee69ec959154bc064e98543e76d,5fccb18775a1c53c589e1a644bcdca5c2966e2c9f1b72779e18c5571bee51811,1.12.5,SOSRI,paper_common,continuation,0.01,0.05,true,high,high,false,true,30260904,1.5e-6,0.25,60.0,1500.0,Success,Success,true,true,13.551185402068802,2.982138126139324e6,1.3173793133373769e7,2.9208708370923318,5.926563264361695e-11,5.926563264361695e-11,554,0,6.624933235322118e6,248762.9076060632,1905.9931760259187,62.45153322260896,450.4019326085863,9.7214606896118e6,486100.9594168072,718.4943420980867,15.801874051460414,205.6350045660544
1000,100,7f3bcef5a08e3ee69ec959154bc064e98543e76d,5fccb18775a1c53c589e1a644bcdca5c2966e2c9f1b72779e18c5571bee51811,1.12.5,SOSRI,paper_common,continuation,0.01,0.05,true,high,high,false,true,30260905,1.5e-6,0.25,60.0,1500.0,Success,Success,true,true,15.801874056001509,1.9319962148685546e6,1.2140010476572866e7,2.9208708370921657,7.824684019514809e-11,7.824684019514809e-11,452,0,1.2140010476572866e7,529829.056964685,769.3396164932258,20.209390111355987,206.4977888287508,9.72146068961203e6,486100.9594168217,718.4943420980659,15.801874050017378,205.63500457322215
1001,1,7f3bcef5a08e3ee69ec959154bc064e98543e76d,5fccb18775a1c53c589e1a644bcdca5c2966e2c9f1b72779e18c5571bee51811,1.12.5,SOSRI,paper_common,continuation,0.01,0.05,true,low,high,true,true,31260806,1.5e-6,0.3,60.0,1500.0,Success,Success,true,true,30.23781478788736,425.12048612039035,1.752724361821925e6,2.9208708370922163,4.968559864487924e-11,4.968559864487924e-11,3,0,1.3636210334526608e6,38360.80073404359,6897.22601219536,268.30349468358554,2012.0530255391868,9.721460689611798e6,486100.9594168072,718.4943420980868,15.801874052200931,205.635004562878
1002,2,7f3bcef5a08e3ee69ec959154bc064e98543e76d,5fccb18775a1c53c589e1a644bcdca5c2966e2c9f1b72779e18c5571bee51811,1.12.5,SOSRI,paper_common,continuation,0.01,0.05,true,low,low,false,true,31260807,1.5e-6,0.3,60.0,1500.0,Success,Success,true,true,3.013019266412429e-13,3.013019266412429e-13,2586.500227021002,1.4142767358253685e-10,2.920870837181487,1.4142767358253685e-10,22,2,3.013019266412429e-13,2544.037806425073,2.583337957575592e6,255.95150777469888,589409.1314667946,473.77863898885886,523.6889307646195,225270.3314990928,163.61298123383273,138180.92446213463
1003,3,7f3bcef5a08e3ee69ec959154bc064e98543e76d,5fccb18775a1c53c589e1a644bcdca5c2966e2c9f1b72779e18c5571bee51811,1.12.5,SOSRI,paper_common,continuation,0.01,0.05,true,low,low,false,true,31260808,1.5e-6,0.3,60.0,1500.0,Success,Success,true,true,5.286044186583598e-8,5.286044186583598e-8,4231.675614798365,7.672785517644354e-11,2.920870837041507,7.672785517644354e-11,4,1,0.7089344284517901,633.2714494181474,359443.9525338554,25.55276051420006,143855.48514806465,473.7786394205716,523.6889308711638,225270.33150876948,163.6129811340433,138180.92447864058
1004,4,7f3bcef5a08e3ee69ec959154bc064e98543e76d,5fccb18775a1c53c589e1a644bcdca5c2966e2c9f1b72779e18c5571bee51811,1.12.5,SOSRI,paper_common,continuation,0.01,0.05,true,low,high,true,true,31260809,1.5e-6,0.3,60.0,1500.0,Success,Success,true,true,63.685627512846885,316.6680756748244,462338.56406480557,2.920870837092126,7.124328214009939e-11,7.124328214009939e-11,5,0,458452.98455103324,10894.47794201194,40641.3493711812,1594.648197851608,15401.649822408135,9.721460689611802e6,486100.9594168072,718.4943420980871,15.80187405055562,205.6350045707861
1005,5,7f3bcef5a08e3ee69ec959154bc064e98543e76d,5fccb18775a1c53c589e1a644bcdca5c2966e2c9f1b72779e18c5571bee51811,1.12.5,SOSRI,paper_common,continuation,0.01,0.05,true,low,low,false,true,31260810,1.5e-6,0.3,60.0,1500.0,Success,Success,true,true,1.1347534090548912,1.1347534090548912,19432.115936978073,2.5283493975093872e-11,2.9208708371031094,2.5283493975093872e-11,1,3,4933.823815380415,538.5623249412494,117996.38399671091,458.77329896604033,71245.01623819176,473.7786392308012,523.6889308377955,225270.33150526456,163.61298118533168,138180.92447257406
1006,6,7f3bcef5a08e3ee69ec959154bc064e98543e76d,5fccb18775a1c53c589e1a644bcdca5c2966e2c9f1b72779e18c5571bee51811,1.12.5,SOSRI,paper_common,continuation,0.01,0.05,true,low,low,false,true,31260811,1.5e-6,0.3,60.0,1500.0,Success,Success,true,true,0.5151825711509367,0.5151825711509367,7520.424788265324,1.8779373892274656e-11,2.920870837078374,1.8779373892274656e-11,27,3,6.826838838843992,469.6817124436007,234614.84890510148,239.2777243431266,109358.06452172533,473.77863930694565,523.6889308477488,225270.33150647965,163.61298116286113,138180.9244747046
1007,7,7f3bcef5a08e3ee69ec959154bc064e98543e76d,5fccb18775a1c53c589e1a644bcdca5c2966e2c9f1b72779e18c5571bee51811,1.12.5,SOSRI,paper_common,continuation,0.01,0.05,true,low,low,false,true,31260812,1.5e-6,0.3,60.0,1500.0,Success,Success,true,true,5.916393474001629e-7,5.916393474001629e-7,713.2039426600475,1.61380185994036e-10,2.920870836984591,1.61380185994036e-10,16,3,464.01767367795753,390.980960786578,116404.53486133646,10.888869250859397,77023.05583442801,473.77863959637733,523.6889309311155,225270.33151363072,163.6129811025436,138180.92448682454
1008,8,7f3bcef5a08e3ee69ec959154bc064e98543e76d,5fccb18775a1c53c589e1a644bcdca5c2966e2c9f1b72779e18c5571bee51811,1.12.5,SOSRI,paper_common,continuation,0.01,0.05,true,low,high,true,true,31260813,1.5e-6,0.3,60.0,1500.0,Success,Success,true,true,39.82099523296781,405.18280150244203,3.135284418764173e6,2.9208708370922567,2.7372565475520168e-11,2.7372565475520168e-11,8,0,1.6361129174654835e6,48116.601597722445,5230.216250620431,150.86699717963825,2013.5466730134813,9.721460689611796e6,486100.95941680716,718.4943420980873,15.801874053907108,205.6350045548079
1009,9,7f3bcef5a08e3ee69ec959154bc064e98543e76d,5fccb18775a1c53c589e1a644bcdca5c2966e2c9f1b72779e18c5571bee51811,1.12.5,SOSRI,paper_common,continuation,0.01,0.05,true,low,low,false,true,31260814,1.5e-6,0.3,60.0,1500.0,Success,Success,true,true,3.392674752255262e-5,3.392674752255262e-5,821.1823091638987,2.1414942460855216e-11,2.9208708370766154,2.1414942460855216e-11,19,2,0.08715934135826099,323.113918499286,175855.04538903356,9.060008529053698,86389.46942881092,473.7786393123699,523.6889308491011,225270.33150660206,163.61298116161439,138180.92447491322
1010,10,7f3bcef5a08e3ee69ec959154bc064e98543e76d,5fccb18775a1c53c589e1a644bcdca5c2966e2c9f1b72779e18c5571bee51811,1.12.5,SOSRI,paper_common,continuation,0.01,0.05,true,low,high,true,true,31260815,1.5e-6,0.3,60.0,1500.0,Success,Success,true,true,0.03461522529575712,0.03461522529575712,115486.24776069623,2.9208708370920773,5.1990567283912695e-11,5.1990567283912695e-11,3,0,115486.24776069623,4519.750922752317,153616.95079015617,3492.0001071027446,74383.93039230692,9.721460689611798e6,486100.9594168072,718.4943420980873,15.801874052032865,205.635004564003
1011,11,7f3bcef5a08e3ee69ec959154bc064e98543e76d,5fccb18775a1c53c589e1a644bcdca5c2966e2c9f1b72779e18c5571bee51811,1.12.5,SOSRI,paper_common,continuation,0.01,0.05,true,low,high,true,true,31260816,1.5e-6,0.3,60.0,1500.0,Success,Success,true,true,10.360658069293049,10.360658069293049,39170.48878242445,2.9208708370919854,2.0513090156391544e-11,2.0513090156391544e-11,12,0,7093.162237140703,1844.7188744425066,158734.51694818167,1565.1925031697215,48172.69871404303,9.721460689611794e6,486100.9594168072,718.4943420980871,15.801874054449327,205.63500455293675
1012,12,7f3bcef5a08e3ee69ec959154bc064e98543e76d,5fccb18775a1c53c589e1a644bcdca5c2966e2c9f1b72779e18c5571bee51811,1.12.5,SOSRI,paper_common,continuation,0.01,0.05,true,low,high,true,true,31260817,1.5e-6,0.3,60.0,1500.0,Success,Success,true,true,113.59850745641688,293.7672345241204,19750.724869185742,2.920870837091674,8.93508072803289e-11,8.93508072803289e-11,14,0,11919.015112102716,705.014459129305,94137.3665102208,829.6885077910896,53198.19006520188,9.721460689611804e6,486100.95941680716,718.494342098087,15.801874049196748,205.63500457823997
1013,13,7f3bcef5a08e3ee69ec959154bc064e98543e76d,5fccb18775a1c53c589e1a644bcdca5c2966e2c9f1b72779e18c5571bee51811,1.12.5,SOSRI,paper_common,continuation,0.01,0.05,true,low,high,true,true,31260818,1.5e-6,0.3,60.0,1500.0,Success,Success,true,true,82.98249489852434,352.46793504100026,164277.7751220889,2.9208708370919694,1.140784178745626e-10,1.140784178745626e-10,8,0,124868.78988686389,3371.674263869749,55915.07515289803,1602.767093292528,26145.642207640256,9.721460689611806e6,486100.95941680716,718.4943420980871,15.801874047284976,205.63500458644847
1014,14,7f3bcef5a08e3ee69ec959154bc064e98543e76d,5fccb18775a1c53c589e1a644bcdca5c2966e2c9f1b72779e18c5571bee51811,1.12.5,SOSRI,paper_common,continuation,0.01,0.05,true,low,low,false,true,31260819,1.5e-6,0.3,60.0,1500.0,Success,Success,true,true,50.644534203156425,149.42096233701352,33297.40550395342,2.3814218830124957e-11,2.9208708370749212,2.3814218830124957e-11,24,2,3837.0134341912376,2095.5626394647174,239522.575312346,1784.4251141746056,60601.14764010294,473.7786393177726,523.6889308614656,225270.33150733635,163.61298116644676,138180.92447609402
1015,15,7f3bcef5a08e3ee69ec959154bc064e98543e76d,5fccb18775a1c53c589e1a644bcdca5c2966e2c9f1b72779e18c5571bee51811,1.12.5,SOSRI,paper_common,continuation,0.01,0.05,true,low,low,false,true,31260820,1.5e-6,0.3,60.0,1500.0,Success,Success,true,true,0.12248193987120924,0.12248193987120924,5431.5322217521225,4.2535259665336495e-11,2.9208708370626577,4.2535259665336495e-11,9,3,1471.41548171461,660.1325184656574,215422.14989944984,128.42728126124462,135946.39967009012,473.7786393554399,523.6889308611019,225270.33150764374,163.6129811524159,138180.92447668102
1016,16,7f3bcef5a08e3ee69ec959154bc064e98543e76d,5fccb18775a1c53c589e1a644bcdca5c2966e2c9f1b72779e18c5571bee51811,1.12.5,SOSRI,paper_common,continuation,0.01,0.05,true,low,high,true,true,31260821,1.5e-6,0.3,60.0,1500.0,Success,Success,true,true,1.8147031457785299,1.8147031457785299,16564.220234181143,2.9208708370921324,1.9756458205321006e-11,1.9756458205321006e-11,11,0,10587.657273776767,642.8371047201721,98156.0182878202,629.5559690303553,60757.142489238606,9.721460689611796e6,486100.9594168072,718.4943420980873,15.801874054497905,205.63500455235027
1017,17,7f3bcef5a08e3ee69ec959154bc064e98543e76d,5fccb18775a1c53c589e1a644bcdca5c2966e2c9f1b72779e18c5571bee51811,1.12.5,SOSRI,paper_common,continuation,0.01,0.05,true,low,low,false,true,31260822,1.5e-6,0.3,60.0,1500.0,Success,Success,true,true,0.15366005113951886,0.15366005113951886,14542.134154521604,1.3357747024765588e-10,2.920870837002666,1.3357747024765588e-10,15,1,0.2783537156083409,485.1582123656072,294367.68347254867,284.4734752880338,107949.08437807931,473.77863954061144,523.6889309161717,225270.33151231517,163.61298111477973,138180.92448458844
1018,18,7f3bcef5a08e3ee69ec959154bc064e98543e76d,5fccb18775a1c53c589e1a644bcdca5c2966e2c9f1b72779e18c5571bee51811,1.12.5,SOSRI,paper_common,continuation,0.01,0.05,true,low,high,true,true,31260823,1.5e-6,0.3,60.0,1500.0,Success,Success,true,true,90.9653220534151,288.69023604083543,409905.462038939,2.920870837092231,2.3228616824827364e-11,2.3228616824827364e-11,8,0,312883.08909657237,7357.50714856895,34768.33705629205,1246.294553534101,14301.750124547178,9.721460689611796e6,486100.95941680716,718.4943420980871,15.801874054225971,205.63500455338064
1019,19,7f3bcef5a08e3ee69ec959154bc064e98543e76d,5fccb18775a1c53c589e1a644bcdca5c2966e2c9f1b72779e18c5571bee51811,1.12.5,SOSRI,paper_common,continuation,0.01,0.05,true,low,high,true,true,31260824,1.5e-6,0.3,60.0,1500.0,Success,Success,true,true,53.583150012365735,406.13146102665553,50912.79302384165,2.9208708370917127,1.0084836429709461e-10,1.0084836429709461e-10,17,0,42889.16901427135,2498.425995826241,169714.91772212557,2793.5535265462104,81133.71574199697,9.721460689611806e6,486100.9594168072,718.494342098087,15.801874048313842,205.63500458226991
1020,20,7f3bcef5a08e3ee69ec959154bc064e98543e76d,5fccb18775a1c53c589e1a644bcdca5c2966e2c9f1b72779e18c5571bee51811,1.12.5,SOSRI,paper_common,continuation,0.01,0.05,true,low,low,false,true,31260825,1.5e-6,0.3,60.0,1500.0,Success,Success,true,true,62.777300530574706,190.4149344133623,8170.308043655165,1.8678189205753525e-11,2.9208708370785543,1.8678189205753525e-11,19,1,7006.548056648486,579.4116151419777,121374.378276645,479.3846489298952,76879.36905449853,473.7786393063684,523.6889308463251,225270.33150639568,163.61298116228645,138180.9244745695
1021,21,7f3bcef5a08e3ee69ec959154bc064e98543e76d,5fccb18775a1c53c589e1a644bcdca5c2966e2c9f1b72779e18c5571bee51811,1.12.5,SOSRI,paper_common,continuation,0.01,0.05,true,low,low,false,true,31260826,1.5e-6,0.3,60.0,1500.0,Success,Success,true,true,78.01537353402263,242.31473224868066,29121.427669455734,1.0999556938300346e-10,2.9208708371654963,1.0999556938300346e-10,14,1,2861.8896950225853,572.4668585495376,105353.81535380559,586.9910425684984,42392.26408435475,473.7786390375987,523.6889307412259,225270.3314982161,163.61298120303272,138180.92446087042
1022,22,7f3bcef5a08e3ee69ec959154bc064e98543e76d,5fccb18775a1c53c589e1a644bcdca5c2966e2c9f1b72779e18c5571bee51811,1.12.5,SOSRI,paper_common,continuation,0.01,0.05,true,low,low,false,true,31260827,1.5e-6,0.3,60.0,1500.0,Success,Success,true,true,58.8259725893462,79.84947209018638,20221.04880307077,4.484682933900838e-11,2.920870837061673,4.484682933900838e-11,10,1,3632.7346148562483,541.6510363183294,114802.61006049329,552.2140777413899,62203.208769248544,473.7786393584146,523.6889308580498,225270.33150750006,163.6129811496405,138180.92447646047
1023,23,7f3bcef5a08e3ee69ec959154bc064e98543e76d,5fccb18775a1c53c589e1a644bcdca5c2966e2c9f1b72779e18c5571bee51811,1.12.5,SOSRI,paper_common,continuation,0.01,0.05,true,low,high,true,true,31260828,1.5e-6,0.3,60.0,1500.0,Success,Success,true,true,55.4538612378697,355.75193658452974,107305.1819334602,2.920870837092221,1.7725214808902764e-11,1.7725214808902764e-11,8,0,74848.31333778807,1921.7472699561283,36882.56539714883,792.1627562135029,17444.642622505613,9.721460689611796e6,486100.9594168072,718.4943420980869,15.801874054647964,205.63500455143182
1024,24,7f3bcef5a08e3ee69ec959154bc064e98543e76d,5fccb18775a1c53c589e1a644bcdca5c2966e2c9f1b72779e18c5571bee51811,1.12.5,SOSRI,paper_common,continuation,0.01,0.05,true,low,low,false,true,31260829,1.5e-6,0.3,60.0,1500.0,Success,Success,true,true,9.671520715775246e-6,9.671520715775246e-6,2022.4670787200034,1.5317409021864898e-10,2.920870837193624,1.5317409021864898e-10,12,2,667.6930157168679,326.108686242919,94821.60574643686,19.14495990795404,63372.9352187234,473.7786389508741,523.688930721233,225270.33149635055,163.61298122385648,138180.92445767912
1025,25,7f3bcef5a08e3ee69ec959154bc064e98543e76d,5fccb18775a1c53c589e1a644bcdca5c2966e2c9f1b72779e18c5571bee51811,1.12.5,SOSRI,paper_common,continuation,0.01,0.05,true,low,low,false,true,31260830,1.5e-6,0.3,60.0,1500.0,Success,Success,true,true,17.069938869371306,17.069938869371306,5882.1563499951335,2.86260857620158e-10,2.920870837277567,2.86260857620158e-10,35,1,25.447800279678326,924.2895891906707,505663.80794011103,421.4973707808777,257567.64204138544,473.7786386922254,523.6889306722811,225270.3314913804,163.61298129184667,138180.9244491042
1026,26,7f3bcef5a08e3ee69ec959154bc064e98543e76d,5fccb18775a1c53c589e1a644bcdca5c2966e2c9f1b72779e18c5571bee51811,1.12.5,SOSRI,paper_common,continuation,0.01,0.05,true,low,low,false,true,31260831,1.5e-6,0.3,60.0,1500.0,Success,Success,true,true,63.54833863744561,108.46640495565575,8841.265395763237,1.1072479846367834e-10,2.9208708371594683,1.1072479846367834e-10,27,1,6767.908625935446,571.9205901517017,123099.55249941237,353.78840016065976,80942.87867616634,473.7786390569624,523.6889307935113,225270.331501291,163.61298122475338,138180.92446580555
1027,27,7f3bcef5a08e3ee69ec959154bc064e98543e76d,5fccb18775a1c53c589e1a644bcdca5c2966e2c9f1b72779e18c5571bee51811,1.12.5,SOSRI,paper_common,continuation,0.01,0.05,true,low,high,true,true,31260832,1.5e-6,0.3,60.0,1500.0,Success,Success,true,true,57.4027739576818,345.1524599073487,89749.08754700731,2.920870837092225,1.7962291523926322e-11,1.7962291523926322e-11,12,0,89749.08754700731,2589.802299001861,70057.858073684,1621.0507591886349,34847.12000736497,9.721460689611796e6,486100.95941680716,718.4943420980869,15.801874054629568,205.63500455150808
1028,28,7f3bcef5a08e3ee69ec959154bc064e98543e76d,5fccb18775a1c53c589e1a644bcdca5c2966e2c9f1b72779e18c5571bee51811,1.12.5,SOSRI,paper_common,continuation,0.01,0.05,true,low,high,true,true,31260833,1.5e-6,0.3,60.0,1500.0,Success,Success,true,true,29.14366772096028,56.3634179529599,60010.39859583639,2.9208708370920426,4.9543921061303085e-11,4.9543921061303085e-11,13,0,29112.942604493357,3535.6541098009343,135237.7986024488,2045.6286234239642,32201.594887336367,9.721460689611798e6,486100.9594168072,718.4943420980873,15.801874052222338,205.635004563202
1029,29,7f3bcef5a08e3ee69ec959154bc064e98543e76d,5fccb18775a1c53c589e1a644bcdca5c2966e2c9f1b72779e18c5571bee51811,1.12.5,SOSRI,paper_common,continuation,0.01,0.05,true,low,low,false,true,31260834,1.5e-6,0.3,60.0,1500.0,Success,Success,true,true,0.00024220925759946258,0.00024220925759946258,11961.047233071577,3.450058185654319e-10,2.9208708368623686,3.450058185654319e-10,12,2,0.00024220925759946258,3140.5774279734014,1.4704135474048757e6,1603.0970146774453,282969.778022034,473.77863997380155,523.6889310538168,225270.33152373377,163.6129810315986,138180.9245038646
1030,30,7f3bcef5a08e3ee69ec959154bc064e98543e76d,5fccb18775a1c53c589e1a644bcdca5c2966e2c9f1b72779e18c5571bee51811,1.12.5,SOSRI,paper_common,continuation,0.01,0.05,true,low,high,true,true,31260835,1.5e-6,0.3,60.0,1500.0,Success,Success,true,true,29.68999850282092,143.2680091398665,35033.004121150145,2.9208708370917713,8.421868959007343e-11,8.421868959007343e-11,23,0,35033.004121150145,1513.2808330489074,136698.77955476986,1466.2181097552598,80459.15043400535,9.721460689611802e6,486100.9594168072,718.4943420980866,15.801874049583745,205.6350045761944
1031,31,7f3bcef5a08e3ee69ec959154bc064e98543e76d,5fccb18775a1c53c589e1a644bcdca5c2966e2c9f1b72779e18c5571bee51811,1.12.5,SOSRI,paper_common,continuation,0.01,0.05,true,low,high,true,true,31260836,1.5e-6,0.3,60.0,1500.0,Success,Success,true,true,10.154667476619897,10.154667476619897,34986.75993852671,2.9208708370921843,2.2072709680465188e-11,2.2072709680465188e-11,20,0,26936.57314452379,774.9401994403272,48665.42743004158,545.8200278897023,30499.120048016313,9.721460689611796e6,486100.9594168072,718.494342098087,15.801874054317326,205.63500455306763
1032,32,7f3bcef5a08e3ee69ec959154bc064e98543e76d,5fccb18775a1c53c589e1a644bcdca5c2966e2c9f1b72779e18c5571bee51811,1.12.5,SOSRI,paper_common,continuation,0.01,0.05,true,low,high,true,true,31260837,1.5e-6,0.3,60.0,1500.0,Success,Success,true,true,46.30768704803495,65.53364426928599,28195.636514395876,2.9208708370919996,6.617688330933661e-11,6.617688330933661e-11,13,0,26508.977198307282,759.5336001973965,58042.657168665704,486.74277899183863,38237.18465453601,9.7214606896118e6,486100.9594168072,718.4943420980873,15.801874050951259,205.6350045692457
1033,33,7f3bcef5a08e3ee69ec959154bc064e98543e76d,5fccb18775a1c53c589e1a644bcdca5c2966e2c9f1b72779e18c5571bee51811,1.12.5,SOSRI,paper_common,continuation,0.01,0.05,true,low,high,true,true,31260838,1.5e-6,0.3,60.0,1500.0,Success,Success,true,true,30.30919318771872,229.71244201668625,34492.07857915536,2.920870837092185,2.21646294129303e-11,2.21646294129303e-11,4,0,34492.07857915536,899.9782326331238,66284.12250103979,469.20077185526117,44357.713676533174,9.721460689611796e6,486100.9594168072,718.4943420980869,15.801874054310224,205.63500455309833
1034,34,7f3bcef5a08e3ee69ec959154bc064e98543e76d,5fccb18775a1c53c589e1a644bcdca5c2966e2c9f1b72779e18c5571bee51811,1.12.5,SOSRI,paper_common,continuation,0.01,0.05,true,low,high,true,true,31260839,1.5e-6,0.3,60.0,1500.0,Success,Success,true,true,1.5341655885577568,1.5341655885577568,7584.033316558596,2.920870837091642,1.1100385908133975e-10,1.1100385908133975e-10,14,0,7584.033316558596,331.7614786705832,50336.163041337226,102.59804643224997,35328.227669041495,9.721460689611806e6,486100.9594168072,718.4943420980873,15.801874047540501,205.63500458605574
1035,35,7f3bcef5a08e3ee69ec959154bc064e98543e76d,5fccb18775a1c53c589e1a644bcdca5c2966e2c9f1b72779e18c5571bee51811,1.12.5,SOSRI,paper_common,continuation,0.01,0.05,true,low,low,false,true,31260840,1.5e-6,0.3,60.0,1500.0,Success,Success,true,true,11.199675236954098,11.199675236954098,15937.456049845401,7.91475465286003e-11,2.9208708370404417,7.91475465286003e-11,26,2,529.6538405459104,892.6559271692724,335774.3900304234,916.2650825602306,166051.3420478893,473.7786394238127,523.6889308691418,225270.33150868517,163.61298113173936,138180.92447851526
1036,36,7f3bcef5a08e3ee69ec959154bc064e98543e76d,5fccb18775a1c53c589e1a644bcdca5c2966e2c9f1b72779e18c5571bee51811,1.12.5,SOSRI,paper_common,continuation,0.01,0.05,true,low,low,false,true,31260841,1.5e-6,0.3,60.0,1500.0,Success,Success,true,true,0.0007439310950318634,0.0007439310950318634,4045.696419434119,2.6904863403104016e-11,2.920870837104919,2.6904863403104016e-11,13,2,0.3775250340936693,351.69750725375496,178219.3098886858,22.13402702476444,89690.67571222271,473.7786392251882,523.6889308344561,225270.33150502996,163.612981185552,138180.92447218686
1037,37,7f3bcef5a08e3ee69ec959154bc064e98543e76d,5fccb18775a1c53c589e1a644bcdca5c2966e2c9f1b72779e18c5571bee51811,1.12.5,SOSRI,paper_common,continuation,0.01,0.05,true,low,low,false,true,31260842,1.5e-6,0.3,60.0,1500.0,Success,Success,true,true,44.544656212527386,44.544656212527386,18477.57333258206,1.5730062393528944e-11,2.9208708370814955,1.5730062393528944e-11,12,1,44.544656212527386,1905.6069390455727,483689.8643498718,1547.4572924079994,128486.48224504458,473.7786392974871,523.6889308558916,225270.3315068503,163.6129811708207,138180.92447526832
1038,38,7f3bcef5a08e3ee69ec959154bc064e98543e76d,5fccb18775a1c53c589e1a644bcdca5c2966e2c9f1b72779e18c5571bee51811,1.12.5,SOSRI,paper_common,continuation,0.01,0.05,true,low,low,false,true,31260843,1.5e-6,0.3,60.0,1500.0,Success,Success,true,true,0.001102980248453358,0.001102980248453358,4098.741242398804,1.9271223553159572e-10,2.9208708369658063,1.9271223553159572e-10,10,2,21.525243589860516,841.6521283726718,338365.1788136727,537.5057639881244,152404.45645581305,473.77863965415895,523.6889309360727,225270.33151440887,163.61298108405535,138180.9244882124
1039,39,7f3bcef5a08e3ee69ec959154bc064e98543e76d,5fccb18775a1c53c589e1a644bcdca5c2966e2c9f1b72779e18c5571bee51811,1.12.5,SOSRI,paper_common,continuation,0.01,0.05,true,low,high,true,true,31260844,1.5e-6,0.3,60.0,1500.0,Success,Success,true,true,55.65859172340251,117.84475141478293,78637.78025054815,2.920870837091996,7.922758581361669e-11,7.922758581361669e-11,7,0,49244.34717744445,1650.8116815978292,60461.35686246533,1240.6538135067487,30669.092217866426,9.721460689611802e6,486100.95941680716,718.494342098087,15.801874049952092,205.63500457392246
1040,40,7f3bcef5a08e3ee69ec959154bc064e98543e76d,5fccb18775a1c53c589e1a644bcdca5c2966e2c9f1b72779e18c5571bee51811,1.12.5,SOSRI,paper_common,continuation,0.01,0.05,true,low,high,true,true,31260845,1.5e-6,0.3,60.0,1500.0,Success,Success,true,true,40.35751936634768,173.9614258064944,245716.42200781938,2.920870837092237,1.8511911216287245e-11,1.8511911216287245e-11,6,0,191644.1461019094,5321.6149461761825,40390.433848049885,1338.204605932465,14295.276293618783,9.721460689611796e6,486100.9594168072,718.4943420980873,15.801874054586772,205.63500455167954
1041,41,7f3bcef5a08e3ee69ec959154bc064e98543e76d,5fccb18775a1c53c589e1a644bcdca5c2966e2c9f1b72779e18c5571bee51811,1.12.5,SOSRI,paper_common,continuation,0.01,0.05,true,low,high,true,true,31260846,1.5e-6,0.3,60.0,1500.0,Success,Success,true,true,67.14077135816473,361.6220026100999,1.7832797551592675e6,2.9208708370922425,2.651595502737487e-11,2.651595502737487e-11,7,0,1.1055533846679428e6,30189.66483101184,8324.734179784551,266.24317326653653,3127.6339572393745,9.721460689611796e6,486100.9594168072,718.4943420980871,15.801874053973542,205.6350045545316
1042,42,7f3bcef5a08e3ee69ec959154bc064e98543e76d,5fccb18775a1c53c589e1a644bcdca5c2966e2c9f1b72779e18c5571bee51811,1.12.5,SOSRI,paper_common,continuation,0.01,0.05,true,low,high,true,true,31260847,1.5e-6,0.3,60.0,1500.0,Success,Success,true,true,77.40055626258152,343.222915676025,53716.85959825253,2.9208708370920915,3.597197757379552e-11,3.597197757379552e-11,9,0,53716.85959825253,5180.326337188109,247094.11429605578,3876.967472438478,66753.87665521899,9.721460689611798e6,486100.9594168072,718.4943420980873,15.801874053258654,205.6350045582409
1043,43,7f3bcef5a08e3ee69ec959154bc064e98543e76d,5fccb18775a1c53c589e1a644bcdca5c2966e2c9f1b72779e18c5571bee51811,1.12.5,SOSRI,paper_common,continuation,0.01,0.05,true,low,low,false,true,31260848,1.5e-6,0.3,60.0,1500.0,Success,Success,true,true,6.739062965414925,6.739062965414925,6302.661860632188,1.1315220193040795e-10,2.9208708370155385,1.1315220193040795e-10,26,3,10.735472576804458,697.5104374042991,371747.7735006895,315.10253871952057,178490.42601875032,473.77863950095417,523.6889309089364,225270.33151156828,163.61298112535337,138180.92448329748
1044,44,7f3bcef5a08e3ee69ec959154bc064e98543e76d,5fccb18775a1c53c589e1a644bcdca5c2966e2c9f1b72779e18c5571bee51811,1.12.5,SOSRI,paper_common,continuation,0.01,0.05,true,low,low,false,true,31260849,1.5e-6,0.3,60.0,1500.0,Success,Success,true,true,30.798971308988406,39.26099647354357,13940.554186251731,9.430799724088331e-11,2.920870837148527,9.430799724088331e-11,28,1,13940.554186251731,881.28343987111,160074.70121479218,590.0770277291585,105983.42555959972,473.77863909073363,523.6889308034683,225270.33150213838,163.61298121783847,138180.92446724026
1045,45,7f3bcef5a08e3ee69ec959154bc064e98543e76d,5fccb18775a1c53c589e1a644bcdca5c2966e2c9f1b72779e18c5571bee51811,1.12.5,SOSRI,paper_common,continuation,0.01,0.05,true,low,high,true,true,31260850,1.5e-6,0.3,60.0,1500.0,Success,Success,true,true,15.572052351300677,15.572052351300677,93599.8881275901,2.9208708370922243,1.755505279705435e-11,1.755505279705435e-11,14,0,93599.8881275901,2725.936530996854,70705.10415241933,1524.0392536310335,32551.318192433915,9.721460689611796e6,486100.95941680716,718.4943420980871,15.801874054660793,205.63500455136383
1046,46,7f3bcef5a08e3ee69ec959154bc064e98543e76d,5fccb18775a1c53c589e1a644bcdca5c2966e2c9f1b72779e18c5571bee51811,1.12.5,SOSRI,paper_common,continuation,0.01,0.05,true,low,high,true,true,31260851,1.5e-6,0.3,60.0,1500.0,Success,Success,true,true,31.456701231697178,31.456701231697178,82302.55834011568,2.920870837092212,1.8928745535742073e-11,1.8928745535742073e-11,6,0,82302.55834011568,2503.2477044480397,88956.50948117045,1786.3848585582862,47407.24566662805,9.721460689611796e6,486100.9594168072,718.4943420980868,15.80187405455638,205.63500455188293
1047,47,7f3bcef5a08e3ee69ec959154bc064e98543e76d,5fccb18775a1c53c589e1a644bcdca5c2966e2c9f1b72779e18c5571bee51811,1.12.5,SOSRI,paper_common,continuation,0.01,0.05,true,low,high,true,true,31260852,1.5e-6,0.3,60.0,1500.0,Success,Success,true,true,63.4563797996474,284.2693512642903,548335.8308357573,2.9208708370922105,4.0332401633941535e-11,4.0332401633941535e-11,4,0,495501.15624674316,13500.753551549962,21761.936095980724,860.5631058165994,6399.313103952388,9.721460689611798e6,486100.9594168072,718.4943420980873,15.801874052917478,205.63500455954363
1048,48,7f3bcef5a08e3ee69ec959154bc064e98543e76d,5fccb18775a1c53c589e1a644bcdca5c2966e2c9f1b72779e18c5571bee51811,1.12.5,SOSRI,paper_common,continuation,0.01,0.05,true,low,low,false,true,31260853,1.5e-6,0.3,60.0,1500.0,Success,Success,true,true,0.012479332083183914,0.012479332083183914,11466.736476121589,8.388400368650746e-11,2.920870837036579,8.388400368650746e-11,17,1,0.13139825568205588,298.6150619219663,176850.61589809431,98.73850732889836,65037.94076743863,473.77863943580417,523.6889308769116,225270.33150922152,163.61298113162206,138180.92447939827
1049,49,7f3bcef5a08e3ee69ec959154bc064e98543e76d,5fccb18775a1c53c589e1a644bcdca5c2966e2c9f1b72779e18c5571bee51811,1.12.5,SOSRI,paper_common,continuation,0.01,0.05,true,low,high,true,true,31260854,1.5e-6,0.3,60.0,1500.0,Success,Success,true,true,39.46729869365001,367.5162741668409,102202.66152942296,2.920870837092198,2.3040187819894134e-11,2.3040187819894134e-11,3,0,51221.04747309071,1582.6974225470676,51523.9199964658,984.6010689178199,23884.634869449335,9.721460689611796e6,486100.9594168072,718.494342098087,15.801874054242374,205.63500455338328
1050,50,7f3bcef5a08e3ee69ec959154bc064e98543e76d,5fccb18775a1c53c589e1a644bcdca5c2966e2c9f1b72779e18c5571bee51811,1.12.5,SOSRI,paper_common,continuation,0.01,0.05,true,low,high,true,true,31260855,1.5e-6,0.3,60.0,1500.0,Success,Success,true,true,57.59628077699497,184.32530971899632,101013.8523570877,2.920870837092115,4.9820845716569774e-11,4.9820845716569774e-11,20,0,65588.04774634786,1732.9810821504686,39818.648316619554,799.9072872845817,18891.064805138325,9.721460689611798e6,486100.9594168072,718.4943420980867,15.801874052196684,205.6350045631443
1051,51,7f3bcef5a08e3ee69ec959154bc064e98543e76d,5fccb18775a1c53c589e1a644bcdca5c2966e2c9f1b72779e18c5571bee51811,1.12.5,SOSRI,paper_common,continuation,0.01,0.05,true,low,high,true,true,31260856,1.5e-6,0.3,60.0,1500.0,Success,Success,true,true,21.643869129044994,379.1303469806014,70605.059852879,2.9208708370921457,2.9752947607800426e-11,2.9752947607800426e-11,8,0,33696.65942436788,4471.426144497353,169236.53877769207,2570.6390807781668,39232.10424471284,9.721460689611796e6,486100.9594168072,718.4943420980871,15.801874053731543,205.63500455589826
1052,52,7f3bcef5a08e3ee69ec959154bc064e98543e76d,5fccb18775a1c53c589e1a644bcdca5c2966e2c9f1b72779e18c5571bee51811,1.12.5,SOSRI,paper_common,continuation,0.01,0.05,true,low,high,true,true,31260857,1.5e-6,0.3,60.0,1500.0,Success,Success,true,true,63.56487640337456,199.4008130656215,67099.27042677654,2.9208708370920733,5.569040667788928e-11,5.569040667788928e-11,15,0,67099.27042677654,1780.7009844647716,74394.05939427561,1017.7653224643997,46721.978935782485,9.7214606896118e6,486100.9594168072,718.4943420980867,15.801874051749753,205.63500456533413
1053,53,7f3bcef5a08e3ee69ec959154bc064e98543e76d,5fccb18775a1c53c589e1a644bcdca5c2966e2c9f1b72779e18c5571bee51811,1.12.5,SOSRI,paper_common,continuation,0.01,0.05,true,low,high,true,true,31260858,1.5e-6,0.3,60.0,1500.0,Success,Success,true,true,0.29879881523836077,0.29879881523836077,38540.942003934215,2.9208708370917105,1.0215530071244522e-10,1.0215530071244522e-10,19,0,21236.78223789454,1193.107690609169,101384.27845595202,1359.0317386219308,51981.91643104242,9.721460689611804e6,486100.9594168072,718.4943420980873,15.8018740482139,205.63500458274248
1054,54,7f3bcef5a08e3ee69ec959154bc064e98543e76d,5fccb18775a1c53c589e1a644bcdca5c2966e2c9f1b72779e18c5571bee51811,1.12.5,SOSRI,paper_common,continuation,0.01,0.05,true,low,high,true,true,31260859,1.5e-6,0.3,60.0,1500.0,Success,Success,true,true,43.07224626253235,384.3868984937985,76788.37089566779,2.9208708370920444,6.506361669184616e-11,6.506361669184616e-11,10,0,75355.75169959624,3472.549925630524,95768.21943473606,2123.539284085454,29666.217590729215,9.7214606896118e6,486100.9594168072,718.4943420980871,15.80187405103377,205.63500456875073
1055,55,7f3bcef5a08e3ee69ec959154bc064e98543e76d,5fccb18775a1c53c589e1a644bcdca5c2966e2c9f1b72779e18c5571bee51811,1.12.5,SOSRI,paper_common,continuation,0.01,0.05,true,low,low,false,true,31260860,1.5e-6,0.3,60.0,1500.0,Success,Success,true,true,0.002887992442846952,0.002887992442846952,14393.958910773523,3.6318860982738046e-10,2.920870837324888,3.6318860982738046e-10,8,2,0.002887992442846952,1121.1182621489004,793768.1282471127,515.4700492100005,257469.21455722762,473.7786385465001,523.688930649619,225270.33148885358,163.61298133286337,138180.9244447073
1056,56,7f3bcef5a08e3ee69ec959154bc064e98543e76d,5fccb18775a1c53c589e1a644bcdca5c2966e2c9f1b72779e18c5571bee51811,1.12.5,SOSRI,paper_common,continuation,0.01,0.05,true,low,low,false,true,31260861,1.5e-6,0.3,60.0,1500.0,Success,Success,true,true,0.0017074020557682587,0.0017074020557682587,612.0617983055688,1.824048435418671e-10,2.920870837209114,1.824048435418671e-10,47,1,0.008047977431877351,436.04897245941123,306445.7325486351,15.189821882476485,134026.5929190411,473.7786389035262,523.688930735604,225270.33149673796,163.61298124916965,138180.92445816958
1057,57,7f3bcef5a08e3ee69ec959154bc064e98543e76d,5fccb18775a1c53c589e1a644bcdca5c2966e2c9f1b72779e18c5571bee51811,1.12.5,SOSRI,paper_common,continuation,0.01,0.05,true,low,high,true,true,31260862,1.5e-6,0.3,60.0,1500.0,Success,Success,true,true,1.5756460454920274,1.5756460454920274,130879.1127030531,2.9208708370920666,6.977908252166811e-11,6.977908252166811e-11,10,0,124953.49461454322,3107.5520176669525,49107.55301336921,1328.6731980883483,24459.577218868642,9.7214606896118e6,486100.9594168072,718.4943420980866,15.801874050671309,205.63500457038927
1058,58,7f3bcef5a08e3ee69ec959154bc064e98543e76d,5fccb18775a1c53c589e1a644bcdca5c2966e2c9f1b72779e18c5571bee51811,1.12.5,SOSRI,paper_common,continuation,0.01,0.05,true,low,low,false,true,31260863,1.5e-6,0.3,60.0,1500.0,Success,Success,true,true,29.13773381735305,29.13773381735305,7083.479728795332,3.9563250257271635e-10,2.9208708373504058,3.9563250257271635e-10,19,1,29.13773381735305,936.388526620354,399803.68608011445,846.3247660281087,172911.8351592848,473.77863846730605,523.6889305995203,225270.3314853797,163.612981334326,138180.9244389812
1059,59,7f3bcef5a08e3ee69ec959154bc064e98543e76d,5fccb18775a1c53c589e1a644bcdca5c2966e2c9f1b72779e18c5571bee51811,1.12.5,SOSRI,paper_common,continuation,0.01,0.05,true,low,low,false,true,31260864,1.5e-6,0.3,60.0,1500.0,Success,Success,true,true,29.3837047916746,29.3837047916746,10141.985433452144,8.79259441277519e-11,2.920870837032526,8.79259441277519e-11,25,1,29.3837047916746,929.1645490787477,365635.984646729,851.8957382206007,137108.71905598225,473.7786394484714,523.6889308903127,225270.33151007647,163.61298113435808,138180.92448079004
1060,60,7f3bcef5a08e3ee69ec959154bc064e98543e76d,5fccb18775a1c53c589e1a644bcdca5c2966e2c9f1b72779e18c5571bee51811,1.12.5,SOSRI,paper_common,continuation,0.01,0.05,true,low,high,true,true,31260865,1.5e-6,0.3,60.0,1500.0,Success,Success,true,true,5.098717918129777e-5,5.098717918129777e-5,101824.78041145019,2.9208708370920506,7.319552817505138e-11,7.319552817505138e-11,0,0,101824.78041145019,2656.412990198654,63646.00033341375,1411.8280221320874,32074.06406980296,9.721460689611802e6,486100.9594168072,718.4943420980873,15.80187405041067,205.63500457164625
1061,61,7f3bcef5a08e3ee69ec959154bc064e98543e76d,5fccb18775a1c53c589e1a644bcdca5c2966e2c9f1b72779e18c5571bee51811,1.12.5,SOSRI,paper_common,continuation,0.01,0.05,true,low,high,true,true,31260866,1.5e-6,0.3,60.0,1500.0,Success,Success,true,true,5.989827724018383,5.989827724018383,29884.929605531426,2.9208708370922025,1.8709926924021608e-11,1.8709926924021608e-11,0,0,20644.76970459002,584.1640623746256,43036.61482508768,367.77918363860925,28175.735448914795,9.721460689611796e6,486100.95941680716,718.4943420980873,15.801874054573705,205.63500455182466
1062,62,7f3bcef5a08e3ee69ec959154bc064e98543e76d,5fccb18775a1c53c589e1a644bcdca5c2966e2c9f1b72779e18c5571bee51811,1.12.5,SOSRI,paper_common,continuation,0.01,0.05,true,low,high,true,true,31260867,1.5e-6,0.3,60.0,1500.0,Success,Success,true,true,35.98904879531798,368.4534451481064,1.2637661221330496e6,2.920870837092225,4.2421655012986606e-11,4.2421655012986606e-11,4,0,1.0594535779604905e6,27668.127527962944,12531.236365515791,503.2569287255687,3907.02112897636,9.721460689611798e6,486100.9594168072,718.494342098087,15.801874052756622,205.63500456025974
1063,63,7f3bcef5a08e3ee69ec959154bc064e98543e76d,5fccb18775a1c53c589e1a644bcdca5c2966e2c9f1b72779e18c5571bee51811,1.12.5,SOSRI,paper_common,continuation,0.01,0.05,true,low,high,true,true,31260868,1.5e-6,0.3,60.0,1500.0,Success,Success,true,true,51.534483060180236,267.37026639600003,1.8141442442465052e6,2.9208708370921803,6.180495376230404e-11,6.180495376230404e-11,16,0,914923.7858078722,24636.8283772536,7858.742259904023,302.14624279092453,2476.403953248228,9.7214606896118e6,486100.9594168072,718.4943420980868,15.801874051275066,205.63500456729165
1064,64,7f3bcef5a08e3ee69ec959154bc064e98543e76d,5fccb18775a1c53c589e1a644bcdca5c2966e2c9f1b72779e18c5571bee51811,1.12.5,SOSRI,paper_common,continuation,0.01,0.05,true,low,high,true,true,31260869,1.5e-6,0.3,60.0,1500.0,Success,Success,true,true,57.35086746947772,284.7583992385106,115003.96767427781,2.920870837092212,2.1240121212324256e-11,2.1240121212324256e-11,16,0,115003.96767427781,4447.446298931655,106582.2953302739,2864.1398444027172,41976.69154150557,9.721460689611796e6,486100.9594168072,718.4943420980873,15.801874054379377,205.63500455270957
1065,65,7f3bcef5a08e3ee69ec959154bc064e98543e76d,5fccb18775a1c53c589e1a644bcdca5c2966e2c9f1b72779e18c5571bee51811,1.12.5,SOSRI,paper_common,continuation,0.01,0.05,true,low,low,false,true,31260870,1.5e-6,0.3,60.0,1500.0,Success,Success,true,true,7.4242921193313e-20,7.4242921193313e-20,1652.3676065607374,3.834447828252308e-11,2.9208708370654244,3.834447828252308e-11,13,2,0.0006483764663376043,411.15875520598155,198601.50724106462,6.810510419540059,80139.21289763629,473.77863934689987,523.6889308586087,225270.33150743082,163.6129811541772,138180.92447632065
1066,66,7f3bcef5a08e3ee69ec959154bc064e98543e76d,5fccb18775a1c53c589e1a644bcdca5c2966e2c9f1b72779e18c5571bee51811,1.12.5,SOSRI,paper_common,continuation,0.01,0.05,true,low,high,true,true,31260871,1.5e-6,0.3,60.0,1500.0,Success,Success,true,true,66.06456228542706,405.1835937889641,1.3315214009122257e6,2.920870837092254,1.8276563955211783e-11,1.8276563955211783e-11,7,0,1.2001150972759752e6,32749.91608658539,8824.764524935308,358.4183669971082,2536.188890949841,9.721460689611796e6,486100.9594168072,718.4943420980873,15.801874054603758,205.63500455155832
1067,67,7f3bcef5a08e3ee69ec959154bc064e98543e76d,5fccb18775a1c53c589e1a644bcdca5c2966e2c9f1b72779e18c5571bee51811,1.12.5,SOSRI,paper_common,continuation,0.01,0.05,true,low,high,true,true,31260872,1.5e-6,0.3,60.0,1500.0,Success,Success,true,true,66.24244518286947,317.47804701127654,29895.911520067224,2.9208708370921928,1.9886595366044476e-11,1.9886595366044476e-11,10,0,23366.627461932807,790.7838104221837,66354.32242481121,640.8078926317426,40460.121052639704,9.721460689611796e6,486100.9594168072,718.4943420980869,15.801874054484216,205.6350045522673
1068,68,7f3bcef5a08e3ee69ec959154bc064e98543e76d,5fccb18775a1c53c589e1a644bcdca5c2966e2c9f1b72779e18c5571bee51811,1.12.5,SOSRI,paper_common,continuation,0.01,0.05,true,low,high,true,true,31260873,1.5e-6,0.3,60.0,1500.0,Success,Success,true,true,54.22097141158372,356.3027525419213,1.302435382185231e6,2.920870837092171,6.209491338330915e-11,6.209491338330915e-11,1,0,742017.1908821656,19063.91596329448,12065.785638310248,458.9056268726949,4090.6612841440215,9.7214606896118e6,486100.9594168072,718.4943420980868,15.801874051253426,205.63500456741556
1069,69,7f3bcef5a08e3ee69ec959154bc064e98543e76d,5fccb18775a1c53c589e1a644bcdca5c2966e2c9f1b72779e18c5571bee51811,1.12.5,SOSRI,paper_common,continuation,0.01,0.05,true,low,low,false,true,31260874,1.5e-6,0.3,60.0,1500.0,Success,Success,true,true,0.00010516125593599854,0.00010516125593599854,4566.559233041251,1.046249239861163e-11,2.920870837085226,1.046249239861163e-11,16,1,0.0012588229860254405,250.18753070190317,164892.99856816375,51.36863003217583,65813.47513862052,473.7786392859082,523.6889308482397,225270.3315063241,163.61298117085718,138180.9244744022
1070,70,7f3bcef5a08e3ee69ec959154bc064e98543e76d,5fccb18775a1c53c589e1a644bcdca5c2966e2c9f1b72779e18c5571bee51811,1.12.5,SOSRI,paper_common,continuation,0.01,0.05,true,low,low,false,true,31260875,1.5e-6,0.3,60.0,1500.0,Success,Success,true,true,13.074550681471647,13.074550681471647,32142.720056398965,2.841149795850915e-11,2.9208708370715555,2.841149795850915e-11,21,2,9178.45182782665,1521.9226850689379,204448.6333552842,2021.417030791346,85258.89595171074,473.7786393281431,523.6889308634073,225270.3315075346,163.61298116370827,138180.92447643605
1071,71,7f3bcef5a08e3ee69ec959154bc064e98543e76d,5fccb18775a1c53c589e1a644bcdca5c2966e2c9f1b72779e18c5571bee51811,1.12.5,SOSRI,paper_common,continuation,0.01,0.05,true,low,low,false,true,31260876,1.5e-6,0.3,60.0,1500.0,Success,Success,true,true,0.011038669701014268,0.011038669701014268,615.2294243633681,1.111313049722252e-10,2.9208708370158614,1.111313049722252e-10,23,2,19.927948593157797,249.56159444528598,91709.88784137802,6.46190753220959,54016.07468271526,473.7786395001144,523.688930918514,225270.33151209351,163.6129811309393,138180.9244841296
1072,72,7f3bcef5a08e3ee69ec959154bc064e98543e76d,5fccb18775a1c53c589e1a644bcdca5c2966e2c9f1b72779e18c5571bee51811,1.12.5,SOSRI,paper_common,continuation,0.01,0.05,true,low,high,true,true,31260877,1.5e-6,0.3,60.0,1500.0,Success,Success,true,true,39.62913407203659,322.8149787530191,388612.6631567189,2.9208708370922136,3.2744394879981456e-11,3.2744394879981456e-11,10,0,388612.6631567189,9767.671290489363,33350.547066581705,1317.1972588583728,11475.673490661173,9.721460689611796e6,486100.95941680716,718.4943420980868,15.801874053498333,205.6350045568219
1073,73,7f3bcef5a08e3ee69ec959154bc064e98543e76d,5fccb18775a1c53c589e1a644bcdca5c2966e2c9f1b72779e18c5571bee51811,1.12.5,SOSRI,paper_common,continuation,0.01,0.05,true,low,high,true,true,31260878,1.5e-6,0.3,60.0,1500.0,Success,Success,true,true,61.3582278896488,296.6195257157964,57686.01744594207,2.9208708370921723,2.3614237192891872e-11,2.3614237192891872e-11,4,0,44475.990645139886,1576.5464063476977,93506.3045504594,1305.713929742098,46333.48216921554,9.721460689611796e6,486100.9594168072,718.4943420980871,15.801874054200017,205.63500455364513
1074,74,7f3bcef5a08e3ee69ec959154bc064e98543e76d,5fccb18775a1c53c589e1a644bcdca5c2966e2c9f1b72779e18c5571bee51811,1.12.5,SOSRI,paper_common,continuation,0.01,0.05,true,low,high,true,true,31260879,1.5e-6,0.3,60.0,1500.0,Success,Success,true,true,41.59453857853092,41.59453857853092,64254.830182073754,2.920870837091726,9.826891418014432e-11,9.826891418014432e-11,14,0,16298.26604661975,3558.283996643486,150611.67541828964,1897.5024410373637,32824.39051850631,9.721460689611804e6,486100.9594168072,718.4943420980873,15.80187404851058,205.6350045813192
1075,75,7f3bcef5a08e3ee69ec959154bc064e98543e76d,5fccb18775a1c53c589e1a644bcdca5c2966e2c9f1b72779e18c5571bee51811,1.12.5,SOSRI,paper_common,continuation,0.01,0.05,true,low,high,true,true,31260880,1.5e-6,0.3,60.0,1500.0,Success,Success,true,true,30.868681474392382,118.86068313805248,124462.72639176254,2.9208708370918965,1.0428706524598068e-10,1.0428706524598068e-10,6,0,63746.763170537226,2029.7868150963852,44870.393617117785,1127.1121739226417,18316.586169130154,9.721460689611804e6,486100.9594168072,718.4943420980867,15.801874048039203,205.63500458310298
1076,76,7f3bcef5a08e3ee69ec959154bc064e98543e76d,5fccb18775a1c53c589e1a644bcdca5c2966e2c9f1b72779e18c5571bee51811,1.12.5,SOSRI,paper_common,continuation,0.01,0.05,true,low,high,true,true,31260881,1.5e-6,0.3,60.0,1500.0,Success,Success,true,true,27.575165552563682,62.41554792568557,74806.40540060573,2.9208708370920293,4.6126601919820094e-11,4.6126601919820094e-11,15,0,11734.219088900594,1104.9495056889132,76856.42005433819,919.1150518011314,30497.608748646773,9.721460689611798e6,486100.9594168072,718.4943420980868,15.80187405248485,205.63500456200794
1077,77,7f3bcef5a08e3ee69ec959154bc064e98543e76d,5fccb18775a1c53c589e1a644bcdca5c2966e2c9f1b72779e18c5571bee51811,1.12.5,SOSRI,paper_common,continuation,0.01,0.05,true,low,high,true,true,31260882,1.5e-6,0.3,60.0,1500.0,Success,Success,true,true,14.285460773404221,53.340100468743216,20825.611619304407,2.920870837092041,2.24052123997092e-11,2.24052123997092e-11,15,0,7872.256409652204,647.749641518023,108524.09554500961,634.5323193213289,63671.458888837835,9.721460689611796e6,486100.9594168072,718.4943420980869,15.801874054300828,205.6350045534954
1078,78,7f3bcef5a08e3ee69ec959154bc064e98543e76d,5fccb18775a1c53c589e1a644bcdca5c2966e2c9f1b72779e18c5571bee51811,1.12.5,SOSRI,paper_common,continuation,0.01,0.05,true,low,high,true,true,31260883,1.5e-6,0.3,60.0,1500.0,Success,Success,true,true,21.344622783682368,395.22092223850717,31827.321374711628,2.920870837092025,2.6712310439282823e-11,2.6712310439282823e-11,9,0,10557.94350449814,614.3803601354141,110017.9647709869,513.1949851916784,67776.11056452825,9.721460689611796e6,486100.9594168072,718.4943420980868,15.801874053971948,205.63500455507102
1079,79,7f3bcef5a08e3ee69ec959154bc064e98543e76d,5fccb18775a1c53c589e1a644bcdca5c2966e2c9f1b72779e18c5571bee51811,1.12.5,SOSRI,paper_common,continuation,0.01,0.05,true,low,high,true,true,31260884,1.5e-6,0.3,60.0,1500.0,Success,Success,true,true,39.80379032583819,316.6095696473949,971532.6015660105,2.9208708370922314,2.747166128303672e-11,2.747166128303672e-11,1,0,706435.9999349223,20035.82433760291,13106.506660464429,559.3632249959495,3228.6748908605396,9.721460689611796e6,486100.9594168072,718.4943420980871,15.80187405390102,205.6350045548972
1080,80,7f3bcef5a08e3ee69ec959154bc064e98543e76d,5fccb18775a1c53c589e1a644bcdca5c2966e2c9f1b72779e18c5571bee51811,1.12.5,SOSRI,paper_common,continuation,0.01,0.05,true,low,low,false,true,31260885,1.5e-6,0.3,60.0,1500.0,Success,Success,true,true,0.26452321625487085,0.26452321625487085,3841.675244537756,1.8901251337530482e-10,2.9208708369678584,1.8901251337530482e-10,16,2,0.26452321625487085,500.07703464215945,326334.0869319118,63.32544088623126,152405.43473847472,473.778639647864,523.6889309366144,225270.3315143843,163.6129810866668,138180.9244881568
1081,81,7f3bcef5a08e3ee69ec959154bc064e98543e76d,5fccb18775a1c53c589e1a644bcdca5c2966e2c9f1b72779e18c5571bee51811,1.12.5,SOSRI,paper_common,continuation,0.01,0.05,true,low,low,false,true,31260886,1.5e-6,0.3,60.0,1500.0,Success,Success,true,true,41.93795058986187,244.51098872872592,20970.923285516852,2.0063747258645726e-10,2.9208708369616723,2.0063747258645726e-10,11,2,2352.092320730534,658.3032525483143,178791.86981601024,365.9064520157971,90709.60349753847,473.7786396668141,523.6889309332903,225270.33151436425,163.61298107787692,138180.92448817464
1082,82,7f3bcef5a08e3ee69ec959154bc064e98543e76d,5fccb18775a1c53c589e1a644bcdca5c2966e2c9f1b72779e18c5571bee51811,1.12.5,SOSRI,paper_common,continuation,0.01,0.05,true,low,high,true,true,31260887,1.5e-6,0.3,60.0,1500.0,Success,Success,true,true,30.54653787912197,103.65389835676051,165464.6109142632,2.9208708370921173,5.943436435482195e-11,5.943436435482195e-11,7,0,165464.6109142632,4293.91574053294,53453.53598232908,1649.6311326799153,23250.02819505865,9.7214606896118e6,486100.9594168072,718.4943420980871,15.801874051460407,205.63500456657965
1083,83,7f3bcef5a08e3ee69ec959154bc064e98543e76d,5fccb18775a1c53c589e1a644bcdca5c2966e2c9f1b72779e18c5571bee51811,1.12.5,SOSRI,paper_common,continuation,0.01,0.05,true,low,high,true,true,31260888,1.5e-6,0.3,60.0,1500.0,Success,Success,true,true,86.2536938293774,363.2875202815193,1.0195837255893858e6,2.920870837092239,2.661649166130592e-11,2.661649166130592e-11,4,0,771730.4200374677,20951.23769812913,12009.922147219437,463.8130681758621,3697.2929650595565,9.721460689611796e6,486100.95941680716,718.4943420980873,15.801874053966067,205.63500455457557
1084,84,7f3bcef5a08e3ee69ec959154bc064e98543e76d,5fccb18775a1c53c589e1a644bcdca5c2966e2c9f1b72779e18c5571bee51811,1.12.5,SOSRI,paper_common,continuation,0.01,0.05,true,low,high,true,true,31260889,1.5e-6,0.3,60.0,1500.0,Success,Success,true,true,73.29858072434743,276.10892383837825,119182.25194017371,2.920870837091972,9.783554397248521e-11,9.783554397248521e-11,1,0,98234.47898249302,2365.340986732176,36797.03658556822,896.6570555029109,18116.668144577547,9.721460689611804e6,486100.9594168072,718.4943420980868,15.801874048528642,205.6350045806322
1085,85,7f3bcef5a08e3ee69ec959154bc064e98543e76d,5fccb18775a1c53c589e1a644bcdca5c2966e2c9f1b72779e18c5571bee51811,1.12.5,SOSRI,paper_common,continuation,0.01,0.05,true,low,high,true,true,31260890,1.5e-6,0.3,60.0,1500.0,Success,Success,true,true,0.0328567512772916,0.0328567512772916,16516.510736155644,2.9208708370916776,8.487578445669012e-11,8.487578445669012e-11,10,0,16516.510736155644,701.9281302178792,101597.70131853114,333.8370836973127,70235.55746135036,9.721460689611802e6,486100.9594168072,718.4943420980867,15.80187404953924,205.6350045766312
1086,86,7f3bcef5a08e3ee69ec959154bc064e98543e76d,5fccb18775a1c53c589e1a644bcdca5c2966e2c9f1b72779e18c5571bee51811,1.12.5,SOSRI,paper_common,continuation,0.01,0.05,true,low,high,true,true,31260891,1.5e-6,0.3,60.0,1500.0,Success,Success,true,true,53.35349729195673,401.6862686270138,370231.7753200925,2.920870837092227,2.452871773891937e-11,2.452871773891937e-11,5,0,359796.1268281351,10605.489796828935,42737.38966988825,1874.1727736088528,10579.604672854359,9.721460689611796e6,486100.9594168072,718.494342098087,15.801874054126666,205.6350045538547
1087,87,7f3bcef5a08e3ee69ec959154bc064e98543e76d,5fccb18775a1c53c589e1a644bcdca5c2966e2c9f1b72779e18c5571bee51811,1.12.5,SOSRI,paper_common,continuation,0.01,0.05,true,low,high,true,true,31260892,1.5e-6,0.3,60.0,1500.0,Success,Success,true,true,3.5837275931587294,3.5837275931587294,20312.114714329564,2.920870837092166,1.828918701456639e-11,1.828918701456639e-11,3,0,20312.114714329564,832.6757029953283,104680.54145037374,525.8591230123055,70380.43632944729,9.721460689611796e6,486100.95941680716,718.4943420980869,15.801874054608177,205.63500455175281
1088,88,7f3bcef5a08e3ee69ec959154bc064e98543e76d,5fccb18775a1c53c589e1a644bcdca5c2966e2c9f1b72779e18c5571bee51811,1.12.5,SOSRI,paper_common,continuation,0.01,0.05,true,low,high,true,true,31260893,1.5e-6,0.3,60.0,1500.0,Success,Success,true,true,2.2349376637576985,2.2349376637576985,37987.62911194618,2.920870837092139,2.8172785764420552e-11,2.8172785764420552e-11,17,0,37987.62911194618,1501.2606710944433,116070.90528929632,1209.910548470404,72423.83420980473,9.721460689611796e6,486100.9594168072,718.4943420980871,15.801874053852986,205.6350045553482
1089,89,7f3bcef5a08e3ee69ec959154bc064e98543e76d,5fccb18775a1c53c589e1a644bcdca5c2966e2c9f1b72779e18c5571bee51811,1.12.5,SOSRI,paper_common,continuation,0.01,0.05,true,low,low,false,true,31260894,1.5e-6,0.3,60.0,1500.0,Success,Success,true,true,25.81934364876829,25.81934364876829,3155.044456106068,3.1431258088110575e-10,2.920870837296407,3.1431258088110575e-10,29,2,663.9130858553527,412.3030739764687,145777.83720311444,204.23990292691664,87336.08851447729,473.77863863403286,523.6889306524724,225270.3314897732,163.61298130229088,138180.92444639833
1090,90,7f3bcef5a08e3ee69ec959154bc064e98543e76d,5fccb18775a1c53c589e1a644bcdca5c2966e2c9f1b72779e18c5571bee51811,1.12.5,SOSRI,paper_common,continuation,0.01,0.05,true,low,high,true,true,31260895,1.5e-6,0.3,60.0,1500.0,Success,Success,true,true,12.783385484895662,13.33861434007862,200417.58340372832,2.9208708370921386,4.6890082234377796e-11,4.6890082234377796e-11,14,0,107548.20069542089,4030.8721408189776,48104.56974165242,1456.3673108033902,14050.348034936509,9.721460689611798e6,486100.9594168072,718.494342098087,15.801874052419667,205.63500456204457
1091,91,7f3bcef5a08e3ee69ec959154bc064e98543e76d,5fccb18775a1c53c589e1a644bcdca5c2966e2c9f1b72779e18c5571bee51811,1.12.5,SOSRI,paper_common,continuation,0.01,0.05,true,low,high,true,true,31260896,1.5e-6,0.3,60.0,1500.0,Success,Success,true,true,49.385284471370824,325.7149326570796,1.6654573384626447e6,2.920870837092195,7.038223447389842e-11,7.038223447389842e-11,6,0,1.4007501307993098e6,41965.71379342574,6467.346770953278,235.14760126881092,1882.0175448173784,9.721460689611802e6,486100.9594168072,718.4943420980873,15.80187405061738,205.63500457032853
1092,92,7f3bcef5a08e3ee69ec959154bc064e98543e76d,5fccb18775a1c53c589e1a644bcdca5c2966e2c9f1b72779e18c5571bee51811,1.12.5,SOSRI,paper_common,continuation,0.01,0.05,true,low,low,false,true,31260897,1.5e-6,0.3,60.0,1500.0,Success,Success,true,true,54.32540963068156,324.541244445751,37374.42440766584,1.2977559531491897e-11,2.920870837082506,1.2977559531491897e-11,10,1,7430.609310598694,1079.093892696466,178200.95673356258,1262.10064396069,75169.12432600571,473.77863929416236,523.6889308420812,225270.33150605357,163.61298116443174,138180.92447399395
1093,93,7f3bcef5a08e3ee69ec959154bc064e98543e76d,5fccb18775a1c53c589e1a644bcdca5c2966e2c9f1b72779e18c5571bee51811,1.12.5,SOSRI,paper_common,continuation,0.01,0.05,true,low,high,true,true,31260898,1.5e-6,0.3,60.0,1500.0,Success,Success,true,true,51.29074885750881,346.27658607728625,581071.2383778761,2.9208708370922527,1.7753641690426298e-11,1.7753641690426298e-11,1,0,560484.6803222015,15098.908635108324,23637.577446249274,995.4110321104998,6572.164853619125,9.721460689611796e6,486100.9594168072,718.4943420980869,15.801874054643896,205.6350045513747
1094,94,7f3bcef5a08e3ee69ec959154bc064e98543e76d,5fccb18775a1c53c589e1a644bcdca5c2966e2c9f1b72779e18c5571bee51811,1.12.5,SOSRI,paper_common,continuation,0.01,0.05,true,low,low,false,true,31260899,1.5e-6,0.3,60.0,1500.0,Success,Success,true,true,0.00015571306255278416,0.00015571306255278416,807.4199866228699,1.8517088289132343e-11,2.9208708370882284,1.8517088289132343e-11,3,2,602.2543139775122,786.7337100654233,255292.5736646742,67.17956062324458,158636.3664225623,473.7786392768743,523.688930860229,225270.33150691204,163.61298118078216,138180.92447531235
1095,95,7f3bcef5a08e3ee69ec959154bc064e98543e76d,5fccb18775a1c53c589e1a644bcdca5c2966e2c9f1b72779e18c5571bee51811,1.12.5,SOSRI,paper_common,continuation,0.01,0.05,true,low,high,true,true,31260900,1.5e-6,0.3,60.0,1500.0,Success,Success,true,true,0.40723137542962373,0.40723137542962373,52669.25843640149,2.920870837092146,3.1468853081537545e-11,3.1468853081537545e-11,18,0,46745.46943078849,1927.4973981990136,97867.01119259185,1764.6110683927534,48056.48250681595,9.721460689611796e6,486100.95941680716,718.4943420980868,15.801874053600121,205.63500455651138
1096,96,7f3bcef5a08e3ee69ec959154bc064e98543e76d,5fccb18775a1c53c589e1a644bcdca5c2966e2c9f1b72779e18c5571bee51811,1.12.5,SOSRI,paper_common,continuation,0.01,0.05,true,low,high,true,true,31260901,1.5e-6,0.3,60.0,1500.0,Success,Success,true,true,23.81807844070279,321.6008962464323,65070.164954032254,2.920870837092154,3.050380379791858e-11,3.050380379791858e-11,7,0,59101.426633227864,2411.5618688485156,101009.59317448318,2000.5322000953554,40115.189071827095,9.721460689611796e6,486100.9594168072,718.4943420980871,15.801874053673545,205.6350045561493
1097,97,7f3bcef5a08e3ee69ec959154bc064e98543e76d,5fccb18775a1c53c589e1a644bcdca5c2966e2c9f1b72779e18c5571bee51811,1.12.5,SOSRI,paper_common,continuation,0.01,0.05,true,low,high,true,true,31260902,1.5e-6,0.3,60.0,1500.0,Success,Success,true,true,29.40249765929422,168.09299903113177,410380.75781600067,2.9208708370922274,2.791891182666653e-11,2.791891182666653e-11,6,0,386879.91180443804,9564.046880168335,27966.20495540695,1139.5325691539995,9553.172534344854,9.721460689611796e6,486100.95941680716,718.4943420980871,15.80187405386703,205.63500455506642
1098,98,7f3bcef5a08e3ee69ec959154bc064e98543e76d,5fccb18775a1c53c589e1a644bcdca5c2966e2c9f1b72779e18c5571bee51811,1.12.5,SOSRI,paper_common,continuation,0.01,0.05,true,low,high,true,true,31260903,1.5e-6,0.3,60.0,1500.0,Success,Success,true,true,61.43646613900046,213.77278198482844,64117.1313651464,2.9208708370921785,2.47945656898488e-11,2.47945656898488e-11,10,0,61900.982904740245,3610.380096450833,160737.99673246418,3165.2157546207254,57197.530851891235,9.721460689611796e6,486100.9594168072,718.494342098087,15.801874054109234,205.63500455405355
1099,99,7f3bcef5a08e3ee69ec959154bc064e98543e76d,5fccb18775a1c53c589e1a644bcdca5c2966e2c9f1b72779e18c5571bee51811,1.12.5,SOSRI,paper_common,continuation,0.01,0.05,true,low,high,true,true,31260904,1.5e-6,0.3,60.0,1500.0,Success,Success,true,true,45.45622893557844,267.83819836200206,1.2637712057623535e6,2.92087083709226,1.895926257071283e-11,1.895926257071283e-11,4,0,1.2637712057623535e6,36775.08267962792,9765.950908226183,389.66737262128436,2574.8873084751945,9.721460689611796e6,486100.9594168072,718.494342098087,15.80187405455113,205.63500455179
1100,100,7f3bcef5a08e3ee69ec959154bc064e98543e76d,5fccb18775a1c53c589e1a644bcdca5c2966e2c9f1b72779e18c5571bee51811,1.12.5,SOSRI,paper_common,continuation,0.01,0.05,true,low,high,true,true,31260905,1.5e-6,0.3,60.0,1500.0,Success,Success,true,true,55.926929405527545,267.959641758748,492974.1019887252,2.920870837092126,8.211093780739587e-11,8.211093780739587e-11,2,0,492974.1019887252,12225.416662138907,23024.226261872624,886.8861524453606,8069.832979103863,9.721460689611802e6,486100.9594168072,718.4943420980868,15.801874049723411,205.63500457467347
1101,1,7f3bcef5a08e3ee69ec959154bc064e98543e76d,5fccb18775a1c53c589e1a644bcdca5c2966e2c9f1b72779e18c5571bee51811,1.12.5,SOSRI,paper_common,continuation,0.01,0.05,true,high,high,false,true,32260806,1.5e-6,0.3,60.0,1500.0,Success,Success,true,true,10.490835835178068,1.3752744197824844e6,1.3571393000867967e7,2.920870837092289,6.34720756545444e-11,6.34720756545444e-11,469,0,4.800722724066411e6,175687.86663515537,2079.06368932671,61.89810574014611,604.6977167746669,9.7214606896118e6,486100.9594168072,718.4943420980876,15.801874051140876,205.63500456765263
1102,2,7f3bcef5a08e3ee69ec959154bc064e98543e76d,5fccb18775a1c53c589e1a644bcdca5c2966e2c9f1b72779e18c5571bee51811,1.12.5,SOSRI,paper_common,continuation,0.01,0.05,true,high,high,false,true,32260807,1.5e-6,0.3,60.0,1500.0,Success,Success,true,true,12.381978904686214,1.3973132025922956e6,1.4832112868961304e7,2.9208708370922967,1.8435877740944075e-11,1.8435877740944075e-11,603,0,7.033079475157294e6,321284.3478109728,1124.9602193925564,27.743714451100853,310.18508422014503,9.721460689611796e6,486100.9594168072,718.4943420980875,15.801874054589007,205.6350045515231
1103,3,7f3bcef5a08e3ee69ec959154bc064e98543e76d,5fccb18775a1c53c589e1a644bcdca5c2966e2c9f1b72779e18c5571bee51811,1.12.5,SOSRI,paper_common,continuation,0.01,0.05,true,high,high,false,true,32260808,1.5e-6,0.3,60.0,1500.0,Success,Success,true,true,6.705478320622044,1.4963857583916625e6,1.9079450258233607e7,2.9208708370923406,2.7463862444099824e-11,2.7463862444099824e-11,560,0,8.678224743042102e6,359397.4740798785,918.9451801178197,24.011130666389512,269.73957695778756,9.721460689611796e6,486100.95941680716,718.494342098087,15.801874053895107,205.63500455465828
1104,4,7f3bcef5a08e3ee69ec959154bc064e98543e76d,5fccb18775a1c53c589e1a644bcdca5c2966e2c9f1b72779e18c5571bee51811,1.12.5,SOSRI,paper_common,continuation,0.01,0.05,true,high,high,false,true,32260809,1.5e-6,0.3,60.0,1500.0,Success,Success,true,true,2.7945545576237847,2.999674859850831e6,3.092713306136753e7,2.920870837092065,5.593833055862432e-11,5.593833055862432e-11,945,2,2.5924211483432364e7,1.4179555075898739e6,262.63579546807006,5.317779349290001,74.38324844125844,9.721460689612027e6,486100.9594168217,718.4943420980655,15.80187405173179,205.6350045654589
1105,5,7f3bcef5a08e3ee69ec959154bc064e98543e76d,5fccb18775a1c53c589e1a644bcdca5c2966e2c9f1b72779e18c5571bee51811,1.12.5,SOSRI,paper_common,continuation,0.01,0.05,true,high,high,false,true,32260810,1.5e-6,0.3,60.0,1500.0,Success,Success,true,true,6.866961569431498,1.908481525036259e6,1.936124768112353e7,2.9208708370922483,3.060512484493974e-11,3.060512484493974e-11,643,0,1.908481525036259e6,62129.97033523739,4055.973529644346,128.87048738735203,1264.218986725433,9.721460689611798e6,486100.9594168072,718.4943420980871,15.80187405366006,205.6350045559817
1106,6,7f3bcef5a08e3ee69ec959154bc064e98543e76d,5fccb18775a1c53c589e1a644bcdca5c2966e2c9f1b72779e18c5571bee51811,1.12.5,SOSRI,paper_common,continuation,0.01,0.05,true,high,high,false,true,32260811,1.5e-6,0.3,60.0,1500.0,Success,Success,true,true,1.5418217029272643,1.8793576141382407e6,6.069248673785249e7,2.9208708370922176,9.993229679640457e-11,9.993229679640457e-11,889,0,3.103819879966833e6,96060.46757885779,4893.5645901695525,187.9881927906,1242.8665499022318,9.721460689611806e6,486100.9594168072,718.4943420980866,15.801874048353232,205.63500458085096
1107,7,7f3bcef5a08e3ee69ec959154bc064e98543e76d,5fccb18775a1c53c589e1a644bcdca5c2966e2c9f1b72779e18c5571bee51811,1.12.5,SOSRI,paper_common,continuation,0.01,0.05,true,high,high,false,true,32260812,1.5e-6,0.3,60.0,1500.0,Success,Success,true,true,6.342573975039146,3.2824159203607487e6,2.096272802614229e7,2.9208708370924237,3.7199775611025844e-11,3.7199775611025844e-11,728,0,9.377683477716405e6,467674.0484189109,620.6892041921055,12.854891593005188,193.80595892185707,9.721460689611798e6,486100.9594168072,718.4943420980871,15.801874053144665,205.63500455795992
1108,8,7f3bcef5a08e3ee69ec959154bc064e98543e76d,5fccb18775a1c53c589e1a644bcdca5c2966e2c9f1b72779e18c5571bee51811,1.12.5,SOSRI,paper_common,continuation,0.01,0.05,true,high,high,false,true,32260813,1.5e-6,0.3,60.0,1500.0,Success,Success,true,true,2.672577072063603,2.1611998832060155e6,3.7787787972333394e7,2.9208708370914667,4.0780062043396374e-11,4.0780062043396374e-11,1029,0,9.694883311571574e6,450093.72765541513,808.0367539865322,19.584278353515106,223.37891940819142,9.7214606896118e6,486100.9594168071,718.4943420980871,15.801874052930609,205.63500456130197
1109,9,7f3bcef5a08e3ee69ec959154bc064e98543e76d,5fccb18775a1c53c589e1a644bcdca5c2966e2c9f1b72779e18c5571bee51811,1.12.5,SOSRI,paper_common,continuation,0.01,0.05,true,high,high,false,true,32260814,1.5e-6,0.3,60.0,1500.0,Success,Success,true,true,11.310119878595273,1.8602189031681663e6,1.5751521021426113e7,2.9208708370922905,2.0472467114660103e-11,2.0472467114660103e-11,587,0,5.767474074691835e6,269224.7394489092,1270.7585525101974,28.199413139419207,394.89925679394116,9.721460689611796e6,486100.95941680716,718.4943420980873,15.801874054433444,205.6350045522658
1110,10,7f3bcef5a08e3ee69ec959154bc064e98543e76d,5fccb18775a1c53c589e1a644bcdca5c2966e2c9f1b72779e18c5571bee51811,1.12.5,SOSRI,paper_common,continuation,0.01,0.05,true,high,high,false,true,32260815,1.5e-6,0.3,60.0,1500.0,Success,Success,true,true,10.58047626114396,1.6231838521848675e6,1.5439224718435658e7,2.9208708370922656,2.6045051369840697e-11,2.6045051369840697e-11,534,0,3.138929277162821e6,115693.58365661783,2285.2706330513506,59.307805710557204,781.3427612835517,9.721460689611796e6,486100.9594168072,718.4943420980868,15.801874054008177,205.6350045543119
1111,11,7f3bcef5a08e3ee69ec959154bc064e98543e76d,5fccb18775a1c53c589e1a644bcdca5c2966e2c9f1b72779e18c5571bee51811,1.12.5,SOSRI,paper_common,continuation,0.01,0.05,true,high,high,false,true,32260816,1.5e-6,0.3,60.0,1500.0,Success,Success,true,true,2.9019132648589956,1.5312427493251646e6,3.5476874185672514e7,2.9208708370923206,8.981331061124339e-11,8.981331061124339e-11,564,0,6.070313408642061e6,215731.37676313514,1775.2607531594292,54.931481118944816,510.1071944052696,9.721460689611804e6,486100.95941680716,718.4943420980874,15.801874049121919,205.63500457700755
1112,12,7f3bcef5a08e3ee69ec959154bc064e98543e76d,5fccb18775a1c53c589e1a644bcdca5c2966e2c9f1b72779e18c5571bee51811,1.12.5,SOSRI,paper_common,continuation,0.01,0.05,true,high,high,false,true,32260817,1.5e-6,0.3,60.0,1500.0,Success,Success,true,true,7.770368849960886,1.5942740887405109e6,1.8295214422834475e7,2.9208708370922505,2.6294972792350265e-11,2.6294972792350265e-11,664,0,2.036361908997048e6,61458.65226654157,6339.678490530239,229.0457487779699,1847.187608891217,9.721460689611796e6,486100.9594168072,718.494342098087,15.801874053989959,205.63500455443443
1113,13,7f3bcef5a08e3ee69ec959154bc064e98543e76d,5fccb18775a1c53c589e1a644bcdca5c2966e2c9f1b72779e18c5571bee51811,1.12.5,SOSRI,paper_common,continuation,0.01,0.05,true,high,high,false,true,32260818,1.5e-6,0.3,60.0,1500.0,Success,Success,true,true,1.9663356225285362,1.7314594948159303e6,4.413043253597623e7,2.920870837092237,6.259002640960878e-11,6.259002640960878e-11,1093,0,3.175667664355563e6,117379.1750443125,2865.657706944166,83.9370630452967,838.6636821184452,9.7214606896118e6,486100.9594168072,718.4943420980875,15.801874051211515,205.6350045674491
1114,14,7f3bcef5a08e3ee69ec959154bc064e98543e76d,5fccb18775a1c53c589e1a644bcdca5c2966e2c9f1b72779e18c5571bee51811,1.12.5,SOSRI,paper_common,continuation,0.01,0.05,true,high,high,false,true,32260819,1.5e-6,0.3,60.0,1500.0,Success,Success,true,true,9.226233622251543,660734.0218025262,1.686222894232371e7,2.9208708370921865,3.551082125560567e-11,3.551082125560567e-11,500,1,1.6321329040845452e7,696197.0439425948,522.3389138163665,13.881285309726586,142.8400491480182,9.721460689612024e6,486100.9594168217,718.4943420980659,15.801874053288598,205.63500455788662
1115,15,7f3bcef5a08e3ee69ec959154bc064e98543e76d,5fccb18775a1c53c589e1a644bcdca5c2966e2c9f1b72779e18c5571bee51811,1.12.5,SOSRI,paper_common,continuation,0.01,0.05,true,high,high,false,true,32260820,1.5e-6,0.3,60.0,1500.0,Success,Success,true,true,6.9847184265890725,2.1575953551135506e6,1.8175958176954664e7,2.9208708370922674,3.4561685336019866e-11,3.4561685336019866e-11,508,0,4.052482084430065e6,134793.85061279597,2722.8042891909695,93.29360194491075,741.2106890360649,9.721460689611798e6,486100.9594168072,718.4943420980878,15.80187405335595,205.6350045573562
1116,16,7f3bcef5a08e3ee69ec959154bc064e98543e76d,5fccb18775a1c53c589e1a644bcdca5c2966e2c9f1b72779e18c5571bee51811,1.12.5,SOSRI,paper_common,continuation,0.01,0.05,true,high,high,false,true,32260821,1.5e-6,0.3,60.0,1500.0,Success,Success,true,true,1.380844242630342,7.8655635946371835e6,4.302098971297789e7,2.920870837092202,2.6534242289974142e-11,2.6534242289974142e-11,2157,2,1.6273746126044318e7,1.1068162038558535e6,348.30274701962963,5.71330895316504,97.46338839101577,9.721460689612024e6,486100.9594168217,718.4943420980655,15.801874053975043,205.6350045546416
1117,17,7f3bcef5a08e3ee69ec959154bc064e98543e76d,5fccb18775a1c53c589e1a644bcdca5c2966e2c9f1b72779e18c5571bee51811,1.12.5,SOSRI,paper_common,continuation,0.01,0.05,true,high,high,false,true,32260822,1.5e-6,0.3,60.0,1500.0,Success,Success,true,true,14.930803932935106,2.496906590637117e6,1.3138644501275472e7,2.9208708370922722,4.721502240666225e-11,4.721502240666225e-11,620,0,4.493659772646568e6,193824.6723938257,1706.0082111046595,42.38753186973556,506.22738872186164,9.721460689611798e6,486100.9594168072,718.4943420980869,15.801874052386747,205.6350045618728
1118,18,7f3bcef5a08e3ee69ec959154bc064e98543e76d,5fccb18775a1c53c589e1a644bcdca5c2966e2c9f1b72779e18c5571bee51811,1.12.5,SOSRI,paper_common,continuation,0.01,0.05,true,high,high,false,true,32260823,1.5e-6,0.3,60.0,1500.0,Success,Success,true,true,8.252221291401638,1.3612449563281892e6,1.6153943594959492e7,2.920870837092255,1.8208462501396192e-11,1.8208462501396192e-11,587,0,1.3612449563281892e6,39338.44137576959,6407.277173629683,232.78778614283718,1969.542262117063,9.721460689611796e6,486100.9594168072,718.494342098087,15.801874054608916,205.63500455153198
1119,19,7f3bcef5a08e3ee69ec959154bc064e98543e76d,5fccb18775a1c53c589e1a644bcdca5c2966e2c9f1b72779e18c5571bee51811,1.12.5,SOSRI,paper_common,continuation,0.01,0.05,true,high,high,false,true,32260824,1.5e-6,0.3,60.0,1500.0,Success,Success,true,true,6.0954498496193885,2.688235654565897e6,2.223785127423972e7,2.920870837092282,2.1197572285117146e-11,2.1197572285117146e-11,774,0,5.010308934057981e6,188991.7957507185,2164.8960877376812,63.29101753456643,618.0211598486054,9.721460689611796e6,486100.9594168072,718.494342098087,15.801874054378397,205.63500455254257
1120,20,7f3bcef5a08e3ee69ec959154bc064e98543e76d,5fccb18775a1c53c589e1a644bcdca5c2966e2c9f1b72779e18c5571bee51811,1.12.5,SOSRI,paper_common,continuation,0.01,0.05,true,high,high,false,true,32260825,1.5e-6,0.3,60.0,1500.0,Success,Success,true,true,14.238204256542105,1.6615924797419105e6,1.0495630488976704e7,2.92087083709225,3.6372257136520606e-11,3.6372257136520606e-11,459,0,1.960827661635483e6,63423.24542762385,3650.0929685539154,110.4557561900351,1217.401218642959,9.721460689611798e6,486100.9594168072,718.4943420980869,15.80187405321834,205.63500455804117
1121,21,7f3bcef5a08e3ee69ec959154bc064e98543e76d,5fccb18775a1c53c589e1a644bcdca5c2966e2c9f1b72779e18c5571bee51811,1.12.5,SOSRI,paper_common,continuation,0.01,0.05,true,high,high,false,true,32260826,1.5e-6,0.3,60.0,1500.0,Success,Success,true,true,1.7232525670368555,6.462600857683629e6,4.603512793630921e7,2.92087083709194,7.854298781664768e-11,7.854298781664768e-11,1648,2,4.603512793630921e7,3.125246291836692e6,107.39212107078998,1.7232525670368555,31.156815319561954,9.721460689612027e6,486100.9594168217,718.4943420980658,15.801874050008433,205.63500457381568
1122,22,7f3bcef5a08e3ee69ec959154bc064e98543e76d,5fccb18775a1c53c589e1a644bcdca5c2966e2c9f1b72779e18c5571bee51811,1.12.5,SOSRI,paper_common,continuation,0.01,0.05,true,high,high,false,true,32260827,1.5e-6,0.3,60.0,1500.0,Success,Success,true,true,8.135101703839899,2.3202701078307736e6,2.0156105654601604e7,2.9208708370922722,1.8436943551222077e-11,1.8436943551222077e-11,743,0,3.896470128541938e6,132783.61328474813,2464.701337483387,76.75445581514883,744.9942073019911,9.721460689611796e6,486100.9594168072,718.4943420980869,15.801874054590389,205.63500455157657
1123,23,7f3bcef5a08e3ee69ec959154bc064e98543e76d,5fccb18775a1c53c589e1a644bcdca5c2966e2c9f1b72779e18c5571bee51811,1.12.5,SOSRI,paper_common,continuation,0.01,0.05,true,high,high,false,true,32260828,1.5e-6,0.3,60.0,1500.0,Success,Success,true,true,3.184926947081509,2.639806412966498e6,2.7413181411947757e7,2.9208708370922882,2.210442098632488e-11,2.210442098632488e-11,1038,0,5.643167737898601e6,203369.69396096174,2186.9701660263677,71.11862398052217,566.7422128158036,9.721460689611796e6,486100.9594168072,718.494342098087,15.801874054308602,205.63500455285416
1124,24,7f3bcef5a08e3ee69ec959154bc064e98543e76d,5fccb18775a1c53c589e1a644bcdca5c2966e2c9f1b72779e18c5571bee51811,1.12.5,SOSRI,paper_common,continuation,0.01,0.05,true,high,high,false,true,32260829,1.5e-6,0.3,60.0,1500.0,Success,Success,true,true,5.2031109782162615,2.2900292243948607e6,2.439195024759486e7,2.920870837092286,1.7571279734644853e-11,1.7571279734644853e-11,815,0,5.434598055671981e6,206595.27970971647,1485.9675887462058,40.17863615803645,467.674235839419,9.721460689611796e6,486100.95941680716,718.4943420980869,15.801874054655855,205.63500455123713
1125,25,7f3bcef5a08e3ee69ec959154bc064e98543e76d,5fccb18775a1c53c589e1a644bcdca5c2966e2c9f1b72779e18c5571bee51811,1.12.5,SOSRI,paper_common,continuation,0.01,0.05,true,high,high,false,true,32260830,1.5e-6,0.3,60.0,1500.0,Success,Success,true,true,12.688169768780574,524955.3841367227,1.2653500239498071e7,2.920870837092249,6.370780561642064e-11,6.370780561642064e-11,303,0,3.5207940855555357e6,128085.20404866186,2406.841278473095,68.43460264779759,750.6986309783587,9.7214606896118e6,486100.95941680716,718.4943420980869,15.801874051125216,205.63500456782344
1126,26,7f3bcef5a08e3ee69ec959154bc064e98543e76d,5fccb18775a1c53c589e1a644bcdca5c2966e2c9f1b72779e18c5571bee51811,1.12.5,SOSRI,paper_common,continuation,0.01,0.05,true,high,high,false,true,32260831,1.5e-6,0.3,60.0,1500.0,Success,Success,true,true,3.9993391362949207,610184.5603190761,2.4046040354303397e7,2.9208708370922913,3.047790727290068e-11,3.047790727290068e-11,767,0,5.756515576887428e6,175834.67126602182,2790.72568391802,113.03134800179022,658.4275567797168,9.721460689611798e6,486100.9594168072,718.4943420980873,15.801874053667197,205.63500455584213
1127,27,7f3bcef5a08e3ee69ec959154bc064e98543e76d,5fccb18775a1c53c589e1a644bcdca5c2966e2c9f1b72779e18c5571bee51811,1.12.5,SOSRI,paper_common,continuation,0.01,0.05,true,high,high,false,true,32260832,1.5e-6,0.3,60.0,1500.0,Success,Success,true,true,3.762573664537091,1.7734890303973157e6,2.5628664549830023e7,2.920870837092275,1.8926035909465372e-11,1.8926035909465372e-11,910,0,3.4067811766357603e6,165077.99494674677,1876.4175634425967,40.55638839352124,572.4662082281067,9.721460689611796e6,486100.9594168072,718.4943420980874,15.801874054552766,205.63500455174534
1128,28,7f3bcef5a08e3ee69ec959154bc064e98543e76d,5fccb18775a1c53c589e1a644bcdca5c2966e2c9f1b72779e18c5571bee51811,1.12.5,SOSRI,paper_common,continuation,0.01,0.05,true,high,high,false,true,32260833,1.5e-6,0.3,60.0,1500.0,Success,Success,true,true,6.592863327486362,1.7190883585745534e6,1.7016352227377683e7,2.920870837092433,5.442025107142957e-11,5.442025107142957e-11,771,0,9.078447970324835e6,456325.1902059094,911.9564450625621,21.47603638673718,231.10769679265556,9.7214606896118e6,486100.9594168072,718.4943420980871,15.801874051825479,205.63500456410193
1129,29,7f3bcef5a08e3ee69ec959154bc064e98543e76d,5fccb18775a1c53c589e1a644bcdca5c2966e2c9f1b72779e18c5571bee51811,1.12.5,SOSRI,paper_common,continuation,0.01,0.05,true,high,high,false,true,32260834,1.5e-6,0.3,60.0,1500.0,Success,Success,true,true,14.658103240655226,1.3440854405675302e6,1.2999524641137097e7,2.920870837092271,3.132892520253361e-11,3.132892520253361e-11,449,0,3.6298888301119264e6,148475.2497106335,2095.765391364479,53.41050541968452,645.446477861913,9.721460689611798e6,486100.9594168072,718.494342098087,15.801874053603292,205.6350045561923
1130,30,7f3bcef5a08e3ee69ec959154bc064e98543e76d,5fccb18775a1c53c589e1a644bcdca5c2966e2c9f1b72779e18c5571bee51811,1.12.5,SOSRI,paper_common,continuation,0.01,0.05,true,high,high,false,true,32260835,1.5e-6,0.3,60.0,1500.0,Success,Success,true,true,6.98144462069537,2.2660757179168295e6,1.7228578244784154e7,2.9208708370922545,2.1576496027397057e-11,2.1576496027397057e-11,738,0,1.159453079625893e7,582354.1494406364,612.9783675145826,13.62862605264368,171.4222385851396,9.721460689612022e6,486100.9594168217,718.4943420980655,15.801874054351517,205.63500455275505
1131,31,7f3bcef5a08e3ee69ec959154bc064e98543e76d,5fccb18775a1c53c589e1a644bcdca5c2966e2c9f1b72779e18c5571bee51811,1.12.5,SOSRI,paper_common,continuation,0.01,0.05,true,high,high,false,true,32260836,1.5e-6,0.3,60.0,1500.0,Success,Success,true,true,10.835002003215909,1.3385845578770342e6,1.3703419100938343e7,2.920870837092265,1.7618851358446784e-11,1.7618851358446784e-11,633,0,1.6742269081982623e6,48611.5978939179,6106.696114454356,223.7571127999871,1846.85359781654,9.721460689611796e6,486100.9594168072,718.4943420980873,15.801874054653444,205.6350045512987
1132,32,7f3bcef5a08e3ee69ec959154bc064e98543e76d,5fccb18775a1c53c589e1a644bcdca5c2966e2c9f1b72779e18c5571bee51811,1.12.5,SOSRI,paper_common,continuation,0.01,0.05,true,high,high,false,true,32260837,1.5e-6,0.3,60.0,1500.0,Success,Success,true,true,9.139532531748692,1.2250773593934304e6,1.6102809996681497e7,2.920870837092242,8.062690182844223e-11,8.062690182844223e-11,567,0,1.0242863376813352e7,534285.0384309979,664.7495220794997,13.995776938057482,190.60113400488595,9.72146068961203e6,486100.9594168217,718.494342098066,15.801874049830516,205.63500457390776
1133,33,7f3bcef5a08e3ee69ec959154bc064e98543e76d,5fccb18775a1c53c589e1a644bcdca5c2966e2c9f1b72779e18c5571bee51811,1.12.5,SOSRI,paper_common,continuation,0.01,0.05,true,high,high,false,true,32260838,1.5e-6,0.3,60.0,1500.0,Success,Success,true,true,11.680219061601026,2.495220674046691e6,1.3412004326862505e7,2.9208708370922536,1.755661725446929e-11,1.755661725446929e-11,559,0,1.2565328830385823e7,575244.7142082029,509.89151392803865,11.680219061601026,156.19024179043558,9.721460689612022e6,486100.9594168217,718.4943420980654,15.801874054659404,205.6350045513192
1134,34,7f3bcef5a08e3ee69ec959154bc064e98543e76d,5fccb18775a1c53c589e1a644bcdca5c2966e2c9f1b72779e18c5571bee51811,1.12.5,SOSRI,paper_common,continuation,0.01,0.05,true,high,high,false,true,32260839,1.5e-6,0.3,60.0,1500.0,Success,Success,true,true,7.314186299919442,2.3325084279570947e6,1.7235921099198144e7,2.920870837092315,7.337230582213553e-11,7.337230582213553e-11,638,0,6.200617825681466e6,225325.8154459025,2430.2049090674127,82.69198008798213,568.8574859922377,9.721460689611802e6,486100.9594168072,718.4943420980868,15.801874050381219,205.63500457113807
1135,35,7f3bcef5a08e3ee69ec959154bc064e98543e76d,5fccb18775a1c53c589e1a644bcdca5c2966e2c9f1b72779e18c5571bee51811,1.12.5,SOSRI,paper_common,continuation,0.01,0.05,true,high,high,false,true,32260840,1.5e-6,0.3,60.0,1500.0,Success,Success,true,true,3.114093574979996,2.4147458319197292e6,2.934183242846522e7,2.9208708370919494,9.323599331570144e-11,9.323599331570144e-11,1173,1,1.2826332796186317e7,674995.0368537481,567.4085621309425,12.277390022062008,153.79284632663547,9.721460689612031e6,486100.9594168217,718.4943420980654,15.801874048882702,205.6350045790519
1136,36,7f3bcef5a08e3ee69ec959154bc064e98543e76d,5fccb18775a1c53c589e1a644bcdca5c2966e2c9f1b72779e18c5571bee51811,1.12.5,SOSRI,paper_common,continuation,0.01,0.05,true,high,high,false,true,32260841,1.5e-6,0.3,60.0,1500.0,Success,Success,true,true,2.400042679125579,2.828434337209907e6,3.536970106039227e7,2.92087083709225,1.7577875075728686e-11,1.7577875075728686e-11,1242,1,1.3546473330741918e7,899318.269578146,394.98825012606517,6.416531744653639,116.23252290726369,9.721460689612022e6,486100.9594168217,718.4943420980654,15.801874054657972,205.63500455133385
1137,37,7f3bcef5a08e3ee69ec959154bc064e98543e76d,5fccb18775a1c53c589e1a644bcdca5c2966e2c9f1b72779e18c5571bee51811,1.12.5,SOSRI,paper_common,continuation,0.01,0.05,true,high,high,false,true,32260842,1.5e-6,0.3,60.0,1500.0,Success,Success,true,true,3.9190029521636274,3.9603425444743456e6,2.6889533487862952e7,2.920870837092225,3.504801489037394e-11,3.504801489037394e-11,1012,1,1.1334993873380562e7,738304.8902706897,455.301380466923,7.6191910016521796,131.91136792792457,9.721460689612024e6,486100.9594168217,718.4943420980653,15.80187405332171,205.63500455763804
1138,38,7f3bcef5a08e3ee69ec959154bc064e98543e76d,5fccb18775a1c53c589e1a644bcdca5c2966e2c9f1b72779e18c5571bee51811,1.12.5,SOSRI,paper_common,continuation,0.01,0.05,true,high,high,false,true,32260843,1.5e-6,0.3,60.0,1500.0,Success,Success,true,true,4.099242063634641,2.3326872215922917e6,2.9294403496894658e7,2.9208708370922896,2.3604371982808862e-11,2.3604371982808862e-11,725,0,5.884328111493441e6,226588.77880174576,1329.8119668040056,36.993235728465315,396.18025638919164,9.721460689611796e6,486100.9594168072,718.4943420980876,15.801874054193654,205.63500455338752
1139,39,7f3bcef5a08e3ee69ec959154bc064e98543e76d,5fccb18775a1c53c589e1a644bcdca5c2966e2c9f1b72779e18c5571bee51811,1.12.5,SOSRI,paper_common,continuation,0.01,0.05,true,high,high,false,true,32260844,1.5e-6,0.3,60.0,1500.0,Success,Success,true,true,4.265255852727299,3.8035663059792127e6,3.175051463125986e7,2.920870837092401,5.193415236786197e-11,5.193415236786197e-11,980,0,8.690600994299736e6,460574.5831116179,713.9979242738489,14.310727817191042,214.65143216696748,9.7214606896118e6,486100.95941680716,718.494342098087,15.801874052017721,205.63500456328143
1140,40,7f3bcef5a08e3ee69ec959154bc064e98543e76d,5fccb18775a1c53c589e1a644bcdca5c2966e2c9f1b72779e18c5571bee51811,1.12.5,SOSRI,paper_common,continuation,0.01,0.05,true,high,high,false,true,32260845,1.5e-6,0.3,60.0,1500.0,Success,Success,true,true,5.187290794491061,1.7340943012443746e6,1.978349788636039e7,2.920870837092265,3.018716220532963e-11,3.018716220532963e-11,671,0,3.562518539864001e6,125606.39448759552,3277.680873346455,99.39815387772578,978.1826950158534,9.721460689611796e6,486100.9594168072,718.4943420980869,15.80187405369106,205.63500455579603
1141,41,7f3bcef5a08e3ee69ec959154bc064e98543e76d,5fccb18775a1c53c589e1a644bcdca5c2966e2c9f1b72779e18c5571bee51811,1.12.5,SOSRI,paper_common,continuation,0.01,0.05,true,high,high,false,true,32260846,1.5e-6,0.3,60.0,1500.0,Success,Success,true,true,3.447036924840649,1.712233232751635e6,2.7301417669767745e7,2.9208708370922136,2.355805834052786e-11,2.355805834052786e-11,865,2,1.7405079419834774e7,1.202359009496997e6,285.75937630737707,4.511504676260564,82.7494603955287,9.721460689612024e6,486100.9594168217,718.4943420980655,15.801874054202242,205.6350045535518
1142,42,7f3bcef5a08e3ee69ec959154bc064e98543e76d,5fccb18775a1c53c589e1a644bcdca5c2966e2c9f1b72779e18c5571bee51811,1.12.5,SOSRI,paper_common,continuation,0.01,0.05,true,high,high,false,true,32260847,1.5e-6,0.3,60.0,1500.0,Success,Success,true,true,10.583946550764395,1.8965928424938582e6,1.3990568945365041e7,2.920870837092228,7.505015881530361e-11,7.505015881530361e-11,613,0,2.9796064513375084e6,95827.18058224594,4424.823512014818,156.13408039726104,1212.1300280237285,9.721460689611802e6,486100.9594168072,718.4943420980876,15.801874050257922,205.635004571926
1143,43,7f3bcef5a08e3ee69ec959154bc064e98543e76d,5fccb18775a1c53c589e1a644bcdca5c2966e2c9f1b72779e18c5571bee51811,1.12.5,SOSRI,paper_common,continuation,0.01,0.05,true,high,high,false,true,32260848,1.5e-6,0.3,60.0,1500.0,Success,Success,true,true,4.149054866150609,1.869233988806341e6,2.439146294835668e7,2.920870837092252,1.0498624615280608e-10,1.0498624615280608e-10,911,0,3.778816238276704e6,137758.54704434625,2200.6313092051555,62.60686770892826,684.3005670162249,9.721460689611806e6,486100.9594168072,718.4943420980871,15.801874047964171,205.63500458258468
1144,44,7f3bcef5a08e3ee69ec959154bc064e98543e76d,5fccb18775a1c53c589e1a644bcdca5c2966e2c9f1b72779e18c5571bee51811,1.12.5,SOSRI,paper_common,continuation,0.01,0.05,true,high,high,false,true,32260849,1.5e-6,0.3,60.0,1500.0,Success,Success,true,true,6.238424898611189,998291.6131227412,2.1410837657019824e7,2.920870837092318,3.4566821198319205e-11,3.4566821198319205e-11,610,0,7.2802998836213965e6,310468.84464592114,1295.4135034967537,33.99220699793201,361.3146346526522,9.721460689611798e6,486100.9594168072,718.4943420980875,15.801874053352536,205.63500455724838
1145,45,7f3bcef5a08e3ee69ec959154bc064e98543e76d,5fccb18775a1c53c589e1a644bcdca5c2966e2c9f1b72779e18c5571bee51811,1.12.5,SOSRI,paper_common,continuation,0.01,0.05,true,high,high,false,true,32260850,1.5e-6,0.3,60.0,1500.0,Success,Success,true,true,3.128544808194275,1.852068532928275e6,2.741124226003363e7,2.9208708370922025,8.719452637763892e-11,8.719452637763892e-11,921,0,2.103920378863217e6,66722.01948313449,5132.021278100021,161.18593467022282,1677.8368221769344,9.721460689611802e6,486100.9594168072,718.4943420980873,15.801874049329523,205.63500457632657
1146,46,7f3bcef5a08e3ee69ec959154bc064e98543e76d,5fccb18775a1c53c589e1a644bcdca5c2966e2c9f1b72779e18c5571bee51811,1.12.5,SOSRI,paper_common,continuation,0.01,0.05,true,high,high,false,true,32260851,1.5e-6,0.3,60.0,1500.0,Success,Success,true,true,1.994591845810092,2.5442942839984265e6,3.438610573331621e7,2.9208708370920826,9.409966391657828e-11,9.409966391657828e-11,1140,1,1.2970406361176819e7,763675.0282020657,476.11343904466645,9.053151027992515,132.52816247815082,9.721460689612031e6,486100.9594168217,718.4943420980654,15.801874048808473,205.63500457907335
1147,47,7f3bcef5a08e3ee69ec959154bc064e98543e76d,5fccb18775a1c53c589e1a644bcdca5c2966e2c9f1b72779e18c5571bee51811,1.12.5,SOSRI,paper_common,continuation,0.01,0.05,true,high,high,false,true,32260852,1.5e-6,0.3,60.0,1500.0,Success,Success,true,true,4.9321003628779625,1.7601847681913064e6,3.179443190413525e7,2.920870837092313,6.850706228208709e-11,6.850706228208709e-11,591,0,6.251014990947445e6,237715.29725209178,1688.382068099481,50.628258753499765,457.75517593602115,9.7214606896118e6,486100.9594168072,718.4943420980869,15.801874050753879,205.6350045694014
1148,48,7f3bcef5a08e3ee69ec959154bc064e98543e76d,5fccb18775a1c53c589e1a644bcdca5c2966e2c9f1b72779e18c5571bee51811,1.12.5,SOSRI,paper_common,continuation,0.01,0.05,true,high,high,false,true,32260853,1.5e-6,0.3,60.0,1500.0,Success,Success,true,true,2.660338651257643,2.31706953224886e6,3.0820064399498176e7,2.92087083709239,2.40024486956288e-11,2.40024486956288e-11,1112,1,9.0344559974081e6,593345.0452611017,500.99102707059984,7.976922516942088,153.73504717707485,9.721460689611796e6,486100.95941680716,718.494342098087,15.801874054157249,205.63500455331175
1149,49,7f3bcef5a08e3ee69ec959154bc064e98543e76d,5fccb18775a1c53c589e1a644bcdca5c2966e2c9f1b72779e18c5571bee51811,1.12.5,SOSRI,paper_common,continuation,0.01,0.05,true,high,high,false,true,32260854,1.5e-6,0.3,60.0,1500.0,Success,Success,true,true,4.552859625612981,1.6999084592069513e6,2.2831632958606187e7,2.9208708370922576,3.3786140952198934e-11,3.3786140952198934e-11,899,0,3.320516012004676e6,119792.10502728297,2951.5286572398163,82.03061494784876,956.1855023548336,9.721460689611798e6,486100.9594168072,718.4943420980877,15.801874053415911,205.6350045570995
1150,50,7f3bcef5a08e3ee69ec959154bc064e98543e76d,5fccb18775a1c53c589e1a644bcdca5c2966e2c9f1b72779e18c5571bee51811,1.12.5,SOSRI,paper_common,continuation,0.01,0.05,true,high,high,false,true,32260855,1.5e-6,0.3,60.0,1500.0,Success,Success,true,true,6.805380163328084,2.1345606464193915e6,1.9308998227138575e7,2.920870837092245,6.785353874583312e-11,6.785353874583312e-11,582,0,3.4509716511752694e6,117440.30064900624,2123.276869992503,63.46791579120498,678.0157648700263,9.721460689611802e6,486100.9594168072,718.4943420980873,15.801874050808001,205.63500456931536
1151,51,7f3bcef5a08e3ee69ec959154bc064e98543e76d,5fccb18775a1c53c589e1a644bcdca5c2966e2c9f1b72779e18c5571bee51811,1.12.5,SOSRI,paper_common,continuation,0.01,0.05,true,high,high,false,true,32260856,1.5e-6,0.3,60.0,1500.0,Success,Success,true,true,6.322552055548573,1.7891578460831675e6,2.2486957126107156e7,2.920870837092243,3.253112116457866e-11,3.253112116457866e-11,748,0,1.7891578460831675e6,56051.69376627353,4416.465337253471,139.0227633408255,1460.9699682399453,9.721460689611798e6,486100.95941680716,718.494342098087,15.801874053512892,205.63500455668205
1152,52,7f3bcef5a08e3ee69ec959154bc064e98543e76d,5fccb18775a1c53c589e1a644bcdca5c2966e2c9f1b72779e18c5571bee51811,1.12.5,SOSRI,paper_common,continuation,0.01,0.05,true,high,high,false,true,32260857,1.5e-6,0.3,60.0,1500.0,Success,Success,true,true,6.041050664780304,4.977272229930736e6,2.058799897795993e7,2.92087083709224,1.8066773223216236e-11,1.8066773223216236e-11,1097,0,1.3635553085415795e7,756704.044945895,427.2842838288079,8.056023750955298,131.16188364621334,9.721460689612022e6,486100.9594168217,718.4943420980652,15.801874054621152,205.63500455153073
1153,53,7f3bcef5a08e3ee69ec959154bc064e98543e76d,5fccb18775a1c53c589e1a644bcdca5c2966e2c9f1b72779e18c5571bee51811,1.12.5,SOSRI,paper_common,continuation,0.01,0.05,true,high,high,false,true,32260858,1.5e-6,0.3,60.0,1500.0,Success,Success,true,true,9.600351020825379,1.0056642820634851e6,1.4753974229571598e7,2.920870837092284,2.006763503677288e-11,2.006763503677288e-11,472,0,5.775807020136449e6,207041.62654589786,1705.3186301174615,51.34320699131351,503.3685777368172,9.721460689611796e6,486100.9594168072,718.494342098087,15.8018740544648,205.63500455213392
1154,54,7f3bcef5a08e3ee69ec959154bc064e98543e76d,5fccb18775a1c53c589e1a644bcdca5c2966e2c9f1b72779e18c5571bee51811,1.12.5,SOSRI,paper_common,continuation,0.01,0.05,true,high,high,false,true,32260859,1.5e-6,0.3,60.0,1500.0,Success,Success,true,true,0.9331007931667683,4.0517322442813106e6,4.351241482563634e7,2.920870837092299,3.201348394059314e-11,3.201348394059314e-11,1888,0,6.627127284796572e6,304684.7510313345,1090.573443974836,25.24429305589017,327.11361494895,9.721460689611796e6,486100.9594168072,718.4943420980875,15.801874053549176,205.6350045563757
1155,55,7f3bcef5a08e3ee69ec959154bc064e98543e76d,5fccb18775a1c53c589e1a644bcdca5c2966e2c9f1b72779e18c5571bee51811,1.12.5,SOSRI,paper_common,continuation,0.01,0.05,true,high,high,false,true,32260860,1.5e-6,0.3,60.0,1500.0,Success,Success,true,true,12.807179504933535,922105.0529156658,1.3416059922194503e7,2.9208708370923264,8.468009617277165e-11,8.468009617277165e-11,529,0,6.368142411301075e6,300326.84688057814,1161.6375501565149,27.61681769082731,322.50271332570253,9.721460689611804e6,486100.9594168072,718.4943420980874,15.801874049514652,205.63500457515875
1156,56,7f3bcef5a08e3ee69ec959154bc064e98543e76d,5fccb18775a1c53c589e1a644bcdca5c2966e2c9f1b72779e18c5571bee51811,1.12.5,SOSRI,paper_common,continuation,0.01,0.05,true,high,high,false,true,32260861,1.5e-6,0.3,60.0,1500.0,Success,Success,true,true,6.2906804658434945,2.5323013132939558e6,1.977873408550694e7,2.9208708370924983,7.56741136885268e-11,7.56741136885268e-11,851,0,9.195704057486743e6,410439.7381838033,815.9412302482431,20.423580746852384,228.18873037430427,9.721460689611802e6,486100.95941680716,718.494342098087,15.801874050194114,205.63500457156397
1157,57,7f3bcef5a08e3ee69ec959154bc064e98543e76d,5fccb18775a1c53c589e1a644bcdca5c2966e2c9f1b72779e18c5571bee51811,1.12.5,SOSRI,paper_common,continuation,0.01,0.05,true,high,high,false,true,32260862,1.5e-6,0.3,60.0,1500.0,Success,Success,true,true,4.897134123862602,675835.2776667104,2.133989169350206e7,2.920870837092163,8.202293368282075e-11,8.202293368282075e-11,976,0,1.054773840395791e6,27321.96247905282,15224.774042554136,637.7915024322067,4554.786732203156,9.721460689611802e6,486100.95941680716,718.494342098087,15.801874049727918,205.63500457456203
1158,58,7f3bcef5a08e3ee69ec959154bc064e98543e76d,5fccb18775a1c53c589e1a644bcdca5c2966e2c9f1b72779e18c5571bee51811,1.12.5,SOSRI,paper_common,continuation,0.01,0.05,true,high,high,false,true,32260863,1.5e-6,0.3,60.0,1500.0,Success,Success,true,true,10.562367647939093,1.441770385273679e6,1.4823635611361157e7,2.920870837092264,1.872454010747212e-11,1.872454010747212e-11,324,0,2.3441201890489794e6,77860.96132263375,4053.3978752468174,128.74251559615996,1231.4905766891493,9.721460689611796e6,486100.9594168072,718.4943420980869,15.801874054568875,205.6350045516978
1159,59,7f3bcef5a08e3ee69ec959154bc064e98543e76d,5fccb18775a1c53c589e1a644bcdca5c2966e2c9f1b72779e18c5571bee51811,1.12.5,SOSRI,paper_common,continuation,0.01,0.05,true,high,high,false,true,32260864,1.5e-6,0.3,60.0,1500.0,Success,Success,true,true,2.3933736358993047,2.4041269687465765e6,3.1148242251634765e7,2.9208708370922993,5.6576803136113154e-11,5.6576803136113154e-11,1120,0,5.171546366475819e6,225029.2791545397,1617.9836506809097,40.38669787563813,471.21941876057747,9.7214606896118e6,486100.95941680716,718.4943420980873,15.801874051668243,205.6350045651628
1160,60,7f3bcef5a08e3ee69ec959154bc064e98543e76d,5fccb18775a1c53c589e1a644bcdca5c2966e2c9f1b72779e18c5571bee51811,1.12.5,SOSRI,paper_common,continuation,0.01,0.05,true,high,high,false,true,32260865,1.5e-6,0.3,60.0,1500.0,Success,Success,true,true,7.90282412182656,1.300291460662493e6,1.752175593739112e7,2.9208708370922802,1.766074562260986e-11,1.766074562260986e-11,620,0,4.290615902927623e6,152402.83833959186,2123.8816057918907,62.56159980535044,653.699941449461,9.721460689611796e6,486100.9594168072,718.4943420980871,15.80187405464933,205.63500455128099
1161,61,7f3bcef5a08e3ee69ec959154bc064e98543e76d,5fccb18775a1c53c589e1a644bcdca5c2966e2c9f1b72779e18c5571bee51811,1.12.5,SOSRI,paper_common,continuation,0.01,0.05,true,high,high,false,true,32260866,1.5e-6,0.3,60.0,1500.0,Success,Success,true,true,2.771449529897982,656336.1204363045,3.416498188785919e7,2.92087083709228,3.273406671142873e-11,3.273406671142873e-11,627,0,4.283540302574464e6,162904.67301672517,2000.0909132090965,59.331714230213244,551.0195514793204,9.721460689611798e6,486100.9594168072,718.4943420980875,15.801874053495151,205.6350045566753
1162,62,7f3bcef5a08e3ee69ec959154bc064e98543e76d,5fccb18775a1c53c589e1a644bcdca5c2966e2c9f1b72779e18c5571bee51811,1.12.5,SOSRI,paper_common,continuation,0.01,0.05,true,high,high,false,true,32260867,1.5e-6,0.3,60.0,1500.0,Success,Success,true,true,9.681237330811285,1.981532313671842e6,1.4906891390056474e7,2.9208708370922936,4.875103205712027e-11,4.875103205712027e-11,628,0,5.534657691051862e6,203317.93805733227,1631.39732283639,46.34038290063669,503.8801109694274,9.721460689611798e6,486100.9594168072,718.4943420980875,15.80187405226784,205.63500456237557
1163,63,7f3bcef5a08e3ee69ec959154bc064e98543e76d,5fccb18775a1c53c589e1a644bcdca5c2966e2c9f1b72779e18c5571bee51811,1.12.5,SOSRI,paper_common,continuation,0.01,0.05,true,high,high,false,true,32260868,1.5e-6,0.3,60.0,1500.0,Success,Success,true,true,5.920874454665862,2.1142420154997525e6,1.7750913988784224e7,2.9208708370922616,1.7611407838120156e-11,1.7611407838120156e-11,703,0,2.1142420154997525e6,76660.99391764826,3521.3280326347935,99.71337245424903,1103.088667123932,9.721460689611796e6,486100.9594168072,718.4943420980873,15.801874054654249,205.6350045513045
1164,64,7f3bcef5a08e3ee69ec959154bc064e98543e76d,5fccb18775a1c53c589e1a644bcdca5c2966e2c9f1b72779e18c5571bee51811,1.12.5,SOSRI,paper_common,continuation,0.01,0.05,true,high,high,false,true,32260869,1.5e-6,0.3,60.0,1500.0,Success,Success,true,true,1.666024708823044,2.996136531898058e6,4.4125047609151684e7,2.9208708370922074,5.404437887130501e-11,5.404437887130501e-11,1546,1,1.1271917768646399e7,623589.5194497036,487.0173370706006,9.47096381571216,143.8757424445388,9.721460689612025e6,486100.9594168217,718.4943420980658,15.801874051868142,205.63500456447264
1165,65,7f3bcef5a08e3ee69ec959154bc064e98543e76d,5fccb18775a1c53c589e1a644bcdca5c2966e2c9f1b72779e18c5571bee51811,1.12.5,SOSRI,paper_common,continuation,0.01,0.05,true,high,high,false,true,32260870,1.5e-6,0.3,60.0,1500.0,Success,Success,true,true,1.9359030557194257,1.4605325127420095e6,3.892127039712747e7,2.920870837092284,2.5907845124236722e-11,2.5907845124236722e-11,859,0,5.142825804406929e6,169131.74569631153,2247.1637078963277,78.61677636961363,603.0022369161358,9.721460689611796e6,486100.9594168072,718.4943420980873,15.801874054017624,205.63500455422448
1166,66,7f3bcef5a08e3ee69ec959154bc064e98543e76d,5fccb18775a1c53c589e1a644bcdca5c2966e2c9f1b72779e18c5571bee51811,1.12.5,SOSRI,paper_common,continuation,0.01,0.05,true,high,high,false,true,32260871,1.5e-6,0.3,60.0,1500.0,Success,Success,true,true,12.471901286313981,651846.7732967915,1.4890809040862296e7,2.9208708370923318,4.390067966900053e-11,4.390067966900053e-11,350,0,7.673920605170848e6,359710.4722506677,915.7305617657873,21.223525865578793,266.847611317374,9.721460689611798e6,486100.9594168072,718.4943420980874,15.801874052636975,205.63500456055746
1167,67,7f3bcef5a08e3ee69ec959154bc064e98543e76d,5fccb18775a1c53c589e1a644bcdca5c2966e2c9f1b72779e18c5571bee51811,1.12.5,SOSRI,paper_common,continuation,0.01,0.05,true,high,high,false,true,32260872,1.5e-6,0.3,60.0,1500.0,Success,Success,true,true,0.8427777896052615,1.7419931387685337e6,5.0032033804854825e7,2.920870837092269,1.7719939471565924e-11,1.7719939471565924e-11,1480,0,2.570547798304892e6,91651.15284338163,3092.014987884747,86.59795796722975,1005.5260515378361,9.721460689611796e6,486100.9594168072,718.4943420980873,15.801874054645468,205.6350045513264
1168,68,7f3bcef5a08e3ee69ec959154bc064e98543e76d,5fccb18775a1c53c589e1a644bcdca5c2966e2c9f1b72779e18c5571bee51811,1.12.5,SOSRI,paper_common,continuation,0.01,0.05,true,high,high,false,true,32260873,1.5e-6,0.3,60.0,1500.0,Success,Success,true,true,3.7789283217860263,1.045573272946468e6,2.853032949407258e7,2.9208708370922234,5.3812586121072636e-11,5.3812586121072636e-11,604,0,1.3095011538667202e6,41583.761996314584,5970.132371777115,205.27933222202216,1719.7728338370514,9.7214606896118e6,486100.9594168072,718.4943420980873,15.801874051884484,205.63500456433923
1169,69,7f3bcef5a08e3ee69ec959154bc064e98543e76d,5fccb18775a1c53c589e1a644bcdca5c2966e2c9f1b72779e18c5571bee51811,1.12.5,SOSRI,paper_common,continuation,0.01,0.05,true,high,high,false,true,32260874,1.5e-6,0.3,60.0,1500.0,Success,Success,true,true,3.7365762879882913,1.3270519944286463e6,2.6373014670601707e7,2.9208708370921554,1.02335047457002e-10,1.02335047457002e-10,843,0,1.5729184386329378e6,46591.47964237729,7614.383804647189,277.03325240487817,2253.6296657527437,9.721460689611804e6,486100.9594168072,718.4943420980865,15.801874048173005,205.63500458184606
1170,70,7f3bcef5a08e3ee69ec959154bc064e98543e76d,5fccb18775a1c53c589e1a644bcdca5c2966e2c9f1b72779e18c5571bee51811,1.12.5,SOSRI,paper_common,continuation,0.01,0.05,true,high,high,false,true,32260875,1.5e-6,0.3,60.0,1500.0,Success,Success,true,true,4.0292541757486795,1.0022117314498427e6,2.4233485844530754e7,2.9208708370922065,2.8993720354588677e-11,2.8993720354588677e-11,786,2,1.725607062564303e7,1.1233544702527772e6,294.56651219705566,4.891699141953023,86.40883094702254,9.721460689612024e6,486100.9594168217,718.4943420980655,15.801874053786443,205.63500455551215
1171,71,7f3bcef5a08e3ee69ec959154bc064e98543e76d,5fccb18775a1c53c589e1a644bcdca5c2966e2c9f1b72779e18c5571bee51811,1.12.5,SOSRI,paper_common,continuation,0.01,0.05,true,high,high,false,true,32260876,1.5e-6,0.3,60.0,1500.0,Success,Success,true,true,2.846247077995965,1.868767407436929e6,3.2838929228540204e7,2.920870837092168,7.456795779854258e-11,7.456795779854258e-11,821,0,1.1782416969119426e7,517245.48368513293,663.4573794850621,16.401263535142963,193.8577461589577,9.721460689612027e6,486100.9594168217,718.4943420980657,15.801874050298938,205.63500457190057
1172,72,7f3bcef5a08e3ee69ec959154bc064e98543e76d,5fccb18775a1c53c589e1a644bcdca5c2966e2c9f1b72779e18c5571bee51811,1.12.5,SOSRI,paper_common,continuation,0.01,0.05,true,high,high,false,true,32260877,1.5e-6,0.3,60.0,1500.0,Success,Success,true,true,2.9735493407421236,2.315797511020847e6,3.189118486278639e7,2.920870837092129,5.161351779961022e-11,5.161351779961022e-11,1148,2,1.8674968505896248e7,1.234160107262942e6,269.36596058356974,4.485415934217631,76.98370858224621,9.721460689612025e6,486100.9594168217,718.4943420980657,15.80187405205905,205.635004563773
1173,73,7f3bcef5a08e3ee69ec959154bc064e98543e76d,5fccb18775a1c53c589e1a644bcdca5c2966e2c9f1b72779e18c5571bee51811,1.12.5,SOSRI,paper_common,continuation,0.01,0.05,true,high,high,false,true,32260878,1.5e-6,0.3,60.0,1500.0,Success,Success,true,true,5.2403024666466695,3.2934473232420445e6,2.4908838341588527e7,2.9208708370919734,1.0447242753553145e-10,1.0447242753553145e-10,793,1,1.5312710057570975e7,872467.7829662187,421.2689963890637,8.316175541741424,116.4428950133177,9.721460689612031e6,486100.9594168217,718.4943420980658,15.801874048020828,205.63500458302124
1174,74,7f3bcef5a08e3ee69ec959154bc064e98543e76d,5fccb18775a1c53c589e1a644bcdca5c2966e2c9f1b72779e18c5571bee51811,1.12.5,SOSRI,paper_common,continuation,0.01,0.05,true,high,high,false,true,32260879,1.5e-6,0.3,60.0,1500.0,Success,Success,true,true,2.3630693162712553,2.0203003454306668e6,3.134189552113497e7,2.9208708370922816,6.195882846185869e-11,6.195882846185869e-11,1033,0,5.006084548462227e6,201184.66571169024,1681.0618050832798,45.40504756421516,490.71329481060354,9.7214606896118e6,486100.9594168072,718.4943420980869,15.801874051257197,205.63500456712742
1175,75,7f3bcef5a08e3ee69ec959154bc064e98543e76d,5fccb18775a1c53c589e1a644bcdca5c2966e2c9f1b72779e18c5571bee51811,1.12.5,SOSRI,paper_common,continuation,0.01,0.05,true,high,high,false,true,32260880,1.5e-6,0.3,60.0,1500.0,Success,Success,true,true,6.374147755464155,3.8812497474477016e6,2.0629041970785808e7,2.9208708370922083,7.254186836064761e-11,7.254186836064761e-11,813,0,1.1110509595771974e7,492459.67214662576,729.178374138318,18.14359608840653,208.0350988244112,9.72146068961203e6,486100.9594168217,718.4943420980655,15.801874050451662,205.63500457108873
1176,76,7f3bcef5a08e3ee69ec959154bc064e98543e76d,5fccb18775a1c53c589e1a644bcdca5c2966e2c9f1b72779e18c5571bee51811,1.12.5,SOSRI,paper_common,continuation,0.01,0.05,true,high,high,false,true,32260881,1.5e-6,0.3,60.0,1500.0,Success,Success,true,true,6.837300057977074,1.3636953143714645e6,1.9501645046152163e7,2.9208708370922585,8.866381966549899e-11,8.866381966549899e-11,536,0,4.5075064356908435e6,157670.0415706053,2501.503509788807,77.41829389673183,734.9823944203137,9.721460689611804e6,486100.9594168072,718.4943420980876,15.801874049213659,205.63500457673112
1177,77,7f3bcef5a08e3ee69ec959154bc064e98543e76d,5fccb18775a1c53c589e1a644bcdca5c2966e2c9f1b72779e18c5571bee51811,1.12.5,SOSRI,paper_common,continuation,0.01,0.05,true,high,high,false,true,32260882,1.5e-6,0.3,60.0,1500.0,Success,Success,true,true,8.914050470782126,2.7555295056574815e6,1.7051827738740377e7,2.9208708370922802,1.0334121244406408e-10,1.0334121244406408e-10,753,0,4.575374777360775e6,208043.27946194538,1482.3124497694748,35.00654663640064,438.39680457473315,9.721460689611806e6,486100.9594168072,718.4943420980873,15.801874048088477,205.63500458193602
1178,78,7f3bcef5a08e3ee69ec959154bc064e98543e76d,5fccb18775a1c53c589e1a644bcdca5c2966e2c9f1b72779e18c5571bee51811,1.12.5,SOSRI,paper_common,continuation,0.01,0.05,true,high,high,false,true,32260883,1.5e-6,0.3,60.0,1500.0,Success,Success,true,true,10.332281941570583,1.1553765681502954e6,1.2042968114377476e7,2.9208708370922856,2.0764986621128236e-11,2.0764986621128236e-11,456,0,5.042161971529894e6,195802.8164448745,1729.8580706843243,47.87671387606926,512.5179432054215,9.721460689611796e6,486100.9594168072,718.4943420980868,15.801874054411307,205.63500455238002
1179,79,7f3bcef5a08e3ee69ec959154bc064e98543e76d,5fccb18775a1c53c589e1a644bcdca5c2966e2c9f1b72779e18c5571bee51811,1.12.5,SOSRI,paper_common,continuation,0.01,0.05,true,high,high,false,true,32260884,1.5e-6,0.3,60.0,1500.0,Success,Success,true,true,5.519561838863403,985980.9399171323,2.3574519023752004e7,2.9208708370923255,5.3966657658907646e-11,5.3966657658907646e-11,640,0,7.086740140532346e6,355932.0009391981,967.1407834938585,20.94352126839369,281.1070718841442,9.7214606896118e6,486100.9594168072,718.4943420980869,15.801874051866562,205.6350045641726
1180,80,7f3bcef5a08e3ee69ec959154bc064e98543e76d,5fccb18775a1c53c589e1a644bcdca5c2966e2c9f1b72779e18c5571bee51811,1.12.5,SOSRI,paper_common,continuation,0.01,0.05,true,high,high,false,true,32260885,1.5e-6,0.3,60.0,1500.0,Success,Success,true,true,3.9016602625656946,5.230148303529832e6,2.5991230264444936e7,2.9208708370921914,5.495753180637428e-11,5.495753180637428e-11,1345,1,1.2667962835266404e7,816682.2473839273,383.05358851408425,6.387091074317177,113.25044408269768,9.721460689612027e6,486100.9594168217,718.4943420980658,15.801874051799192,205.63500456483433
1181,81,7f3bcef5a08e3ee69ec959154bc064e98543e76d,5fccb18775a1c53c589e1a644bcdca5c2966e2c9f1b72779e18c5571bee51811,1.12.5,SOSRI,paper_common,continuation,0.01,0.05,true,high,high,false,true,32260886,1.5e-6,0.3,60.0,1500.0,Success,Success,true,true,5.3742842721517,1.2248227498070672e6,2.1484665486499622e7,2.920870837092342,4.0260269594943147e-11,4.0260269594943147e-11,701,0,9.404769586537417e6,348851.29485376895,1001.6148216936467,31.28675773842109,264.74292293630526,9.721460689611798e6,486100.9594168072,718.4943420980873,15.801874052915139,205.63500455923312
1182,82,7f3bcef5a08e3ee69ec959154bc064e98543e76d,5fccb18775a1c53c589e1a644bcdca5c2966e2c9f1b72779e18c5571bee51811,1.12.5,SOSRI,paper_common,continuation,0.01,0.05,true,high,high,false,true,32260887,1.5e-6,0.3,60.0,1500.0,Success,Success,true,true,2.339872385093928,3.590495956984158e6,3.1347603604681127e7,2.9208708370927847,8.965283594312924e-11,8.965283594312924e-11,1389,0,1.000474123927134e7,444921.91036004404,810.3703458688815,20.062329710409355,231.765184309103,9.72146068961203e6,486100.9594168217,718.4943420980657,15.801874049107418,205.63500457595907
1183,83,7f3bcef5a08e3ee69ec959154bc064e98543e76d,5fccb18775a1c53c589e1a644bcdca5c2966e2c9f1b72779e18c5571bee51811,1.12.5,SOSRI,paper_common,continuation,0.01,0.05,true,high,high,false,true,32260888,1.5e-6,0.3,60.0,1500.0,Success,Success,true,true,3.7594777452888386,2.0529214283130309e6,2.5352086623111136e7,2.9208708370921936,2.484240996462021e-11,2.484240996462021e-11,1011,1,1.4165996400651364e7,787305.9769367505,422.3444614891642,8.166932965484847,124.97840501354547,9.721460689612022e6,486100.9594168217,718.4943420980654,15.801874054105129,205.6350045540551
1184,84,7f3bcef5a08e3ee69ec959154bc064e98543e76d,5fccb18775a1c53c589e1a644bcdca5c2966e2c9f1b72779e18c5571bee51811,1.12.5,SOSRI,paper_common,continuation,0.01,0.05,true,high,high,false,true,32260889,1.5e-6,0.3,60.0,1500.0,Success,Success,true,true,10.411737487307366,1.1415056775472683e6,1.6762345267034145e7,2.9208708370923064,2.3914325631850354e-11,2.3914325631850354e-11,398,0,7.155862437499342e6,305168.4359373173,1146.9909361605448,29.471795319293307,330.3198800035841,9.721460689611796e6,486100.95941680716,718.494342098087,15.801874054168932,205.6350045534624
1185,85,7f3bcef5a08e3ee69ec959154bc064e98543e76d,5fccb18775a1c53c589e1a644bcdca5c2966e2c9f1b72779e18c5571bee51811,1.12.5,SOSRI,paper_common,continuation,0.01,0.05,true,high,high,false,true,32260890,1.5e-6,0.3,60.0,1500.0,Success,Success,true,true,8.254289568565687,2.2617755046008495e6,1.6634801945242658e7,2.9208708370923318,1.1275414173436351e-10,1.1275414173436351e-10,626,0,6.272618249102518e6,262187.8195950593,1194.8644482262519,30.96451860720844,349.96866150853384,9.721460689611806e6,486100.9594168072,718.4943420980877,15.801874047364583,205.63500458519084
1186,86,7f3bcef5a08e3ee69ec959154bc064e98543e76d,5fccb18775a1c53c589e1a644bcdca5c2966e2c9f1b72779e18c5571bee51811,1.12.5,SOSRI,paper_common,continuation,0.01,0.05,true,high,high,false,true,32260891,1.5e-6,0.3,60.0,1500.0,Success,Success,true,true,9.507739349024428,1.124473136731306e6,1.5025797903857272e7,2.9208708370922976,9.889631609691933e-11,9.889631609691933e-11,713,0,5.228835501506198e6,226240.4150418153,1731.707920153035,45.0093098140836,478.4493517349879,9.721460689611804e6,486100.9594168072,718.4943420980869,15.80187404842778,205.63500458030734
1187,87,7f3bcef5a08e3ee69ec959154bc064e98543e76d,5fccb18775a1c53c589e1a644bcdca5c2966e2c9f1b72779e18c5571bee51811,1.12.5,SOSRI,paper_common,continuation,0.01,0.05,true,high,high,false,true,32260892,1.5e-6,0.3,60.0,1500.0,Success,Success,true,true,11.99925407779596,934782.1002472215,1.7484026324562155e7,2.9208708370923184,1.7628327735506003e-11,1.7628327735506003e-11,438,0,8.779426020862574e6,413923.3243653079,783.7975844581194,18.105393832033645,227.64449431767204,9.721460689611796e6,486100.9594168072,718.4943420980871,15.801874054649545,205.63500455118665
1188,88,7f3bcef5a08e3ee69ec959154bc064e98543e76d,5fccb18775a1c53c589e1a644bcdca5c2966e2c9f1b72779e18c5571bee51811,1.12.5,SOSRI,paper_common,continuation,0.01,0.05,true,high,high,false,true,32260893,1.5e-6,0.3,60.0,1500.0,Success,Success,true,true,3.913644384284197,2.353322805900344e6,2.6831450413565967e7,2.920870837092293,9.715946710731708e-11,9.715946710731708e-11,770,0,5.122189478817587e6,206634.84612771086,1296.6812944875683,32.43162705218471,417.21554805610526,9.721460689611804e6,486100.9594168072,718.4943420980868,15.801874048561052,205.6350045796959
1189,89,7f3bcef5a08e3ee69ec959154bc064e98543e76d,5fccb18775a1c53c589e1a644bcdca5c2966e2c9f1b72779e18c5571bee51811,1.12.5,SOSRI,paper_common,continuation,0.01,0.05,true,high,high,false,true,32260894,1.5e-6,0.3,60.0,1500.0,Success,Success,true,true,9.857160935169134,2.633227332326996e6,1.5577283395678997e7,2.9208708370923766,5.240587943402957e-11,5.240587943402957e-11,673,0,8.0298754076876575e6,391616.6026317375,851.3393083102512,19.465319450199775,238.51777227098628,9.7214606896118e6,486100.95941680716,718.4943420980873,15.801874051983033,205.63500456350286
1190,90,7f3bcef5a08e3ee69ec959154bc064e98543e76d,5fccb18775a1c53c589e1a644bcdca5c2966e2c9f1b72779e18c5571bee51811,1.12.5,SOSRI,paper_common,continuation,0.01,0.05,true,high,high,false,true,32260895,1.5e-6,0.3,60.0,1500.0,Success,Success,true,true,13.20385963561543,2.555569147699511e6,1.1864314760987507e7,2.920870837092281,2.925873036612835e-11,2.925873036612835e-11,599,0,4.345610430399432e6,154194.02624305047,2195.0901413167103,70.98234324556188,589.7207590301944,9.721460689611796e6,486100.95941680716,718.4943420980871,15.801874053761184,205.63500455542876
1191,91,7f3bcef5a08e3ee69ec959154bc064e98543e76d,5fccb18775a1c53c589e1a644bcdca5c2966e2c9f1b72779e18c5571bee51811,1.12.5,SOSRI,paper_common,continuation,0.01,0.05,true,high,high,false,true,32260896,1.5e-6,0.3,60.0,1500.0,Success,Success,true,true,4.965464892291358,2.187784850399431e6,2.3979874618093252e7,2.9208708370923,3.464283174858887e-11,3.464283174858887e-11,879,0,6.291597375388452e6,268762.57911275775,1272.5416853341023,33.056908990099224,359.4613705795755,9.721460689611798e6,486100.9594168072,718.4943420980876,15.80187405334776,205.6350045573136
1192,92,7f3bcef5a08e3ee69ec959154bc064e98543e76d,5fccb18775a1c53c589e1a644bcdca5c2966e2c9f1b72779e18c5571bee51811,1.12.5,SOSRI,paper_common,continuation,0.01,0.05,true,high,high,false,true,32260897,1.5e-6,0.3,60.0,1500.0,Success,Success,true,true,0.6441890404841781,2.1504841730556614e6,7.014383252768056e7,2.920870837092222,2.2086382310718694e-11,2.2086382310718694e-11,1582,0,1.2269469256866908e7,534316.9456856017,638.7863204007293,16.013029806007196,185.06653726419194,9.721460689612022e6,486100.9594168217,718.4943420980657,15.801874054314426,205.63500455300715
1193,93,7f3bcef5a08e3ee69ec959154bc064e98543e76d,5fccb18775a1c53c589e1a644bcdca5c2966e2c9f1b72779e18c5571bee51811,1.12.5,SOSRI,paper_common,continuation,0.01,0.05,true,high,high,false,true,32260898,1.5e-6,0.3,60.0,1500.0,Success,Success,true,true,2.969658436055333,4.863766902694547e6,2.5865898551676027e7,2.920870837092194,3.618810720927755e-11,3.618810720927755e-11,1144,1,1.475497049677515e7,775478.3279146901,497.4424401375023,10.573673410033232,139.01509228052674,9.721460689612024e6,486100.9594168217,718.4943420980657,15.801874053236272,205.63500455811248
1194,94,7f3bcef5a08e3ee69ec959154bc064e98543e76d,5fccb18775a1c53c589e1a644bcdca5c2966e2c9f1b72779e18c5571bee51811,1.12.5,SOSRI,paper_common,continuation,0.01,0.05,true,high,high,false,true,32260899,1.5e-6,0.3,60.0,1500.0,Success,Success,true,true,5.99481672562408,1.5311392120738677e6,2.176661604122922e7,2.9208708370922567,1.8923329967105102e-11,1.8923329967105102e-11,618,1,1.1913349999452598e7,702543.1883485976,502.62651785531585,9.298609867091642,145.48639485671754,9.721460689612022e6,486100.9594168216,718.4943420980661,15.801874054554535,205.6350045518006
1195,95,7f3bcef5a08e3ee69ec959154bc064e98543e76d,5fccb18775a1c53c589e1a644bcdca5c2966e2c9f1b72779e18c5571bee51811,1.12.5,SOSRI,paper_common,continuation,0.01,0.05,true,high,high,false,true,32260900,1.5e-6,0.3,60.0,1500.0,Success,Success,true,true,8.666845410433917,2.22643067599813e6,1.7204237568196844e7,2.920870837092294,1.7571589395359588e-11,1.7571589395359588e-11,825,0,6.994139226658368e6,264690.78645864344,1843.4742958872869,56.404827945138145,487.2858163601058,9.721460689611796e6,486100.9594168072,718.4943420980871,15.801874054655336,205.63500455121925
1196,96,7f3bcef5a08e3ee69ec959154bc064e98543e76d,5fccb18775a1c53c589e1a644bcdca5c2966e2c9f1b72779e18c5571bee51811,1.12.5,SOSRI,paper_common,continuation,0.01,0.05,true,high,high,false,true,32260901,1.5e-6,0.3,60.0,1500.0,Success,Success,true,true,7.733923444660509,1.3110451631290612e6,2.2132281944730725e7,2.9208708370922536,7.872515954196277e-11,7.872515954196277e-11,581,0,3.922778858389665e6,134040.36763124837,2299.742061966079,73.70054258732206,665.1589232106483,9.721460689611802e6,486100.9594168072,718.4943420980875,15.801874049975,205.6350045731862
1197,97,7f3bcef5a08e3ee69ec959154bc064e98543e76d,5fccb18775a1c53c589e1a644bcdca5c2966e2c9f1b72779e18c5571bee51811,1.12.5,SOSRI,paper_common,continuation,0.01,0.05,true,high,high,false,true,32260902,1.5e-6,0.3,60.0,1500.0,Success,Success,true,true,11.363980099994908,1.4708082995220579e6,1.585940733883566e7,2.9208708370922802,2.142253675884128e-11,2.142253675884128e-11,477,0,4.874222381485866e6,166268.2470018506,2938.945622912469,101.17521779510918,759.9886776077309,9.721460689611796e6,486100.9594168072,718.494342098087,15.801874054361292,205.63500455262744
1198,98,7f3bcef5a08e3ee69ec959154bc064e98543e76d,5fccb18775a1c53c589e1a644bcdca5c2966e2c9f1b72779e18c5571bee51811,1.12.5,SOSRI,paper_common,continuation,0.01,0.05,true,high,high,false,true,32260903,1.5e-6,0.3,60.0,1500.0,Success,Success,true,true,6.197189142249437,2.1131322916678027e6,1.944548646397914e7,2.9208708370922483,2.715416740467455e-11,2.715416740467455e-11,721,0,2.1131322916678027e6,73960.0797893549,3301.31752278508,88.93429391008037,1144.2129394444055,9.721460689611796e6,486100.9594168072,718.4943420980871,15.801874053924305,205.63500455474676
1199,99,7f3bcef5a08e3ee69ec959154bc064e98543e76d,5fccb18775a1c53c589e1a644bcdca5c2966e2c9f1b72779e18c5571bee51811,1.12.5,SOSRI,paper_common,continuation,0.01,0.05,true,high,high,false,true,32260904,1.5e-6,0.3,60.0,1500.0,Success,Success,true,true,8.45963678581902,2.332807202526153e6,1.5939455810999943e7,2.920870837092334,2.7717549297809574e-11,2.7717549297809574e-11,600,0,8.194314619523307e6,377616.59457366355,899.1575609622794,21.323505442562503,259.8346833116229,9.721460689611796e6,486100.95941680716,718.4943420980874,15.80187405387606,205.63500455476301
1200,100,7f3bcef5a08e3ee69ec959154bc064e98543e76d,5fccb18775a1c53c589e1a644bcdca5c2966e2c9f1b72779e18c5571bee51811,1.12.5,SOSRI,paper_common,continuation,0.01,0.05,true,high,high,false,true,32260905,1.5e-6,0.3,60.0,1500.0,Success,Success,true,true,14.281919899869429,1.5037565453825435e6,1.2231512997451648e7,2.9208708370922967,4.4245759226165187e-11,4.4245759226165187e-11,494,0,6.119239300462165e6,223865.49465777475,1620.5529016557464,51.14371580509684,430.9109812324128,9.721460689611798e6,486100.9594168072,718.494342098087,15.801874052612657,205.6350045607576
