b5,b6,T365,T10000,logT10000,M10000,NK10000,CTL10000,B10000,phase,phase_code
1.0e-5,2.0000000000000002e-7,3715.3023341198473,4041.3126652092574,3.606629902332038,702.0655639185405,202071.35728325788,997.4233893261048,370088.07372903364,intermediate,1
1.0e-5,2.1658127948788786e-7,2976.9555503761685,3018.6466157124896,3.479956121160447,650.9322759881188,208218.13391160747,814.0469643313332,377226.3675777457,intermediate,1
1.0e-5,2.3453725312305292e-7,2477.2055478691295,2487.379878586658,3.395916680914438,624.3689639898845,211561.29450806635,703.6757979768244,381044.4289690456,intermediate,1
1.0e-5,2.5398189184482656e-7,2098.541567494095,2101.6824855832565,3.3227736972369852,605.0841005044857,214056.47354061267,616.1386481741009,383865.1110856267,intermediate,1
1.0e-5,2.7503861551253435e-7,1793.2452139505772,1794.3738290298136,3.2541548902298607,589.7186782124596,216087.06670293523,541.5219245046322,386142.59415187244,intermediate,1
1.0e-5,2.978410762814096e-7,1537.9100488970066,1538.3672116319874,3.1873422318928446,576.9183571013106,217808.3261897578,475.8266163356614,388060.6167182508,intermediate,1
1.0e-5,3.225340069253865e-7,1319.500444483335,1319.705819730961,3.120806091577054,565.9852829872907,219300.3618012573,417.0184007047616,389714.00382549164,intermediate,1
1.0e-5,3.4927413949127666e-7,1130.0621228934924,1130.1630189511372,3.0535251983198783,556.508143394342,220610.34633175613,363.92885188297817,391158.6589034669,intermediate,1
1.0e-5,3.7823120011525856e-7,964.3927426945845,964.4462071868253,2.9847280807329626,548.2223033061675,221768.55593588375,315.8335577508439,392430.5258778096,controlled,0
1.0e-5,4.095889863160102e-7,818.8943917579898,818.9244246017957,2.9137738237361295,540.9461926546153,222795.6955628669,272.25694414011014,393554.23966589733,controlled,0
1.0e-5,4.4354653360234233e-7,690.9564143451079,690.9741564870126,2.8400898749413397,534.5487019820164,223706.70937887978,232.869074424981,394547.60241354833,controlled,0
1.0e-5,4.803193788000626e-7,578.5986186463036,578.6094189777889,2.7631354343851298,528.9304670834213,224512.91899720608,197.42569075465838,395424.1104730197,controlled,0
1.0e-5,5.201409281167251e-7,480.2524790640816,480.2591968454252,2.6823790419473204,524.0129542759317,225223.36029847426,165.73035346963633,396194.5015215967,controlled,0
1.0e-5,5.63263938627689e-7,394.62025273686635,394.62445633844385,2.5972831305604798,519.7312169475127,225845.62320906384,137.60937856381858,396867.7409108077,controlled,0
1.0e-5,6.099621225868601e-7,320.5806859418641,320.58324575243125,2.507293414246785,516.0291575620545,226386.42116474986,112.89458751115501,397451.68305525987,controlled,0
1.0e-5,6.605318847450488e-7,257.12422577508744,257.12589651979965,2.4118315773895347,512.8562810296581,226851.97950807787,91.41145316437067,397953.52303713915,controlled,0
1.0e-5,7.152942037031436e-7,203.30960726675505,203.3106158881498,2.3102909329656054,510.16552356239157,227248.30290325728,72.97134132282409,398380.105821385,controlled,0
1.0e-5,7.745966692414835e-7,158.233126913042,158.23375137223977,2.202035126725416,507.911674635007,227581.33886867441,57.36717291936037,398738.12555683136,controlled,0
1.0e-5,8.388156885568838e-7,121.01133657090202,121.01168993534272,2.0864014424058777,506.050573904876,227857.07955252464,44.37208015609208,399034.2450177358,controlled,0
1.0e-5,9.083588754108175e-7,90.77189602014741,90.77208427128672,1.9627105952462338,504.53860088042643,228081.5871690881,33.74079822841757,399275.14000539266,controlled,0
1.0e-5,9.836676373532668e-7,66.65297611816868,66.65309752326048,1.8302876857298431,503.33263933008794,228260.96977161948,25.213466747919114,399467.48515508114,controlled,0
1.0e-5,1.0652199774439907e-6,47.80920362148248,47.80926880163057,1.6885023016578404,502.3904495100721,228401.3161908548,18.521446684404044,399617.8911082287,controlled,0
1.0e-5,1.1535335282543925e-6,33.4224414942671,33.42247548797431,1.536842099347405,501.67111797253017,228508.583908867,13.394615405023876,399732.7987803049,controlled,0
1.0e-5,1.2491688374075696e-6,22.71627956019794,22.716288769018934,1.3750467296653348,501.13580644233036,228588.47394860483,9.569445229969391,399818.35208097816,controlled,0
1.0e-5,1.3527329255106409e-6,14.971603045425674,14.97160836148374,1.2033486523530141,500.7485643639978,228646.2995058528,6.797073967618535,399880.2626351314,controlled,0
1.0e-5,1.4648831390624412e-6,9.54135068967005,9.541354721933054,1.022896427807518,500.47706503888253,228686.8631443108,4.850538547137123,399923.6836721779,controlled,0
1.0e-5,1.5863313227918852e-6,5.8621003782526175,5.862100017641878,0.8364570437687414,500.2931015508803,228714.35446593066,3.53041991482566,399953.108621507,controlled,0
1.0e-5,1.7178483379099004e-6,3.4609541668712693,3.4609546022946382,0.6494278035883436,500.1730369979136,228732.29889611874,2.66834320699012,399972.314034416,controlled,0
1.0e-5,1.8602689549533346e-6,1.9567492387819037,1.9567496007043632,0.47081454683352825,500.0978515006297,228743.54361077285,2.1280733237590708,399984.34693741606,controlled,0
1.0e-5,2.0144971522769457e-6,1.0555011127442597,1.0555008419439535,0.3129176590057085,500.0527793855173,228750.27982540018,1.8042881981567016,399991.5562710341,controlled,0
1.0e-5,2.1815118538242366e-6,0.5410444854700629,0.5410446255503065,0.18781521519449673,500.0270493139963,228754.12509553693,1.619436029896619,399995.6716231345,controlled,0
1.0e-5,2.3623731425962365e-6,0.26241809838806335,0.26241808277051415,0.10120320670755593,500.01311089650187,228756.20751773764,1.5193128956393298,399997.90043753956,controlled,0
1.0e-5,2.5582289892565713e-6,0.11987548731900102,0.11987545370912502,0.049169725550058566,500.0059968239324,228757.27397953512,1.4680886456311175,399999.04106842465,controlled,0
1.0e-5,2.770322538580971e-6,0.05131832416502875,0.051318330121587076,0.021734236563743112,500.00255218121947,228757.78538638455,1.4434513324640508,399999.58913980983,controlled,0
1.0e-5,3.000000000000001e-6,0.020477431444903615,0.020477437481516526,0.00880340700838642,500.0010206027272,228758.01663487198,1.4323679717156266,399999.8361058418,controlled,0
1.1450475699382812e-5,2.0000000000000002e-7,4209.224845195109,9.71649940125093e6,6.987509872941025,485853.37648334407,718.8609101266255,15.81088661866713,1791.0797321884745,tumor_dominant,2
1.1450475699382812e-5,2.1658127948788786e-7,3260.408764766946,3355.967428313927,3.525947127434443,667.7983016393679,206149.7331771175,878.5107580595782,361708.66828959447,intermediate,1
1.1450475699382812e-5,2.3453725312305292e-7,2672.2898567849206,2691.468037139338,3.4301505563984667,634.5733553454878,210264.38382291995,747.4155190122721,366755.37216203246,intermediate,1
1.1450475699382812e-5,2.5398189184482656e-7,2246.331385190938,2251.7000063368987,3.3527033602692287,612.5849715967174,213079.00631662662,650.9681716799095,370173.46130642627,intermediate,1
1.1450475699382812e-5,2.7503861551253435e-7,1911.5938009075016,1913.3910829328975,3.282030662704181,595.6695402975905,215296.08573171363,570.9542826894888,372846.638848589,intermediate,1
1.1450475699382812e-5,2.978410762814096e-7,1635.9590902258228,1636.6438908752687,3.2142194694379715,581.8321809098675,217144.32948654972,501.4390263855902,375062.2649598209,intermediate,1
1.1450475699382812e-5,3.225340069253865e-7,1402.4971381022406,1402.787658253221,3.1473014198855087,570.1393726052208,218731.05067288727,439.66413347993085,376955.14490054245,intermediate,1
1.1450475699382812e-5,3.4927413949127666e-7,1201.282821014366,1201.418157532948,3.08005552584301,560.0709016612936,220116.04983559417,384.12285734327065,378600.45136914105,intermediate,1
1.1450475699382812e-5,3.7823120011525856e-7,1026.0205417651744,1026.088880724785,3.011608027568165,551.304433227312,221336.31179899175,333.9108622296156,380044.73901421577,intermediate,1
1.1450475699382812e-5,4.095889863160102e-7,872.462635894999,872.4995605111799,2.941262690809943,543.6249798807587,222416.4428706209,288.4488460879915,381319.0316838549,controlled,0
1.1450475699382812e-5,4.4354653360234233e-7,737.5915817520207,737.6125553309091,2.8684166857473836,536.880623648591,223373.78046267937,247.34434911047182,382445.2266852099,controlled,0
1.1450475699382812e-5,4.803193788000626e-7,619.1625690717389,619.1749375045453,2.7925142115572124,530.9587430488474,224221.1946161558,210.3147215724223,383439.58504717454,controlled,0
1.1450475699382812e-5,5.201409281167251e-7,515.4304293279195,515.437897759939,2.7130181045938127,525.7718915568554,224968.7280318224,177.14041819597074,384314.78234297916,controlled,0
1.1450475699382812e-5,5.63263938627689e-7,424.977679009945,424.98227581409424,2.6293915294401105,521.2491107021758,225624.635903075,147.6346928148517,385081.1972580208,controlled,0
1.1450475699382812e-5,6.099621225868601e-7,346.6015609094521,346.6044820155737,2.541085367610007,517.330221183734,226196.06691267682,121.62314112664193,385747.75617015536,controlled,0
1.1450475699382812e-5,6.605318847450488e-7,279.2378224753827,279.23958350008513,2.4475294788494977,513.9619760755209,226689.52453383323,98.92966800207863,386322.50428087235,controlled,0
1.1450475699382812e-5,7.152942037031436e-7,221.90756259918192,221.9087056130345,2.3481270300139867,511.0954304726829,227111.18082902223,79.36712084523155,386812.9948862589,controlled,0
1.1450475699382812e-5,7.745966692414835e-7,173.6828458069891,173.68351162243945,2.242251913859096,508.6841718965199,227467.0838770359,62.73164770541857,387226.5484869568,controlled,0
1.1450475699382812e-5,8.388156885568838e-7,133.66313178322704,133.66353781488814,2.129250019854942,506.68317415254864,227763.28045171758,48.80025737771599,387570.41082314186,controlled,0
1.1450475699382812e-5,9.083588754108175e-7,100.96361115710027,100.96385199611302,2.008446233908414,505.0481857557804,228005.8710291655,37.33123460330436,387851.8290654775,controlled,0
1.1450475699382812e-5,9.836676373532668e-7,74.71115377935593,74.71129102034281,1.879160651787608,503.73555571924555,228201.00653731346,28.067101732185964,388078.05854077206,controlled,0
1.1450475699382812e-5,1.0652199774439907e-6,54.04779581796589,54.04785488001035,1.7407403999303686,502.7023866879361,228354.8334630337,20.73975246983711,388256.3100664757,controlled,0
1.1450475699382812e-5,1.1535335282543925e-6,38.1397837609908,38.13982537400404,1.5926188836808064,501.9069816835329,228473.4002400912,15.077258851568068,388393.65094704024,controlled,0
1.1450475699382812e-5,1.2491688374075696e-6,26.190913813483704,26.190923178119856,1.4344239528746292,501.3095326182266,228562.5395295499,10.811712483292135,388496.8748923727,controlled,0
1.1450475699382812e-5,1.3527329255106409e-6,17.457505041095736,17.457514858710837,1.2661732267113806,500.872868078279,228627.73571389998,7.687339289241729,388572.3558529005,controlled,0
1.1450475699382812e-5,1.4648831390624412e-6,11.263690558411527,11.263690991703726,1.088621199063487,500.5631718096484,228673.99546170517,5.46806408622638,388625.90528119286,controlled,0
1.1450475699382812e-5,1.5863313227918852e-6,7.014029518746675,7.014032274859452,0.9038510871315125,500.35070732831315,228705.74713012952,3.943739205416569,388662.6553109171,controlled,0
1.1450475699382812e-5,1.7178483379099004e-6,4.20217776087796,4.202178585547924,0.7161852570076316,500.21011222100236,228726.7599999786,2.9344055973353953,388686.97499222244,controlled,0
1.1450475699382812e-5,1.8602689549533346e-6,2.4139818855778343,2.413982514235211,0.5332612924112259,500.12069629583965,228740.1248245566,2.2922138461666113,388702.4425407474,controlled,0
1.1450475699382812e-5,2.0144971522769457e-6,1.324870887120983,1.3248706854923593,0.3663988014672812,500.06625644398065,228748.2668038013,1.9009660211459949,388711.8642483376,controlled,0
1.1450475699382812e-5,2.1815118538242366e-6,0.6919955323987729,0.6919954557902206,0.22839919231536762,500.0346044388852,228752.9971694024,1.673573991972526,388717.33890129405,controlled,0
1.1450475699382812e-5,2.3623731425962365e-6,0.3425361658215409,0.3425362534174029,0.1279260220785165,500.0171365279531,228755.6098860751,1.5480005051251209,388720.3621908185,controlled,0
1.1450475699382812e-5,2.5582289892565713e-6,0.1599654289078886,0.15996544754499062,0.0644450528786088,500.0080065008948,228756.97462056912,1.4823925008686532,388721.94158578647,controlled,0
1.1450475699382812e-5,2.770322538580971e-6,0.07013757610738865,0.07013757673603853,0.029439614111831568,500.0035199262551,228757.64646453553,1.4501113638492538,388722.71882085333,controlled,0
1.1450475699382812e-5,3.000000000000001e-6,0.02872099524216695,0.028721001126574826,0.012297605957175132,500.00143183108736,228757.95494547184,1.435227406552285,388723.0766807826,controlled,0
1.311133937421563e-5,2.0000000000000002e-7,5023.228712348027,9.721023154432299e6,6.987712022250111,486079.1251297428,718.5276757475094,15.803509505009329,1564.18237426187,tumor_dominant,2
1.311133937421563e-5,2.1658127948788786e-7,3658.999615309353,3990.8929918935896,3.601178890918687,699.544567327427,202365.88934782613,989.190142093751,342795.61255618255,intermediate,1
1.311133937421563e-5,2.3453725312305292e-7,2926.6714663329444,2968.387831914452,3.4726669245277844,648.4193461775885,208529.87094237033,804.0813091499397,350857.4615162769,intermediate,1
1.311133937421563e-5,2.5398189184482656e-7,2431.3331062872076,2441.451974818791,3.3878260330760743,622.0725684246609,211855.35854226086,693.5922855891475,355161.9100196354,intermediate,1
1.311133937421563e-5,2.7503861551253435e-7,2056.2322241140723,2059.330124643624,3.313936812516887,602.9664892277535,214334.05305546935,606.1196460632563,358350.06181167456,intermediate,1
1.311133937421563e-5,2.978410762814096e-7,1754.0196716610694,1755.1186071045342,3.2445538445265103,587.7559121046933,216349.23044138655,531.6621107826745,360929.4068495469,intermediate,1
1.311133937421563e-5,3.225340069253865e-7,1501.484707027618,1501.921718962205,3.1769363605548926,575.096069219513,218055.60109596193,466.2007397025965,363104.70017054013,intermediate,1
1.311133937421563e-5,3.4927413949127666e-7,1285.7027532470322,1285.8942092685547,3.109542846656285,564.2946950984302,219532.90073185583,407.6943460651609,364981.4995003441,intermediate,1
1.311133937421563e-5,3.7823120011525856e-7,1098.784916360323,1098.8762784196165,3.041343835502236,554.9438070110742,220828.0847521868,354.9703978679024,366622.01458563755,intermediate,1
1.311133937421563e-5,4.095889863160102e-7,935.5669800888446,935.6138990027324,2.971560598262848,546.780693265768,221971.31183296695,307.3006740439035,368066.25466327457,controlled,0
1.311133937421563e-5,4.4354653360234233e-7,792.4716181508578,792.4971565928025,2.899545374848563,539.6248471457149,222983.2521588955,264.2047779465371,369341.6776115869,controlled,0
1.311133937421563e-5,4.803193788000626e-7,666.896492990012,666.911087656903,2.8247186530294024,533.3455461848234,223878.87228932994,225.34655267787545,370468.17863283,controlled,0
1.311133937421563e-5,5.201409281167251e-7,556.8608041285964,556.8694308850597,2.7465325643828273,527.8434664003593,224669.5733429524,190.4739446960529,371460.9128758588,controlled,0
1.311133937421563e-5,5.63263938627689e-7,460.78864926718813,460.79382417917907,2.6644481205628847,523.0396871611694,225364.50373349854,159.3812283241139,372332.0154233721,controlled,0
1.311133937421563e-5,6.099621225868601e-7,377.369725577747,377.3727920627548,2.5779198997122084,518.8686361230771,225971.39870485323,131.88408428930262,373091.70283272513,controlled,0
1.311133937421563e-5,6.605318847450488e-7,305.4662836551755,305.46823156805823,2.4863854623136317,515.2734059909494,226497.1398946129,107.80266544224361,373749.0065310659,controlled,0
1.311133937421563e-5,7.152942037031436e-7,244.05075566404926,244.05198462498205,2.389258224123442,512.2025962910417,226948.1360177169,86.95016493928406,374312.2706760215,controlled,0
1.311133937421563e-5,7.745966692414835e-7,192.16201422761873,192.16273342239023,2.2859233424202814,509.6081284688007,227330.57471229974,69.12558323446288,374789.4854038841,controlled,0
1.311133937421563e-5,8.388156885568838e-7,148.87733881166864,148.8777638072769,2.175737204748655,507.4438805513614,227650.58544869797,54.109959346979046,375188.5007739872,controlled,0
1.311133937421563e-5,9.083588754108175e-7,113.29591309510661,113.29616021400936,2.0580316404925814,505.66479134640264,227914.31930791208,41.66564575870447,375517.14070826,controlled,0
1.311133937421563e-5,9.836676373532668e-7,84.53132212372451,84.53145297851701,1.9321258497351022,504.2265592936944,228127.973723989,31.53827121670412,375783.23987572413,controlled,0
1.311133937421563e-5,1.0652199774439907e-6,61.711959521094684,61.71202076712941,1.797350795255876,503.0855983345975,228297.7544361425,23.461045729190506,375994.60871601186,controlled,0
1.311133937421563e-5,1.1535335282543925e-6,43.98783986639004,43.98788397587722,1.6530955664215792,502.1993910357672,228429.79913675532,17.160940980397083,376158.94545695407,controlled,0
1.311133937421563e-5,1.2491688374075696e-6,30.542228417561887,30.542242040102337,1.498892559983311,501.5271052393567,228530.07081382125,12.366163060313388,376283.70814153564,controlled,0
1.311133937421563e-5,1.3527329255106409e-6,20.605868190159832,20.605877971796122,1.334571918902701,501.0302909940781,228604.22888947764,8.81419987219354,376375.96149890934,controlled,0
1.311133937421563e-5,1.4648831390624412e-6,13.472326132325117,13.472326418219122,1.1605383493211225,500.6736088014949,228657.4979277211,6.259637668071581,376442.2200677828,controlled,0
1.311133937421563e-5,1.5863313227918852e-6,8.511591912647607,8.511593801041334,0.9782532951710744,500.42557509488086,228694.55672035486,4.480940320460458,376488.3107792953,controlled,0
1.311133937421563e-5,1.7178483379099004e-6,5.180394045230572,5.1803951018192205,0.7910162396608255,500.25901707061604,228719.4489380175,3.285491837121948,376519.26764750143,controlled,0
1.311133937421563e-5,1.8602689549533346e-6,3.0274051269001574,3.0274044904663304,0.605025249958971,500.1513552149036,228735.53904175825,2.512419928126378,376539.2777362856,controlled,0
1.311133937421563e-5,2.0144971522769457e-6,1.6927884810699858,1.6927889039356823,0.43020230905605317,500.0846343700759,228745.51542108014,2.033027265591051,376551.68334442604,controlled,0
1.311133937421563e-5,2.1815118538242366e-6,0.9022298682574814,0.9022297300510895,0.2792629650034405,500.04510447509955,228751.42482066122,1.7489964559852338,376559.03196533525,controlled,0
1.311133937421563e-5,2.3623731425962365e-6,0.4565075065493602,0.4565075992496794,0.16331275487758434,500.02282250858605,228754.75705624608,1.5888375625358997,376563.1754386214,controlled,0
1.311133937421563e-5,2.5582289892565713e-6,0.2183207448502279,0.2183207866851788,0.08576165409696603,500.0109128687549,228756.53762404656,1.5032451161898566,376565.38961062714,controlled,0
1.311133937421563e-5,2.770322538580971e-6,0.09822218571919153,0.09822220156439417,0.0406902191215316,500.00490834302434,228757.4354692391,1.4600860754701959,376566.5060663836,controlled,0
1.311133937421563e-5,3.000000000000001e-6,0.04135995000874985,0.04135995874678656,0.017600874636351356,500.0020852585673,228757.86187598246,1.439651509013877,376567.03523394925,controlled,0
1.5013107289081743e-5,2.0000000000000002e-7,6699.0797091120585,9.724975486036425e6,6.987888559920935,486276.3579845095,718.236774369644,15.797059491034833,1366.0301702883328,tumor_dominant,2
1.5013107289081743e-5,2.1658127948788786e-7,4275.422307845752,9.722709537526878e6,6.987787356221263,486163.2805753332,718.403477047207,15.800717682740135,1366.34702894325,tumor_dominant,2
1.5013107289081743e-5,2.3453725312305292e-7,3275.259029074811,3390.9790044197043,3.5304531554087073,669.5489036214769,205937.3981391406,884.9670652245159,332757.0540952568,intermediate,1
1.5013107289081743e-5,2.5398189184482656e-7,2669.749302468848,2691.515947259324,3.430158284221167,634.5757483448948,210264.0823432792,747.425283388888,338674.05431734596,intermediate,1
1.5013107289081743e-5,2.7503861551253435e-7,2236.2994299820457,2242.197334933957,3.350867480316449,612.1098392218369,213140.65850773692,648.7917031355455,342587.2823376934,intermediate,1
1.5013107289081743e-5,2.978410762814096e-7,1897.9688284749348,1899.887529510972,3.278956421569411,594.9943585810856,215385.53799943154,567.6491076527749,345629.77873755747,intermediate,1
1.5013107289081743e-5,3.225340069253865e-7,1620.6047849737424,1621.3133390894113,3.210134739082927,581.0656563813959,217247.6426498895,497.4760287349343,348145.9638292484,intermediate,1
1.5013107289081743e-5,3.4927413949127666e-7,1386.4377180496124,1386.7276210900336,3.142304232497881,569.3363714674292,218840.8700137305,435.3154638507737,350293.4245812682,intermediate,1
1.5013107289081743e-5,3.7823120011525856e-7,1185.1436714756778,1185.2732773082541,3.0741847473382746,559.263658007212,220227.85227268154,379.5722321181807,352158.85293576284,intermediate,1
1.5013107289081743e-5,4.095889863160102e-7,1010.2148359265008,1010.277481899375,3.0048703369195393,550.5138701620493,221447.02237883006,329.2950654664873,353795.4846064825,intermediate,1
1.5013107289081743e-5,4.4354653360234233e-7,857.2787207129763,857.3109891027183,2.9336446729072154,542.8655244013127,222523.82738550482,283.87596072018295,355238.60201568215,controlled,0
1.5013107289081743e-5,4.803193788000626e-7,723.2369704313071,723.254624677628,2.859891277041919,536.1627335570018,223476.17000594383,242.9023122476738,356513.03868375305,controlled,0
1.5013107289081743e-5,5.201409281167251e-7,605.787274094652,605.7972656267247,2.7830436150845337,530.2898568421904,224317.31518101753,206.0756498011032,357637.2125064199,controlled,0
1.5013107289081743e-5,5.63263938627689e-7,503.13982500232567,503.1456513842117,2.70255602544168,525.1572727513557,225057.6363628287,173.16250419810163,358625.50567287573,controlled,0
1.5013107289081743e-5,6.099621225868601e-7,413.8398689838703,413.84338816256917,2.617884172630574,520.6921646426346,225705.67021786908,143.9631495934654,359489.7314590551,controlled,0
1.5013107289081743e-5,6.605318847450488e-7,336.6519966342228,336.6541495629235,2.528472091302481,516.8327045576181,226268.8192322693,118.29061626797298,360240.0971154858,controlled,0
1.5013107289081743e-5,7.152942037031436e-7,270.4821672303016,270.4833944803305,2.4337432707347677,513.5241659196236,226753.82302796963,95.95653177126826,360885.8496757165,controlled,0
1.5013107289081743e-5,7.745966692414835e-7,214.32442523792926,214.32523297485605,2.333094925780878,510.71625221962387,227167.0728358501,76.76187274022475,361435.709861241,controlled,0
1.5013107289081743e-5,8.388156885568838e-7,167.2265427327149,167.22696054586854,2.2258955983465847,508.36134089499024,227514.81781647753,60.49158500685804,361898.15643860714,controlled,0
1.5013107289081743e-5,9.083588754108175e-7,128.26649294182428,128.2667591767519,2.1114868608270867,506.41333527305676,227803.28223480863,46.91249060259046,362281.59292520816,controlled,0
1.5013107289081743e-5,9.836676373532668e-7,96.54176485573014,96.54190904717935,1.9891912511585859,504.8270819651413,228038.7155447898,35.7740707525528,362594.4212985645,controlled,0
1.5013107289081743e-5,1.0652199774439907e-6,71.1655437481898,71.16561236537272,1.8583303012041947,503.5582751218549,228227.38745591693,26.81176400023424,362845.03855295264,controlled,0
1.5013107289081743e-5,1.1535335282543925e-6,51.270803032580744,51.270837852596266,1.7182594614875135,502.56352631879156,228375.52183401107,19.75236104602422,363041.7620174739,controlled,0
1.5013107289081743e-5,1.2491688374075696e-6,36.01972014199459,36.01974597748135,1.5684334343802395,501.80098462085425,228489.21155413057,14.3209462443027,363192.7130684983,controlled,0
1.5013107289081743e-5,1.3527329255106409e-6,24.61678024221638,24.61679676374055,1.4085248227230434,501.230836187727,228574.28845925615,10.248734387575496,363305.65799083456,controlled,0
1.5013107289081743e-5,1.4648831390624412e-6,16.323614441295355,16.323621283693424,1.2386386809340486,500.816172188933,228636.2029938643,7.2810203398929385,363387.84495865746,controlled,0
1.5013107289081743e-5,1.5863313227918852e-6,10.473394834346745,10.47339404709129,1.0596919094340194,500.5236604492967,228679.8995656517,5.184438378190618,363445.8443250149,controlled,0
1.5013107289081743e-5,1.7178483379099004e-6,6.4826090170232336,6.482609605563947,0.8740530871217145,500.3241278502964,228709.7176123481,3.7527735815822885,363485.41995441564,controlled,0
1.5013107289081743e-5,1.8602689549533346e-6,3.858488179132139,3.8584882788377546,0.6865011593263861,500.1929274550006,228729.3286518192,2.8107420647131915,363511.4474607927,controlled,0
1.5013107289081743e-5,2.0144971522769457e-6,2.2009166630101697,2.2009171410668795,0.5052744321437629,500.1100619026409,228741.71865551532,2.2154269546299963,363527.8904005059,controlled,0
1.5013107289081743e-5,2.1815118538242366e-6,1.1987151222387937,1.198715247183262,0.3421689880762881,500.05992268017286,228749.20811848916,1.8553876490720334,363537.8316917838,controlled,0
1.5013107289081743e-5,2.3623731425962365e-6,0.6209310369025691,0.6209311045513929,0.20976455615078335,500.0310534588117,228753.5285540016,1.6477855778563322,363543.56440541334,controlled,0
1.5013107289081743e-5,2.5582289892565713e-6,0.30461117990145886,0.30461108849521823,0.11548106547254926,500.01522348627464,228755.89229271412,1.534118918346613,363546.7021870181,controlled,0
1.5013107289081743e-5,2.770322538580971e-6,0.14087728391173052,0.14087724945342822,0.057238919832051295,500.0070303916368,228757.11588722936,1.4752797446303585,363548.326415908,controlled,0
1.5013107289081743e-5,3.000000000000001e-6,0.0611210172498955,0.0611210186016627,0.02576491709054713,500.00304704833644,228757.71241613996,1.4466179332122273,363549.1178378398,controlled,0
1.7190722018585747e-5,2.0000000000000002e-7,12545.656384860413,9.728428395792484e6,6.988042731347618,486448.66810745053,717.9828121673662,15.791418781381505,1192.9811785614963,tumor_dominant,2
1.7190722018585747e-5,2.1658127948788786e-7,5409.9148694160185,9.726449542714607e6,6.9879543828224255,486349.91766477824,718.1282863257492,15.794610690600182,1193.2228281960795,tumor_dominant,2
1.7190722018585747e-5,2.3453725312305292e-7,3793.5905589222516,9.724306167062268e6,6.987858668687674,486242.9570298456,718.2859218448102,15.798070039188406,1193.4846792464327,tumor_dominant,2
1.7190722018585747e-5,2.5398189184482656e-7,2991.0505723142587,3048.3001992547997,3.48420018214236,652.4149616494452,208034.63732274662,819.8814566555377,320354.3349861512,intermediate,1
1.7190722018585747e-5,2.7503861551253435e-7,2466.612986983408,2479.4021796469615,3.394522104310227,623.9700952567468,211612.3145121316,701.9302599984585,325452.3913986467,intermediate,1
1.7190722018585747e-5,2.978410762814096e-7,2076.5950700841895,2080.3129708743363,3.3183373907853047,604.0156142529711,214196.44071670916,611.0933066066689,329126.67905623966,intermediate,1
1.7190722018585747e-5,3.225340069253865e-7,1765.6983950402553,1766.9575060461573,3.2474718222655987,588.3478591160698,216270.09797822734,534.6433642394644,332070.31094061164,intermediate,1
1.7190722018585747e-5,3.4927413949127666e-7,1507.6968223802419,1508.1739248142358,3.178739292946185,575.4086948509994,218013.14255037307,467.85664832064913,334541.3007739097,intermediate,1
1.7190722018585747e-5,3.7823120011525856e-7,1288.3130310187614,1288.5113526225448,3.110425169940124,564.4255604178437,219514.88442899674,408.4179866915353,336667.7853451483,intermediate,1
1.7190722018585747e-5,4.095889863160102e-7,1098.9719101041558,1099.0614137825717,3.041416931451282,554.9530674822494,220826.79610875348,355.0232486075667,338523.62882554444,intermediate,1
1.7190722018585747e-5,4.4354653360234233e-7,934.1260140980555,934.1693964671131,2.970890286046287,546.7084734952999,221981.48016432085,306.8715821635933,340155.6410043715,controlled,0
1.7190722018585747e-5,4.803193788000626e-7,789.9661055494386,789.9884778535335,2.8981701572763416,539.4994252344967,223001.0744581033,263.43786332922065,341595.61882238236,controlled,0
1.7190722018585747e-5,5.201409281167251e-7,663.7393220227119,663.7514130848159,2.8226592691992205,533.1875612577677,223901.49822441465,224.35578946006342,342866.4349940726,controlled,0
1.7190722018585747e-5,5.63263938627689e-7,553.3607544752755,553.3675493388133,2.7437978003274877,527.66836456086,224694.8269373787,189.35102394729546,343985.4355862456,controlled,0
1.7190722018585747e-5,6.099621225868601e-7,457.17824254950807,457.18214247887175,2.661038158676999,522.8591037725415,225390.71153887114,158.2001534638716,344966.4759635533,controlled,0
1.7190722018585747e-5,6.605318847450488e-7,373.82269431704435,373.8249359137445,2.5738284754107923,518.691242272305,225997.28205124888,130.7039022431478,345821.2134491276,controlled,0
1.7190722018585747e-5,7.152942037031436e-7,302.10940198071745,302.1107811032136,2.4816013837129383,515.1055326287255,226521.74814769646,106.66922191003809,346559.9617868702,controlled,0
1.7190722018585747e-5,7.745966692414835e-7,240.97185967981468,240.9726873472377,2.3837663477829025,512.0486229812492,226970.7947678018,85.89741347557803,347192.2605282417,controlled,0
1.7190722018585747e-5,8.388156885568838e-7,189.41633401239912,189.41685246946656,2.279705382129402,509.47083906898615,227350.84892941147,68.17672223566353,347727.25517785095,controlled,0
1.7190722018585747e-5,9.083588754108175e-7,146.49304973597646,146.49331319518046,2.168772331444602,507.32465747431854,227668.24011266313,53.278590010925555,348173.9318056614,controlled,0
1.7190722018585747e-5,9.836676373532668e-7,111.2785458379672,111.2787061779932,2.0502973994825693,505.56393085821327,227929.29205758937,40.957020606521645,348541.2451008367,controlled,0
1.7190722018585747e-5,1.0652199774439907e-6,82.86851198625138,82.8685906519809,1.9235993450895892,504.1434218254338,228140.3375255903,30.95067875283003,348838.14796743373,controlled,0
1.7190722018585747e-5,1.1535335282543925e-6,60.37772447123133,60.37775721403589,1.788011014963123,503.01888377172577,228307.68928283185,22.98729276653582,349073.5500649367,controlled,0
1.7190722018585747e-5,1.2491688374075696e-6,42.94679410148165,42.946828902105594,1.6429275428909442,502.1473343784745,228437.55947795493,16.789883706401767,349256.2107535733,controlled,0
1.7190722018585747e-5,1.3527329255106409e-6,29.75353819396131,29.753542760008486,1.4878951530381597,501.4876745824517,228535.95562358783,12.084203344071048,349394.59214121546,controlled,0
1.7190722018585747e-5,1.4648831390624412e-6,20.026747687304873,20.026748851286424,1.3227721274129687,501.00133347192497,228608.55250228578,8.606661912682766,349496.6843694274,controlled,0
1.7190722018585747e-5,1.5863313227918852e-6,13.061033674673546,13.061032664642948,1.1480172171338139,500.6530484110177,228660.5702805573,6.111945809278717,349569.83312623005,controlled,0
1.7190722018585747e-5,1.7178483379099004e-6,8.229755662232401,8.229754531001104,0.9651901509447313,500.4114788635184,228696.66224681548,4.379540487565193,349620.58537901007,controlled,0
1.7190722018585747e-5,1.8602689549533346e-6,4.994549056234256,4.994549378013657,0.7777565418973222,500.249730121065,228720.83816654532,3.218484202272473,349654.5797744082,controlled,0
1.7190722018585747e-5,2.0144971522769457e-6,2.909832589278098,2.9098320524028276,0.592158102592484,500.14548849614874,228736.41860044698,2.469903519800871,349676.4882873171,controlled,0
1.7190722018585747e-5,2.1815118538242366e-6,1.6216631213263588,1.6216633412794328,0.41857692136936664,500.0810806064371,228746.04724686116,2.007185500022598,349690.02730487945,controlled,0
1.7190722018585747e-5,2.3623731425962365e-6,0.8612338249800134,0.861234038462568,0.26980098636138605,500.0430575374849,228751.73146462606,1.73397652682178,349698.0200565921,controlled,0
1.7190722018585747e-5,2.5582289892565713e-6,0.4340829086075288,0.43408303471975324,0.15657429810763737,500.0217070549256,228754.92507277126,1.5804896894703322,349702.5102129962,controlled,0
1.7190722018585747e-5,2.770322538580971e-6,0.20673009366015463,0.2067300331542195,0.08161012160907773,500.01033385515933,228756.6243070563,1.4987900847593185,349704.8998387514,controlled,0
1.7190722018585747e-5,3.000000000000001e-6,0.09258753424548535,0.0925875451065276,0.038456245489987835,500.00463497665874,228757.47814389376,1.4577713825561,349706.0999487961,controlled,0
1.968419447286611e-5,2.0000000000000002e-7,275502.1530403571,9.73144485444007e6,6.9881773705823695,486599.1979681202,717.7610862304555,15.786484561936645,1041.8549329103307,tumor_dominant,2
1.968419447286611e-5,2.1658127948788786e-7,8464.543629026944,9.729716715627195e6,6.988100240440622,486512.95894029655,717.888047501049,15.789270274869446,1042.0392266776298,tumor_dominant,2
1.968419447286611e-5,2.3453725312305292e-7,4687.0310494366,9.727844949984904e6,6.988016684502546,486419.55249276134,718.0256113407418,15.792288749743319,1042.238910867981,tumor_dominant,2
1.968419447286611e-5,2.5398189184482656e-7,3457.11287806742,3689.423779588139,3.567076240026028,684.4710981623411,204145.0262359242,938.2945989766346,298746.5016286627,intermediate,1
1.968419447286611e-5,2.7503861551253435e-7,2773.7283723786713,2807.1579642751317,3.4484215340430473,640.3578516262803,209536.25189346122,771.4557002687013,306702.5280127861,intermediate,1
1.968419447286611e-5,2.978410762814096e-7,2304.0391399570453,2312.268537673937,3.3642260511279436,615.613395907142,212686.887007619,664.7441041584906,311353.6320245864,intermediate,1
1.968419447286611e-5,3.225340069253865e-7,1945.4666085124616,1947.967696393933,3.28980464086512,597.3983658380329,215067.37635180913,579.3762755460815,314868.59462564066,intermediate,1
1.968419447286611e-5,3.4927413949127666e-7,1655.4060585837708,1656.2738806291186,3.219394285737978,582.8136794017931,217012.18669871058,506.4949923052592,317740.74615678296,intermediate,1
1.968419447286611e-5,3.7823120011525856e-7,1412.6355980844758,1412.9686059735575,3.150439767025374,570.6484226576407,218661.48995948338,442.41294396850367,320176.8356902192,intermediate,1
1.968419447286611e-5,4.095889863160102e-7,1205.1962219135928,1205.3352893351016,3.0814680325720842,560.2667561710392,220088.93969193168,385.22410609298686,322285.4996827234,intermediate,1
1.968419447286611e-5,4.4354653360234233e-7,1025.7160151686583,1025.77872330162,3.0114768607313525,551.2889397852625,221338.48432291334,333.81983675428705,324131.5543958021,intermediate,1
1.968419447286611e-5,4.803193788000626e-7,869.3248865284293,869.3550369212111,2.939696447012431,543.4677468003887,222438.66635696034,287.5027148266849,325757.0993999132,controlled,0
1.968419447286611e-5,5.201409281167251e-7,732.6172553457143,732.6326145865163,2.8654786302139033,536.6316282715225,223409.28285568542,245.80461767792946,327191.32646807976,controlled,0
1.968419447286611e-5,5.63263938627689e-7,613.0896265589759,613.0978020342475,2.788237542967405,530.6548854574294,224264.849549299,208.38997118742964,328455.64377040276,controlled,0
1.968419447286611e-5,6.099621225868601e-7,508.81360975510836,508.8181131557959,2.70741526130953,525.4409014631892,225016.5996414858,174.9989620676469,329566.61711546837,controlled,0
1.968419447286611e-5,6.605318847450488e-7,418.23470345698337,418.23726272936057,2.6224598767393403,520.9118509250749,225673.69753501072,145.41200533204784,330537.76431233756,controlled,0
1.968419447286611e-5,7.152942037031436e-7,340.04292404546095,340.0444487656179,2.5328109848447924,517.0022179044719,226244.02550729492,119.4264250879695,331380.71182241524,controlled,0
1.968419447286611e-5,7.745966692414835e-7,273.08695739498955,273.08773417839063,2.4378896006696182,513.6543827932782,226734.69498694962,96.84097687198556,332105.95501718175,controlled,0
1.968419447286611e-5,8.388156885568838e-7,216.3155497727408,216.31608157980142,2.3370918656806046,510.81579387783,227152.3969871615,77.44580910905817,332723.3702218742,controlled,0
1.968419447286611e-5,9.083588754108175e-7,168.7404750352946,168.7407358100641,2.229786080470291,508.4370341157412,227503.62478931938,61.01665486333797,333242.5435581736,controlled,0
1.968419447286611e-5,9.836676373532668e-7,129.4107309244971,129.41090097594963,2.1153138953516586,506.47053580607735,227794.80002975606,47.312496188582216,333672.96108620433,controlled,0
1.968419447286611e-5,1.0652199774439907e-6,97.40054411464699,97.40063594233004,1.9929979051930518,504.8700291953706,228032.33717728843,36.0761953271718,334024.0970806538,controlled,0
1.968419447286611e-5,1.1535335282543925e-6,71.80458086072548,71.8046201284617,1.8621589402008099,503.5902281633502,228222.63281851678,27.03769266650209,334305.4041484926,controlled,0
1.968419447286611e-5,1.2491688374075696e-6,51.741248139478444,51.741262936491275,1.722150525149909,502.58705783523277,228372.01756014102,19.919288874862342,334526.2372822164,controlled,0
1.968419447286611e-5,1.3527329255106409e-6,36.36136609804485,36.36138432724635,1.57242295948916,501.8180660711008,228486.66354903576,14.442471129038628,334695.7182136228,controlled,0
1.968419447286611e-5,1.4648831390624412e-6,24.860699952111307,24.860708853394364,1.412640424910131,501.2430325045562,228572.46802468822,10.33560902315359,334822.5639006468,controlled,0
1.968419447286611e-5,1.5863313227918852e-6,16.494132424868514,16.494136712090775,1.2428925161001034,500.824692456935,228634.92926100802,7.341759033819033,334914.9022581717,controlled,0
1.968419447286611e-5,1.7178483379099004e-6,10.589615325120585,10.589613938010189,1.0640689694075687,500.52947792816036,228679.0317621394,5.225781702683803,334980.0994518731,controlled,0
1.968419447286611e-5,1.8602689549533346e-6,6.559488327095703,6.559487946074056,0.8784923788707819,500.32795903207517,228709.14229001294,3.780032643479505,335024.61350555444,controlled,0
1.968419447286611e-5,2.0144971522769457e-6,3.9076152655109038,3.9076155032006668,0.6908705297315219,500.1953666470123,228728.9603468594,2.828051230675261,335053.9111292216,controlled,0
1.968419447286611e-5,2.1815118538242366e-6,2.2311032351005724,2.231102914924719,0.5093507910947408,500.11154745131034,228741.4914592436,2.225938264898049,335072.4359379932,controlled,0
1.968419447286611e-5,2.3623731425962365e-6,1.2164662145579317,1.2164658703046196,0.34566104831187433,500.0608262849087,228749.07649014908,1.8614334170339049,335083.648539198,controlled,0
1.968419447286611e-5,2.5582289892565713e-6,0.6308738107273888,0.6308736595503434,0.21242031843735415,500.03153563689136,228753.45324291353,1.651026469585888,335090.1195042061,controlled,0
1.968419447286611e-5,2.770322538580971e-6,0.30989042833962005,0.30989050274200286,0.11723499333327438,500.01550283332654,228755.85383979953,1.5356843506312028,335093.66743705486,controlled,0
1.968419447286611e-5,3.000000000000001e-6,0.1435215896920415,0.143521632302294,0.05824438468448549,500.00718551764504,228757.0976289371,1.4758983169766335,335095.50611155934,controlled,0
2.2539339047347888e-5,2.0000000000000002e-7,8.93122251006166e6,9.734079925631443e6,6.988294952489888,486730.69543640205,717.5674952512129,15.782168143589299,909.8739617976311,tumor_dominant,2
2.2539339047347888e-5,2.1658127948788786e-7,40179.54410482655,9.732570731598755e6,6.988227613265896,486655.38241534453,717.6783089560953,15.784599419517447,910.0145143154926,tumor_dominant,2
2.2539339047347888e-5,2.3453725312305292e-7,6791.993622585599,9.73093614648233e6,6.98815466739551,486573.81200140767,717.7983682490435,15.787233148401375,910.1667936524251,tumor_dominant,2
2.2539339047347888e-5,2.5398189184482656e-7,4229.321447269651,9.729165727848558e6,6.988075645921587,486485.4630812617,717.9284497993492,15.790087441978077,910.3317849143117,tumor_dominant,2
2.2539339047347888e-5,2.7503861551253435e-7,3212.473478018411,3335.184229128794,3.5232500250247156,666.7591616543488,206275.9829396072,874.6569306402959,285483.87079608184,intermediate,1
2.2539339047347888e-5,2.978410762814096e-7,2605.4577457772016,2627.3541202131128,3.4196838776661798,631.3676702200186,210670.08944009393,733.8590725617928,292136.5620200584,intermediate,1
2.2539339047347888e-5,3.225340069253865e-7,2173.867828665099,2179.57794215182,3.3385716146239717,608.9788649856993,213547.8130944925,634.3497736892243,296507.5913566165,intermediate,1
2.2539339047347888e-5,3.4927413949127666e-7,1838.3861645272632,1840.1669019059666,3.265093159113094,592.008327829106,215782.04174262838,552.9268994835419,299908.9553236528,intermediate,1
2.2539339047347888e-5,3.7823120011525856e-7,1564.2271249875253,1564.8518252767012,3.194750662888373,578.2425770903342,217628.985395668,482.7770713753901,302725.8545694255,intermediate,1
2.2539339047347888e-5,4.095889863160102e-7,1333.425315377187,1333.6654329069745,3.125372412627623,566.6832635823213,219204.49681239406,420.84872232448674,305132.4534623395,intermediate,1
2.2539339047347888e-5,4.4354653360234233e-7,1135.5890202249866,1135.6888016586029,3.055641581467488,556.7844362430402,220571.93507450065,365.50428177292747,307223.97251450433,intermediate,1
2.2539339047347888e-5,4.803193788000626e-7,964.181793807839,964.2262063966501,2.984629104719291,548.2113060027066,221770.10189822584,315.7677213775354,309058.69531332125,controlled,0
2.2539339047347888e-5,5.201409281167251e-7,814.8122925056143,814.8333492418242,2.9116014542241175,540.7416640622122,222824.7124257755,271.0123250231723,310675.2240292613,controlled,0
2.2539339047347888e-5,5.63263938627689e-7,684.3629319487279,684.373478080225,2.835927294511316,534.2186723308191,223753.90921718348,230.80839050505355,312100.7829107336,controlled,0
2.2539339047347888e-5,6.099621225868601e-7,570.5082449954407,570.5137664072845,2.757026695978392,528.5256846657375,224571.2292880206,194.83973825496136,313355.6849301154,controlled,0
2.2539339047347888e-5,6.605318847450488e-7,471.43052263821926,471.433505498378,2.6743406906710527,523.5716650269077,225287.33295813136,162.85396437109574,314455.9374070241,controlled,0
2.2539339047347888e-5,7.152942037031436e-7,385.6427776151611,385.64438773389594,2.5873117106374623,519.2822152263356,225911.0761129793,134.63091386247442,315414.85860516684,controlled,0
2.2539339047347888e-5,7.745966692414835e-7,311.8737089995622,311.8746205577333,2.49537033592101,515.5937231942364,226450.19911976586,109.96200249221194,316244.1209907618,controlled,0
2.2539339047347888e-5,8.388156885568838e-7,248.9916958540809,248.99225481600718,2.3979265537009367,512.4496097028001,226911.7918514418,88.63661501326973,316954.4471797281,controlled,0
2.2539339047347888e-5,9.083588754108175e-7,195.9535162257606,195.9537807040148,2.2943643218962753,509.797682708538,227302.59005898013,70.4336493381955,317556.0612440978,controlled,0
2.2539339047347888e-5,9.836676373532668e-7,151.7705252530147,151.77069697877116,2.1840400599932814,507.58851948190016,227629.16899822536,55.117044410737215,318058.9753633555,controlled,0
2.2539339047347888e-5,1.0652199774439907e-6,115.48918536539503,115.48928366454858,2.0662859746374136,505.7744499033309,227898.0461387668,42.43464913071851,318473.1420034108,controlled,0
2.2539339047347888e-5,1.1535335282543925e-6,86.18074010924026,86.18080080876094,1.9404208539593506,504.30903645441816,228115.71279471187,32.11992747130159,318808.49892995897,controlled,0
2.2539339047347888e-5,1.2491688374075696e-6,62.94007204072428,62.94009262802763,1.8057732610850612,503.1469930901415,228288.6103549371,23.896040751788565,319074.92828304775,controlled,0
2.2539339047347888e-5,1.3527329255106409e-6,44.89085571876092,44.89086009166607,1.661726197367008,502.24453434748864,228423.06790171488,17.481797211902233,319282.15092477505,controlled,0
2.2539339047347888e-5,1.4648831390624412e-6,31.19579935881781,31.195805539892085,1.507799295623314,501.55978780437323,228525.1950715223,12.598866078332476,319439.56328460004,controlled,0
2.2539339047347888e-5,1.5863313227918852e-6,21.069805741739355,21.069810063949724,1.34379859557518,501.0534856960391,228600.7652381345,8.979535461575107,319556.05207232776,controlled,0
2.2539339047347888e-5,1.7178483379099004e-6,13.793994003154154,13.793992759976929,1.1700854018268303,500.6896963377013,228655.09565030877,6.374239713378308,319639.80521510524,controlled,0
2.2539339047347888e-5,1.8602689549533346e-6,8.728492408451848,8.728491480138773,0.9880455028949945,500.4364132325119,228692.93571156755,4.5580788495219275,319698.1405819257,controlled,0
2.2539339047347888e-5,2.0144971522769457e-6,5.321991746579747,5.321992538577423,0.800853978935297,500.2660842980169,228718.38991635083,3.335653390643464,319737.3825741414,controlled,0
2.2539339047347888e-5,2.1815118538242366e-6,3.1164951117997055,3.116494978559429,0.6145275899806836,500.1558219107894,228734.87396055344,2.5437467664529447,319762.79512532125,controlled,0
2.2539339047347888e-5,2.3623731425962365e-6,1.7465649859308832,1.7465651922384904,0.4387899118567127,500.0873378973521,228745.11441895965,2.0516766198575875,319778.58219322696,controlled,0
2.2539339047347888e-5,2.5582289892565713e-6,0.9332274462229483,0.9332275264148747,0.2862829702476096,500.04665794911364,228751.19333896658,1.7594646038938246,319787.9549559406,controlled,0
2.2539339047347888e-5,2.770322538580971e-6,0.47349079392038573,0.4734908149326005,0.16834743300133562,500.02366852973057,228754.6298906379,1.594270759536583,319793.25333120854,controlled,0
2.2539339047347888e-5,3.000000000000001e-6,0.2271226701781239,0.22712260203863283,0.08888795533407967,500.0113584338046,228756.47218572046,1.5057385729167616,319796.0931632547,controlled,0
2.5808615404180768e-5,2.0000000000000002e-7,9.699118684449155e6,9.736381750941928e6,6.988397638286376,486845.5629407275,717.398461937641,15.778389927642607,794.6127182920761,tumor_dominant,2
2.5808615404180768e-5,2.1658127948788786e-7,7.846488807601194e6,9.735063758998074e6,6.988338844852658,486779.79147243174,717.4951889665389,15.780512014793263,794.7199120948804,tumor_dominant,2
2.5808615404180768e-5,2.3453725312305292e-7,19782.048612312927,9.733636291765204e6,6.988275158928262,486708.5568628133,717.5999798099817,15.782811252230426,794.8360423098234,tumor_dominant,2
2.5808615404180768e-5,2.5398189184482656e-7,5920.13395360092,9.732090237440862e6,6.988206171747825,486631.404402551,717.7135107399329,15.785302278733816,794.9618583922347,tumor_dominant,2
2.5808615404180768e-5,2.7503861551253435e-7,3922.982254172177,9.730415722609151e6,6.9881314401094805,486547.84137469006,717.8365154417199,15.788001279240861,795.0981734243618,tumor_dominant,2
2.5808615404180768e-5,2.978410762814096e-7,3032.467182444505,3111.818821009226,3.493153843674554,655.5908865065957,207642.67763983022,832.2685335960634,270857.12718407175,intermediate,1
2.5808615404180768e-5,3.225340069253865e-7,2475.7087258658707,2491.432963350501,3.396623486326329,624.5716117944736,211535.3819638738,704.5601523641413,276860.39889239473,intermediate,1
2.5808615404180768e-5,3.4927413949127666e-7,2070.8036097773197,2075.038573005819,3.3172354184866077,603.7519050932551,214231.01461139493,609.8443207966866,281041.2166269108,intermediate,1
2.5808615404180768e-5,3.7823120011525856e-7,1752.208841628462,1753.5444702429184,3.2441643802096483,587.677207238163,216359.75646557196,531.2642128971909,284356.589901366,intermediate,1
2.5808615404180768e-5,4.095889863160102e-7,1490.0632852645024,1490.531843452584,3.1736325297652055,574.5265815242868,218132.99283560205,463.17739994631796,287127.62363736867,intermediate,1
2.5808615404180768e-5,4.4354653360234233e-7,1268.5384512644218,1268.7170464008589,3.1037069501858237,563.4358499034853,219651.2264810204,402.9325638478027,289506.9398431258,intermediate,1
2.5808615404180768e-5,4.803193788000626e-7,1078.30100977864,1078.3741048235336,3.0331719947305396,553.918697379192,220971.00125467984,349.0686391726119,291580.33718926285,intermediate,1
2.5808615404180768e-5,5.201409281167251e-7,913.389744099441,913.4216009228278,2.961146476629115,545.6710652067958,222127.62376014784,300.6983651505915,293401.33079017117,controlled,0
2.5808615404180768e-5,5.63263938627689e-7,769.7466906640772,769.7614632427608,2.8869199925436053,538.4880746673238,223144.86226444022,257.242146863324,295005.90460099245,controlled,0
2.5808615404180768e-5,6.099621225868601e-7,644.4553838381241,644.4625358485864,2.809871039869043,532.2231203742168,224039.72346590259,218.294826279429,296419.7949789514,controlled,0
2.5808615404180768e-5,6.605318847450488e-7,535.3138144358555,535.3174302055544,2.729421911673268,526.765868158194,224825.0893679022,183.55114738380317,297662.497329212,controlled,0
2.5808615404180768e-5,7.152942037031436e-7,440.5794602795228,440.5813310009478,2.6450107041807014,522.0290636102025,225511.25187580506,152.7609353327685,298749.6210430757,controlled,0
2.5808615404180768e-5,7.745966692414835e-7,358.80922764740706,358.8102272269818,2.5560735035484945,517.9405032781833,226106.88747005115,125.70041615306758,299694.37369129556,controlled,0
2.5808615404180768e-5,8.388156885568838e-7,288.75529448673745,288.75588034323715,2.4620322583533416,514.437787146127,226619.68538825097,102.15352608327159,300508.52179551503,controlled,0
2.5808615404180768e-5,9.083588754108175e-7,229.29591094682675,229.29618995143704,2.3622867530022065,511.46480434978565,227056.7593755106,81.89985276981238,301203.0215383177,controlled,0
2.5808615404180768e-5,9.836676373532668e-7,179.38891134161665,179.38910271064103,2.2562102983080163,508.9694503952499,227424.91822675077,64.70743660576444,301788.4282783196,controlled,0
2.5808615404180768e-5,1.0652199774439907e-6,138.04300310259364,138.04311411954484,2.143149486016192,506.90214342943494,227730.82797147683,50.329436194888004,302275.1400605083,controlled,0
2.5808615404180768e-5,1.1535335282543925e-6,104.30028586895885,104.30032191501445,2.022429698874952,505.2150069438591,227981.09474031208,38.50399862579881,302673.5150829471,controlled,0
2.5808615404180768e-5,1.2491688374075696e-6,77.22928479901266,77.22930337018286,1.8933694628827042,503.86146040788117,228182.27591132317,28.956834656127196,302993.88180468976,controlled,0
2.5808615404180768e-5,1.3527329255106409e-6,55.92588217723449,55.92590544091973,1.755309947058245,502.79629270512385,228340.84418449993,21.40599426440678,303246.4699864569,controlled,0
2.5808615404180768e-5,1.4648831390624412e-6,39.52011152568329,39.5201091565021,1.6076706066290787,501.9760026474083,228463.1081743888,15.568293379599643,303441.2759042515,controlled,0
2.5808615404180768e-5,1.5863313227918852e-6,27.18716291170308,27.187163895601447,1.4500513807153965,501.35935553895587,228555.10558210965,11.166736536138893,303587.8848420436,controlled,0
2.5808615404180768e-5,1.7178483379099004e-6,18.160986824322322,18.160987803924,1.2824178944468665,500.9080446419495,228622.48303220427,7.938196169910508,303695.27400453284,controlled,0
2.5808615404180768e-5,1.8602689549533346e-6,11.747694014743837,11.747693414028381,1.1054316100106045,500.58738127164514,228670.38051693176,5.640567175929456,303771.62266319257,controlled,0
2.5808615404180768e-5,2.0144971522769457e-6,7.337114041830901,7.337114404076255,0.9210157610410102,500.3668480225194,228703.3320905712,4.058654241181567,303824.15153614007,controlled,0
2.5808615404180768e-5,2.1815118538242366e-6,4.410507225403989,4.4105074653286485,0.7332380006067957,500.2205223307709,228725.2026033915,3.008187179296495,303859.0170643644,controlled,0
2.5808615404180768e-5,2.3623731425962365e-6,2.5431738494904703,2.5431743502653092,0.5493925233450702,500.1271551928076,228739.15912825486,2.3375986226285335,303881.2671716998,controlled,0
2.5808615404180768e-5,2.5582289892565713e-6,1.401575973713747,1.401576390806944,0.38049640549851854,500.0700811352259,228747.6927227139,1.9275047153272205,303894.87171468703,controlled,0
2.5808615404180768e-5,2.770322538580971e-6,0.7354023544041092,0.7354021442600165,0.2394001297296619,500.0367728867374,228752.6725622803,1.6881513508382497,303902.8110074913,controlled,0
2.5808615404180768e-5,3.000000000000001e-6,0.36583881852771716,0.36583870457028267,0.13539941541352563,500.01829411402025,228755.43518970138,1.555354602579483,303907.21550783655,controlled,0
2.9552092352028878e-5,2.0000000000000002e-7,9.735163859833518e6,9.738392414076699e6,6.98848731530244,486945.90059700905,717.2508655706279,15.775084010599441,693.9529824167039,tumor_dominant,2
2.9552092352028878e-5,2.1658127948788786e-7,9.679361494968874e6,9.737241397681573e6,6.988435981412815,486888.4616976168,717.3353020885138,15.77693633674212,694.0347353655694,tumor_dominant,2
2.9552092352028878e-5,2.3453725312305292e-7,6.32648170880142e6,9.735994798080273e6,6.98838037778662,486826.2529171545,717.4267728703943,15.778942946873558,694.1232990305407,tumor_dominant,2
2.9552092352028878e-5,2.5398189184482656e-7,14273.398353088609,9.734644663677948e6,6.988320148037862,486758.8774452465,717.5258669895948,15.781117223547138,694.2192437670012,tumor_dominant,2
2.9552092352028878e-5,2.7503861551253435e-7,5421.643741466827,9.733182378929757e6,6.988254905817282,486685.905337814,717.6332233815878,15.783472847229877,694.3231882085722,tumor_dominant,2
2.9552092352028878e-5,2.978410762814096e-7,3716.477246423275,9.73159860847446e6,6.988184232255568,486606.87072904495,717.7495351567771,15.786025094592375,694.4358034429787,tumor_dominant,2
2.9552092352028878e-5,3.225340069253865e-7,2902.026048780826,2960.5685893392747,3.4715217952672273,648.0284052563435,208578.45538842079,802.5210277308822,255424.3497860015,intermediate,1
2.9552092352028878e-5,3.4927413949127666e-7,2377.9522038879945,2390.1890849403,3.37861391961193,619.5094203755848,212184.5477614745,682.2300577661545,261043.73176655127,intermediate,1
2.9552092352028878e-5,3.7823120011525856e-7,1991.3028545949621,1994.6445818837037,3.300083197336606,599.7322146404763,214759.3966971207,590.6556677984499,265088.07939994097,intermediate,1
2.9552092352028878e-5,4.095889863160102e-7,1684.705509988004,1685.7589875510064,3.2270530328830067,584.2879338733027,216814.0036449305,514.0527802025023,268334.5766105711,intermediate,1
2.9552092352028878e-5,4.4354653360234233e-7,1431.3562092476323,1431.722347238134,3.1561620349571937,571.5861104075898,218533.47220008384,447.4622154391479,271064.7950818245,intermediate,1
2.9552092352028878e-5,4.803193788000626e-7,1216.7951316598956,1216.9323703962098,3.0856231733714146,560.8466109229872,220008.72006877046,388.480384242539,273416.9412670299,intermediate,1
2.9552092352028878e-5,5.201409281167251e-7,1032.381473404625,1032.4363911323353,3.014283750600095,551.6218135122706,221291.8983642026,335.75834302045035,275470.181682252,intermediate,1
2.9552092352028878e-5,5.63263938627689e-7,872.5354068719956,872.5586816796438,2.9412920842172343,543.627927242164,222416.02387948366,288.4653200784437,277274.55296664406,controlled,0
2.9552092352028878e-5,6.099621225868601e-7,733.4210587277,733.4314932890288,2.865951291652319,536.671576390762,223403.5874365933,246.05090474653812,278864.08406217064,controlled,0
2.9552092352028878e-5,6.605318847450488e-7,612.2552526902235,612.2601145015617,2.787644719758148,530.6129984783558,224270.8680721229,208.12384684251987,280263.3924218693,controlled,0
2.9552092352028878e-5,7.152942037031436e-7,506.9162886271558,506.91866148293263,2.7057941695723944,525.3459296178775,225030.339558208,174.3834272487497,281491.35810246144,controlled,0
2.9552092352028878e-5,7.745966692414835e-7,415.70864508874837,415.70986026096944,2.619833776930196,520.7854878465754,225692.08767871984,144.5778648056539,282563.3052285736,controlled,0
2.9552092352028878e-5,8.388156885568838e-7,337.2146882646936,337.21532700663545,2.5291932847625445,516.8607603995845,226264.7146481724,118.4776905034631,283492.38463100744,controlled,0
2.9552092352028878e-5,9.083588754108175e-7,270.1978156093654,270.1980902991304,2.4332866270258893,513.509901864822,226755.91877560123,95.85853566178042,284290.46567899315,controlled,0
2.9552092352028878e-5,9.836676373532668e-7,213.53801491702367,213.53820789102187,2.331504648495344,510.67690496211884,227172.87530543836,76.49024959986036,284968.71914951084,controlled,0
2.9552092352028878e-5,1.0652199774439907e-6,166.19045686561373,166.19053236886347,2.2232116806605546,508.30952322574876,227522.48241252106,60.13072709747321,285537.9875849884,controlled,0
2.9552092352028878e-5,1.1535335282543925e-6,127.15822630071165,127.158240833267,2.1077465374289237,506.35790216290866,227811.49996822578,46.5234932632668,286008.99176928104,controlled,0
2.9552092352028878e-5,1.2491688374075696e-6,95.47840367679368,95.47841919764384,1.9844301789237226,504.7739134750613,228046.61668382736,35.39838109748732,286392.41795253236,controlled,0
2.9552092352028878e-5,1.3527329255106409e-6,70.21700290513553,70.21700136267239,1.8525836834766631,503.5108430045527,228234.44626997333,26.47478853803664,286698.89864577784,controlled,0
2.9552092352028878e-5,1.4648831390624412e-6,50.47117941436551,50.47118222986959,1.7115641435758382,502.52355230469163,228381.480627971,19.466970183233872,286938.9192939055,controlled,0
2.9552092352028878e-5,1.5863313227918852e-6,35.3774063249341,35.3774037147426,1.5608316998787306,501.76886634148514,228494.00228197037,14.090776616955832,287122.6633546568,controlled,0
2.9552092352028878e-5,1.7178483379099004e-6,24.12304052935293,24.12304003612585,1.400072190440586,501.20614948179644,228577.97386610808,10.071153740270805,287259.82150509296,controlled,0
2.9552092352028878e-5,1.8602689549533346e-6,15.959717493019111,15.959719237192203,1.2294186583719078,500.7979836653529,228638.92100663096,7.149648174892798,287359.39077813877,controlled,0
2.9552092352028878e-5,2.0144971522769457e-6,10.216127244238471,10.21612566396858,1.0498428664270056,500.51080326335864,228681.82195504606,5.0911485896223025,287429.487605119,controlled,0
2.9552092352028878e-5,2.1815118538242366e-6,6.308239855581945,6.308239688449356,0.8638127824768745,500.3154142316605,228711.0209376633,3.689160290802443,287477.20066819375,controlled,0
2.9552092352028878e-5,2.3623731425962365e-6,3.745341813598681,3.745341883509476,0.6762675071263997,500.1872643406262,228730.17391352085,2.769080022923983,287508.5003563114,controlled,0
2.9552092352028878e-5,2.5582289892565713e-6,2.1307717542099693,2.1307721207084285,0.4956514578051861,500.1065305318592,228742.24137580636,2.189197845150796,287528.22186666983,controlled,0
2.9552092352028878e-5,2.770322538580971e-6,1.1572793821584328,1.1572793693715986,0.33390639022080465,500.057867112742,228749.51892983614,1.8394681587455188,287540.11485500226,controlled,0
2.9552092352028878e-5,3.000000000000001e-6,0.5976832926776072,0.5976833224774275,0.20349070180540327,500.0298918755493,228753.7023950493,1.6383998779324926,287546.95168847457,controlled,0
3.383855153428233e-5,2.0000000000000002e-7,9.739700452375509e6,9.74014869862466e6,6.9885656317027465,487033.5440246636,717.1219833468837,15.772189693798827,606.0449158778569,tumor_dominant,2
3.383855153428233e-5,2.1658127948788786e-7,9.73531596286158e6,9.739143501555346e6,6.988520809592014,486983.3819309906,717.1956951991616,15.773806548247896,606.1072663219279,tumor_dominant,2
3.383855153428233e-5,2.3453725312305292e-7,9.663459427082904e6,9.738054847804144e6,6.9884722608982734,486929.05510838394,717.2755441037508,15.775558615161778,606.1748079107645,tumor_dominant,2
3.383855153428233e-5,2.5398189184482656e-7,5.075669668075064e6,9.736875797593258e6,6.988419674836958,486870.2172399689,717.3620433469159,15.777456994426842,606.2479748197637,tumor_dominant,2
3.383855153428233e-5,2.7503861551253435e-7,12219.34989068081,9.735598832203595e6,6.988362714540263,486806.4931175288,717.4557495491567,15.77951245906557,606.327237880007,tumor_dominant,2
3.383855153428233e-5,2.978410762814096e-7,5142.280135378589,9.734215805352448e6,6.988301014839442,486737.4762150073,717.5572663938444,15.781740072549727,606.4131077323178,tumor_dominant,2
3.383855153428233e-5,3.225340069253865e-7,3584.075031621432,9.732717890430663e6,6.9882341798535625,486662.72605537676,717.6672486888469,15.784153467656555,606.5061382630003,tumor_dominant,2
3.383855153428233e-5,3.4927413949127666e-7,2812.446864292246,2860.5057695856763,3.456594625902872,643.0252501860537,209202.1854952458,782.3616413391244,239469.43406699688,intermediate,1
3.383855153428233e-5,3.7823120011525856e-7,2308.062066386477,2318.323746622579,3.3653613745794395,615.9161617905654,212647.76461708688,666.1114517854583,244847.98279170916,intermediate,1
3.383855153428233e-5,4.095889863160102e-7,1932.9754714667527,1935.7769435266632,3.2870796063806282,596.7888298033747,215147.95689878287,576.4121677972905,248790.64072351804,intermediate,1
3.383855153428233e-5,4.4354653360234233e-7,1634.2929667327817,1635.1673860374844,3.213827731556468,581.7583600679526,217154.27694892572,501.0561990988357,251979.06420893534,intermediate,1
3.383855153428233e-5,4.803193788000626e-7,1386.9504567664649,1387.249175432034,3.14246742419004,569.3624503320036,218837.30193318264,435.4555124583399,254670.76726352598,intermediate,1
3.383855153428233e-5,5.201409281167251e-7,1177.287977604108,1177.3973762910964,3.0712917668763535,558.8698686739974,220282.43439058494,377.3457229317842,256994.52995962833,intermediate,1
3.383855153428233e-5,5.63263938627689e-7,997.0764681080068,997.118947431905,2.9991822999397706,549.8559417419686,221539.24190975033,325.44135801600993,259024.95003111195,controlled,0
3.383855153428233e-5,6.099621225868601e-7,840.9646166450998,840.9820162543368,2.9253028155793244,542.0491000682778,222639.39753856318,278.9428704314471,260809.5806087805,controlled,0
3.383855153428233e-5,6.605318847450488e-7,705.2490808118675,705.2565574314306,2.8489624931716575,535.2628259445177,223604.64927790663,237.3147896654517,262381.0114395887,controlled,0
3.383855153428233e-5,7.152942037031436e-7,587.2246562554576,587.2280105498647,2.7695457011258298,529.3613952901426,224450.87523293108,200.17132392562348,263763.0236978923,controlled,0
3.383855153428233e-5,7.745966692414835e-7,484.8145208028161,484.8160960645256,2.686471899757294,524.2408002303839,225190.34384935637,167.21128957888803,264974.031457685,controlled,0
3.383855153428233e-5,8.388156885568838e-7,396.34702683784064,396.34777442601984,2.5991707848445302,519.8173778485615,225833.06637124385,138.17845450270514,266029.14634178695,controlled,0
3.383855153428233e-5,9.083588754108175e-7,320.41466165192566,320.41499153329266,2.5070661293916814,516.0207468239511,226387.65319294407,112.836287834846,266941.4826601073,controlled,0
3.383855153428233e-5,9.836676373532668e-7,255.78193694062543,255.78212922691642,2.4095647956888673,512.7890971600482,226861.8591785887,90.95178326428533,267722.99393033906,controlled,0
3.383855153428233e-5,1.0652199774439907e-6,201.32522736532624,201.32528842230155,2.306050168168135,510.0662584677612,227262.950433997,72.28543489483945,268385.0232550149,controlled,0
3.383855153428233e-5,1.1535335282543925e-6,155.99257413174348,155.99263324771846,2.1958792739702053,507.79962780127283,227597.92280321693,56.58587089576317,268938.6329052273,controlled,0
3.383855153428233e-5,1.2491688374075696e-6,118.78017837610155,118.78021256218801,2.0783850794486693,505.9390066315156,227873.63200394335,43.58813729024361,269394.78682110255,controlled,0
3.383855153428233e-5,1.3527329255106409e-6,88.71931808562091,88.71933341187452,1.952886038243297,504.4359643677248,228096.84346273637,33.01500419276455,269764.4080558972,controlled,0
3.383855153428233e-5,1.4648831390624412e-6,64.87300634705507,64.87301773657389,1.8187075595447701,503.2436475509489,228274.22102188482,24.58072765468636,270058.3386837524,controlled,0
3.383855153428233e-5,1.5863313227918852e-6,46.33954035649262,46.339532879493234,1.675223968234818,502.31697420329715,228412.27062151092,17.996702961503406,270287.22604323545,controlled,0
3.383855153428233e-5,1.7178483379099004e-6,32.26108542390023,32.26108806270676,1.5219364520963803,501.6130451864296,228517.2473152598,12.978385444447945,270461.3530054596,controlled,0
3.383855153428233e-5,1.8602689549533346e-6,21.835754660080738,21.83575543607132,1.3586153831990064,501.09177979995735,228595.04702579573,9.252771186109294,270590.4420805685,controlled,0
3.383855153428233e-5,2.0144971522769457e-6,14.330499997030184,14.330496514173808,1.1855562207300396,500.71651802705384,228651.08832954583,6.565681490013172,270683.45041094476,controlled,0
3.383855153428233e-5,2.1815118538242366e-6,9.093181052674659,9.093181191995827,1.0040280697436432,500.454655462288,228690.21148081485,4.688094937637225,270748.39145327994,controlled,0
3.383855153428233e-5,2.3623731425962365e-6,5.561614550167045,5.5616159430348455,0.8170108071683008,500.2780845081946,228716.60044736837,3.420868896943211,270792.1996231071,controlled,0
3.383855153428233e-5,2.5582289892565713e-6,3.268069584281428,3.2680688888496547,0.6302314205476108,500.16339770309173,228733.7408752204,2.597380882054677,270820.6572835231,controlled,0
3.383855153428233e-5,2.770322538580971e-6,1.8384843662547392,1.8384838401474322,0.45308642607428135,500.0919278402406,228744.42694267904,2.0838959567431496,270838.39904519706,controlled,0
3.383855153428233e-5,3.000000000000001e-6,0.9864396481686905,0.9864394218411611,0.2980753254139049,500.04932464521136,228750.79596727024,1.7777821896982497,270848.974015839,controlled,0
3.874675120456128e-5,2.0000000000000002e-7,9.741594186470615e6,9.741682752121806e6,6.988634026802398,487110.09748671856,717.0094393392301,15.769656246020885,529.2730528667146,tumor_dominant,2
3.874675120456128e-5,2.1658127948788786e-7,9.740350883472728e6,9.740804899210637e6,6.9885948894352214,487066.29023016297,717.073791891188,15.771068079640163,529.3206058494332,tumor_dominant,2
3.874675120456128e-5,2.3453725312305292e-7,9.735926244928045e6,9.739854175607994e6,6.988552499291151,487018.8465185203,717.1434994009605,15.772597246232042,529.372115860449,tumor_dominant,2
3.874675120456128e-5,2.5398189184482656e-7,9.660324879351713e6,9.738824524098527e6,6.988506585301785,486967.4640779903,717.2190092462777,15.774254001310052,529.4279134898073,tumor_dominant,2
3.874675120456128e-5,2.7503861551253435e-7,4.726431953326711e6,9.737709382550398e6,6.988456853683827,486911.81543762045,717.3008064887931,15.776049145251376,529.4883571744137,tumor_dominant,2
3.874675120456128e-5,2.978410762814096e-7,11639.342554664334,9.736501641579162e6,6.988402986013858,486851.54581653257,717.3894171016967,15.777993687219846,529.5538355831603,tumor_dominant,2
3.874675120456128e-5,3.225340069253865e-7,5019.61653298715,9.735193598618718e6,6.988344637136135,486786.2708318435,717.4854114830151,15.7800994310597,529.6247702131755,tumor_dominant,2
3.874675120456128e-5,3.4927413949127666e-7,3512.7994198251076,4059.4810571404078,3.6085774887706323,702.9739587339965,201965.43429935945,1000.3686899869106,211694.64167274535,intermediate,1
3.874675120456128e-5,3.7823120011525856e-7,2758.789636461156,2802.2453747747245,3.4476611142592457,640.1122279999026,209567.06867348816,770.4442433402934,223203.29269443935,intermediate,1
3.874675120456128e-5,4.095889863160102e-7,2263.4962311282866,2272.7509641614006,3.356742896229819,613.6375220067832,212942.5593856062,655.772642459335,228433.50258747436,intermediate,1
3.874675120456128e-5,4.4354653360234233e-7,1894.2518773480854,1896.7482176222913,3.278238592205725,594.8374014868799,215406.3435767467,566.8778075402672,232298.91519060123,intermediate,1
3.874675120456128e-5,4.803193788000626e-7,1599.8751887654696,1600.6405682699015,3.2045650606051637,580.0320145051678,217387.1120259676,492.1116275682537,235436.30825086235,intermediate,1
3.874675120456128e-5,5.201409281167251e-7,1356.0097642796047,1356.2652243203222,3.1326647217966617,567.8132620931843,219049.47672049244,427.0275264298664,238090.12932721994,intermediate,1
3.874675120456128e-5,5.63263938627689e-7,1149.335333247506,1149.426207026433,3.0608587664996283,557.4713025912575,220476.4986441925,369.4144665746562,240383.52242488464,intermediate,1
3.874675120456128e-5,6.099621225868601e-7,971.8020441869895,971.8361102103639,2.9880396825845428,548.5918064366581,221716.648780725,318.0104742834744,242388.15878891904,controlled,0
3.874675120456128e-5,6.605318847450488e-7,818.1583008554563,818.171666026557,2.913374922268077,540.9085730912312,222801.03587655036,272.0260661838469,244149.9014737357,controlled,0
3.874675120456128e-5,7.152942037031436e-7,684.7569684521634,684.7624677036547,2.8361737121652695,534.2381237796144,223751.12727610164,230.9286812971287,245700.32484751768,controlled,0
3.874675120456128e-5,7.745966692414835e-7,568.9233204106163,568.9256533500537,2.7558182057677008,528.4462764229893,224582.6711696185,194.33096982123863,247062.5896489933,controlled,0
3.874675120456128e-5,8.388156885568838e-7,468.59489408470694,468.59591525584244,2.671724310578649,523.4297879728309,225307.90917820568,161.92718368108658,248254.7568393978,controlled,0
3.874675120456128e-5,9.083588754108175e-7,382.1039504859435,382.1043827756762,2.5833171204101304,519.1052084558893,225936.88787743263,133.45447432678466,249291.765519161,controlled,0
3.874675120456128e-5,9.836676373532668e-7,308.04003034424943,308.0402360993597,2.4900150269275025,515.4020092921248,226478.29232393857,108.66836174834721,250186.685578098,controlled,0
3.874675120456128e-5,1.0652199774439907e-6,245.16077316723883,245.16087784684913,2.3912190320018443,512.2580311984229,226939.97641029317,87.32717916617358,250951.51700025465,controlled,0
3.874675120456128e-5,1.1535335282543925e-6,192.33318820178,192.33324488447352,2.2863065401560654,509.61665958996645,227329.31628625924,69.18263883983578,251597.71037314276,controlled,0
3.874675120456128e-5,1.2491688374075696e-6,148.49578474049414,148.49578767496843,2.1746289557688754,507.424780912418,227653.4133792973,53.975026545301894,252136.46610564762,controlled,0
3.874675120456128e-5,1.3527329255106409e-6,112.63577102836656,112.63577524964721,2.055515079152693,505.6317861785446,227919.22091722945,41.43198888563273,252578.89989697674,controlled,0
3.874675120456128e-5,1.4648831390624412e-6,83.77782498806556,83.7778049602014,1.9282821677640118,504.1888817205812,228133.57727124565,31.270293948806096,252936.07238682333,controlled,0
3.874675120456128e-5,1.5863313227918852e-6,60.981291000649776,60.9812792706385,1.7922605356729582,503.04905729747304,228303.19516280928,23.199936922643655,253218.93841778743,controlled,0
3.874675120456128e-5,1.7178483379099004e-6,43.34459442878841,43.34459563263044,1.646840699028103,502.1672205683892,228434.59409065807,16.93002519123297,253438.21384433945,controlled,0
3.874675120456128e-5,1.8602689549533346e-6,30.014237189012608,30.014230914073355,1.491561016069569,501.5007090066889,228534.01058432696,12.175777881491467,253604.20189912658,controlled,0
3.874675120456128e-5,2.0144971522769457e-6,20.196644565194045,20.196640144366246,1.3262670268532295,501.00982951348266,228607.28420252027,8.665931860685731,253726.58812767753,controlled,0
3.874675120456128e-5,2.1815118538242366e-6,13.170899336943291,13.170899779767518,1.1513974266046776,500.6585471926478,228659.75000565356,6.149791892038629,253814.2439449108,controlled,0
3.874675120456128e-5,2.3623731425962365e-6,8.299953683188626,8.299953864824904,0.968480794112896,500.41500023828723,228696.13849359215,4.403195306454026,253875.0511045638,controlled,0
3.874675120456128e-5,2.5582289892565713e-6,5.038594795918988,5.0385943796803065,0.7809358584569901,500.2519243202327,228720.50847181043,3.232766932076894,253915.7805437758,controlled,0
3.874675120456128e-5,2.770322538580971e-6,2.9367750035940627,2.9367743743914674,0.595140525086225,500.146836004893,228736.21725048765,2.4780506143623677,253942.03649985848,controlled,0
3.874675120456128e-5,3.000000000000001e-6,1.637610487406939,1.6376101423441394,0.4212106041213055,500.0818929011886,228745.92903250674,2.0113850375951876,253958.26921329563,controlled,0
4.4366873309786156e-5,2.0000000000000002e-7,9.742999687184608e6,9.743022667742096e6,6.988693757538764,487176.96291894437,716.911160067233,15.767437986628309,462.2266012935269,tumor_dominant,2
4.4366873309786156e-5,2.1658127948788786e-7,9.74217413268249e6,9.742256024999503e6,6.988659583156765,487138.7053640398,716.9673441055972,15.768670754063496,462.2628688092594,tumor_dominant,2
4.4366873309786156e-5,2.3453725312305292e-7,9.741012873072801e6,9.741425753215976e6,6.9886225693704205,487097.2725405793,717.0282011935564,15.770006192451037,462.30215284591884,tumor_dominant,2
4.4366873309786156e-5,2.5398189184482656e-7,9.737037103796558e6,9.740526565115089e6,6.988582479713674,487052.4005974182,717.094121360978,15.771452380075276,462.34470517473,tumor_dominant,2
4.4366873309786156e-5,2.7503861551253435e-7,9.672207511328619e6,9.739552732987717e6,6.988539057931896,487003.803704286,717.1655274255975,15.773019213175363,462.3907987322964,tumor_dominant,2
4.4366873309786156e-5,2.978410762814096e-7,5.418863509808722e6,9.738498051815432e6,6.9884920263093,486951.17221148085,717.2428777899755,15.774716342144323,462.4407294261468,tumor_dominant,2
4.4366873309786156e-5,3.225340069253865e-7,12158.609025771846,9.737355799273586e6,6.988441083852114,486894.1706538422,717.3266694840742,15.776554726048158,462.4948180988431,tumor_dominant,2
4.4366873309786156e-5,3.4927413949127666e-7,5033.353941451068,9.73611869234424e6,6.988385904314563,486832.43558553007,717.4174414762475,15.77854653542171,462.5534126653673,tumor_dominant,2
4.4366873309786156e-5,3.7823120011525856e-7,3497.286817858414,4112.838583486062,3.6142472470872926,705.6418345545248,201654.9991147734,1008.9667489443731,194905.1606057909,intermediate,1
4.4366873309786156e-5,4.095889863160102e-7,2738.664049777269,2781.825975912443,3.444486048567596,639.091248233093,209695.2545878926,766.2354147422227,206806.35215302237,intermediate,1
4.4366873309786156e-5,4.4354653360234233e-7,2242.87308616555,2251.8546093523355,3.3527331649180425,612.5926891921818,213078.0035202509,651.0010436743602,211959.71806499525,intermediate,1
4.4366873309786156e-5,4.803193788000626e-7,1874.1981343692125,1876.5678712509507,3.2735956450514405,593.8283700072132,215540.18977463437,561.9189653203651,215767.07500652052,intermediate,1
4.4366873309786156e-5,5.201409281167251e-7,1580.7510459583682,1581.460168370383,3.1993327873310005,579.0729955036226,217516.6732779702,487.11608216423673,218858.44954869882,intermediate,1
4.4366873309786156e-5,5.63263938627689e-7,1337.9670352666105,1338.197137817789,3.126844512459767,566.9098467288545,219173.3934261758,422.08858612122714,221474.1352672868,intermediate,1
4.4366873309786156e-5,6.099621225868601e-7,1132.4528962063398,1132.532131942517,3.054433835470512,556.6265981674067,220593.8759325778,364.60239876413755,223734.8260674782,intermediate,1
4.4366873309786156e-5,6.605318847450488e-7,956.1279540225067,956.1565262518732,2.9809829648706896,547.8078239764903,221826.813055391,313.3828776311816,225710.65222443818,controlled,0
4.4366873309786156e-5,7.152942037031436e-7,803.7233683337431,803.7340275763553,2.9056523655324984,540.1866864017729,222903.46436841256,267.63146692110485,227446.47345370648,controlled,0
4.4366873309786156e-5,7.745966692414835e-7,671.578697936564,671.5828877404574,2.8277458135369975,533.5791460213572,223845.4274218189,226.80759959637166,228973.20008537086,controlled,0
4.4366873309786156e-5,8.388156885568838e-7,557.0064167370022,557.0080844793424,2.7466404910869215,527.8503975863554,224668.5732925902,190.51613112722387,230313.55303728586,controlled,0
4.4366873309786156e-5,9.083588754108175e-7,457.9306657254546,457.9313406071014,2.6617477168534323,522.8965587994657,225385.2740604539,158.44321728620866,231485.32016890068,controlled,0
4.4366873309786156e-5,9.836676373532668e-7,372.66954564526924,372.6698227900027,2.572488026067533,518.6334864403864,226005.71043444928,130.3176212132313,232503.2851566248,controlled,0
4.4366873309786156e-5,1.0652199774439907e-6,299.7980250044362,299.7981497643184,2.4782751605445443,514.9898951986778,226538.70109762618,105.88630593239517,233380.44628056712,controlled,0
4.4366873309786156e-5,1.1535335282543925e-6,238.0592356867956,238.0592777971684,2.37850560315804,511.9029602711922,226992.23821667925,84.89909161424566,234128.79864268115,controlled,0
4.4366873309786156e-5,1.2491688374075696e-6,186.30618087721604,186.30620750512756,2.2725521705442215,509.315300976642,227373.81990851485,67.09956043638567,234759.81750213963,controlled,0
4.4366873309786156e-5,1.3527329255106409e-6,143.46491775830663,143.46491019852627,2.159762371952242,507.1732433225973,227690.66708164453,52.2205407906384,235284.75642733352,controlled,0
4.4366873309786156e-5,1.4648831390624412e-6,108.5121186840744,108.51209339610097,2.0394620808673665,505.4255926216033,227949.8262344838,39.983243733417744,235714.77810252653,controlled,0
4.4366873309786156e-5,1.5863313227918852e-6,80.46449389802856,80.4644638736392,1.9109682037192195,504.0232207933368,228158.2149860903,30.09928214953506,236060.98564276317,controlled,0
4.4366873309786156e-5,1.7178483379099004e-6,58.37658426257431,58.37658124021688,1.7736151883551412,502.9188264876936,228322.59178551708,22.275000070529305,236334.34482264478,controlled,0
4.4366873309786156e-5,1.8602689549533346e-6,41.34542845700784,41.345426871747,1.6268065152191262,502.0672675308078,228449.49847114697,16.217464918989716,236545.5546700698,controlled,0
4.4366873309786156e-5,2.0144971522769457e-6,28.519537638452483,28.519537782433215,1.4701095530117672,501.4259737311184,228545.16315633166,11.641479518843257,236704.86291918904,controlled,0
4.4366873309786156e-5,2.1815118538242366e-6,19.110745535818,19.11074530361697,1.3034281658354445,500.95553104772085,228615.39141857906,8.276880165037301,236821.86425743028,controlled,0
4.4366873309786156e-5,2.3623731425962365e-6,12.406378650971243,12.406378679535695,1.127311482408899,500.6203212634014,228665.46061269884,5.875372780982078,236905.30652997247,controlled,0
4.4366873309786156e-5,2.5582289892565713e-6,7.779841549711563,7.7798415081342664,0.9434866761835533,500.38898576974805,228700.02409665717,4.216193710422413,236962.92154013272,controlled,0
4.4366873309786156e-5,2.770322538580971e-6,4.6977530021083025,4.697752964665244,0.755703615768943,500.2348898568346,228723.05621249744,3.1100025381462086,237001.31980006848,controlled,0
4.4366873309786156e-5,3.000000000000001e-6,2.7223387972648645,2.722338415177241,0.5708158543301908,500.13612073949844,228737.82045697578,2.400634706643505,237025.93682636812,controlled,0
5.0802180469130226e-5,2.0000000000000002e-7,9.744185593132451e6,9.74419299363272e6,6.988745921586578,487235.36534795613,716.825335808718,15.765496456006336,403.6735080611204,tumor_dominant,2
5.0802180469130226e-5,2.1658127948788786e-7,9.743503275632141e6,9.743523471482405e6,6.988716080250762,487201.95438250387,716.8743900417786,15.766572884475252,403.7011685251876,tumor_dominant,2
5.0802180469130226e-5,2.3453725312305292e-7,9.742728409811111e6,9.742798388694394e6,6.988683760203517,487165.7707859725,716.9275226460555,15.767739107727222,403.7311286870937,tumor_dominant,2
5.0802180469130226e-5,2.5398189184482656e-7,9.741673810679909e6,9.742013129770646e6,6.988648755134845,487126.58423124277,716.9850737292468,15.769001376528292,403.7635803265536,tumor_dominant,2
5.0802180469130226e-5,2.7503861551253435e-7,9.73845494503306e6,9.741162694970947e6,6.988610841490132,487084.14521621034,717.047411940334,15.770369286044168,403.7987313172901,tumor_dominant,2
5.0802180469130226e-5,2.978410762814096e-7,9.692523298512222e6,9.740241668181123e6,6.988569777016105,487038.1834602841,717.1149368956637,15.77185059246318,403.8368069950929,tumor_dominant,2
5.0802180469130226e-5,3.225340069253865e-7,6.838871757502063e6,9.739244182069477e6,6.988525299182009,486988.40616553253,717.1880818166202,15.773455408601654,403.8780516452011,tumor_dominant,2
5.0802180469130226e-5,3.4927413949127666e-7,14192.408124717269,9.73816388029805e6,6.988477123464898,486934.49613086536,717.2673163982261,15.77519396661076,403.9227301199088,tumor_dominant,2
5.0802180469130226e-5,3.7823120011525856e-7,5192.616799385082,9.736993876534753e6,6.988424941486916,486876.1097065445,717.353149930021,15.77707771597237,403.97112959843923,tumor_dominant,2
5.0802180469130226e-5,4.095889863160102e-7,3538.0181960048617,9.735726709989533e6,6.988368418991248,486812.87457523274,717.4461346926264,15.7791175382958,404.0235615022844,tumor_dominant,2
5.0802180469130226e-5,4.4354653360234233e-7,2751.7341294265902,2798.9404305906432,3.447148791720443,639.9470021352369,209587.8051606263,769.7633629097181,190437.6364034032,intermediate,1
5.0802180469130226e-5,4.803193788000626e-7,2245.7776409348157,2255.1793892113296,3.3533736275131143,612.7589421489806,213056.44206929553,651.7610104005516,195582.0401370875,intermediate,1
5.0802180469130226e-5,5.201409281167251e-7,1872.424359997407,1874.8281137102992,3.27319304049978,593.7413858342134,215551.73680035883,561.4901028541175,199348.84653412702,intermediate,1
5.0802180469130226e-5,5.63263938627689e-7,1576.5657722468109,1577.2640266319488,3.1981796577565818,578.863196010303,217545.03875561143,486.0202880044246,202398.48218149313,intermediate,1
5.0802180469130226e-5,6.099621225868601e-7,1332.4968998878003,1332.7165543453261,3.1250635417518198,566.6358259417585,219211.01087035701,420.58656330960787,204975.51297162907,intermediate,1
5.0802180469130226e-5,6.605318847450488e-7,1126.3378201545293,1126.4108306558262,3.0520822026249066,556.3205336629097,220636.43649498187,362.854486874334,207201.1429384645,intermediate,1
5.0802180469130226e-5,7.152942037031436e-7,949.7684815085585,949.7937808873191,2.978086332358674,547.489676489019,221871.54833176703,311.50052979355337,209145.25382394966,controlled,0
5.0802180469130226e-5,7.745966692414835e-7,797.3875959860638,797.3966613576687,2.9022187122009413,539.8698290077882,222948.45714407804,265.6980821171798,210852.3272868064,controlled,0
5.0802180469130226e-5,8.388156885568838e-7,665.4533895611429,665.4567382668472,2.823771963289598,533.2728336387266,223889.2866428263,224.88800667480493,212352.9184220391,controlled,0
5.0802180469130226e-5,9.083588754108175e-7,551.223445668799,551.2247123755518,2.74211583766759,527.5612327157245,224710.28411680573,188.66124808462826,213669.4720047163,controlled,0
5.0802180469130226e-5,9.836676373532668e-7,452.5816675136446,452.5821511970119,2.6566559564025733,522.6291046940389,225424.09967994867,156.69258504014917,214819.55977298127,controlled,0
5.0802180469130226e-5,1.0652199774439907e-6,367.8146415301346,367.8148262424677,2.5668083712369802,518.3907376871753,226041.14248204895,128.70078791522053,215817.81194489554,controlled,0
5.0802180469130226e-5,1.1535335282543925e-6,295.4714840397646,295.47156627275024,2.47198304777453,514.7735746580131,226570.42600708274,104.42375550441207,216677.12112112014,controlled,0
5.0802180469130226e-5,1.2491688374075696e-6,234.2735192992852,234.27352415054634,2.3715730578081393,511.71367158768453,227020.1075549281,83.60302086134963,217409.40617036913,controlled,0
5.0802180469130226e-5,1.3527329255106409e-6,183.05526680316197,183.05528150777812,2.264948284139514,509.15275987820394,227397.83264389617,65.97464688874777,218026.090668089,controlled,0
5.0802180469130226e-5,1.4648831390624412e-6,140.72734432910144,140.72735089810433,2.1514536695692095,507.03636421074015,227710.94352458318,51.26482931862138,218538.37963841547,controlled,0
5.0802180469130226e-5,1.5863313227918852e-6,106.25400088324477,106.25397576637376,2.0304133998907448,505.31269416564373,227966.59001667728,39.189149946029254,218957.38819798702,controlled,0
5.0802180469130226e-5,1.7178483379099004e-6,78.64236228039135,78.64235077644882,1.901144070468538,503.93210587354974,228171.7654385273,29.454727026750405,219294.1555019124,controlled,0
5.0802180469130226e-5,1.8602689549533346e-6,56.94056977923612,56.94056959763714,1.7629827603170833,502.8470223746066,228333.28646267997,21.76461811524558,219559.57182641572,controlled,0
5.0802180469130226e-5,2.0144971522769457e-6,40.2421007550291,40.24209585765792,1.615340727326497,502.0121024948202,228457.72485548467,15.823843958477418,219764.23464891574,controlled,0
5.0802180469130226e-5,2.1815118538242366e-6,27.694780318450206,27.69477864767427,1.4578028789361082,501.38473659638595,228551.31759665784,11.346351045752183,219918.27036251413,controlled,0
5.0802180469130226e-5,2.3623731425962365e-6,18.512297429790188,18.512297608809398,1.2903084113769123,500.9256180391395,228619.86039993094,8.062195609767068,220031.1353726807,controlled,0
5.0802180469130226e-5,2.5582289892565713e-6,11.985938215815079,11.985937557720115,1.1134733102568366,500.59929881638124,228668.6011978071,5.724203295117433,220111.42317205208,controlled,0
5.0802180469130226e-5,2.770322538580971e-6,7.494637292296799,7.494637254021317,0.9291448379501489,500.3747377970899,228702.1559631415,4.113404974297783,220166.7099057974,controlled,0
5.0802180469130226e-5,3.000000000000001e-6,4.511516111546355,4.51151614944397,0.7412710842896291,500.22558184426924,228724.4483082679,3.0426819041914372,220203.44651361465,controlled,0
5.817091329374358e-5,2.0000000000000002e-7,9.745212340588203e6,9.745215178741278e6,6.988791477542209,487286.37513987964,716.7503869002106,15.763796995196047,352.53781122484025,tumor_dominant,2
5.817091329374358e-5,2.1658127948788786e-7,9.744624134249732e6,9.744630472893314e6,6.988765419408978,487257.1967434346,716.7932175160762,15.764737071957185,352.55890734191496,tumor_dominant,2
5.817091329374358e-5,2.3453725312305292e-7,9.743980481612504e6,9.743997250793494e6,6.988737197325869,487225.5972515214,716.8396078026799,15.765754580583216,352.5817567702711,tumor_dominant,2
5.817091329374358e-5,2.5398189184482656e-7,9.74325574983524e6,9.74331148314572e6,6.9887066312709125,487191.37559042964,716.8898543921399,15.766857418990742,352.6065056163737,tumor_dominant,2
5.817091329374358e-5,2.7503861551253435e-7,9.74231387751769e6,9.74256880538923e6,6.988673526190336,487154.3139556439,716.9442787714581,15.768050992846627,352.63331222910284,tumor_dominant,2
5.817091329374358e-5,2.978410762814096e-7,9.739898573539974e6,9.741764489693208e6,6.988637670733797,487114.1764142604,717.0032293886861,15.769344882924658,352.66234823718594,tumor_dominant,2
5.817091329374358e-5,3.225340069253865e-7,9.712246677904619e6,9.740893414592817e6,6.98859883588152,487070.7073897043,717.0670839416493,15.770745368532674,352.69379967654436,tumor_dominant,2
5.817091329374358e-5,3.4927413949127666e-7,8.255060230335718e6,9.739950032065352e6,6.988556773453845,487023.6300186852,717.136251865732,15.772263152501711,352.7278682156972,tumor_dominant,2
5.817091329374358e-5,3.7823120011525856e-7,19911.655816321545,9.73892833182605e6,6.988511214492734,486972.6443694096,717.2111770388865,15.773906984051441,352.7647724881744,tumor_dominant,2
5.817091329374358e-5,4.095889863160102e-7,5542.562582335538,9.737821802604947e6,6.988461867503873,486917.42550911626,717.2923407237868,15.775687678609437,352.80474954173707,tumor_dominant,2
5.817091329374358e-5,4.4354653360234233e-7,3641.646749476106,9.736623390143674e6,6.988408416546886,486857.621407924,717.3802647690497,15.777616779678842,352.84805641521905,tumor_dominant,2
5.817091329374358e-5,4.803193788000626e-7,2799.705556001928,2856.9971558254238,3.456061792261131,642.8498252912727,209224.1250234302,781.6458718312641,174230.968134054,intermediate,1
5.817091329374358e-5,5.201409281167251e-7,2272.7286877303522,2283.385585106371,3.35876941102324,614.1692549852373,212873.69531686153,658.1918901809962,179447.1019791621,intermediate,1
5.817091329374358e-5,5.63263938627689e-7,1889.0600270893522,1891.674894196591,3.27707602136895,594.5837246195591,215439.97719920188,565.6316373679673,183192.332948673,intermediate,1
5.817091329374358e-5,6.099621225868601e-7,1587.2944946906819,1588.0282652922976,3.201131622412727,579.4013920316063,217472.2895141912,488.8276903124233,186204.9024291662,intermediate,1
5.817091329374358e-5,6.605318847450488e-7,1339.505108991388,1339.7281654637513,3.127340732955022,566.9863931610407,219162.88730090452,422.50673478532497,188743.0064239371,intermediate,1
5.817091329374358e-5,7.152942037031436e-7,1130.861984200071,1130.933545879761,3.0538209308232016,556.5466675193511,220604.9889034449,364.1452539752105,190931.4705398241,intermediate,1
5.817091329374358e-5,7.745966692414835e-7,952.5782859987725,952.6021299065553,2.9793672124104553,547.6300995156532,221851.8013082222,312.33090134381723,192841.2241974949,controlled,0
5.817091329374358e-5,8.388156885568838e-7,798.997142452635,799.005300394662,2.9030928643976033,539.9502577955574,222937.03481935695,266.1884203569166,194516.98550908276,controlled,0
5.817091329374358e-5,9.083588754108175e-7,666.2238446306834,666.22671357078,2.824273425705423,533.3113331896958,223883.77318113102,225.1288161945988,195989.26820345182,controlled,0
5.817091329374358e-5,9.836676373532668e-7,551.4173072798011,551.418315905658,2.7422680695533854,527.5709091554899,224708.88707746498,188.7228404741984,197280.37808730482,controlled,0
5.817091329374358e-5,1.0652199774439907e-6,452.3935333662139,452.39389842059506,2.6564756712821245,522.6196917341915,225425.46624472225,156.6304297555377,198407.72860859096,controlled,0
5.817091329374358e-5,1.1535335282543925e-6,367.38978513557146,367.3899120182591,2.566307728976522,518.3694895102853,226044.2438166786,128.55872038131835,199385.7903454136,controlled,0
5.817091329374358e-5,1.2491688374075696e-6,294.9177846697321,294.91783535924174,2.471171141452191,514.7458871574315,226574.48673166026,104.2360139274648,200227.30744500697,controlled,0
5.817091329374358e-5,1.3527329255106409e-6,233.66958279859227,233.66958276239254,2.370456801168531,511.68347619308355,227024.554328383,83.39571282484526,200944.0565696589,controlled,0
5.817091329374358e-5,1.4648831390624412e-6,182.45645345073888,182.45645662623437,2.2635330010622634,509.12281430273293,227402.2559643943,65.76691630118488,201547.32168772034,controlled,0
5.817091329374358e-5,1.5863313227918852e-6,140.17037035766916,140.17037353287853,2.149743563846034,507.0085163288253,227715.06945322722,51.069885679640485,202048.16882352802,controlled,0
5.817091329374358e-5,1.7178483379099004e-6,105.76081777306194,105.76080584631836,2.0284118432466847,505.2880370606579,227970.25151539317,39.015248489842655,202457.56472577338,controlled,0
5.817091329374358e-5,1.8602689549533346e-6,78.22351455476834,78.223506267941,1.898854059465919,503.9111642522796,228174.88066376952,29.30611254711991,202786.39276339812,controlled,0
5.817091329374358e-5,2.0144971522769457e-6,56.598027780358755,56.598027793179625,1.7604076130551032,502.82989816252444,228335.83794313893,21.642437008723544,203045.37763924303,controlled,0
5.817091329374358e-5,2.1815118538242366e-6,39.971836569617714,39.971828438752624,1.6124853455284873,501.99858291539095,228459.73959634008,15.727000773735062,203244.9409084856,controlled,0
5.817091329374358e-5,2.3623731425962365e-6,27.488942366403627,27.488940304672916,1.4546762952067538,501.37444156098127,228552.85341070467,11.272279027371317,203395.03087582075,controlled,0
5.817091329374358e-5,2.5582289892565713e-6,18.36102665565483,18.361026478815138,1.2869283789159434,500.9180533691399,228620.98982981677,8.007518730816548,203504.92259875793,controlled,0
5.817091329374358e-5,2.770322538580971e-6,11.878780096816316,11.878780764368585,1.1098747502621216,500.593944257661,228669.40187052413,5.685267505679166,203583.03486181196,controlled,0
5.817091329374358e-5,3.000000000000001e-6,7.421589696454474,7.421589510226713,0.9253940689783217,500.37108347126366,228702.70165555045,4.086672599397638,203636.77937366915,controlled,0
6.660846290809153e-5,2.0000000000000002e-7,9.746106706471827e6,9.74610796293804e6,6.988831262548886,487330.9274690187,716.6849343751651,15.762309258840263,307.87986237020147,tumor_dominant,2
6.660846290809153e-5,2.1658127948788786e-7,9.74559492109792e6,9.745597328121908e6,6.988808507653212,487305.44542127155,716.7223320526149,15.763130043056604,307.895952028775,tumor_dominant,2
6.660846290809153e-5,2.3453725312305292e-7,9.745039111944946e6,9.745044327604e6,6.988783863513416,487277.84920837474,716.7628368997706,15.76401817721308,307.9133784924417,tumor_dominant,2
6.660846290809153e-5,2.5398189184482656e-7,9.744432177185409e6,9.744445443668047e6,6.988757173028941,487247.9632860945,716.8067076738778,15.764980728909302,307.9322530874431,tumor_dominant,2
6.660846290809153e-5,2.7503861551253435e-7,9.743755038640136e6,9.743796866034105e6,6.988728265993179,487215.5975103357,716.8542247845677,15.76602353869245,307.9526964557043,tumor_dominant,2
6.660846290809153e-5,2.978410762814096e-7,9.742916735150618e6,9.743094467443319e6,6.988696957992771,487180.5459187286,716.9056921236448,15.767152605736456,307.974839342095,tumor_dominant,2
6.660846290809153e-5,3.225340069253865e-7,9.74116690098393e6,9.742333777190667e6,6.988663049213218,487142.5854098053,716.9614390526207,15.768375753772899,307.99882344955614,tumor_dominant,2
6.660846290809153e-5,3.4927413949127666e-7,9.726437140670093e6,9.741509952430733e6,6.988626323142557,487101.4743110478,717.0218225621009,15.769700506307986,308.024802368179,tumor_dominant,2
6.660846290809153e-5,3.7823120011525856e-7,9.138228208485872e6,9.740617747066308e6,6.988586545164201,487056.95082629554,717.0872296185454,15.771135636400393,308.0529425848957,tumor_dominant,2
6.660846290809153e-5,4.095889863160102e-7,42669.4627621157,9.739651478012614e6,6.988543461029123,487008.7313521905,717.1580797153656,15.772690131437974,308.0834245810955,tumor_dominant,2
6.660846290809153e-5,4.4354653360234233e-7,6199.820403961054,9.738604988611767e6,6.988496795196716,486956.50865239545,717.234827647039,15.774374229314343,308.11644402619703,tumor_dominant,2
6.660846290809153e-5,4.803193788000626e-7,3823.695377062609,9.73747160895192e6,6.988446249032584,486899.94987734134,717.317966526742,15.776198099889395,308.15221307600035,tumor_dominant,2
6.660846290809153e-5,5.201409281167251e-7,2886.7976238047886,2965.183356378095,3.472197993692353,648.2591319632297,208549.7773305224,803.4386412947105,158279.3191712369,intermediate,1
6.660846290809153e-5,5.63263938627689e-7,2325.298502395591,2338.450540623778,3.3691138680102557,616.9225001831628,212517.83172134345,670.6457939019298,163687.03307408714,intermediate,1
6.660846290809153e-5,6.099621225868601e-7,1924.7903975797733,1927.8529340770413,3.2852991160038405,596.3926317803611,215200.36781551453,574.4799190033751,167434.7753837158,intermediate,1
6.660846290809153e-5,6.605318847450488e-7,1613.2541878161494,1614.0801970476195,3.208194092159697,580.703992586982,217296.4218782462,495.5983417917884,170416.49243982116,intermediate,1
6.660846290809153e-5,7.152942037031436e-7,1359.1323506160566,1359.3746468130882,3.133658529426682,567.9687224789653,219028.1644750087,427.87358754082175,172916.1459427524,intermediate,1
6.660846290809153e-5,7.745966692414835e-7,1146.0729315805092,1146.147923775669,3.059619423426403,557.3073952973929,220499.26619273133,368.480013155134,175065.8260759955,intermediate,1
6.660846290809153e-5,8.388156885568838e-7,964.5522931269613,964.5763455513336,2.984786617981629,548.2288081397688,221767.64160131972,315.8678362686178,176938.9574006476,controlled,0
6.660846290809153e-5,9.083588754108175e-7,808.5160333734716,808.5239624801801,2.9082297087025974,540.4261959167194,222869.473329029,269.08909560832393,178581.15717989442,controlled,0
6.660846290809153e-5,9.836676373532668e-7,673.8358140117832,673.8384645722197,2.8291998286227464,533.6919214479078,223829.28266575627,227.51200556034988,180023.21148956585,controlled,0
6.660846290809153e-5,1.0652199774439907e-6,557.5233737020358,557.5242689864697,2.7470420488176304,527.8762107478389,224664.85164530927,190.67993578312067,181287.44149615386,controlled,0
6.660846290809153e-5,1.1535335282543925e-6,457.29652651463795,457.2968194610702,2.6611468432903904,522.8648347059286,225389.8789300285,158.23411919714124,182391.15298015877,controlled,0
6.660846290809153e-5,1.2491688374075696e-6,371.32385036859165,371.3239466654287,2.5709209695254147,518.566191575998,226015.5314491205,129.86811255600418,183348.65769012677,controlled,0
6.660846290809153e-5,1.3527329255106409e-6,298.06713794867386,298.0671638879848,2.4757687322386213,514.9033475443055,226551.39238670087,105.29992230824608,184172.50800640773,controlled,0
6.660846290809153e-5,1.4648831390624412e-6,236.1810327220681,236.18103261232403,2.3750799555136033,511.8090495790938,227006.06447567604,84.25483469934981,184874.27621312675,controlled,0
6.660846290809153e-5,1.5863313227918852e-6,184.4482047058025,184.4482077022955,2.268222640367436,509.2224069690494,227387.54349437333,66.45541098259544,185465.0255804814,controlled,0
6.660846290809153e-5,1.7178483379099004e-6,141.73836781027876,141.7383672796405,2.1545407247489328,507.08691367461074,227703.45461054443,51.61655837421409,185955.59214680333,controlled,0
6.660846290809153e-5,1.8602689549533346e-6,106.98356645554794,106.98356121454154,2.0333576460683678,505.3491728746463,227961.17358692986,39.4444887675084,186356.70638131272,controlled,0
6.660846290809153e-5,2.0144971522769457e-6,79.16578493320476,79.1657802692688,1.903989023999,503.9582794055204,228167.87265199068,29.63865883339594,186679.00730008786,controlled,0
6.660846290809153e-5,2.1815118538242366e-6,57.31364923277601,57.31365019959004,1.7657702273569607,502.8656861585105,228330.50846727478,21.89599232162441,186932.9737977165,controlled,0
6.660846290809153e-5,2.3623731425962365e-6,40.50584765623207,40.50585230268307,1.618109336316178,502.02529446413917,228455.75855452387,15.91672043579813,187128.78439921033,controlled,0
6.660846290809153e-5,2.5582289892565713e-6,27.879238085166683,27.879239229599776,1.46058574835956,501.393964833708,228549.9414686861,11.41114091700092,187276.15454179156,controlled,0
6.660846290809153e-5,2.770322538580971e-6,18.63943919405748,18.63943967856756,1.2931290930243764,500.93197926527154,228618.9113479242,8.106592563288265,187384.14334681988,controlled,0
6.660846290809153e-5,3.000000000000001e-6,12.071909733157394,12.071913181355454,1.1163391547801806,500.60360047096066,228667.95916237784,5.753905238364346,187460.97561801717,controlled,0
7.626985859023451e-5,2.0000000000000002e-7,9.746887091537481e6,9.746887718305837e6,6.988866007687545,487369.83934953297,716.6277743753641,15.761006652532092,268.87905536578194,tumor_dominant,2
7.626985859023451e-5,2.1658127948788786e-7,9.746440705027154e6,9.746441770692796e6,6.988846137037142,487347.5853704362,716.6604290866277,15.761723169933585,268.89132671210933,tumor_dominant,2
7.626985859023451e-5,2.3453725312305292e-7,9.745956842102097e6,9.745958827672971e6,6.9888246169102555,487323.48521931755,716.6957961629008,15.762499073693597,268.9046173427587,tumor_dominant,2
7.626985859023451e-5,2.5398189184482656e-7,9.745431664181469e6,9.745435818027342e6,6.988801310196297,487297.38563355745,716.734101355526,15.763339535659433,268.9190120935605,tumor_dominant,2
7.626985859023451e-5,2.7503861551253435e-7,9.744859320080591e6,9.74486941521002e6,6.988776068355292,487269.12060892954,716.775589284287,15.764249777225348,268.93460289103433,tumor_dominant,2
7.626985859023451e-5,2.978410762814096e-7,9.744226067239322e6,9.744256016058214e6,6.988748730459548,487238.5103371484,716.8205250281213,15.765236074257402,268.95148935019023,tumor_dominant,2
7.626985859023451e-5,3.225340069253865e-7,9.743474780419093e6,9.743591717715897e6,6.988719122154018,487205.3600542732,716.8691958523132,15.766303644114084,268.96977942360706,tumor_dominant,2
7.626985859023451e-5,3.4927413949127666e-7,9.742193926002517e6,9.742872292619571e6,6.988687054528267,487169.45879240305,716.9219130842586,15.767460332291709,268.9895901063584,tumor_dominant,2
7.626985859023451e-5,3.7823120011525856e-7,9.734878080755955e6,9.742093161380911e6,6.988652322892342,487130.5780264123,716.9790141510945,15.768713266476999,269.0110482017668,tumor_dominant,2
7.626985859023451e-5,4.095889863160102e-7,9.531905826757668e6,9.741249363387067e6,6.9886147054481365,487088.4702067879,717.0408647936866,15.770070085532977,269.03429115343295,tumor_dominant,2
7.626985859023451e-5,4.4354653360234233e-7,352498.66833666887,9.740335524923284e6,6.988573961847039,487042.8671688134,717.1078614729277,15.771540612676114,269.0594679495468,tumor_dominant,2
7.626985859023451e-5,4.803193788000626e-7,7479.964268338381,9.739345824605403e6,6.9885298316238265,486993.47840750543,717.1804339858007,15.773132580515515,269.08674010603187,tumor_dominant,2
7.626985859023451e-5,5.201409281167251e-7,4115.830838742154,9.738273955891147e6,6.988482032495818,486939.9892067553,717.259048310419,15.774857416841478,269.116282735741,tumor_dominant,2
7.626985859023451e-5,5.63263938627689e-7,3020.9452225077794,3146.0937372654735,3.497909678715846,657.304657068829,207431.7845333455,838.8870696435478,142587.4141366274,intermediate,1
7.626985859023451e-5,6.099621225868601e-7,2406.4291040627404,2424.2412898684624,3.3847549535136894,621.2120412393316,211965.76430163573,689.7858683675594,148412.700907632,intermediate,1
7.626985859023451e-5,6.605318847450488e-7,1980.9643137037854,1984.8425099133403,3.297944803178656,599.2420967722072,214823.9976662128,588.2919201222786,152197.60119605297,intermediate,1
7.626985859023451e-5,7.152942037031436e-7,1655.1466825784428,1656.1459230599103,3.21936075270985,582.807276774511,217013.0469604216,506.45791780762295,155157.61588550961,intermediate,1
7.626985859023451e-5,7.745966692414835e-7,1391.773094348797,1392.0552999596514,3.1439683569053924,569.6027564189262,218804.42649041905,436.7550357503923,157620.57539184156,intermediate,1
7.626985859023451e-5,8.388156885568838e-7,1172.2024910307678,1172.286762743365,3.069404170901963,558.614328583192,220317.86547252763,375.89689011340835,159730.58879369282,intermediate,1
7.626985859023451e-5,9.083588754108175e-7,985.8295271730493,985.8555585011661,2.9942535916398105,549.2927687702469,221618.23939305695,322.1327037264293,161565.32618420562,controlled,0
7.626985859023451e-5,9.836676373532668e-7,826.0275382458093,826.035794372121,2.917524306362568,541.3017849998005,222745.28271139343,274.4114828475795,163172.06276629266,controlled,0
7.626985859023451e-5,1.0652199774439907e-6,688.3379958261473,688.3406649223542,2.8384338987327884,534.4170331316279,223725.53885348837,232.0428229745709,164582.22112201015,controlled,0
7.626985859023451e-5,1.1535335282543925e-6,569.5686302915216,569.5694952514973,2.756308548957782,528.4784736060349,224578.0327457693,194.5340775899188,165818.3025627558,controlled,0
7.626985859023451e-5,1.2491688374075696e-6,467.30410321162407,467.30437454838875,2.6705282146544964,523.3652148700562,225317.275997377,161.50301846720757,166897.5747463028,controlled,0
7.626985859023451e-5,1.3527329255106409e-6,379.62215356379653,379.6222282452681,2.5804941473834053,518.9811029388617,225954.99042356492,132.62720873084342,167834.19349192333,controlled,0
7.626985859023451e-5,1.4648831390624412e-6,304.9203502981819,304.92037588475483,2.485608404214516,515.2460140581744,226501.15503231421,107.61330579002002,168640.49178901015,controlled,0
7.626985859023451e-5,1.5863313227918852e-6,241.80659741626883,241.80660117305473,2.385260489709896,512.0903278945659,226964.65854926783,86.17828579877897,169327.7761037225,controlled,0
7.626985859023451e-5,1.7178483379099004e-6,189.02877595645398,189.02877510552685,2.278819368970353,509.45143329202233,227353.7143678954,68.03841296848098,169906.82128318868,controlled,0
7.626985859023451e-5,1.8602689549533346e-6,145.4300948825017,145.43009267391173,2.1656303372362244,507.2715017546948,227676.11355379655,52.90368098238185,170388.15493170984,controlled,0
7.626985859023451e-5,2.0144971522769457e-6,109.92201264758096,109.92202101004075,2.0450177738657276,505.49611141268514,227939.3624456692,40.47631927020986,170782.18837980117,controlled,0
7.626985859023451e-5,2.1815118538242366e-6,81.4701097562187,81.47011678301236,1.916296609552605,504.0735090716567,228150.73700742325,30.45240467441774,171099.23532292235,controlled,0
7.626985859023451e-5,2.3623731425962365e-6,59.08944973429275,59.089452368037534,1.7787982460398126,502.95448115200577,228317.2837154069,22.5258220409215,171349.45840936454,controlled,0
7.626985859023451e-5,2.5582289892565713e-6,41.84699875127538,41.84700067020439,1.6319204263065934,502.0923519366362,228445.75939467706,16.393908444615857,171542.73327226544,controlled,0
7.626985859023451e-5,2.770322538580971e-6,28.868995607379595,28.868995638817633,1.4752206194620863,501.4434541778547,228542.55610094115,11.764061255045153,171688.4954959202,controlled,0
7.626985859023451e-5,3.000000000000001e-6,19.350996793454115,19.350997260508425,1.3085856958277713,500.9675583105131,228613.5985959014,8.360618512951442,171795.5544858824,controlled,0
8.733261623828437e-5,2.0000000000000002e-7,9.747568402046122e6,9.74756874764347e6,6.98889635141666,487403.82453185995,716.5778558455812,15.759867044128967,234.81874378197728,tumor_dominant,2
8.733261623828437e-5,2.1658127948788786e-7,9.74717875744231e6,9.747179292317968e6,6.988878999227123,487384.3896718199,716.606369743417,15.760492486103407,234.8281029780696,tumor_dominant,2
8.733261623828437e-5,2.3453725312305292e-7,9.746756643541424e6,9.746757530734235e6,6.988860206849637,487363.34264157637,716.6372514998403,15.761170249858997,234.83823938435964,tumor_dominant,2
8.733261623828437e-5,2.5398189184482656e-7,9.746299178199388e6,9.746300781398496e6,6.988839854610124,487340.5496269976,716.6706980955308,15.761904083516368,234.8492176567179,tumor_dominant,2
8.733261623828437e-5,2.7503861551253435e-7,9.745802913021574e6,9.745806139967967e6,6.988817812865466,487315.86569310527,716.7069229581216,15.762698893133944,234.86110784951472,tumor_dominant,2
8.733261623828437e-5,2.978410762814096e-7,9.745262999176932e6,9.74527046068238e6,6.988793941168816,487289.1338574408,716.7461573458652,15.763559478786842,234.87398586979856,tumor_dominant,2
8.733261623828437e-5,3.225340069253865e-7,9.744669617205773e6,9.744690336240033e6,6.988768087364289,487260.18408580666,716.7886518495119,15.764492042522992,234.88793397027567,tumor_dominant,2
8.733261623828437e-5,3.4927413949127666e-7,9.743988224809237e6,9.744062075986426e6,6.988740086604911,487228.8322038024,716.8346780227952,15.765502092355373,234.903041284508,tumor_dominant,2
8.733261623828437e-5,3.7823120011525856e-7,9.743006184011757e6,9.743381682272518e6,6.988709760287213,487194.8787170088,716.884530152924,15.766595975862254,234.91940440807,tumor_dominant,2
8.733261623828437e-5,4.095889863160102e-7,9.73938707848923e6,9.742644824826749e6,6.988676914895174,487158.10753205424,716.9385271835141,15.767780521147612,234.93712802973909,tumor_dominant,2
8.733261623828437e-5,4.4354653360234233e-7,9.674587164081397e6,9.741846812971856e6,6.988641340745626,487118.2845701237,716.9970148035915,15.769063401056302,234.95632561720709,tumor_dominant,2
8.733261623828437e-5,4.803193788000626e-7,4.852732616827772e6,9.740982565502286e6,6.9886028106264675,487075.15626371524,717.0603677175994,15.770453411628223,234.97712016220706,tumor_dominant,2
8.733261623828437e-5,5.201409281167251e-7,10486.167125406871,9.740046578021986e6,6.98856107831824,487028.4479266634,717.128992112781,15.77195902515804,234.99964499042727,tumor_dominant,2
8.733261623828437e-5,5.63263938627689e-7,4585.177890057353,9.739032887524828e6,6.988515876988758,486977.8619865448,717.203328341917,15.773590446280446,235.02404464212523,tumor_dominant,2
8.733261623828437e-5,6.099621225868601e-7,3216.4382027850556,3476.4685891065515,3.5412632158346646,673.8233745398558,205420.762878401,900.5472853619468,126828.53283696031,intermediate,1
8.733261623828437e-5,6.605318847450488e-7,2521.073449100569,2547.8733334461112,3.406348253691217,627.3936250660696,211175.2134462099,716.8150668215646,133704.432275176,intermediate,1
8.733261623828437e-5,7.152942037031436e-7,2059.8060085568372,2065.1436912455856,3.31516052151324,603.2571626053667,214295.90758697473,607.4942666295768,137581.93199940148,intermediate,1
8.733261623828437e-5,7.745966692414835e-7,1714.142934413394,1715.4463196453992,3.234630225794781,585.7722963030127,216614.82671230237,521.6145988621519,140534.34608830372,intermediate,1
8.733261623828437e-5,8.388156885568838e-7,1438.1132136474562,1438.4665313136104,3.158201571656065,571.923317286991,218487.47067259284,449.2694657215287,142964.31109770606,intermediate,1
8.733261623828437e-5,9.083588754108175e-7,1209.6846398912342,1209.7864316012299,3.083067545490902,560.4893176317001,220058.14360702425,386.4701413221622,145034.78846768223,intermediate,1
8.733261623828437e-5,9.836676373532668e-7,1016.70161978366,1016.7320771147115,3.007633462926928,550.8365974614197,221401.81404259749,331.17575784752927,146829.97433611262,intermediate,1
8.733261623828437e-5,1.0652199774439907e-6,851.7378474323734,851.7471939660247,2.930820299000483,542.5873497056733,222563.1938987375,282.19211790991636,148399.74245562675,controlled,0
8.733261623828437e-5,1.1535335282543925e-6,709.8830339017464,709.8859376224194,2.851799923324608,535.4942927770695,223571.5880353209,238.7497294133773,149776.58670777964,controlled,0
8.733261623828437e-5,1.2491688374075696e-6,587.6711028225528,587.6720462136349,2.7698734133161484,529.3836093621633,224447.6811337679,200.30887328988663,150983.3959453057,controlled,0
8.733261623828437e-5,1.3527329255106409e-6,482.5113770118584,482.5116636832367,2.6844069549695293,524.1255825561923,225207.03953421276,166.45784590297262,152037.4820019295,controlled,0
8.733261623828437e-5,1.4648831390624412e-6,392.3643314700082,392.3644013659232,2.594795054643096,519.6182128784983,225862.09215456346,136.85498935249964,152952.87024158257,controlled,0
8.733261623828437e-5,1.5863313227918852e-6,315.5463393163561,315.5463658865594,2.5004373319643496,515.7773162998316,226423.30490206383,111.19407923592796,153741.65433171618,controlled,0
8.733261623828437e-5,1.7178483379099004e-6,250.60749458445207,250.60750031296374,2.4007235831006644,512.5303724480638,226899.91148570328,89.18324061120647,154414.83363876608,controlled,0
8.733261623828437e-5,1.8602689549533346e-6,196.2535075519365,196.25350901525078,2.2950247377745137,509.8126735808542,227300.37813399226,70.53246722251613,154982.835649216,controlled,0
8.733261623828437e-5,2.0144971522769457e-6,151.29603075674845,151.2960389021339,2.1826886078316634,507.5648111614771,227632.68436848442,54.94712757443328,155455.8121224875,controlled,0
8.733261623828437e-5,2.1815118538242366e-6,114.62224606469643,114.6222514837098,2.0630414220312336,505.73111485034184,227904.48056459462,42.125804475003406,155843.78137346022,controlled,0
8.733261623828437e-5,2.3623731425962365e-6,85.17828647243024,85.17829804839404,1.9353979128726824,504.2589227575034,228123.16627851207,31.76140416988206,156156.67241789793,controlled,0
8.733261623828437e-5,2.5582289892565713e-6,61.96281065720913,61.96282152138603,1.7990841816081895,503.09814336170734,228295.8874140258,23.5447639226753,156404.26171720706,controlled,0
8.733261623828437e-5,2.770322538580971e-6,44.028098300279794,44.02809895914024,1.6534836118755851,502.20140803300217,228429.49979088677,17.17000072640621,156596.07142723523,controlled,0
8.733261623828437e-5,3.000000000000001e-6,30.48634067466649,30.486338278861474,1.4981221570559933,501.5243154446207,228530.48826449143,12.340940923829748,156741.210421229,controlled,0
0.0001,2.0000000000000002e-7,9.748163338101072e6,9.748163545496538e6,6.988922851308547,487433.506529083,716.5342610860608,15.758869060500023,205.07306967849263,tumor_dominant,2
0.0001,2.1658127948788786e-7,9.747823127988694e6,9.747823425798614e6,6.988907698231857,487416.53365061624,716.5591597274406,15.759414952393685,205.08020815471073,tumor_dominant,2
0.0001,2.3453725312305292e-7,9.747454643294124e6,9.747455094334548e6,6.98889128766293,487398.15292860754,716.5861255796202,15.760006961771305,205.08793864766378,tumor_dominant,2
0.0001,2.5398189184482656e-7,9.747055481084587e6,9.74705620980585e6,6.98887351513924,487378.2475256947,716.6153305384444,15.760647770036892,205.09631133896482,tumor_dominant,2
0.0001,2.7503861551253435e-7,9.746622961545903e6,9.74662423639671e6,6.988854267501605,487356.6908975189,716.6469608394301,15.761341751848581,205.10537938173152,tumor_dominant,2
0.0001,2.978410762814096e-7,9.746153963781906e6,9.746156427576581e6,6.988833422166928,487333.3459844151,716.6812182619364,15.762093252358776,205.11520068979698,tumor_dominant,2
0.0001,3.225340069253865e-7,9.745644401216172e6,9.74564980854752e6,6.988810846339572,487308.064335475,716.7183214358242,15.76290710951924,205.12583790708294,tumor_dominant,2
0.0001,3.4927413949127666e-7,9.74508714019391e6,9.745101157221967e6,6.988786396156076,487280.68515926995,716.7585072595703,15.763788519894108,205.13735895137282,tumor_dominant,2
0.0001,3.7823120011525856e-7,9.744461497272912e6,9.74450698360652e6,6.988759915757475,487251.03429502714,716.8020324396225,15.764743622458063,205.1498370096647,tumor_dominant,2
0.0001,4.095889863160102e-7,9.743661228566969e6,9.743863507456709e6,6.988731236282949,487218.92309751804,716.8491751616679,15.765778385795114,205.16335195098713,tumor_dominant,2
0.0001,4.4354653360234233e-7,9.741734300204353e6,9.743166634055872e6,6.988700174777995,487184.14722833206,716.9002369055389,15.766898716738794,205.1779907671813,tumor_dominant,2
0.0001,4.803193788000626e-7,9.721235298325252e6,9.742411927958531e6,6.988666533009647,487146.4853455719,716.9555444165088,15.768112120360758,205.19384686617926,tumor_dominant,2
0.0001,5.201409281167251e-7,8.6605750419471e6,9.741594584524982e6,6.988630096180645,487105.69768331,717.0154518470073,15.7694258307986,205.2110222011703,tumor_dominant,2
0.0001,5.63263938627689e-7,22036.132884465318,9.740709399057847e6,6.988590631533655,487061.5245113878,717.0803430840891,15.77085032463754,205.2296252132118,tumor_dominant,2
0.0001,6.099621225868601e-7,5393.628048492642,9.739750733336244e6,6.988547886835876,487013.68446530565,717.1506342795099,15.772392542989362,205.24977693253646,tumor_dominant,2
0.0001,6.605318847450488e-7,3499.9279117981796,9.738712479322469e6,6.988501588733382,486961.87273504905,717.226776600881,15.774063032518514,205.27160621984288,tumor_dominant,2
0.0001,7.152942037031436e-7,2677.460044440419,2723.2516425152703,3.4352472214155467,636.1625463786353,210063.83786701682,754.0670697471144,119594.13087427885,intermediate,1
0.0001,7.745966692414835e-7,2164.801539769562,2172.8404272508005,3.3372276611357634,608.6419991158084,213591.7142854734,632.7796606540377,123664.23592363369,intermediate,1
0.0001,8.388156885568838e-7,1792.030392972739,1793.8689480256892,3.2540327441527452,589.6934240168408,216090.4331496414,541.3889437041066,126631.50520876418,intermediate,1
0.0001,9.083588754108175e-7,1499.1944993190725,1499.670756513129,3.1762854195490124,574.9835266453186,218070.89097086297,465.59760449055113,129035.06617866016,intermediate,1
0.0001,9.836676373532668e-7,1259.1860760910924,1259.318348592027,3.1004802590651295,562.9659065074255,219716.02368267084,400.31524299077756,131067.50240065901,intermediate,1
0.0001,1.0652199774439907e-6,1057.627687941695,1057.6659823868122,3.0247589583246963,552.8832924497517,221115.5421348938,343.0784446591999,132822.7453929219,intermediate,1
0.0001,1.1535335282543925e-6,885.9829940556168,885.9943524377617,2.947920854653683,544.2997104308555,222321.11589939764,292.493465272318,134354.5031100911,controlled,0
0.0001,1.2491688374075696e-6,738.7301173085941,738.733549528047,2.8690753159365805,536.9366761679929,223365.7907013569,247.68420212400463,135696.8878954578,controlled,0
0.0001,1.3527329255106409e-6,612.0399963723625,612.0410312847621,2.787489543138648,530.6020484408385,224272.44265273504,208.04935713268134,136873.43053233696,controlled,0
0.0001,1.4648831390624412e-6,503.093830834241,503.09416143011646,2.702511667338236,525.1547095821365,225058.01010164435,173.13971331568635,137901.61701363974,controlled,0
0.0001,1.5863313227918852e-6,409.702223861397,409.70231569906997,2.6135271515814162,520.4851139679548,225735.81120682752,142.5900692602819,138795.37814417225,controlled,0
0.0001,1.7178483379099004e-6,330.079608715925,330.0796294101088,2.5199324604049216,516.5039780610751,226316.91471578748,116.07907161204542,139566.56906867184,controlled,0
0.0001,1.8602689549533346e-6,262.7047429792904,262.7047473032305,2.4211179481819016,513.1352338428469,226810.97385909344,93.30499196885447,140225.85923749045,controlled,0
0.0001,2.0144971522769457e-6,206.23219995781938,206.23219614474536,2.3164572294600565,510.31160576044033,227226.7515477762,73.97129421708861,140783.28345036157,controlled,0
0.0001,2.1815118538242366e-6,159.43595739017138,159.43595966350858,2.2053017163990023,507.97179923577124,227572.4450887302,57.77882793737973,141248.56535242102,controlled,0
0.0001,2.3623731425962365e-6,121.1745365604197,121.17453964791872,2.0869807112873158,506.0587312305892,227855.8727819922,44.422760462004454,141631.27929381444,controlled,0
0.0001,2.5582289892565713e-6,90.37119261268471,90.37119309563494,1.960809295826377,504.5185610828925,228084.5668031036,33.5930253453574,141940.9027113747,controlled,0
0.0001,2.770322538580971e-6,66.00516155904425,66.00516367643867,1.8261082723989073,503.3002641604145,228265.79412617636,24.977417389580907,142186.78217343168,controlled,0
0.0001,3.000000000000001e-6,47.11100104164427,47.11099305807307,1.682244321259045,502.35554556035805,228406.5208283468,18.266588118335477,142378.03028946032,controlled,0
0.00011450475699382812,2.0000000000000002e-7,9.748682892643072e6,9.748683026379993e6,6.988945994298078,487459.43000600894,716.4961887933392,15.75799641462562,179.09546335897252,tumor_dominant,2
0.00011450475699382812,2.1658127948788786e-7,9.748385811541613e6,9.748385992344577e6,6.988932761516353,487444.60721841257,716.5179309178169,15.75847344419189,179.10090917512844,tumor_dominant,2
0.00011450475699382812,2.3453725312305292e-7,9.748064067063292e6,9.748064321863653e6,6.988918430733233,487428.55500573455,716.541477856236,15.75899007194653,179.1068064134978,tumor_dominant,2
0.00011450475699382812,2.5398189184482656e-7,9.747715593266219e6,9.747715970616695e6,6.988902910758495,487411.171350689,716.5669796287066,15.759549589346753,179.1131948123636,tumor_dominant,2
0.00011450475699382812,2.7503861551253435e-7,9.747338131120082e6,9.747338724483754e6,6.98888610281416,487392.34576253046,716.5945987603541,15.760155562349484,179.12010416121242,tumor_dominant,2
0.00011450475699382812,2.978410762814096e-7,9.746929181319164e6,9.746930185416043e6,6.98886789990074,487371.9585718465,716.6245113297136,15.760811853975378,179.127596127308,tumor_dominant,2
0.00011450475699382812,3.225340069253865e-7,9.746485894504134e6,9.746487756121008e6,6.988848186109925,487349.88016642927,716.6569081061356,15.761522649867661,179.1357071469357,tumor_dominant,2
0.00011450475699382812,3.4927413949127666e-7,9.746004748329327e6,9.74600862347179e6,6.988826835879529,487325.9701632415,716.6919957837775,15.762292484886293,179.14449419311478,tumor_dominant,2
0.00011450475699382812,3.7823120011525856e-7,9.745480366798367e6,9.745489740524659e6,6.988803713185376,487300.07651108905,716.7299983207649,15.763126272767407,179.1540088451877,tumor_dominant,2
0.00011450475699382812,4.095889863160102e-7,9.744900101200443e6,9.744927807032876e6,6.988778670664957,487272.034518148,716.7711583926033,15.764029337829449,179.1643146590322,tumor_dominant,2
0.00011450475699382812,4.4354653360234233e-7,9.744211211280143e6,9.744319248325694e6,6.988751548666795,487241.665797976,716.8157389699682,15.765007449700144,179.17547717955958,tumor_dominant,2
0.00011450475699382812,4.803193788000626e-7,9.743030892277103e6,9.743660192416258e6,6.988722174219195,487208.7771271043,716.8640250318055,15.766066860863047,179.18756797474228,tumor_dominant,2
0.00011450475699382812,5.201409281167251e-7,9.736141774653595e6,9.742946445187088e6,6.9886903599113275,487173.1592066916,716.9163254257724,15.767214347470551,179.20066544615761,tumor_dominant,2
0.00011450475699382812,5.63263938627689e-7,9.53511653646612e6,9.742173463489557e6,6.9886559026790245,487134.5853200765,716.9729748891488,15.768457253667139,179.21485663994878,tumor_dominant,2
0.00011450475699382812,6.099621225868601e-7,279792.99491030496,9.741336325977078e6,6.9886185824868114,487092.80987735133,717.0343362446447,15.769803540012264,179.2302155288071,tumor_dominant,2
0.00011450475699382812,6.605318847450488e-7,7035.09082066618,9.740429701489333e6,6.988578160897568,487047.5668372823,717.1008027867822,15.771261835144095,179.24686576002836,tumor_dominant,2
0.00011450475699382812,7.152942037031436e-7,3925.645896939933,9.739447814752892e6,6.9885343795187875,486998.567996085,717.1728008763771,15.77284149368127,179.26489341759287,tumor_dominant,2
0.00011450475699382812,7.745966692414835e-7,2889.7062235059643,2983.0360109808967,3.4748040598448418,649.1517551258132,208438.91492523163,806.9880562236508,106009.89192957814,intermediate,1
0.00011450475699382812,8.388156885568838e-7,2301.4115175135,2314.8026477155267,3.364701546134808,615.7401026790407,212670.51162246376,665.3099049860701,110491.03949658894,intermediate,1
0.00011450475699382812,9.083588754108175e-7,1891.4665171699755,1894.2823422253678,3.2776739164342445,594.7141014571214,215422.68987008606,566.2673503710254,113510.56462761042,intermediate,1
0.00011450475699382812,9.836676373532668e-7,1576.5211293925895,1577.2131957443257,3.1981656702810186,578.8606471484942,217545.38334344333,486.00228932147786,115898.69417513249,intermediate,1
0.00011450475699382812,1.0652199774439907e-6,1321.6557282298656,1321.84053528121,3.1215074943602237,566.0920150078247,219285.69518854457,417.59735283476783,117896.45047141904,intermediate,1
0.00011450475699382812,1.1535335282543925e-6,1109.2585294836438,1109.310354663893,3.0454443900286097,555.465508810075,220755.42143808518,357.9568114618583,119612.33260340814,intermediate,1
0.00011450475699382812,1.2491688374075696e-6,929.2406047733666,929.2555471669211,2.9686022684240756,546.4627786909759,222016.0747358388,305.4049771700059,121105.59257376254,controlled,0
0.00011450475699382812,1.3527329255106409e-6,775.2501308834012,775.2545073313722,2.8900041349282244,538.7627222302312,223105.79458095296,258.92067674224364,122412.681065803,controlled,0
0.00011450475699382812,1.4648831390624412e-6,642.9771711379791,642.9784628974669,2.8088713431343586,532.148919823835,224050.3657629628,217.82118461585975,123558.11546269731,controlled,0
0.00011450475699382812,1.5863313227918852e-6,529.3067044796666,529.3070682255444,2.7245274156738963,526.4653514395209,224868.49732437893,181.6090180053498,124559.70915235767,controlled,0
0.00011450475699382812,1.7178483379099004e-6,431.8581208629009,431.8582582933009,2.636345707626665,521.5929161077561,225574.6435576279,149.88940104352181,125431.38162171774,controlled,0
0.00011450475699382812,1.8602689549533346e-6,348.71788856825935,348.71791751550705,2.543717883606848,517.4358939461162,226180.62046253122,122.32268023166618,126184.76571986971,controlled,0
0.00011450475699382812,2.0144971522769457e-6,278.2766248508787,278.27663160143544,2.4460345977449243,513.9138296732716,226696.59395405167,98.59565011189632,126830.19616655217,controlled,0
0.00011450475699382812,2.1815118538242366e-6,219.12663530652202,219.1266315482612,2.34267258791812,510.95632689079963,227131.68224843245,78.40459746423976,127377.29003123862,controlled,0
0.00011450475699382812,2.3623731425962365e-6,169.99673470080612,169.9967389147631,2.2329878280247377,508.4998397028788,227494.3387484589,61.445731552292216,127835.30816522936,controlled,0
0.00011450475699382812,2.5582289892565713e-6,129.71149676389894,129.71150275598075,2.116313807654257,506.4855767433338,227792.57250458034,47.41093423373862,128213.33513808362,controlled,0
0.00011450475699382812,2.770322538580971e-6,97.16738266861057,97.16739408417847,1.9919672625247582,504.8583736962736,228034.0702830908,35.987328128451026,128520.35829738696,controlled,0
0.00011450475699382812,3.000000000000001e-6,71.32098574428665,71.32099152446631,1.8592643717075241,503.5660511626141,228226.2317642201,26.85973621321543,128765.24396240908,controlled,0
0.00013111339374215642,2.0000000000000002e-7,9.749136632600782e6,9.74913672429155e6,6.988966205632656,487482.0707355753,716.4629392677865,15.757232801298242,156.40859338258602,tumor_dominant,2
0.00013111339374215642,2.1658127948788786e-7,9.748877199724894e6,9.748877317762215e6,6.988954649705732,487469.125661743,716.4819253192306,15.757649360238162,156.41274032891394,tumor_dominant,2
0.00013111339374215642,2.3453725312305292e-7,9.748596239797996e6,9.748596396822501e6,6.9889421350175995,487455.10696099524,716.5024871536857,15.758100492177647,156.41724272520202,tumor_dominant,2
0.00013111339374215642,2.5398189184482656e-7,9.748291959294e6,9.748292176415414e6,6.988928581959629,487439.92555409844,716.5247557106343,15.758589070065344,156.42210709189376,tumor_dominant,2
0.00013111339374215642,2.7503861551253435e-7,9.747962408906763e6,9.747962723255264e6,6.988913904302246,487423.4849647021,716.5488728366099,15.759118205946546,156.42738302440316,tumor_dominant,2
0.00013111339374215642,2.978410762814096e-7,9.747605462501839e6,9.747605943494903e6,6.988898008642268,487405.68070401944,716.5749921984155,15.759691271341097,156.4330955417455,tumor_dominant,2
0.00013111339374215642,3.225340069253865e-7,9.747218782100074e6,9.747219569367286e6,6.9888807938039745,487386.3996041287,716.603280273505,15.76031191879437,156.43928063250846,tumor_dominant,2
0.00013111339374215642,3.4927413949127666e-7,9.74679974423948e6,9.746801144709786e6,6.98886215018972,487365.5190955922,716.6339174243142,15.760984105461949,156.44598254552236,tumor_dominant,2
0.00013111339374215642,3.7823120011525856e-7,9.746345242733775e6,9.746348009277724e6,6.988841959075808,487342.9064246931,716.6670990637956,15.761712118767715,156.4532371711188,tumor_dominant,2
0.00013111339374215642,4.095889863160102e-7,9.745851028597144e6,9.745857281748308e6,6.988820091849074,487318.4178051923,716.7030369200517,15.762500604007942,156.461099953963,tumor_dominant,2
0.00013111339374215642,4.4354653360234233e-7,9.745308959046744e6,9.745325841298271e6,6.988796409178829,487291.89749910106,716.7419604087809,15.763354594649913,156.4696097218246,tumor_dominant,2
0.00013111339374215642,4.803193788000626e-7,9.744692240864918e6,9.744750307643235e6,6.988770760118965,487263.1768204359,716.7841181228831,15.76427954479106,156.47883207000956,tumor_dominant,2
0.00013111339374215642,5.201409281167251e-7,9.74384527647062e6,9.744127019398222e6,6.98874298113373,487232.07305545587,716.829779449687,15.765281364844418,156.48882029047715,tumor_dominant,2
0.00013111339374215642,5.63263938627689e-7,9.741160000641016e6,9.743452010626521e6,6.988712895041007,487198.38829228684,716.8792363269189,15.766366459942716,156.4996391032719,tumor_dominant,2
0.00013111339374215642,6.099621225868601e-7,9.699640408438278e6,9.742720985415533e6,6.988680309865571,487161.9081522318,716.9328051498743,15.7675417718764,156.51134696025653,tumor_dominant,2
0.00013111339374215642,6.605318847450488e-7,6.632581635509404e6,9.741929290320192e6,6.988645017594857,487122.40041438927,716.9908288431931,15.768814824313688,156.5240403055995,tumor_dominant,2
0.00013111339374215642,7.152942037031436e-7,11869.034589671935,9.741071884475587e6,6.98860679282797,487079.613524481,717.0536791121812,15.770193772575423,156.53778242038067,tumor_dominant,2
0.00013111339374215642,7.745966692414835e-7,4621.127373305899,9.740143307203574e6,6.988565391309616,487033.2749779652,717.1217588897049,15.77168745695744,156.55267137079332,tumor_dominant,2
0.00013111339374215642,8.388156885568838e-7,3183.709836103472,3457.306572043737,3.5388634899920723,672.8652692553737,205536.3385257594,897.072457173135,92403.1255753994,intermediate,1
0.00013111339374215642,9.083588754108175e-7,2478.4473668379605,2503.599299794744,3.3987382548308855,625.1799341193653,211457.63991550638,707.2062691747524,98068.6933051249,intermediate,1
0.00013111339374215642,9.836676373532668e-7,2016.4244350220022,2021.1342858521634,3.3058099928316915,601.0566959767914,214585.00845316003,597.0039922190641,101207.91772715995,intermediate,1
0.00013111339374215642,1.0652199774439907e-6,1672.2360787548341,1673.321905959847,3.2238389593573564,583.6660815056732,216897.55451894843,510.86242043726304,103598.62038744849,intermediate,1
0.00013111339374215642,1.1535335282543925e-6,1398.4040787697854,1398.68170557323,3.146029286228622,569.9340773990506,218759.11632740972,438.5449837896177,105567.69400410155,intermediate,1
0.00013111339374215642,1.2491688374075696e-6,1172.4750279567913,1172.550301677949,3.06950170942074,558.627502906277,220316.03822478116,375.9674866384721,107246.06006169484,intermediate,1
0.00013111339374215642,1.3527329255106409e-6,982.1489350826082,982.1700410154745,2.9926286363349726,549.1084958159776,221644.10196978974,321.0454563972066,108701.01894771343,controlled,0
0.00013111339374215642,1.4648831390624412e-6,819.9347492275314,819.9407509871612,2.914311814308405,540.9970344480566,222788.49132601757,272.5569790715384,109972.3554386346,controlled,0
0.00013111339374215642,1.5863313227918852e-6,680.8808179771803,680.8825613089122,2.8337095837953385,534.0441259507883,223778.87936324824,229.71012218906188,111086.02082917745,controlled,0
0.00013111339374215642,1.7178483379099004e-6,561.4856316929117,561.4861453573119,2.750111829771898,528.0743074502807,224636.28829897137,191.94428376393796,112060.37800127415,controlled,0
0.00013111339374215642,1.8602689549533346e-6,459.12370307948737,459.1238016358129,2.6628746993628862,522.9561783907237,225376.62002920738,158.82693508023024,112909.43425696515,controlled,0
0.00013111339374215642,2.0144971522769457e-6,371.7202449049578,371.72027512071503,2.5713830180115433,518.5860088695727,226012.63924530623,129.9954399697633,113644.66763443653,controlled,0
0.00013111339374215642,2.1815118538242366e-6,297.5564363789532,297.5564348072297,2.4750264359973015,514.8778170147435,226555.13758145887,105.12275737986597,114276.07935570666,controlled,0
0.00013111339374215642,2.3623731425962365e-6,235.14835940208258,235.1483594518975,2.3731849328326295,511.7574157675939,227013.6668575135,83.896810642813,114812.86818675442,controlled,0
0.00013111339374215642,2.5582289892565713e-6,183.17031989739556,183.1703295170747,2.2652196651392127,509.15852194863896,227396.98358287464,66.00875720817736,115263.81062841818,controlled,0
0.00013111339374215642,2.770322538580971e-6,140.40654538187667,140.40654898758723,2.150469523487107,507.0203297455903,227713.32030843882,51.14716597495921,115637.47660855541,controlled,0
0.00013111339374215642,3.000000000000001e-6,105.7221025805741,105.72210497858836,2.0282543826479027,505.2861084264152,227970.5393258844,38.99648443671754,115942.33084099933,controlled,0
0.00015013107289081726,2.0000000000000002e-7,9.749532900853766e6,9.749532967097918e6,6.988983856687769,487501.84430127684,716.4339015093296,15.756564804529424,136.59559180058588,tumor_dominant,2
0.00015013107289081726,2.1658127948788786e-7,9.749306339468656e6,9.749306421402255e6,6.988973765057854,487490.53907113435,716.4504810644497,15.756928563100598,136.59875260063166,tumor_dominant,2
0.00015013107289081726,2.3453725312305292e-7,9.74906098352669e6,9.749061087556062e6,6.9889628362326945,487478.2962619383,716.4684364808128,15.757322508276385,136.60218311159718,tumor_dominant,2
0.00015013107289081726,2.5398189184482656e-7,9.74879527067599e6,9.748795406853486e6,6.988951000711053,487465.0380900011,716.487882052561,15.75774914770448,136.60589899377985,tumor_dominant,2
0.00015013107289081726,2.7503861551253435e-7,9.74850750641698e6,9.748507691180935e6,6.988938183213627,487450.68031381257,716.5089415887101,15.758211197782801,136.60991984561275,tumor_dominant,2
0.00015013107289081726,2.978410762814096e-7,9.748195850699207e6,9.748196112257235e6,6.988924302201253,487435.1316970804,716.5317492087635,15.758711601091525,136.61427649805836,tumor_dominant,2
0.00015013107289081726,3.225340069253865e-7,9.74785830040167e6,9.747858689975506e6,6.98890926935266,487418.29342697933,716.5564502054851,15.759253545378463,136.61899387416523,tumor_dominant,2
0.00015013107289081726,3.4927413949127666e-7,9.747492662683845e6,9.747493279773176e6,6.9888929889984,487400.0584838523,716.5832019805528,15.75984048404584,136.62410384857677,tumor_dominant,2
0.00015013107289081726,3.7823120011525856e-7,9.747096504682232e6,9.747097558946643e6,6.988875357507167,487380.31095828104,716.6121750594216,15.760476158440666,136.6296378924364,tumor_dominant,2
0.00015013107289081726,4.095889863160102e-7,9.74666703228703e6,9.746669011823073e6,6.988856262620475,487358.92531110137,716.6435541922098,15.761164621995494,136.63563120750098,tumor_dominant,2
0.00015013107289081726,4.4354653360234233e-7,9.74620072182891e6,9.746204913692346e6,6.988835582731264,487335.7655715533,716.677539548094,15.761910266433093,136.64212277695367,tumor_dominant,2
0.00015013107289081726,4.803193788000626e-7,9.745691929168941e6,9.745702313394755e6,6.988813186101631,487310.6844683481,716.7143480113415,15.762717850206293,136.6491541252765,tumor_dominant,2
0.00015013107289081726,5.201409281167251e-7,9.745126256013095e6,9.745158014451033e6,6.9887889300144606,487283.5224879893,716.7542145878633,15.763592529353634,136.65677054076133,tumor_dominant,2
0.00015013107289081726,5.63263938627689e-7,9.744438240739211e6,9.744568554611221e6,6.988762659853242,487254.1068541874,716.7973939319888,15.76453989099752,136.66502111807998,tumor_dominant,2
0.00015013107289081726,6.099621225868601e-7,9.74310770580069e6,9.743930183688313e6,6.988734208103869,487222.250421686,716.8441620040643,15.76556598972129,136.67395592378767,tumor_dominant,2
0.00015013107289081726,6.605318847450488e-7,9.733049657652007e6,9.743238839531679e6,6.988703393271681,487187.7504772374,716.894817870438,15.76667738704763,136.68363003640005,tumor_dominant,2
0.00015013107289081726,7.152942037031436e-7,9.345058450127473e6,9.742490121982016e6,6.988670018706352,487150.3874398154,716.9496856585248,15.767881194306213,136.69411147973045,tumor_dominant,2
0.00015013107289081726,7.745966692414835e-7,57390.29352467801,9.741679264632659e6,6.988633871326445,487109.9234514968,717.0091166808525,15.769185119313363,136.70545806868844,tumor_dominant,2
0.00015013107289081726,8.388156885568838e-7,5966.38066675699,9.740801104218168e6,6.988594720235196,487066.1008496552,717.0734917432187,15.770597516887548,136.7177541561071,tumor_dominant,2
0.00015013107289081726,9.083588754108175e-7,3612.229343715719,9.739850047414575e6,6.988552315217367,487018.6405103129,717.1432236537505,15.772127444011774,136.7310772646898,tumor_dominant,2
0.00015013107289081726,9.836676373532668e-7,2710.934491655093,2766.4505443049943,3.442079868565267,638.3224887526952,209791.88034381563,763.0477130468614,86332.01841769561,intermediate,1
0.00015013107289081726,1.0652199774439907e-6,2173.0118459077016,2181.703812931633,3.338994807107882,609.085153037819,213533.96454552544,634.8334380860753,89732.36952052434,intermediate,1
0.00015013107289081726,1.1535335282543925e-6,1789.4206607759677,1791.2661663348963,3.2534025064347643,589.5632781734008,216107.79691078153,540.7337948291806,92155.96507884156,intermediate,1
0.00015013107289081726,1.2491688374075696e-6,1491.231379037238,1491.6797153918515,3.1739666310605803,574.5839694159916,218125.18994858512,463.4732091479198,94106.26003419697,intermediate,1
0.00015013107289081726,1.3527329255106409e-6,1248.4487255114263,1248.565969353796,3.096759189129968,562.4282874138138,219790.20150761335,397.3175013841553,95750.65916929895,intermediate,1
0.00015013107289081726,1.4648831390624412e-6,1045.5370459820724,1045.569017379856,3.0197678737438616,552.2784457574398,221200.0659454538,339.567180934339,97168.38877183014,intermediate,1
0.00015013107289081726,1.5863313227918852e-6,873.4115060508832,873.4204470043671,2.941720304382342,543.6710204662277,222409.93466829008,288.71563121841416,98403.99157271581,controlled,0
0.00015013107289081726,1.7178483379099004e-6,726.2525204432158,726.2550415633266,2.861686740597053,536.3127518918798,223454.76507004583,243.82188594054634,99485.46549709848,controlled,0
0.00015013107289081726,1.8602689549533346e-6,600.0492689819517,600.0499773676303,2.778910585135143,530.0024978130311,224358.63595797453,204.2413474199955,100432.02320443623,controlled,0
0.00015013107289081726,2.0144971522769457e-6,491.8601917519685,491.8603890760191,2.6927239155436884,524.5930159603514,225139.324222147,169.49223007943326,101257.91960721077,controlled,0
0.00015013107289081726,2.1815118538242366e-6,399.4058879485427,399.40595256346927,2.6025005252165014,519.970296767816,225810.78838828037,139.18256505459095,101974.53856383423,controlled,0
0.00015013107289081726,2.3623731425962365e-6,320.83070418388206,320.83071584816685,2.5076274912445746,516.041535322314,226384.60953180297,112.9678451566312,102591.60014796566,controlled,0
0.00015013107289081726,2.5582289892565713e-6,254.55673584827056,254.5567387329306,2.4074873372808505,512.727836128376,226870.86960707422,90.52579420971969,103117.89452544051,controlled,0
0.00015013107289081726,2.770322538580971e-6,199.19200686416448,199.19200282407954,2.301446724498227,509.9595972910023,227278.69176371724,71.54168559231154,103561.71364494463,controlled,0
0.00015013107289081726,3.000000000000001e-6,153.47245370917094,153.4724584336603,2.1888510584111858,507.6736239296138,227616.57424185186,55.700531202250986,103931.1058377806,controlled,0
0.00017190722018585745,2.0000000000000002e-7,9.749878978893489e6,9.74987902894949e6,6.988999271792303,487519.11370313115,716.4085419578232,15.755980529819395,119.29240176046186,tumor_dominant,2
0.00017190722018585745,2.1658127948788786e-7,9.749681121382851e6,9.749681181287322e6,6.988990458861323,487509.2405815594,716.4230202032784,15.756298184274641,119.29481739002208,tumor_dominant,2
0.00017190722018585745,2.3453725312305292e-7,9.74946685294158e6,9.74946692616388e6,6.988980914874296,487498.5486838402,716.4386997869711,15.75664219621609,119.29743310455302,tumor_dominant,2
0.00017190722018585745,2.5398189184482656e-7,9.749234810787525e6,9.749234902496612e6,6.988970579151547,487486.9700882407,716.4556804801939,15.75701475463166,119.30026597257138,tumor_dominant,2
0.00017190722018585745,2.7503861551253435e-7,9.74898351806136e6,9.748983636222424e6,6.9889593859704915,487474.43123497796,716.4740703557675,15.757418230645245,119.30333425791233,tumor_dominant,2
0.00017190722018585745,2.978410762814096e-7,9.748711373537563e6,9.74871153090691e6,6.988947264145436,487460.85245759314,716.4939864814628,15.757855192731132,119.30665710164659,tumor_dominant,2
0.00017190722018585745,3.225340069253865e-7,9.74841663963187e6,9.748416857570998e6,6.988934136572176,487446.14747526625,716.5155556717976,15.758328423208413,119.31025467663136,tumor_dominant,2
0.00017190722018585745,3.4927413949127666e-7,9.748097427465241e6,9.74809774366954e6,6.988919919734435,487430.22284280317,716.53891530321,15.758840936110694,119.31415469049558,tumor_dominant,2
0.00017190722018585745,3.7823120011525856e-7,9.747751675908973e6,9.747752161149321e6,6.988904523168815,487412.97735473025,716.56421419807,15.759395996628985,119.31837203810625,tumor_dominant,2
0.00017190722018585745,4.095889863160102e-7,9.74737711611751e6,9.7473779135127e6,6.988887848884912,487394.3013996607,716.5916135833812,15.759997142065831,119.32294307205441,tumor_dominant,2
0.00017190722018585745,4.4354653360234233e-7,9.746971195431624e6,9.746972621797968e6,6.988869790736535,487374.07626073447,716.6212881307112,15.760648204726213,119.32789350442327,tumor_dominant,2
0.00017190722018585745,4.803193788000626e-7,9.74653086963766e6,9.746533709390413e6,6.98885023374008,487352.17335759994,716.6534270843083,15.761353336627762,119.3332559025322,tumor_dominant,2
0.00017190722018585745,5.201409281167251e-7,9.746051894787816e6,9.746058385562299e6,6.9888290533353885,487328.4534250183,716.6882354850817,15.762117036367846,119.3390641429313,tumor_dominant,2
0.00017190722018585745,5.63263938627689e-7,9.745525813625813e6,9.74554362763573e6,6.988806114584229,487302.76562272955,716.7259354988141,15.762944178264243,119.34535358347087,tumor_dominant,2
0.00017190722018585745,6.099621225868601e-7,9.744923342919497e6,9.744986161652064e6,6.988781271301015,487274.9465707768,716.7667678577162,15.763840043975764,119.35216390375199,tumor_dominant,2
0.00017190722018585745,6.605318847450488e-7,9.744065340744028e6,9.744382441421198e6,6.988754365109911,487244.81930398307,716.8109934252678,15.764810356828923,119.35954160836964,tumor_dominant,2
0.00017190722018585745,7.152942037031436e-7,9.74097093495772e6,9.743728625812797e6,6.98872522442194,487212.19213872374,716.8588948952579,15.7658613191119,119.3675327103296,tumor_dominant,2
0.00017190722018585745,7.745966692414835e-7,9.68442864116267e6,9.743020554142088e6,6.988693663325206,487176.8574445391,716.9107786368963,15.76699965252855,119.37619403041118,tumor_dominant,2
0.00017190722018585745,8.388156885568838e-7,4.960851372251437e6,9.742253719483169e6,6.988659480380464,487138.5903124961,716.9669766990577,15.76823264224256,119.38556400284979,tumor_dominant,2
0.00017190722018585745,9.083588754108175e-7,9716.820552933706,9.741423239744565e6,6.988622457314257,487097.1471114923,717.027848987835,15.769568184514695,119.39571871533191,tumor_dominant,2
0.00017190722018585745,9.836676373532668e-7,4301.249801581989,9.740523826297568e6,6.988582357599806,487052.2639229156,717.0937856331765,15.771014838753976,119.40671961755639,tumor_dominant,2
0.00017190722018585745,1.0652199774439907e-6,3026.704781075121,3190.5992226849116,3.5040083506284887,659.5299139409191,207158.58300549284,847.4143204791394,74975.03449823147,intermediate,1
0.00017190722018585745,1.1535335282543925e-6,2371.075068570498,2389.1233855363803,3.37842032114665,619.4561415082184,212191.40141753602,681.982080130399,79058.35609587321,intermediate,1
0.00017190722018585745,1.2491688374075696e-6,1932.6240851374278,1936.0409163290399,3.2871387944662684,596.8020265994858,215146.2103304249,576.4662240688522,81569.74011921616,intermediate,1
0.00017190722018585745,1.3527329255106409e-6,1602.6398605474692,1603.4189234080811,3.205317775650199,580.1709338437823,217368.35640812255,492.8238896224028,83517.41541724543,intermediate,1
0.00017190722018585745,1.4648831390624412e-6,1338.7383262171752,1338.9335277840967,3.127083254161361,566.9466732439932,219168.34056586507,422.28092453087373,85133.78598772036,intermediate,1
0.00017190722018585745,1.5863313227918852e-6,1120.4721632832855,1120.5237479564657,3.049808474082388,556.026175394337,220677.38348299847,361.1631188954801,86516.50394660798,intermediate,1
0.00017190722018585745,1.7178483379099004e-6,936.4678972753374,936.4819715647554,2.9719629246928463,546.8240874610107,221965.20093397942,307.54683110251494,87716.99990033334,controlled,0
0.00017190722018585745,1.8602689549533346e-6,779.7093612462791,779.7132726808092,2.892491562742473,538.9856622292024,223074.0938685599,260.28284844964537,88766.18644861194,controlled,0
0.00017190722018585745,2.0144971522769457e-6,645.5048890493822,645.5059939273649,2.8105725556936165,532.2752981646853,224032.24218322602,218.6127979873358,89684.52605484189,controlled,0
0.00017190722018585745,2.1815118538242366e-6,530.5003127328531,530.5006266291153,2.7255037808845395,526.5250289285079,224859.87623140376,181.98952375327386,90486.72633646891,controlled,0
0.00017190722018585745,2.3623731425962365e-6,432.15412148910843,432.1542227072699,2.63664255257902,521.6077086766466,225572.4916550979,149.9826297658871,91184.19697309495,controlled,0
0.00017190722018585745,2.5582289892565713e-6,348.4380994790503,348.4381202469236,2.543370280469004,517.4219056801497,226182.66536447065,122.22505019126356,91786.43705705588,controlled,0
0.00017190722018585745,2.770322538580971e-6,277.6574528133147,277.6574532637409,2.4450706636420865,513.8828714499912,226701.13976600737,98.38150915896887,92301.86347260862,controlled,0
0.00017190722018585745,3.000000000000001e-6,218.3389195387281,218.3389199843689,2.3411157006913355,510.9169455013189,227137.48802477223,78.12999347937102,92738.30270335967,controlled,0
0.00019684194472866114,2.0000000000000002e-7,9.750181224167123e6,9.750181263474435e6,6.989012734188932,487534.19600446074,716.3863946673104,15.755469551165728,104.18110213514039,tumor_dominant,2
0.00019684194472866114,2.1658127948788786e-7,9.750008432633806e6,9.750008478408601e6,6.9890050378953115,487525.5735732709,716.399038048363,15.75574694770366,104.18294401722586,tumor_dominant,2
0.00019684194472866114,2.3453725312305292e-7,9.749821310597498e6,9.749821364828527e6,6.98899670321879,487516.236111035,716.4127304085011,15.756047358887862,104.18493979402241,tumor_dominant,2
0.00019684194472866114,2.5398189184482656e-7,9.749618668673178e6,9.74961873419934e6,6.988987677179616,487506.1243066375,716.4275588464646,15.7563726956659,104.18710212713769,tumor_dominant,2
0.00019684194472866114,2.7503861551253435e-7,9.749399218358396e6,9.749399299343674e6,6.9889779023963925,487495.17392642697,716.4436177047996,15.756725027916787,104.18944322542639,tumor_dominant,2
0.00019684194472866114,2.978410762814096e-7,9.749161563497104e6,9.749161666245414e6,6.988967316719542,487483.3154051935,716.4610091743524,15.75710659770821,104.19197777235111,tumor_dominant,2
0.00019684194472866114,3.225340069253865e-7,9.74890419077004e6,9.748904325170584e6,6.9889558528341125,487470.47340308374,716.4798439495613,15.757519833682542,104.1947182085192,tumor_dominant,2
0.00019684194472866114,3.4927413949127666e-7,9.748625458823213e6,9.748625641049054e6,6.9889434378293425,487456.5663255908,716.5002419388734,15.757967366615768,104.19768998582552,tumor_dominant,2
0.00019684194472866114,3.7823120011525856e-7,9.74832358524671e6,9.748323843053361e6,6.988929992732113,487441.50580353366,716.5223330350134,15.75845204635091,104.20091279868741,tumor_dominant,2
0.00019684194472866114,4.095889863160102e-7,9.747996629498877e6,9.747997013308894e6,6.988915432001292,487425.19612967083,716.5462579502023,15.758976960124702,104.20439920588126,tumor_dominant,2
0.00019684194472866114,4.4354653360234233e-7,9.74764246682584e6,9.747643074662946e6,6.988899662979662,487407.5336483042,716.5721691219067,15.759545452413523,104.20816972025061,tumor_dominant,2
0.00019684194472866114,4.803193788000626e-7,9.747258738747858e6,9.747259777432429e6,6.988882585299784,487388.40609392774,716.6002316952039,15.760161146471727,104.21226069176878,tumor_dominant,2
0.00019684194472866114,5.201409281167251e-7,9.746842733012112e6,9.746844685042724e6,6.988864090239782,487367.6918746355,716.6306245883948,15.760827967773476,104.21668952068181,tumor_dominant,2
0.00019684194472866114,5.63263938627689e-7,9.74639101659908e6,9.746395158469193e6,6.9888440600250075,487345.25929563725,716.6635416490155,15.761550169322621,104.22148411869328,tumor_dominant,2
0.00019684194472866114,6.099621225868601e-7,9.745898039937109e6,9.745908339375984e6,6.9888223670707355,487320.96571783005,716.6991929081671,15.762332359179688,104.2266789280037,tumor_dominant,2
0.00019684194472866114,6.605318847450488e-7,9.745349416190337e6,9.745381131843045e6,6.988798873160877,487294.6566459486,716.7378059417197,15.76317953034683,104.23230349148383,tumor_dominant,2
0.00019684194472866114,7.152942037031436e-7,9.744678443113217e6,9.74481018256443e6,6.9887734285573035,487266.16474033514,716.7796273477372,15.764097093151012,104.23839972454272,tumor_dominant,2
0.00019684194472866114,7.745966692414835e-7,9.743341633525828e6,9.744191859383687e6,6.988745871033591,487235.30874586117,716.8249243503932,15.765090910478937,104.2449968368174,tumor_dominant,2
0.00019684194472866114,8.388156885568838e-7,9.732527762102094e6,9.743522228032488e6,6.988716024826929,487201.89233098004,716.873986541482,15.766167335922693,104.25214549357264,tumor_dominant,2
0.00019684194472866114,9.083588754108175e-7,9.274720538142908e6,9.74279702691096e6,6.98868369950073,487165.7028292626,716.9271277718394,15.767333255325296,104.25989125069823,tumor_dominant,2
0.00019684194472866114,9.836676373532668e-7,41963.19446208475,9.742011639749715e6,6.988648688710397,487126.5098751163,716.9846882059906,15.768596131851163,104.26827875154369,tumor_dominant,2
0.00019684194472866114,1.0652199774439907e-6,5639.333433307891,9.741161065971062e6,6.988610768863725,487084.06392465555,717.0470365547042,15.769964054951481,104.27736025441574,tumor_dominant,2
0.00019684194472866114,1.1535335282543925e-6,3483.863925389318,9.740239888552092e6,6.98856969766663,487038.09465190273,717.1145725015275,15.771445793589802,104.28720107900743,tumor_dominant,2
0.00019684194472866114,1.2491688374075696e-6,2627.619770437639,2671.6490835794352,3.4269419400248933,633.5824202979746,210389.62655608906,743.2292368668714,69101.14168965143,intermediate,1
0.00019684194472866114,1.3527329255106409e-6,2108.8532395261786,2115.8214882794264,3.3256842354761798,605.7910682473923,213963.96415038177,619.451163821456,71815.8843223586,intermediate,1
0.00019684194472866114,1.4648831390624412e-6,1736.1974490623022,1737.6586582133898,3.240214327600591,586.8829198036392,216466.03881637708,527.2387736529686,73788.16420476846,intermediate,1
0.00019684194472866114,1.5863313227918852e-6,1445.44605000152,1445.7941612458515,3.1604067474328055,572.2896981755075,218437.51179004041,451.2269537719982,75386.04031734372,intermediate,1
0.00019684194472866114,1.7178483379099004e-6,1208.334246157816,1208.4230431415,3.082578238963045,560.4211508415734,220067.57466900846,386.0791963081372,76737.5211387193,intermediate,1
0.00019684194472866114,1.8602689549533346e-6,1010.0891531106072,1010.1127876253578,3.0047996029809494,550.5056352625567,221448.17592739288,329.23377477881974,77904.33116147778,intermediate,1
0.00019684194472866114,2.0144971522769457e-6,842.0035324406864,842.0099927708903,2.925832722643171,542.1004980351469,222632.11855400717,279.2420978907833,78921.5577469144,controlled,0
0.00019684194472866114,2.1815118538242366e-6,698.4583249972856,698.4600854410382,2.8447629366015486,534.9230028887041,223653.20415492068,235.18835525031722,79811.47260725018,controlled,0
0.00019684194472866114,2.3623731425962365e-6,575.5528738191125,575.5533749101646,2.76083951866619,528.77767154853,224534.92755180577,196.43699648435324,80589.51997667237,controlled,0
0.00019684194472866114,2.5582289892565713e-6,470.40591123600456,470.4060533199158,2.673395154994749,523.5203023794643,225294.78368323657,162.50644575124286,81267.28379041026,controlled,0
0.00019684194472866114,2.770322538580971e-6,380.7693562548386,380.76944042392444,2.5818011613901986,519.0384772762758,225946.62521822975,132.99979226496797,81854.13812371712,controlled,0
0.00019684194472866114,3.000000000000001e-6,304.80163690663704,304.8016520720176,2.485439827328175,515.2400821946331,226502.0255848214,107.5647084080656,82358.1736652201,controlled,0
0.00022539339047347913,2.0000000000000002e-7,9.750445188263487e6,9.750445220166557e6,6.989024491239219,487547.368140055,716.3670527302893,15.755022730479087,90.98402553336138,tumor_dominant,2
0.00022539339047347913,2.1658127948788786e-7,9.75029428649168e6,9.75029432280964e6,6.9890177700702525,487539.8379637684,716.3780938778367,15.755264973304536,90.98543101216383,tumor_dominant,2
0.00022539339047347913,2.3453725312305292e-7,9.750130870475687e6,9.750130912406575e6,6.989010491436253,487531.68335320224,716.3900509882078,15.755527312343597,90.98695501474737,tumor_dominant,2
0.00022539339047347913,2.5398189184482656e-7,9.749953901887992e6,9.749953951080907e6,6.989002609078827,487522.8525155245,716.4030001009869,15.755811415911749,90.98860015511649,tumor_dominant,2
0.00022539339047347913,2.7503861551253435e-7,9.749762256052254e6,9.749762314829582e6,6.988994072897396,487513.2893599315,716.4170235772693,15.75611909099764,90.9903844632029,tumor_dominant,2
0.00022539339047347913,2.978410762814096e-7,9.749554714650804e6,9.749554786368098e6,6.988984828629409,487502.93314062094,716.4322106267804,15.756452294860965,90.99231764102865,tumor_dominant,2
0.00022539339047347913,3.225340069253865e-7,9.749329957732074e6,9.749330047380826e6,6.9889748175038635,487491.7180700546,716.448657879173,15.756813147553622,90.99441033151395,tumor_dominant,2
0.00022539339047347913,3.4927413949127666e-7,9.749086554868542e6,9.749086670125786e6,6.988963975865839,487479.57290000445,716.4664700033258,15.757203945503031,90.99667728043602,tumor_dominant,2
0.00022539339047347913,3.7823120011525856e-7,9.748822955204856e6,9.748823108340006e6,6.988952234769612,487466.4204677102,716.4857603786921,15.757627176249457,90.99913141889984,tumor_dominant,2
0.00022539339047347913,4.095889863160102e-7,9.748537475873418e6,9.748537687387235e6,6.988939519537699,487452.17720421264,716.506651823141,15.758085534406352,91.00178991301875,tumor_dominant,2
0.00022539339047347913,4.4354653360234233e-7,9.748228287603103e6,9.74822859358393e6,6.988925749282933,487436.7526016923,716.5292773821418,15.758581938982072,91.00466912389484,tumor_dominant,2
0.00022539339047347913,4.803193788000626e-7,9.747893394615753e6,9.747893862635372e6,6.988910836390453,487420.0486363916,716.5537811845151,15.759119552150523,91.00778767968201,tumor_dominant,2
0.00022539339047347913,5.201409281167251e-7,9.747530600795219e6,9.747531367106404e6,6.988894685956188,487401.95914336736,716.5803193704998,15.759701799615447,91.01116464731794,tumor_dominant,2
0.00022539339047347913,5.63263938627689e-7,9.74713743758918e6,9.747138802846491e6,6.988877195178153,487382.36913904856,716.6090610983488,15.76033239268925,91.0148234122681,tumor_dominant,2
0.00022539339047347913,6.099621225868601e-7,9.746710968262639e6,9.746713674280038e6,6.988858252696485,487361.15408719046,716.640189636255,15.761015352260605,91.01878401599114,tumor_dominant,2
0.00022539339047347913,6.605318847450488e-7,9.746247123504253e6,9.74625327846804e6,6.98883773787792,487338.17910347594,716.6739035469795,15.761755034769424,91.02307388968994,tumor_dominant,2
0.00022539339047347913,7.152942037031436e-7,9.745737884194924e6,9.745754687835647e6,6.9888155200398625,487313.29809356533,716.7104179732971,15.762556160416494,91.02772273235622,tumor_dominant,2
0.00022539339047347913,7.745966692414835e-7,9.745155798632925e6,9.745214731453385e6,6.988791457608873,487286.35281900165,716.7499660330102,15.763423843782475,91.03275343384644,tumor_dominant,2
0.00022539339047347913,8.388156885568838e-7,9.744334016823508e6,9.744629974752152e6,6.988765397208039,487257.1718848418,716.7928003331849,15.764363627019163,91.03820330851272,tumor_dominant,2
0.00022539339047347913,9.083588754108175e-7,9.741431669483654e6,9.743996697534746e6,6.9887371726668714,487225.5696424044,716.8391946140925,15.765381515939639,91.04410816669919,tumor_dominant,2
0.00022539339047347913,9.836676373532668e-7,9.688675479268478e6,9.743310870142931e6,6.988706603947173,487191.34499991883,716.8894455343388,15.76648401918233,91.05050277997303,tumor_dominant,2
0.00022539339047347913,1.0652199774439907e-6,5.118340875580031e6,9.7425681276225e6,6.988673495977531,487154.28013323643,716.943874609751,15.76767819073908,91.05742786881666,tumor_dominant,2
0.00022539339047347913,1.1535335282543925e-6,9572.518232156635,9.741763741715176e6,6.98863763738843,487114.1390881089,717.0028303197505,15.768971676166275,91.06493079762068,tumor_dominant,2
0.00022539339047347913,1.2491688374075696e-6,4227.446871224838,9.740892590491045e6,6.988598799139219,487070.666264747,717.0666903963271,15.77037276281165,91.07305989089367,tumor_dominant,2
0.00022539339047347913,1.3527329255106409e-6,2974.9861360308014,3119.5967874833614,3.494237657071708,655.9797760576889,207594.78045130934,833.7600950780787,59575.85690351684,intermediate,1
0.00022539339047347913,1.4648831390624412e-6,2329.5622843374204,2345.5707520521883,3.370433653269422,617.2785077296852,212471.90186613353,672.2347907559688,62841.57411678192,intermediate,1
0.00022539339047347913,1.5863313227918852e-6,1897.1923428728805,1900.170136251578,3.279020983740219,595.0084882968398,215383.66369763514,567.7028975491112,64888.352724542136,intermediate,1
0.00022539339047347913,1.7178483379099004e-6,1571.4791613271493,1572.143912574044,3.1967684540777683,578.607183555528,217579.6586208744,484.6698140879877,66483.10467073396,intermediate,1
0.00022539339047347913,1.8602689549533346e-6,1310.9349970476244,1311.0978332121367,3.1179662183019268,565.5548876597018,219359.51498235203,414.63502429097053,67809.35539961458,intermediate,1
0.00022539339047347913,2.0144971522769457e-6,1095.5172663321719,1095.5593374349692,3.040032137357207,554.7779613342606,220851.19366243063,354.0020334745828,68944.95534929761,intermediate,1
0.00022539339047347913,2.1815118538242366e-6,914.0530190212884,914.0642349702968,2.9614515814041313,545.7032108020464,222123.09566211014,300.8755647345262,69931.1134331636,controlled,0
0.00022539339047347913,2.3623731425962365e-6,759.6301742848984,759.6331939008749,2.8811752740251086,537.9816576283814,223216.92965376703,254.1162617395246,70792.70547305328,controlled,0
0.00022539339047347913,2.5582289892565713e-6,627.6110918004905,627.6119481901012,2.7983826315077063,531.3805965635587,224160.6160445974,212.9668257823213,71546.28631367303,controlled,0
0.00022539339047347913,2.770322538580971e-6,514.6677679673412,514.6679929614903,2.7123701759838084,525.7333973046361,224974.29458907273,176.87632938877252,72203.82138766156,controlled,0
0.00022539339047347913,3.000000000000001e-6,418.2686260632767,418.2686888740558,2.622492430357377,520.9134329545349,225673.4698286724,145.40773781872184,72774.67475227072,controlled,0
0.0002580861540418074,2.0000000000000002e-7,9.750675719443511e6,9.750675746082772e6,6.98903475896929,487558.8719911287,716.3501607920211,15.754632059403056,79.45868765083293,tumor_dominant,2
0.0002580861540418074,2.1658127948788786e-7,9.750543933994286e6,9.750543963749021e6,6.989028889353405,487552.2957052527,716.3598028208783,15.754843605075582,79.4597589311667,tumor_dominant,2
0.0002580861540418074,2.3453725312305292e-7,9.750401220141375e6,9.75040125376513e6,6.989022532927963,487545.17410063103,716.3702446787503,15.7550726989508,79.46091922632063,tumor_dominant,2
0.0002580861540418074,2.5398189184482656e-7,9.750246671305573e6,9.750246709804606e6,6.989015649302095,487537.46194913203,716.3815527531407,15.755320797564982,79.46217601367402,tumor_dominant,2
0.0002580861540418074,2.7503861551253435e-7,9.75007930559654e6,9.750079350339383e6,6.989008194730868,487529.1102698571,716.3937989487414,15.755589478501307,79.46353696844832,tumor_dominant,2
0.0002580861540418074,2.978410762814096e-7,9.749898059505777e6,9.749898112394668e6,6.989000121836283,487520.06601748976,716.4070611471193,15.75588045047284,79.46501217846775,tumor_dominant,2
0.0002580861540418074,3.225340069253865e-7,9.749701781041093e6,9.749701844783932e6,6.988991379304973,487510.2717447026,716.4214237049301,15.756195564259887,79.46660816052022,tumor_dominant,2
0.0002580861540418074,3.4927413949127666e-7,9.749489222222874e6,9.74948930078115e6,6.988981911560653,487499.6652364803,716.4369779938842,15.756536824548,79.46833571999129,tumor_dominant,2
0.0002580861540418074,3.7823120011525856e-7,9.749259030831639e6,9.749259130182933e6,6.988971658409195,487488.17911398667,716.4538229860426,15.756906402770472,79.47020901838474,tumor_dominant,2
0.0002580861540418074,4.095889863160102e-7,9.749009741220698e6,9.749009870709315e6,6.988960554654,487475.7404054547,716.472065888261,15.757306651036364,79.47223777013437,tumor_dominant,2
0.0002580861540418074,4.4354653360234233e-7,9.74873976384303e6,9.748739938688459e6,6.988948529679193,487462.27008131746,716.4918228299974,15.757740117216409,79.47443153182974,tumor_dominant,2
0.0002580861540418074,4.803193788000626e-7,9.748447372760983e6,9.748447618965304e6,6.988935506997913,487447.682550603,716.513219609003,15.758209561290295,79.47681094680537,tumor_dominant,2
0.0002580861540418074,5.201409281167251e-7,9.748130689412937e6,9.748131053967657e6,6.9889214037626886,487431.8851153279,716.5363924999052,15.758717973112182,79.47938543762234,tumor_dominant,2
0.0002580861540418074,5.63263938627689e-7,9.747787658146007e6,9.747788231861677e6,6.988906130234781,487414.77737939137,716.5614891309913,15.75926859162399,79.48217357933619,tumor_dominant,2
0.0002580861540418074,6.099621225868601e-7,9.747416000565616e6,9.74741697371782e6,6.988889589208922,487396.25060811726,716.5886694351545,15.759864925726033,79.48519666014874,tumor_dominant,2
0.0002580861540418074,6.605318847450488e-7,9.74701310673271e6,9.747014919604914e6,6.98887167538966,487376.18703432754,716.618106681317,15.76051077691687,79.48846935964161,tumor_dominant,2
0.0002580861540418074,7.152942037031436e-7,9.74657570746617e6,9.746579513523085e6,6.988852274715248,487354.4591064224,716.6499885933405,15.76121026382861,79.49201111912166,tumor_dominant,2
0.0002580861540418074,7.745966692414835e-7,9.746098645090029e6,9.746107987076627e6,6.988831263624522,487330.9286735931,716.6845185639943,15.761967848860042,79.4958471320913,tumor_dominant,2
0.0002580861540418074,8.388156885568838e-7,9.745569041736243e6,9.74559734178041e6,6.988808508261878,487305.44610286155,716.7219169722824,15.76278836708318,79.5000036023347,tumor_dominant,2
0.0002580861540418074,9.083588754108175e-7,9.744929251428317e6,9.745044329884758e6,6.988783863615059,487277.8493221844,716.7624226131513,15.76367705761358,79.50450516996943,tumor_dominant,2
0.0002580861540418074,9.836676373532668e-7,9.743723846063476e6,9.744445433593983e6,6.988757172579956,487247.96278336365,716.8062942494554,15.764639597652202,79.50938129776152,tumor_dominant,2
0.0002580861540418074,1.0652199774439907e-6,9.734845786923043e6,9.743796842541322e6,6.988728264946072,487215.5963379708,716.8538122969678,15.765682139456995,79.51466320481015,tumor_dominant,2
0.0002580861540418074,1.1535335282543925e-6,9.384460778389512e6,9.743094429372689e6,6.988696956295788,487180.54401889106,716.9052806542288,15.766811350489906,79.52038276830801,tumor_dominant,2
0.0002580861540418074,1.2491688374075696e-6,56985.38317587444,9.742333723279018e6,6.988663046809941,487142.5827194589,716.9610286901332,15.768034457016267,79.52657830511689,tumor_dominant,2
0.0002580861540418074,1.3527329255106409e-6,5742.778393114644,9.741509881300675e6,6.9886263199714485,487101.4707614565,717.0214134034018,15.769359291488653,79.53328892084828,tumor_dominant,2
0.0002580861540418074,1.4648831390624412e-6,3483.7006441095873,9.74061765721526e6,6.988586541158108,487056.9463424727,717.0868217694049,15.770794344028896,79.54055868342905,tumor_dominant,2
0.0002580861540418074,1.5863313227918852e-6,2615.053698598652,2658.6880288762673,3.4248306985546346,632.9343643000744,210471.6143770522,740.4874033749903,54540.09281706044,intermediate,1
0.0002580861540418074,1.7178483379099004e-6,2093.8875209649445,2100.5699967159953,3.3225438595716494,605.0284736175086,214063.75245654458,615.8582827822974,56770.01807020732,intermediate,1
0.0002580861540418074,1.8602689549533346e-6,1721.0059299092022,1722.3710581431137,3.236378795239307,586.1185533329107,216568.41983923834,523.3606749776825,58387.693091526926,intermediate,1
0.0002580861540418074,2.0144971522769457e-6,1430.7126793473305,1431.0302128319001,3.155952180770552,571.5515031322201,218538.1924689273,447.2596028773218,59698.12272220975,intermediate,1
0.0002580861540418074,2.1815118538242366e-6,1194.3439667911873,1194.423224194614,3.077521688875605,559.7211558026569,220164.4746272127,382.13534246151255,60806.454940923846,intermediate,1
0.0002580861540418074,2.3623731425962365e-6,996.9892925961165,997.0099214186664,2.999134858718195,549.850489633748,221540.0056293036,325.39328236443254,61763.17998210008,controlled,0
0.0002580861540418074,2.5582289892565713e-6,829.8812127100539,829.8867755921615,2.9195418467856062,541.4943306882237,222717.9913463564,275.5665241773016,62596.96265990001,controlled,0
0.0002580861540418074,2.770322538580971e-6,687.3662423598381,687.3677206915931,2.837820496963189,534.368384299737,223732.49538707803,231.72628707886764,63325.98284775684,controlled,0
0.0002580861540418074,3.000000000000001e-6,565.5188293676314,565.519250491292,2.7532146719047934,528.2759587828729,224607.21832681764,193.22601822488144,63962.87161706105,controlled,0
0.0002955209235202888,2.0000000000000002e-7,9.75087705190281e6,9.750877074696232e6,6.989043726039524,487568.9188193718,716.3354085156894,15.754290520812322,69.39332047632224,tumor_dominant,2
0.0002955209235202888,2.1658127948788786e-7,9.750761960891254e6,9.750761985946925e6,6.989038600070013,487563.17558761145,716.3438287748502,15.754475260534466,69.39413597744736,tumor_dominant,2
0.0002955209235202888,2.3453725312305292e-7,9.750637326229008e6,9.750637354039319e6,6.989033048986909,487556.95612696296,716.3529474653217,15.754675323767541,69.39502091620686,tumor_dominant,2
0.0002955209235202888,2.5398189184482656e-7,9.75050235630881e6,9.75050238751421e6,6.989027037521747,487550.22094149096,716.362822549915,15.754891982210863,69.39597835040232,tumor_dominant,2
0.0002955209235202888,2.7503861551253435e-7,9.750356193802264e6,9.750356229248757e6,6.989020527477968,487542.9272584584,716.3735168070189,15.755126613210322,69.39701888758803,tumor_dominant,2
0.0002955209235202888,2.978410762814096e-7,9.75019791017889e6,9.750197951004177e6,6.989013477487434,487535.0287562561,716.3850982315913,15.75538070857337,69.39814170137672,tumor_dominant,2
0.0002955209235202888,3.225340069253865e-7,9.750026499754919e6,9.750026547520759e6,6.989005842746676,487526.47526970605,716.3976404696803,15.755655884078795,69.39936013272973,tumor_dominant,2
0.0002955209235202888,3.4927413949127666e-7,9.749840873222996e6,9.749840930120738e6,6.98899757473107,487517.21247084765,716.4112232893515,15.755953889832204,69.4006762948914,tumor_dominant,2
0.0002955209235202888,3.7823120011525856e-7,9.749639850595355e6,9.749639919779902e6,6.988988620885216,487507.18152316706,716.4259330910425,15.756276621440682,69.40210537350686,tumor_dominant,2
0.0002955209235202888,4.095889863160102e-7,9.749422153476346e6,9.749422239621473e6,6.988978924287384,487496.31870704365,716.441863460747,15.756626132171863,69.40365145065766,tumor_dominant,2
0.0002955209235202888,4.4354653360234233e-7,9.749186396525662e6,9.74918650678605e6,6.988968423285957,487484.55501401547,716.459115769604,15.7570046460898,69.40532794864205,tumor_dominant,2
0.0002955209235202888,4.803193788000626e-7,9.748931077874197e6,9.74893122362346e6,6.988957051105421,487471.81570724625,716.4777998238953,15.757414572332394,69.40713967834391,tumor_dominant,2
0.0002955209235202888,5.201409281167251e-7,9.748654568023361e6,9.748654768151848e6,6.9889447354194125,487458.0198453781,716.4980345696882,15.757858520551869,69.40910353861585,tumor_dominant,2
0.0002955209235202888,5.63263938627689e-7,9.748355096190814e6,9.748355383720296e6,6.9889313978879395,487443.07976668334,716.5199488568611,15.758339317693126,69.41123136891459,tumor_dominant,2
0.0002955209235202888,6.099621225868601e-7,9.748030731544847e6,9.7480311678101e6,6.988916953655831,487426.90053021326,716.5436822675126,15.75886002616449,69.41353465987747,tumor_dominant,2
0.0002955209235202888,6.605318847450488e-7,9.747679352395056e6,9.747680059901735e6,6.988901310809079,487409.37931030977,716.5693860143568,15.759423963544242,69.41602853121026,tumor_dominant,2
0.0002955209235202888,7.152942037031436e-7,9.74729858229827e6,9.7472998283288e6,6.9888843697854925,487390.4047405765,716.5972239150767,15.76003472395865,69.41873077848506,tumor_dominant,2
0.0002955209235202888,7.745966692414835e-7,9.746885620973565e6,9.746888056033963e6,6.988866022735778,487369.856203059,716.6273734492179,15.76069620127288,69.42165832989731,tumor_dominant,2
0.0002955209235202888,8.388156885568838e-7,9.746436683382344e6,9.746442125134526e6,6.988846152830811,487347.60305801354,716.6600269047585,15.761412614244636,69.42482907530581,tumor_dominant,2
0.0002955209235202888,9.083588754108175e-7,9.745944676128248e6,9.745959200197171e6,6.988824633510488,487323.50380926684,716.6953926221596,15.762188533820352,69.42825935448033,tumor_dominant,2
0.0002955209235202888,9.836676373532668e-7,9.74538677732346e6,9.745436210113842e6,6.988801327669193,487297.4051997215,716.7336963443746,15.76302891274138,69.43197670912258,tumor_dominant,2
0.0002955209235202888,1.0652199774439907e-6,9.74463168539622e6,9.744869828457875e6,6.9887760867722895,487269.14123110444,716.7751826821358,15.763939117707197,69.43600356980099,tumor_dominant,2
0.0002955209235202888,1.1535335282543925e-6,9.742315091092225e6,9.74425645219505e6,6.988748749897851,487238.53210154804,716.8201167046127,15.764924964265843,69.44036500065843,tumor_dominant,2
0.0002955209235202888,1.2491688374075696e-6,9.706104410959022e6,9.743592178608017e6,6.988719142697047,487205.383054029,716.8687856665499,15.765992754705472,69.44508952537691,tumor_dominant,2
0.0002955209235202888,1.3527329255106409e-6,6.73189402514927e6,9.74287278028244e6,6.988687076266134,487169.48312809534,716.9215008839785,15.767149319208913,69.45020608104305,tumor_dominant,2
0.0002955209235202888,1.4648831390624412e-6,10967.182375861403,9.742093677990856e6,6.988652345922385,487130.60380664153,716.9785997717826,15.768402060551043,69.45574919361802,tumor_dominant,2
0.0002955209235202888,1.5863313227918852e-6,4342.961757800542,9.74124991129339e6,6.9886147298754615,487088.4975487846,717.040448057623,15.769759002674872,69.46175445871586,tumor_dominant,2
0.0002955209235202888,1.7178483379099004e-6,3005.5408837091145,3174.8335803315354,3.501857736501489,658.7416274364119,207255.2778488258,844.390161295878,46582.785481658095,intermediate,1
0.0002955209235202888,1.8602689549533346e-6,2340.1317736964293,2357.1188812671126,3.372565695660204,617.8559164366898,212397.45253324835,674.8212056692834,49360.988759607615,intermediate,1
0.0002955209235202888,2.0144971522769457e-6,1900.2951784578343,1903.3364422983939,3.279743678358181,595.1668039147047,215362.68248822493,568.4734925828794,51050.598648597996,intermediate,1
0.0002955209235202888,2.1815118538242366e-6,1571.0628261411086,1571.7227915284657,3.1966521805260872,578.586124839293,217582.50597861563,484.55469049684206,52360.34982268947,intermediate,1
0.0002955209235202888,2.3623731425962365e-6,1308.6599921845486,1308.8178201987457,3.1172108947516124,565.4408835298568,219375.1887919903,414.0021621335796,53447.48608627273,intermediate,1
0.0002955209235202888,2.5582289892565713e-6,1092.2315564436701,1092.2714284624328,3.0387279984081927,554.6135644701446,220874.1049276577,353.05174476443784,54377.41919921143,intermediate,1
0.0002955209235202888,2.770322538580971e-6,910.2516557627467,910.2620915879311,2.9596433040421637,545.5130957267165,222149.8970214032,299.7367699005133,55184.44081206088,controlled,0
0.0002955209235202888,3.000000000000001e-6,755.6289648222651,755.6317868376537,2.8788845824737863,537.7815877008059,223245.4148867996,252.88023557752754,55889.12406057756,controlled,0
0.00033838551534282334,2.0000000000000002e-7,9.751052883607443e6,9.751052903524222e6,6.9890515572113125,487577.69314080954,716.3225248770862,15.753991967301326,60.602974887411385,tumor_dominant,2
0.00033838551534282334,2.1658127948788786e-7,9.7509523720687e6,9.750952393669121e6,6.989047080659255,487572.6774344556,716.3298782222437,15.754153298726326,60.6035996801084,tumor_dominant,2
0.00033838551534282334,2.3453725312305292e-7,9.75084352609384e6,9.750843549710603e6,6.989042232867199,487567.2458342902,716.3378414645019,15.754328011209482,60.6042744552224,tumor_dominant,2
0.00033838551534282334,2.5398189184482656e-7,9.750725654435959e6,9.750725680492032e6,6.989036983038802,487561.3638497476,716.3464652127603,15.754517215101641,60.605004030833,tumor_dominant,2
0.00033838551534282334,2.7503861551253435e-7,9.750598008479537e6,9.750598037519896e6,6.989031297821371,487554.99412899493,716.3558042794124,15.754722112975697,60.605795875513415,tumor_dominant,2
0.00033838551534282334,2.978410762814096e-7,9.750459777466571e6,9.750459810203932e6,6.989025141093373,487548.0962214046,716.3659180301735,15.75494400730656,60.606653809963674,tumor_dominant,2
0.00033838551534282334,3.225340069253865e-7,9.750310083318833e6,9.750310120701805e6,6.989018473734255,487540.6263202815,716.376870763144,15.755184308784562,60.60758229679318,tumor_dominant,2
0.00033838551534282334,3.4927413949127666e-7,9.750147975020487e6,9.750148018334934e6,6.9890112533750495,487532.53698420554,716.3887321195588,15.75544454532657,60.60858699806542,tumor_dominant,2
0.00033838551534282334,3.7823120011525856e-7,9.749972422514075e6,9.749972473540153e6,6.989003434128198,487523.77683518763,716.4015775289187,15.755726371839499,60.60967837059767,tumor_dominant,2
0.00033838551534282334,4.095889863160102e-7,9.749782310056522e6,9.749782371317603e6,6.988994966294787,487514.29023172456,716.415488691393,15.756031580816597,60.61085515765479,tumor_dominant,2
0.00033838551534282334,4.4354653360234233e-7,9.749576428964786e6,9.749576504134439e6,6.98898579604739,487504.0169146414,716.4305541006433,15.756362113786784,60.61213227839533,tumor_dominant,2
0.00033838551534282334,4.803193788000626e-7,9.749353469645496e6,9.749353564236663e6,6.988975865086344,487492.8916234545,716.4468696105267,15.756720073767324,60.613515355241134,tumor_dominant,2
0.00033838551534282334,5.201409281167251e-7,9.749112012743754e6,9.749112135321677e6,6.9889651102673325,487480.8436807948,716.4645390493521,15.75710773873022,60.61501432273299,tumor_dominant,2
0.00033838551534282334,5.63263938627689e-7,9.748850519099511e6,9.748850683516694e6,6.988953463197779,487467.7965422052,716.4836748857961,15.757527576215823,60.61663831818758,tumor_dominant,2
0.00033838551534282334,6.099621225868601e-7,9.74856731787491e6,9.748567547605429e6,6.988940849799449,487453.66730843246,716.5043989508301,15.757982259174575,60.61839226903134,tumor_dominant,2
0.00033838551534282334,6.605318847450488e-7,9.748260591371939e6,9.748260928440811e6,6.988927189834419,487438.36619705585,716.5268432204756,15.758474683125604,60.62029555779679,tumor_dominant,2
0.00033838551534282334,7.152942037031436e-7,9.747928352751646e6,9.747928877473079e6,6.988912396391222,487421.7959700449,716.5511506646068,15.759007984799995,60.622355402993165,tumor_dominant,2
0.00033838551534282334,7.745966692414835e-7,9.747568405881926e6,9.747569284322351e6,6.988896375327919,487403.8513135586,716.5774761674332,15.759585562319124,60.62458802093077,tumor_dominant,2
0.00033838551534282334,8.388156885568838e-7,9.747178253000686e6,9.747179863312356e6,6.988879024668296,487384.41816595447,716.6059875258859,15.760211097108979,60.62700570071537,tumor_dominant,2
0.00033838551534282334,9.083588754108175e-7,9.74675482542237e6,9.746758138880054e6,6.988860233947299,487363.3729896669,716.6368665326022,15.760888577654587,60.629623949421685,tumor_dominant,2
0.00033838551534282334,9.836676373532668e-7,9.746293503709078e6,9.746301429765102e6,6.98883988350129,487340.58198221965,716.670310150861,15.761622325280676,60.63245763815105,tumor_dominant,2
0.00033838551534282334,1.0652199774439907e-6,9.745783624178115e6,9.74580683187758e6,6.98881784369847,487315.90022124123,716.7065317894563,15.762417022115129,60.63552885285122,tumor_dominant,2
0.00033838551534282334,1.1535335282543925e-6,9.74518113800203e6,9.745271199730258e6,6.988793974104215,487289.17073791026,716.7457626862512,15.763277741454411,60.638853160188944,tumor_dominant,2
0.00033838551534282334,1.2491688374075696e-6,9.744163402053883e6,9.74469112631716e6,6.988768122575883,487260.22351277765,716.78825340992,15.764209980698386,60.64245504147651,tumor_dominant,2
0.00033838551534282334,1.3527329255106409e-6,9.738174326977292e6,9.744062921303464e6,6.988740124280827,487228.87438739376,716.8342754903031,15.765219697127176,60.646357698694096,tumor_dominant,2
0.00033838551534282334,1.4648831390624412e-6,9.545884132503642e6,9.743382587385474e6,6.98870980063106,487194.9238845848,716.8841231887476,15.7663133467411,60.650583172523795,tumor_dominant,2
0.00033838551534282334,1.5863313227918852e-6,184464.78670724164,9.74264579466553e6,6.988676958127333,487158.1559296252,716.9381154208776,15.767497926437162,60.65516138582623,tumor_dominant,2
0.00033838551534282334,1.7178483379099004e-6,6276.937586790702,9.741847852869818e6,6.988641387104585,487118.3364638552,716.9965978454246,15.768781019847037,60.6601168459648,tumor_dominant,2
0.00033838551534282334,1.8602689549533346e-6,3594.424841538909,9.740983681229938e6,6.988602860370349,487075.2119415608,717.0599451340394,15.770170847118797,60.66548759571884,tumor_dominant,2
0.00033838551534282334,2.0144971522769457e-6,2661.4114617585624,2713.844995647607,3.4337450385448918,635.692210907714,210123.1492001143,752.0831509086352,42533.5136089417,intermediate,1
0.00033838551534282334,2.1815118538242366e-6,2119.3794348361253,2126.8594763634737,3.3279429438039134,606.3429475634051,213891.79912818375,622.0312564634877,44409.41704120087,intermediate,1
0.00033838551534282334,2.3623731425962365e-6,1736.926073598719,1738.397878893529,3.240398936139125,586.9198806230299,216461.0909916069,527.4155634359321,45744.599502483245,intermediate,1
0.00033838551534282334,2.5582289892565713e-6,1441.3018875540633,1441.6351770685865,3.159156517775381,572.0817466841884,218465.86339928352,450.1016329432057,46819.96954214885,intermediate,1
0.00033838551534282334,2.770322538580971e-6,1201.6036737027027,1201.684621840486,3.0801517578875224,560.0842339719139,220114.20374861517,384.17434571268495,47727.15449388701,intermediate,1
0.00033838551534282334,3.000000000000001e-6,1002.0208982258368,1002.041760908539,3.0013190149292734,550.1020840490106,221504.73146768278,326.86197355207145,48509.18456411277,intermediate,1
0.0003874675120456132,2.0000000000000002e-7,9.751206444224983e6,9.75120646194584e6,6.9890583963746185,487585.3561100816,716.3112731831822,15.75373101449696,52.926144321587486,tumor_dominant,2
0.0003874675120456132,2.1658127948788786e-7,9.751118665181536e6,9.751118684182335e6,6.989054486954164,487580.9757687558,716.3176948326411,15.753871904409165,52.926619458858944,tumor_dominant,2
0.0003874675120456132,2.3453725312305292e-7,9.751023607658217e6,9.751023628170485e6,6.989050253337516,487576.2322236031,716.3246490744935,15.754024479304883,52.92713433892445,tumor_dominant,2
0.0003874675120456132,2.5398189184482656e-7,9.750920668027492e6,9.750920690339739e6,6.989045668632878,487571.095354842,716.332180098014,15.754189708688118,52.927692549540076,tumor_dominant,2
0.0003874675120456132,2.7503861551253435e-7,9.750809192576373e6,9.75080921705249e6,6.989040703716555,487565.53254421096,716.3403357619159,15.754368642569895,52.928297396479834,tumor_dominant,2
0.0003874675120456132,2.978410762814096e-7,9.750688473343752e6,9.750688500448508e6,6.989035327047505,487559.5084675916,716.3491678995915,15.754562418166131,52.92895042092992,tumor_dominant,2
0.0003874675120456132,3.225340069253865e-7,9.75055774360824e6,9.750557773944182e6,6.989029504466441,487552.984870404,716.3587326498182,15.754772267147743,52.929659889572044,tumor_dominant,2
0.0003874675120456132,3.4927413949127666e-7,9.75041617299715e6,9.750416207357228e6,6.989023198978182,487545.92032432713,716.3690908151078,15.75499952351319,52.93042459286225,tumor_dominant,2
0.0003874675120456132,3.7823120011525856e-7,9.750262862179745e6,9.75026290162675e6,6.989016370515892,487538.2699637986,716.3803082499873,15.755245632093061,52.9312557824173,tumor_dominant,2
0.0003874675120456132,4.095889863160102e-7,9.750096837107327e6,9.750096883093521e6,6.989008975685614,487529.98520059895,716.3924562817716,15.755512157795941,52.93215520768028,tumor_dominant,2
0.0003874675120456132,4.4354653360234233e-7,9.749917042751059e6,9.749917097305099e6,6.989000967489527,487521.0134147019,716.4056121665363,15.755800795603335,52.933129000428536,tumor_dominant,2
0.0003874675120456132,4.803193788000626e-7,9.749722336278502e6,9.749722402305285e6,6.988992295026079,487511.297619398,716.4198595832967,15.756113381414462,52.934183339288786,tumor_dominant,2
0.0003874675120456132,5.201409281167251e-7,9.749511479587901e6,9.749511561365176e6,6.988982903165082,487500.7760985529,716.4352891696057,15.756451903796117,52.93532630413734,tumor_dominant,2
0.0003874675120456132,5.63263938627689e-7,9.749283131076822e6,9.749283235109042e6,6.988972732195648,487489.3820136684,716.4519991020961,15.756818516722328,52.93656338350534,tumor_dominant,2
0.0003874675120456132,6.099621225868601e-7,9.749035836436113e6,9.749035972984565e6,6.988961717444675,487477.04297821753,716.4700957257857,15.757215553377474,52.93790296922499,tumor_dominant,2
0.0003874675120456132,6.605318847450488e-7,9.748768018066121e6,9.74876820402251e6,6.988949788863418,487463.6805965224,716.4896942362845,15.757645541124447,52.93935525258476,tumor_dominant,2
0.0003874675120456132,7.152942037031436e-7,9.748477962235106e6,9.748478226825997e6,6.9889368705794075,487449.2099641984,716.5109194194437,15.758111217736325,52.940925852825494,tumor_dominant,2
0.0003874675120456132,7.745966692414835e-7,9.748163801866218e6,9.748164198725771e6,6.98892288041083,487433.5391269521,716.5339064533226,15.75861554898395,52.942626813492964,tumor_dominant,2
0.0003874675120456132,8.388156885568838e-7,9.747823489300529e6,9.747824124030275e6,6.988907729340148,487416.56849422737,716.5588017778548,15.759161747720045,52.94447065527481,tumor_dominant,2
0.0003874675120456132,9.083588754108175e-7,9.747454742238695e6,9.74745584129507e6,6.988891320943492,487398.19020392204,716.5857640380079,15.759753294574054,52.94646631617897,tumor_dominant,2
0.0003874675120456132,9.836676373532668e-7,9.747054906558393e6,9.747057009529896e6,6.98887355077212,487378.2874340526,716.6149651067807,15.760393960390314,52.94862832696958,tumor_dominant,2
0.0003874675120456132,1.0652199774439907e-6,9.746620518151902e6,9.746625093252517e6,6.988854305681767,487356.7336569069,716.6465911949456,15.761087830579422,52.95097017218558,tumor_dominant,2
0.0003874675120456132,1.1535335282543925e-6,9.74614555661301e6,9.74615734629349e6,6.98883346310549,487333.3918308386,716.6808440550554,15.7618393315316,52.953507090936334,tumor_dominant,2
0.0003874675120456132,1.2491688374075696e-6,9.745612531210503e6,9.745650794245547e6,6.9888108902651345,487308.1135244435,716.7179422879364,15.762653259282368,52.95625286886359,tumor_dominant,2
0.0003874675120456132,1.3527329255106409e-6,9.74492990273798e6,9.74510221544424e6,6.988786443316185,487280.7379674011,716.7581227606164,15.763534810616182,52.959227026228845,tumor_dominant,2
0.0003874675120456132,1.4648831390624412e-6,9.7432394366556e6,9.744508120354064e6,6.988759966420182,487251.09102178673,716.8016421454693,15.764489616837855,52.962449038145635,tumor_dominant,2
0.0003874675120456132,1.5863313227918852e-6,9.723152385024909e6,9.74386472922608e6,6.9887312907385155,487218.9840670977,716.8487785912802,15.76552378043317,52.96594012174134,tumor_dominant,2
0.0003874675120456132,1.7178483379099004e-6,8.398761550595263e6,9.743167947879463e6,6.988700233340706,487184.2127916819,716.8998335379009,15.766643914884197,52.96971844651787,tumor_dominant,2
0.0003874675120456132,1.8602689549533346e-6,15520.756517408983,9.742413341449497e6,6.988666596019836,487146.5558825966,716.9551336872935,15.767857187901914,52.973814198774754,tumor_dominant,2
0.0003874675120456132,2.0144971522769457e-6,4659.949882715297,9.741596105923751e6,6.988630164006808,487105.773605248,717.0150331449635,15.769171368421967,52.97824756993903,tumor_dominant,2
0.0003874675120456132,2.1815118538242366e-6,3111.0884669696684,3381.8497436918974,3.529282708123574,669.0924299888109,205992.71664824735,883.2597897076861,35810.068056796656,intermediate,1
0.0003874675120456132,2.3623731425962365e-6,2395.666752275411,2416.7663090519522,3.383414321506607,620.838284598579,212013.74866628804,688.1079479214367,38379.705272552106,intermediate,1
0.0003874675120456132,2.5582289892565713e-6,1935.9066227217093,1939.4686984752307,3.2879066415675955,596.973419434769,215123.5449823289,577.2845024560164,39791.86987904848,intermediate,1
0.0003874675120456132,2.770322538580971e-6,1596.2816863420815,1597.028282530889,3.203584461359953,579.8513959210509,217411.49917181194,491.14711133847976,40870.802835635775,intermediate,1
0.0003874675120456132,3.000000000000001e-6,1327.52346800852,1327.697422341423,3.1234260924786574,566.3848640321282,219245.46934724928,419.1858434495488,41761.38925200537,intermediate,1
0.0004436687330978611,2.0000000000000002e-7,9.751340554430969e6,9.751340570445772e6,6.989064369191957,487592.04847689363,716.3014467224566,15.753502947396456,46.2217722263458,tumor_dominant,2
0.0004436687330978611,2.1658127948788786e-7,9.751263894916078e6,9.75126391192195e6,6.989060955045861,487588.2230149868,716.3070547497119,15.753625986391535,46.22213643526854,tumor_dominant,2
0.0004436687330978611,2.3453725312305292e-7,9.75118087905959e6,9.751180897221852e6,6.989057257784022,487584.08036310517,716.3131278682242,15.753759229394646,46.22252696851964,tumor_dominant,2
0.0004436687330978611,2.5398189184482656e-7,9.75109097973678e6,9.751090999257943e6,6.989053253923768,487579.59421817766,716.3197046629259,15.753903522947352,46.22295246697583,tumor_dominant,2
0.0004436687330978611,2.7503861551253435e-7,9.750993626092156e6,9.750993647222992e6,6.989048918033733,487574.7360954007,716.3268269221709,15.75405978387788,46.22341369423374,tumor_dominant,2
0.0004436687330978611,2.978410762814096e-7,9.750888199907579e6,9.750888222961864e6,6.989044222571985,487569.4751471863,716.3345399040757,15.754229005140171,46.223911591220855,tumor_dominant,2
0.0004436687330978611,3.225340069253865e-7,9.750774031666558e6,9.750774057042027e6,6.989039137710683,487563.7779670591,716.3428926251008,15.754412262142834,46.22445182410309,tumor_dominant,2
0.0004436687330978611,3.4927413949127666e-7,9.75065039628998e6,9.75065042449719e6,6.9890336311461185,487557.60837726155,716.351938172704,15.754610719612769,46.225037249877445,tumor_dominant,2
0.0004436687330978611,3.7823120011525856e-7,9.750516508513033e6,9.750516540217575e6,6.989027667892946,487550.9271987109,716.3617340440954,15.754825639025878,46.22567051331787,tumor_dominant,2
0.0004436687330978611,4.095889863160102e-7,9.750371517872822e6,9.750371553956807e6,6.989021210061257,487543.6920018277,716.3723425133066,15.75505838665945,46.22635602789578,tumor_dominant,2
0.0004436687330978611,4.4354653360234233e-7,9.750214503269872e6,9.750214544923788e6,6.98901421661508,487535.8568366564,716.3838310289227,15.755310442318523,46.22709931968469,tumor_dominant,2
0.0004436687330978611,4.803193788000626e-7,9.750044467060978e6,9.750044515924642e6,6.989006643110718,487527.3719405327,716.3962726451156,15.755583408794806,46.227903293747744,tumor_dominant,2
0.0004436687330978611,5.201409281167251e-7,9.749860328632582e6,9.749860387017708e6,6.988998441413281,487518.1834214437,716.4097464887288,15.755879022109598,46.228776474657316,tumor_dominant,2
0.0004436687330978611,5.63263938627689e-7,9.749660917389058e6,9.749660988640077e6,6.9889895593895055,487508.23291503487,716.424338265526,15.75619916262937,46.22971770359208,tumor_dominant,2
0.0004436687330978611,6.099621225868601e-7,9.749444965062428e6,9.74944505416286e6,6.988979940574973,487497.4572130719,716.4401408088654,15.756545867090423,46.230739450425816,tumor_dominant,2
0.0004436687330978611,6.605318847450488e-7,9.749211097194944e6,9.749211211825727e6,6.988969523813442,487485.7878609737,716.4572546744382,15.756921341658664,46.23184722129814,tumor_dominant,2
0.0004436687330978611,7.152942037031436e-7,9.748957823531594e6,9.748957976000305e6,6.988958242866061,487473.1507218197,716.4757887849767,15.757327976070455,46.23304628386232,tumor_dominant,2
0.0004436687330978611,7.745966692414835e-7,9.748683526784133e6,9.748683737725478e6,6.988946025987833,487459.4655040339,716.4958611291776,15.757768358965988,46.23434286536866,tumor_dominant,2
0.0004436687330978611,8.388156885568838e-7,9.74838644855753e6,9.748386754454065e6,6.98893279546863,487444.6452497025,716.5175995194861,15.758245294512623,46.23574808618394,tumor_dominant,2
0.0004436687330978611,9.083588754108175e-7,9.748064669393968e6,9.748065138944032e6,6.988918467135685,487428.5957802205,716.5411424137756,15.758761820435549,46.23727167090341,tumor_dominant,2
0.0004436687330978611,9.836676373532668e-7,9.747716074465409e6,9.747716847223055e6,6.988902949814336,487411.2150956931,716.566639806389,15.759321227568213,46.23891915211863,tumor_dominant,2
0.0004436687330978611,1.0652199774439907e-6,9.747338278587315e6,9.747339665549116e6,6.9888861447434945,487392.39272419905,716.5942541945385,15.759927081047616,46.24070471162322,tumor_dominant,2
0.0004436687330978611,1.1535335282543925e-6,9.74692841745392e6,9.746931196281109e6,6.988867944941901,487372.00901671423,716.6241616265338,15.760583243318319,46.24263918126028,tumor_dominant,2
0.0004436687330978611,1.2491688374075696e-6,9.746482420490962e6,9.746488842569172e6,6.9888482345210425,487349.93438310124,716.6565528389574,15.761293899080124,46.24473249375782,tumor_dominant,2
0.0004436687330978611,1.3527329255106409e-6,9.745991831846775e6,9.746009791765274e6,6.988826887940157,487326.0284642195,716.6916344904778,15.762063582352269,46.24700214671356,tumor_dominant,2
0.0004436687330978611,1.4648831390624412e-6,9.745425602707244e6,9.745490997444117e6,6.988803769198271,487300.1392347486,716.729630500758,15.762897205856875,46.249457516735106,tumor_dominant,2
0.0004436687330978611,1.5863313227918852e-6,9.744580069184886e6,9.74492915992044e6,6.988778730958016,487272.10203087574,716.7707835036368,15.76380009288966,46.252119556339814,tumor_dominant,2
0.0004436687330978611,1.7178483379099004e-6,9.740956799932789e6,9.74432070513102e6,6.988751613595128,487241.7384964864,716.8153564246335,15.764778011939592,46.25500195564816,tumor_dominant,2
0.0004436687330978611,1.8602689549533346e-6,9.656030031707812e6,9.743661761746978e6,6.9887222441674,487208.8554409438,716.8636341937648,15.765837214259475,46.25812401069732,tumor_dominant,2
0.0004436687330978611,2.0144971522769457e-6,2.0390864250542007e6,9.742948136362849e6,6.988690435295932,487173.2436009515,716.915925605657,15.766984474678685,46.26150404144803,tumor_dominant,2
0.0004436687330978611,2.1815118538242366e-6,7515.640365994491,9.74217528660089e6,6.988655983951139,487134.6762983298,716.9725653401186,15.768227135929179,46.265165409348256,tumor_dominant,2
0.0004436687330978611,2.3623731425962365e-6,3824.215833685964,9.74133829195105e6,6.988618670135102,487092.90798482485,717.0339161575528,15.76957315681257,46.26913265620461,tumor_dominant,2
0.0004436687330978611,2.5582289892565713e-6,2762.8162482719003,2838.563607130522,3.453251601463358,641.9281378089291,209339.45424368914,777.8588446252189,32808.07566178793,intermediate,1
0.0004436687330978611,2.770322538580971e-6,2180.571776439909,2190.1581821996524,3.340673730904705,609.5078794082706,213478.90824655388,636.771432460355,34432.97316880402,intermediate,1
0.0004436687330978611,3.000000000000001e-6,1779.5662500387607,1781.3608018567988,3.2509956224812444,589.0680219336259,216173.9002919656,538.2305066244513,35542.80752133747,intermediate,1
0.0005080218046913023,2.0000000000000002e-7,9.751457677698415e6,9.751457692367388e6,6.989069585407432,487597.89316863136,716.2928649666771,15.75330363805349,40.36667162701371,tumor_dominant,2
0.0005080218046913023,2.1658127948788786e-7,9.75139072909566e6,9.751390744544284e6,6.9890666037847975,487594.5522963056,716.2977624760595,15.75341108828865,40.366947912991755,tumor_dominant,2
0.0005080218046913023,2.3453725312305292e-7,9.751318229439842e6,9.751318245788895e6,6.989063374919905,487590.9344178193,716.3030661346379,15.753527449341558,40.367247685388044,tumor_dominant,2
0.0005080218046913023,2.5398189184482656e-7,9.751239718406646e6,9.75123973580195e6,6.989059878306728,487587.0165630169,716.3088096345307,15.753653460409522,40.36757173373307,tumor_dominant,2
0.0005080218046913023,2.7503861551253435e-7,9.751154697487494e6,9.751154716106681e6,6.98905609173777,487582.7738565806,716.3150294645578,15.753789922047789,40.36792296338,tumor_dominant,2
0.0005080218046913023,2.978410762814096e-7,9.751062626819376e6,9.751062646880826e6,6.9890519911627536,487578.1793599436,716.321765142699,15.753937701270734,40.36830388654805,tumor_dominant,2
0.0005080218046913023,3.225340069253865e-7,9.750962921750544e6,9.750962943525715e6,6.989047550535568,487573.20390007313,716.3290594679183,15.754097737077045,40.36871646462305,tumor_dominant,2
0.0005080218046913023,3.4927413949127666e-7,9.750854949120173e6,9.75085497295021e6,6.989042741648463,487567.8158840309,716.3369587929943,15.754271046434921,40.36916307495252,tumor_dominant,2
0.0005080218046913023,3.7823120011525856e-7,9.750738023226703e6,9.750738049545934e6,6.989037533952454,487561.9810981282,716.3455133201018,15.754458730768116,40.36964437071718,tumor_dominant,2
0.0005080218046913023,4.095889863160102e-7,9.75061140145893e6,9.750611430828283e6,6.989031894362763,487555.66249038896,716.3547774210682,15.754661982977611,40.37016930930674,tumor_dominant,2
0.0005080218046913023,4.4354653360234233e-7,9.750474279559921e6,9.750474312714642e6,6.989025787048043,487548.8199349392,716.3648099843739,15.754882095063852,40.3707351420633,tumor_dominant,2
0.0005080218046913023,4.803193788000626e-7,9.750325786489788e6,9.750325824410712e6,6.989019173202051,487541.40997679916,716.3756747911457,15.755120466366595,40.37134789222799,tumor_dominant,2
0.0005080218046913023,5.201409281167251e-7,9.750164978850601e6,9.750165022871213e6,6.9890120107962765,487533.38555546873,716.3874409225884,15.755378612508435,40.37201201819727,tumor_dominant,2
0.0005080218046913023,5.63263938627689e-7,9.749990834827533e6,9.749990886800073e6,6.989004254311929,487524.6957055142,716.4001832015117,15.755658175080795,40.37273266624392,tumor_dominant,2
0.0005080218046913023,6.099621225868601e-7,9.749802247591928e6,9.749802310151372e6,6.988995854449559,487515.2852322537,716.4139826708167,15.755960932143713,40.37351122410196,tumor_dominant,2
0.0005080218046913023,6.605318847450488e-7,9.74959801809051e6,9.749598095089812e6,6.98898675781444,487505.0943604506,716.4289271120949,15.756288809598686,40.37435617214962,tumor_dominant,2
0.0005080218046913023,7.152942037031436e-7,9.749376847114988e6,9.749376944364738e6,6.988976906575641,487494.0583537704,716.4451116077115,15.75664389352712,40.375268904480286,tumor_dominant,2
0.0005080218046913023,7.745966692414835e-7,9.74913732646874e6,9.74913745304978e6,6.988966238096621,487482.1071025455,716.462639150092,15.757028443550732,40.376258927647065,tumor_dominant,2
0.0005080218046913023,8.388156885568838e-7,9.74887792889322e6,9.748878099593844e6,6.9889546845348836,487469.164677211,716.4816213022034,15.757444907328463,40.37733031992736,tumor_dominant,2
0.0005080218046913023,9.083588754108175e-7,9.748596996039815e6,9.748597236126943e6,6.988942172408135,487455.14884452114,716.5021789136149,15.757895936262011,40.37849137075428,tumor_dominant,2
0.0005080218046913023,9.836676373532668e-7,9.748292722796973e6,9.748293077957548e6,6.988928622124071,487439.9705434426,716.5244428968743,15.7583844025318,40.3797489076217,tumor_dominant,2
0.0005080218046913023,1.0652199774439907e-6,9.747963133578345e6,9.747963692194244e6,6.988913947470731,487423.5333173328,716.548555069374,15.758913417565477,40.38111144126222,tumor_dominant,2
0.0005080218046913023,1.1535335282543925e-6,9.74760603781397e6,9.747606985417804e6,6.988898055064056,487405.73269874684,716.574669066316,15.759486352069466,40.38258598508681,tumor_dominant,2
0.0005080218046913023,1.2491688374075696e-6,9.747218923094228e6,9.747220690324383e6,6.988880843749028,487386.4555428726,716.6029513309257,15.760106857750934,40.384183758161505,tumor_dominant,2
0.0005080218046913023,1.3527329255106409e-6,9.746798630615631e6,9.746802351252554e6,6.988862203950413,487365.5793052995,716.6335821885523,15.760778890885815,40.38591341805688,tumor_dominant,2
0.0005080218046913023,1.4648831390624412e-6,9.74634012477761e6,9.74634930850101e6,6.988842016968817,487342.9712594077,716.6667570119571,15.761506737882424,40.387785991982184,tumor_dominant,2
0.0005080218046913023,1.5863313227918852e-6,9.745830569738194e6,9.745858681334605e6,6.988820154217368,487318.48764830484,716.7026874856986,15.762295043020536,40.389815700878074,tumor_dominant,2
0.0005080218046913023,1.7178483379099004e-6,9.745210853717072e6,9.745327349567376e6,6.988796476393907,487291.9727657774,716.7416029782693,15.763148838558354,40.392013091992204,tumor_dominant,2
0.0005080218046913023,1.8602689549533346e-6,9.743995416603316e6,9.74475193360367e6,6.988770832583163,487263.2579602501,716.7837520314382,15.76407357740435,40.394391638912076,tumor_dominant,2
0.0005080218046913023,2.0144971522769457e-6,9.734080402536742e6,9.744128772805767e6,6.9887430592828625,487232.16055524343,716.8294039770869,15.765075168587993,40.39696982592779,tumor_dominant,2
0.0005080218046913023,2.1815118538242366e-6,9.27916824155413e6,9.743453902045226e6,6.988712979347118,487198.48267922964,716.8788506928589,15.76616001578184,40.399762036557625,tumor_dominant,2
0.0005080218046913023,2.3623731425962365e-6,35270.46638307671,9.742723026285913e6,6.988680400840009,487162.0099972011,716.9324085089054,15.767335059129543,40.402786278247866,tumor_dominant,2
0.0005080218046913023,2.5582289892565713e-6,5268.001074732589,9.741931493028922e6,6.988645115791427,487122.5103355637,716.9904202792769,15.768607820690876,40.40606289758844,tumor_dominant,2
0.0005080218046913023,2.770322538580971e-6,3296.6102900315864,9.741074262437342e6,6.988606898846635,487079.73219126655,717.0532576327107,15.769986453823366,40.40961053866249,tumor_dominant,2
0.0005080218046913023,3.000000000000001e-6,2493.7198511265437,2524.018575203713,3.402264577337373,626.2009050414471,211327.28545032517,711.6192515607756,29575.008366995604,intermediate,1
0.0005817091329374358,2.0000000000000002e-7,9.75155996552683e6,9.751559979120035e6,6.989074140863253,487602.99754633097,716.2853702541013,15.753129473268308,35.2532628561217,tumor_dominant,2
0.0005817091329374358,2.1658127948788786e-7,9.75150149767405e6,9.75150151188901e6,6.989071536965068,487600.07987790153,716.2896472798991,15.753223310126666,35.25347266988685,tumor_dominant,2
0.0005817091329374358,2.3453725312305292e-7,9.751438182019824e6,9.751438196946694e6,6.989068717151475,487596.9202959039,716.2942789857001,15.753324928571764,35.25370116150208,tumor_dominant,2
0.0005817091329374358,2.5398189184482656e-7,9.751369616570935e6,9.751369632317046e6,6.9890656635155555,487593.4987406682,716.299294791807,15.75343497407734,35.25394924926663,tumor_dominant,2
0.0005817091329374358,2.7503861551253435e-7,9.751295365991326e6,9.75129538268559e6,6.989062356664734,487589.793488847,716.3047265602584,15.75355414568871,35.25421629970194,tumor_dominant,2
0.0005817091329374358,2.978410762814096e-7,9.751214958834901e6,9.751214976633403e6,6.98905877559742,487585.7810153837,716.3106087977072,15.753683200471196,35.25450699064556,tumor_dominant,2
0.0005817091329374358,3.225340069253865e-7,9.751127884547895e6,9.75112790364133e6,6.989054897569397,487581.4358440133,716.3169788752122,15.753822958335991,35.25482204043234,tumor_dominant,2
0.0005817091329374358,3.4927413949127666e-7,9.751033590221638e6,9.751033610845447e6,6.989050697949093,487576.73038535536,716.3238772663256,15.753974307262599,35.255160835225034,tumor_dominant,2
0.0005817091329374358,3.7823120011525856e-7,9.7509314770752e6,9.750931499523161e6,6.9890461500608145,487571.6347615533,716.3313478050405,15.754138208954993,35.25552950690421,tumor_dominant,2
0.0005817091329374358,4.095889863160102e-7,9.75082089664422e6,9.750820921287129e6,6.989041225014924,487566.1166163489,716.3394379652415,15.754315704977468,35.25592859520996,tumor_dominant,2
0.0005817091329374358,4.4354653360234233e-7,9.75070114665086e6,9.75070117396327e6,6.989035891523889,487560.14090937487,716.3481991634742,15.754507923394064,35.25636139589264,tumor_dominant,2
0.0005817091329374358,4.803193788000626e-7,9.750571466528151e6,9.750571497125952e6,6.989030115702992,487553.6696933572,716.357687086985,15.754716085967845,35.256828277976695,tumor_dominant,2
0.0005817091329374358,5.201409281167251e-7,9.75043103256679e6,9.75043106726235e6,6.989023860854463,487546.66187279235,716.3679620491639,15.754941515955913,35.25733497055355,tumor_dominant,2
0.0005817091329374358,5.63263938627689e-7,9.750278952650305e6,9.750278992534539e6,6.98901708723359,487539.0729425691,716.379089374693,15.755185646562866,35.25788371325754,tumor_dominant,2
0.0005817091329374358,6.099621225868601e-7,9.75011426053929e6,9.750114307106212e6,6.989009751795341,487530.85470485233,716.3911398169016,15.75545003009553,35.258478232527054,tumor_dominant,2
0.0005817091329374358,6.605318847450488e-7,9.74993590965517e6,9.74993596499751e6,6.989001807919845,487521.95496242,716.4041900100508,15.755736347886526,35.25912188791069,tumor_dominant,2
0.0005817091329374358,7.152942037031436e-7,9.749742766304858e6,9.749742833428547e6,6.988993205114953,487512.3171864869,716.4183229595026,15.756046421048044,35.259818661318924,tumor_dominant,2
0.0005817091329374358,7.745966692414835e-7,9.74953360226139e6,9.749533685609095e6,6.988983888693958,487501.88015688607,716.4336285729685,15.756382222126494,35.26057462222478,tumor_dominant,2
0.0005817091329374358,8.388156885568838e-7,9.749307086572552e6,9.74930719292783e6,6.988973799426376,487490.5775722952,716.4502042363406,15.756745887738292,35.2613925392915,tumor_dominant,2
0.0005817091329374358,9.083588754108175e-7,9.749061776374275e6,9.749061916491425e6,6.988962873159532,487478.3376280066,716.4681554378711,15.757139732262134,35.26227616638844,tumor_dominant,2
0.0005817091329374358,9.836676373532668e-7,9.74879610627172e6,9.748796297958825e6,6.988951040408478,487465.0825585209,716.4875964448372,15.757566262683023,35.263234930431175,tumor_dominant,2
0.0005817091329374358,1.0652199774439907e-6,9.748508375323294e6,9.748508649611274e6,6.988938225911541,487450.7281420274,716.508651037148,15.758028194690963,35.26427393649608,tumor_dominant,2
0.0005817091329374358,1.1535335282543925e-6,9.748196729268454e6,9.748197143594842e6,6.988924348148642,487435.18316356605,716.5314533027815,15.758528470130976,35.26539800058062,tumor_dominant,2
0.0005817091329374358,1.2491688374075696e-6,9.747859131604223e6,9.747859800265765e6,6.988909318819201,487418.34883341356,716.5561485003366,15.759070275924856,35.26661646763042,tumor_dominant,2
0.0005817091329374358,1.3527329255106409e-6,9.747493304178279e6,9.747494475562636e6,6.9888930422761675,487400.1181569306,716.5828939944776,15.759657064597814,35.267934788646954,tumor_dominant,2
0.0005817091329374358,1.4648831390624412e-6,9.7470965712088e6,9.74709884732494e6,6.988875414912512,487380.3752517935,716.6118602705483,15.760292576534665,35.26936363274091,tumor_dominant,2
0.0005817091329374358,1.5863313227918852e-6,9.746665344626488e6,9.746670400467811e6,6.988856324496039,487358.99460817844,716.6432320352036,15.760980864129591,35.27091211787146,tumor_dominant,2
0.0005817091329374358,1.7178483379099004e-6,9.746192999771679e6,9.746206410917627e6,6.988835649448162,487335.8402871012,716.677209410519,15.7617263179848,35.27258620217051,tumor_dominant,2
0.0005817091329374358,1.8602689549533346e-6,9.745658544725997e6,9.74570392820449e6,6.988813258061845,487310.7650516858,716.7140092297141,15.7625336953326,35.27440103550306,tumor_dominant,2
0.0005817091329374358,2.0144971522769457e-6,9.744942014576927e6,9.74515975659581e6,6.9887890076533985,487283.60942570237,716.7538664433741,15.763408150892461,35.276366964903815,tumor_dominant,2
0.0005817091329374358,2.1815118538242366e-6,9.742794386950992e6,9.744570434650324e6,6.988762743642528,487254.2006732211,716.7970356458637,15.764355270356647,35.27849569812793,tumor_dominant,2
0.0005817091329374358,2.3623731425962365e-6,9.709173206400676e6,9.743932213057155e6,6.988734298554385,487222.3516926951,716.843792732521,15.765381106746883,35.280802149985014,tumor_dominant,2
0.0005817091329374358,2.5582289892565713e-6,6.79000554733455e6,9.743241030614316e6,6.988703490936833,487187.8598182124,716.8944366992218,15.766492219896879,35.28329955460982,tumor_dominant,2
0.0005817091329374358,2.770322538580971e-6,10548.910502524588,9.74249248818939e6,6.988670124185605,487150.50552001403,716.9492915969853,15.767695719332139,35.28600500047951,tumor_dominant,2
0.0005817091329374358,3.000000000000001e-6,4212.426608481263,9.741681820489168e6,6.988633985269236,487110.05099569634,717.0087086554906,15.768999310859272,35.2889354708372,tumor_dominant,2
0.0006660846290809161,2.0000000000000002e-7,9.75164929694419e6,9.751649309667537e6,6.989078119260786,487607.4553752687,716.278824892973,15.752977291064925,30.78758936533697,tumor_dominant,2
0.0006660846290809161,2.1658127948788786e-7,9.751598235521376e6,9.75159824874656e6,6.989075845231922,487604.90730121493,716.2825600573074,15.75305923953566,30.78775020743842,tumor_dominant,2
0.0006660846290809161,2.3453725312305292e-7,9.751542940445213e6,9.7515429542406e6,6.9890733826443725,487602.1479601224,716.286604957167,15.753147983516424,30.787925043546768,tumor_dominant,2
0.0006660846290809161,2.5398189184482656e-7,9.75148306065891e6,9.751483075105168e6,6.989070715860726,487599.15983394225,716.2909852830968,15.753244086650701,30.788113747975476,tumor_dominant,2
0.0006660846290809161,2.7503861551253435e-7,9.751418215990089e6,9.751418231182747e6,6.989067827946322,487595.9239518076,716.2957288575351,15.753348159354601,30.78831762731886,tumor_dominant,2
0.0006660846290809161,2.978410762814096e-7,9.751347994734293e6,9.751348010787614e6,6.989064700561558,487592.4197695085,716.3008658119044,15.753460862702461,30.788538606999452,tumor_dominant,2
0.0006660846290809161,3.225340069253865e-7,9.7512719510385e6,9.751271968089983e6,6.989061313845248,487588.62503895356,716.306428778449,15.753582912636082,30.788778262895697,tumor_dominant,2
0.0006660846290809161,3.4927413949127666e-7,9.751189602066383e6,9.751189620283106e6,6.98905764628828,487584.5156668043,716.312453098029,15.753715084523138,30.789038695124294,tumor_dominant,2
0.0006660846290809161,3.7823120011525856e-7,9.751100424928319e6,9.751100444515096e6,6.9890536745967635,487580.0655613597,716.3189770452474,15.75385821809778,30.789319238088833,tumor_dominant,2
0.0006660846290809161,4.095889863160102e-7,9.751003853355367e6,9.751003874565914e6,6.989049373543804,487575.24646673125,716.326042072317,15.754013222808295,30.789623865523193,tumor_dominant,2
0.0006660846290809161,4.4354653360234233e-7,9.750899274096176e6,9.750899297248345e6,6.989044715808927,487570.0277832405,716.3336930732684,15.754181083616459,30.789953356029457,tumor_dominant,2
0.0006660846290809161,4.803193788000626e-7,9.750786023013005e6,9.75078604851001e6,6.989039671804141,487564.3763729003,716.3419786701879,15.754362867275969,30.790309573198257,tumor_dominant,2
0.0006660846290809161,5.201409281167251e-7,9.750663380851313e6,9.75066340921146e6,6.98903420948553,487558.2563487258,716.350951523351,15.75455972913655,30.7906961381785,tumor_dominant,2
0.0006660846290809161,5.63263938627689e-7,9.750530568653613e6,9.750530600553399e6,6.989028294149125,487551.62884654436,716.3606686672342,15.754772920517137,30.79111438345474,tumor_dominant,2
0.0006660846290809161,6.099621225868601e-7,9.750386742786633e6,9.750386779123886e6,6.989021888209795,487544.4517778345,716.3711918746075,15.755003796692563,30.791567652254866,tumor_dominant,2
0.0006660846290809161,6.605318847450488e-7,9.750230989545241e6,9.750231031533666e6,6.98901495096168,487536.67956201336,716.3825880510592,15.755253825550197,30.79205846062549,tumor_dominant,2
0.0006660846290809161,7.152942037031436e-7,9.750062319290895e6,9.750062368605476e6,6.989007438318665,487528.26283646707,716.3949296625185,15.755524596969035,30.792589989280895,tumor_dominant,2
0.0006660846290809161,7.745966692414835e-7,9.74987966007273e6,9.749879719079962e6,6.988999302533178,487519.148142456,716.4082951985695,15.755817832984821,30.79316576912296,tumor_dominant,2
0.0006660846290809161,8.388156885568838e-7,9.749681850666057e6,9.749681922797915e6,6.988990491891523,487509.27758489066,716.4227696745754,15.756135398806231,30.79378985217838,tumor_dominant,2
0.0006660846290809161,9.083588754108175e-7,9.749467632929455e6,9.749467723315122e6,6.98898095038376,487498.5884637893,716.4384451759074,15.756479314755893,30.79446440257987,tumor_dominant,2
0.0006660846290809161,9.836676373532668e-7,9.749235643330371e6,9.74923575990246e6,6.988970617345988,487487.0128750543,716.4554214478425,15.75685176921016,30.795196377534833,tumor_dominant,2
0.0006660846290809161,1.0652199774439907e-6,9.748984403357858e6,9.748984558879407e6,6.988959427072702,487474.4772780003,716.473806535021,15.757255132631688,30.795987712833625,tumor_dominant,2
0.0006660846290809161,1.1535335282543925e-6,9.748712308251807e6,9.74871252422607e6,6.988947308396716,487460.9020268496,716.4937174746827,15.757691972775635,30.796844885179976,tumor_dominant,2
0.0006660846290809161,1.2491688374075696e-6,9.748417612741522e6,9.748417927412255e6,6.988934184233872,487446.200863181,716.5152810482655,15.758165071180812,30.79777367058778,tumor_dominant,2
0.0006660846290809161,1.3527329255106409e-6,9.748098410469895e6,9.748098896378692e6,6.988919971089598,487430.28036605497,716.5386345963726,15.758677441049599,30.7987796460335,tumor_dominant,2
0.0006660846290809161,1.4648831390624412e-6,9.747752597750057e6,9.747753403599005e6,6.988904578524034,487413.0393562717,716.5639269025278,15.759232346636594,30.79986899251943,tumor_dominant,2
0.0006660846290809161,1.5863313227918852e-6,9.74737779214576e6,9.747379253145332e6,6.9888879085722415,487394.3682508933,716.59131915166,15.759833324276643,30.801049909911317,tumor_dominant,2
0.0006660846290809161,1.7178483379099004e-6,9.746971099759478e6,9.746974066673419e6,6.988869855115635,487374.14836387185,716.620985969736,15.760484205195786,30.80232678584466,tumor_dominant,2
0.0006660846290809161,1.8602689549533346e-6,9.746528283266464e6,9.74653526823739e6,6.988850303200519,487352.25114822865,716.653116551581,15.761189140250739,30.80371122372739,tumor_dominant,2
0.0006660846290809161,2.0144971522769457e-6,9.74604001389688e6,9.746060067833602e6,6.98882912829913,487328.53737486637,716.6879158845464,15.761952626779976,30.80520918971733,tumor_dominant,2
0.0006660846290809161,2.1815118538242366e-6,9.745469537425771e6,9.745545443568865e6,6.988806195508354,487302.85624266765,716.7256060763643,15.762779537731104,30.806833620173695,tumor_dominant,2
0.0006660846290809161,2.3623731425962365e-6,9.744557696428267e6,9.744988122333858e6,6.988781358680627,487275.0444140706,716.7664277963191,15.763675153283803,30.808591137602154,tumor_dominant,2
0.0006660846290809161,2.5582289892565713e-6,9.739794874285322e6,9.744384558858601e6,6.98875445948133,487244.9249698165,716.8106418396819,15.76464519516721,30.810495386597935,tumor_dominant,2
0.0006660846290809161,2.770322538580971e-6,9.59957621386518e6,9.743730913009394e6,6.988725326366143,487212.30627600965,716.8585308262965,15.765695863928135,30.812559022154872,tumor_dominant,2
0.0006660846290809161,3.000000000000001e-6,389736.4354913844,9.743023025180116e6,6.9886937734715335,487176.9807560548,716.9104010452038,15.76683387940079,30.81479251897315,tumor_dominant,2
0.0007626985859023443,2.0000000000000002e-7,9.751727313007709e6,9.751727313007709e6,6.989081593163525,487611.3474021825,716.2731103172157,15.75284437959417,26.887600717477252,tumor_dominant,2
0.0007626985859023443,2.1658127948788786e-7,9.751682719792036e6,9.751682719792036e6,6.989079607194356,487609.1220651072,716.2763723347629,15.752915947894037,26.88772331338166,tumor_dominant,2
0.0007626985859023443,2.3453725312305292e-7,9.751634429259751e6,9.751634429259751e6,6.989077456554094,487606.71221981134,716.2799048478036,15.752993450860819,26.887858583561332,tumor_dominant,2
0.0007626985859023443,2.5398189184482656e-7,9.751582134834604e6,9.751582134834604e6,6.989075127586678,487604.10256693134,716.2837302915293,15.753077380729952,26.888002949527664,tumor_dominant,2
0.0007626985859023443,2.7503861551253435e-7,9.75152550451519e6,9.75152550451519e6,6.989072605503207,487601.2765382361,716.2878729628162,15.753168270582579,26.888159049931566,tumor_dominant,2
0.0007626985859023443,2.978410762814096e-7,9.751464178765226e6,9.751464178765226e6,6.989069874287889,487598.21619132353,716.2923591749003,15.75326669774303,26.888324702197348,tumor_dominant,2
0.0007626985859023443,3.225340069253865e-7,9.75139776822906e6,9.75139776822906e6,6.989066916596191,487594.9020955809,716.2972174249106,15.75337328745041,26.888510557057536,tumor_dominant,2
0.0007626985859023443,3.4927413949127666e-7,9.751325851256967e6,9.751325851256967e6,6.9890637136444855,487591.31320866145,716.3024785753782,15.753488716851624,26.888707351887145,tumor_dominant,2
0.0007626985859023443,3.7823120011525856e-7,9.751247971224997e6,9.751247971224997e6,6.989060245090543,487587.42674267705,716.3081760508875,15.753613719307491,26.888920101623395,tumor_dominant,2
0.0007626985859023443,4.095889863160102e-7,9.751163633632006e6,9.751163633632006e6,6.989056488904053,487583.2180192482,716.3143460511599,15.753749089074505,26.889154445462133,tumor_dominant,2
0.0007626985859023443,4.4354653360234233e-7,9.751072302954651e6,9.751072302954651e6,6.98905242122635,487578.6603124751,716.3210277819468,15.753895686376731,26.88940582353125,tumor_dominant,2
0.0007626985859023443,4.803193788000626e-7,9.750973399241071e6,9.750973399241071e6,6.989048016218455,487573.72467878833,716.3282637052816,15.754054442895827,26.889678020905126,tumor_dominant,2
0.0007626985859023443,5.201409281167251e-7,9.750866294420095e6,9.750866294420095e6,6.989043245896404,487568.3797725621,716.3360998107509,15.754226367732453,26.88997300147991,tumor_dominant,2
0.0007626985859023443,5.63263938627689e-7,9.750750308301875e6,9.750750308301875e6,6.989038079952782,487562.5916462406,716.3445859096396,15.754412553869814,26.890289352088093,tumor_dominant,2
0.0007626985859023443,6.099621225868601e-7,9.7506247042444e6,9.7506247042444e6,6.989032485563316,487556.3235336088,716.3537759539906,15.754614185184838,26.89063614350117,tumor_dominant,2
0.0007626985859023443,6.605318847450488e-7,9.750488684454333e6,9.750488684454333e6,6.989026427177108,487549.5356146298,716.3637283829275,15.754832544074329,26.891012365515905,tumor_dominant,2
0.0007626985859023443,7.152942037031436e-7,9.750341384891095e6,9.750341384891095e6,6.989019866289113,487542.18476007506,716.3745064988846,15.755069019741683,26.891414964971933,tumor_dominant,2
0.0007626985859023443,7.745966692414835e-7,9.750181869735504e6,9.750181869735504e6,6.989012761193127,487534.2242538079,716.3861788769289,15.755325117227052,26.89185444122501,tumor_dominant,2
0.0007626985859023443,8.388156885568838e-7,9.750009125377677e6,9.750009125377677e6,6.989005066713242,487525.6034900441,716.3988198111718,15.755602467297566,26.89233150692553,tumor_dominant,2
0.0007626985859023443,9.083588754108175e-7,9.749822053869277e6,9.749822053869277e6,6.988996733911306,487516.26764202595,716.4125098035673,15.755902837317974,26.892844534310726,tumor_dominant,2
0.0007626985859023443,9.836676373532668e-7,9.749619465765635e6,9.749619465765635e6,6.988987709767061,487506.15729685576,716.4273361029033,15.756228143330475,26.89340493861636,tumor_dominant,2
0.0007626985859023443,1.0652199774439907e-6,9.749400072244778e6,9.749400072244778e6,6.988977936825861,487495.20804796123,716.4433933066447,15.756580463733568,26.894006178151162,tumor_dominant,2
0.0007626985859023443,1.1535335282543925e-6,9.749162476320669e6,9.749162476320669e6,6.988967352805841,487483.35002968786,716.4607840485558,15.756962055233503,26.894660052247996,tumor_dominant,2
0.0007626985859023443,1.2491688374075696e-6,9.748905162794437e6,9.748905162794437e6,6.9889558901486,487470.5073628651,716.479619818169,15.757375372558963,26.895368545927024,tumor_dominant,2
0.0007626985859023443,1.3527329255106409e-6,9.748626486194188e6,9.748626486194188e6,6.988943475479965,487456.5974423474,716.5000220139462,15.757823095167907,26.89613778326302,tumor_dominant,2
0.0007626985859023443,1.4648831390624412e-6,9.74832465491397e6,9.74832465491397e6,6.988930028901053,487441.52989924024,716.5221234769845,15.758308168926417,26.8969704856826,tumor_dominant,2
0.0007626985859023443,1.5863313227918852e-6,9.747997706846207e6,9.747997706846207e6,6.988915462899885,487425.2047931116,716.5460711612261,15.75883388398229,26.897868138104304,tumor_dominant,2
0.0007626985859023443,1.7178483379099004e-6,9.74764346272971e6,9.74764346272971e6,6.988899680269507,487407.5087266681,716.572031868641,15.759404051353997,26.89884481281618,tumor_dominant,2
0.0007626985859023443,1.8602689549533346e-6,9.747259411798293e6,9.747259411798293e6,6.988882569008757,487388.3045663523,716.6002074156861,15.760023484770239,26.89990610043935,tumor_dominant,2
0.0007626985859023443,2.0144971522769457e-6,9.7468423574902e6,9.7468423574902e6,6.98886398652999,487367.39838785876,716.6308833912831,15.760699571655046,26.90106133355966,tumor_dominant,2
0.0007626985859023443,2.1815118538242366e-6,9.746387046010468e6,9.746387046010468e6,6.9888436985378,487344.4097217065,716.6646205426263,15.761448471292425,26.902327211298882,tumor_dominant,2
0.0007626985859023443,2.3623731425962365e-6,9.745879393253539e6,9.745879393253539e6,6.9888210771798205,487318.12807217083,716.7032039279916,15.762325900192161,26.90377968409537,tumor_dominant,2
0.0007626985859023443,2.5582289892565713e-6,9.745250912440304e6,9.745250912440304e6,6.988793070007637,487282.1795120847,716.7560354415009,15.763634539065633,26.905765955789235,tumor_dominant,2
0.0007626985859023443,2.770322538580971e-6,9.743903661222149e6,9.743903661222149e6,6.988733025975613,487179.86583326134,716.9067755587664,15.768086224211762,26.91141629439039,tumor_dominant,2
0.0007626985859023443,3.000000000000001e-6,9.730868948628858e6,9.730868948628858e6,6.988151668325916,485972.0934442419,718.6932034887835,15.825556928317289,26.97831040539591,tumor_dominant,2
0.0008733261623828437,2.0000000000000002e-7,9.751795446937036e6,9.751795446937036e6,6.989084627506282,487614.7474906039,716.2681180544943,15.752728206650557,23.48164401280888,tumor_dominant,2
0.0008733261623828437,2.1658127948788786e-7,9.751756502559982e6,9.751756502559982e6,6.989082893122066,487612.80404872017,716.2709668136966,15.752790708028018,23.48173634604788,tumor_dominant,2
0.0008733261623828437,2.3453725312305292e-7,9.751714329252353e6,9.751714329252353e6,6.989081014929916,487610.6994728356,716.2740517938312,15.752858392078137,23.48183813986325,tumor_dominant,2
0.0008733261623828437,2.5398189184482656e-7,9.751668659281168e6,9.751668659281168e6,6.98907898100437,487608.4204020754,716.2773925862302,15.752931688638986,23.481945947006928,tumor_dominant,2
0.0008733261623828437,2.7503861551253435e-7,9.7516192027106e6,9.7516192027106e6,6.9890767784307695,487605.9523675251,716.2810104077315,15.753011063210684,23.482067207746226,tumor_dominant,2
0.0008733261623828437,2.978410762814096e-7,9.751565645559965e6,9.751565645559965e6,6.989074393223145,487603.2797002932,716.2849282356831,15.753097019924262,23.48219620235727,tumor_dominant,2
0.0008733261623828437,3.225340069253865e-7,9.751507647809085e6,9.751507647809085e6,6.989071810235305,487600.38543195947,716.2891709541504,15.75319010474462,23.482334020463224,tumor_dominant,2
0.0008733261623828437,3.4927413949127666e-7,9.751444841237532e6,9.751444841237532e6,6.9890690130644995,487597.2511867128,716.2937655123576,15.7532909089487,23.482484695418627,tumor_dominant,2
0.0008733261623828437,3.7823120011525856e-7,9.751376827084964e6,9.751376827084964e6,6.9890659839471105,487593.8570645708,716.2987410962625,15.753400072892793,23.482647279031987,tumor_dominant,2
0.0008733261623828437,4.095889863160102e-7,9.751303173516253e6,9.751303173516253e6,6.989062703645615,487590.1815148364,716.3041293145047,15.753518290091279,23.48282470153441,tumor_dominant,2
0.0008733261623828437,4.4354653360234233e-7,9.751223412876878e6,9.751223412876878e6,6.989059151326192,487586.2011990664,716.3099643998188,15.753646311639159,23.483018368916497,tumor_dominant,2
0.0008733261623828437,4.803193788000626e-7,9.75113703871896e6,9.75113703871896e6,6.989055304426079,487581.8908425928,716.3162834273144,15.753784951003931,23.483226291248393,tumor_dominant,2
0.0008733261623828437,5.201409281167251e-7,9.751043502580754e6,9.751043502580754e6,6.989051138509921,487577.2230736788,716.3231265509987,15.753935089216956,23.483450551942312,tumor_dominant,2
0.0008733261623828437,5.63263938627689e-7,9.750942210496899e6,9.750942210496899e6,6.989046627114084,487572.16824921663,716.330537260159,15.754097680504964,23.483691842835693,tumor_dominant,2
0.0008733261623828437,6.099621225868601e-7,9.750832519218313e6,9.750832519218313e6,6.989041741577996,487566.6942658384,716.338562657279,15.754273758393232,23.483957908470302,tumor_dominant,2
0.0008733261623828437,6.605318847450488e-7,9.750713732115043e6,9.750713732115043e6,6.989036450861299,487560.7663551315,716.3472537594497,15.754464442335244,23.484240981026037,tumor_dominant,2
0.0008733261623828437,7.152942037031436e-7,9.750585094736673e6,9.750585094736673e6,6.9890307213457055,487554.34686154185,716.3566658253542,15.754670944895018,23.48455205208663,tumor_dominant,2
0.0008733261623828437,7.745966692414835e-7,9.750445789997533e6,9.750445789997533e6,6.989024516620051,487547.3950013387,716.3668587102891,15.754894579570855,23.484885058490065,tumor_dominant,2
0.0008733261623828437,8.388156885568838e-7,9.75029493295429e6,9.75029493295429e6,6.989017797247116,487539.86660074553,716.3778972520104,15.75513676929283,23.48524857906579,tumor_dominant,2
0.0008733261623828437,9.083588754108175e-7,9.7501315651346e6,9.7501315651346e6,6.989010520510338,487531.71381096815,716.3898516908109,15.755399055709535,23.485641302421147,tumor_dominant,2
0.0008733261623828437,9.836676373532668e-7,9.749954648369882e6,9.749954648369882e6,6.989002640138328,487522.88479718694,716.4027981281854,15.755683109352933,23.486065985979916,tumor_dominant,2
0.0008733261623828437,1.0652199774439907e-6,9.749763058071466e6,9.749763058071466e6,6.988994106004439,487513.3233975164,716.4168190300351,15.755990740857682,23.48652896904509,tumor_dominant,2
0.0008733261623828437,1.1535335282543925e-6,9.74955557586469e6,9.74955557586469e6,6.988984863797575,487502.96874579677,716.4320037835226,15.756323913496237,23.48702598607233,tumor_dominant,2
0.0008733261623828437,1.2491688374075696e-6,9.749330881452711e6,9.749330881452711e6,6.988974854658495,487491.7548479296,716.4484493228159,15.756684757475426,23.4875659699225,tumor_dominant,2
0.0008733261623828437,1.3527329255106409e-6,9.749087543479811e6,9.749087543479811e6,6.988964014771307,487479.61009229725,716.4662608525215,15.75707558690981,23.488152445005237,tumor_dominant,2
0.0008733261623828437,1.4648831390624412e-6,9.74882400894508e6,9.74882400894508e6,6.988952274890122,487466.4566538649,716.4855527284765,15.757498921349137,23.488785152294767,tumor_dominant,2
0.0008733261623828437,1.5863313227918852e-6,9.748538590167848e6,9.748538590167848e6,6.988939559756304,487452.2096995612,716.5064496322947,15.757957516242664,23.489471479374124,tumor_dominant,2
0.0008733261623828437,1.7178483379099004e-6,9.748229446843471e6,9.748229446843471e6,6.988925787296593,487436.7761637723,716.5290883807087,15.758454413364674,23.490214472995348,tumor_dominant,2
0.0008733261623828437,1.8602689549533346e-6,9.747894556477373e6,9.747894556477373e6,6.9889108673029465,487420.0524583429,716.5536213072186,15.75899304155729,23.491023015238582,tumor_dominant,2
0.0008733261623828437,2.0144971522769457e-6,9.747531652750092e6,9.747531652750092e6,6.988894698682842,487401.91917541606,716.5802240797512,15.759577460670924,23.491894361251727,tumor_dominant,2
0.0008733261623828437,2.1815118538242366e-6,9.74713806125912e6,9.74713806125912e6,6.988877162135915,487382.226074698,716.6091178482993,15.760213069673107,23.492845704413995,tumor_dominant,2
0.0008733261623828437,2.3623731425962365e-6,9.746710149545003e6,9.746710149545003e6,6.988858095641179,487360.740430247,716.6406454342442,15.76090906749785,23.493881523693897,tumor_dominant,2
0.0008733261623828437,2.5582289892565713e-6,9.74624101944294e6,9.74624101944294e6,6.988837191613668,487336.9282397906,716.6755940422142,15.761688912261944,23.49502949279293,tumor_dominant,2
0.0008733261623828437,2.770322538580971e-6,9.745707934060216e6,9.745707934060216e6,6.988813436573373,487308.7591145795,716.7169581153423,15.762647509260386,23.496387015867548,tumor_dominant,2
0.0008733261623828437,3.000000000000001e-6,9.744975518845256e6,9.744975518845256e6,6.9887807969941,487263.50159840565,716.7835186196049,15.764391803309543,23.498570320864463,tumor_dominant,2
0.001,2.0000000000000002e-7,9.751854950432474e6,9.751854950432474e6,6.989087277475548,487617.71689317696,716.263758168396,15.752626713344709,20.50712892342581,tumor_dominant,2
0.001,2.1658127948788786e-7,9.751820939322453e6,9.751820939322453e6,6.989085762803548,487616.0196368928,716.2662460293313,15.752681296603422,20.507202102213036,tumor_dominant,2
0.001,2.3453725312305292e-7,9.751784108327543e6,9.751784108327543e6,6.989084122543075,487614.1816594559,716.2689401807104,15.752740405854432,20.507279444986352,tumor_dominant,2
0.001,2.5398189184482656e-7,9.751744223635549e6,9.751744223635549e6,6.98908234627987,487612.19129280106,716.2718577307235,15.752804416452545,20.507362663391188,tumor_dominant,2
0.001,2.7503861551253435e-7,9.751701032045145e6,9.751701032045145e6,6.9890804227358805,487610.0359012568,716.2750172068858,15.752873734893532,20.507452154022893,tumor_dominant,2
0.001,2.978410762814096e-7,9.751654259357652e6,9.751654259357652e6,6.989078339697583,487607.7018012706,716.2784386738895,15.7529488013995,20.507551247513636,tumor_dominant,2
0.001,3.225340069253865e-7,9.751603608634954e6,9.751603608634954e6,6.989076083938339,487605.1741744756,716.282143861246,15.753030092721042,20.5076581890825,tumor_dominant,2
0.001,3.4927413949127666e-7,9.751548758313436e6,9.751548758313436e6,6.989073641134317,487602.4369735448,716.28615630154,15.753118125169761,20.507773518473346,tumor_dominant,2
0.001,3.7823120011525856e-7,9.751489360160671e6,9.751489360160671e6,6.989070995773407,487599.47282020474,716.2905014802232,15.753213457905602,20.50789835775759,tumor_dominant,2
0.001,4.095889863160102e-7,9.751425037062626e6,9.751425037062626e6,6.989068131056564,487596.2628947884,716.2952069978587,15.753316696497434,20.508033446107984,tumor_dominant,2
0.001,4.4354653360234233e-7,9.751355380627064e6,9.751355380627064e6,6.989065028790955,487592.78681659815,716.3003027459008,15.75342849678077,20.50817955974613,tumor_dominant,2
0.001,4.803193788000626e-7,9.751279948587969e6,9.751279948587969e6,6.98906166927421,487589.02251432696,716.3058210971221,15.753549569037897,20.508335595871618,tumor_dominant,2
0.001,5.201409281167251e-7,9.751198261993783e6,9.751198261993783e6,6.989058031169034,487584.94608568196,716.3117971119484,15.753680682524676,20.50850732140218,tumor_dominant,2
0.001,5.63263938627689e-7,9.751109802161643e6,9.751109802161643e6,6.989054091367354,487580.5316452972,716.3182687620671,15.753822670382906,20.508692881231088,tumor_dominant,2
0.001,6.099621225868601e-7,9.751014007378856e6,9.751014007378856e6,6.9890498248431845,487575.75115999294,716.3252771726968,15.753976434957169,20.508895125459805,tumor_dominant,2
0.001,6.605318847450488e-7,9.750910269328097e6,9.750910269328097e6,6.989045204493136,487570.5742702085,716.332866885264,15.754142953565788,20.50911185136346,tumor_dominant,2
0.001,7.152942037031436e-7,9.7507979292153e6,9.7507979292153e6,6.989040200963642,487564.96809648955,716.3410861421537,15.754323284754692,20.509347381528876,tumor_dominant,2
0.001,7.745966692414835e-7,9.750676273572978e6,9.750676273572978e6,6.989034782463667,487558.89702967124,716.349987195549,15.754518575087607,20.509605098493033,tumor_dominant,2
0.001,8.388156885568838e-7,9.75054452971092e6,9.75054452971092e6,6.98902891456165,487552.32250326657,716.359626642583,15.754730066519985,20.509881128567002,tumor_dominant,2
0.001,9.083588754108175e-7,9.75040186078346e6,9.75040186078346e6,6.989022559965279,487545.2027463816,716.3700657893027,15.754959104410315,20.51018067659121,tumor_dominant,2
0.001,9.836676373532668e-7,9.750247360436078e6,9.750247360436078e6,6.989015678282451,487537.4925151393,716.3813710464549,15.755207146253431,20.510504281059415,tumor_dominant,2
0.001,1.0652199774439907e-6,9.750080046990491e6,9.750080046990491e6,6.989008225761558,487529.14280016866,716.3936143607317,15.755475771215469,20.51085658186621,tumor_dominant,2
0.001,1.1535335282543925e-6,9.749898857116194e6,9.749898857116194e6,6.989000155008774,487520.1005069647,716.4068736862347,15.755766690604803,20.511237010112133,tumor_dominant,2
0.001,1.2491688374075696e-6,9.749702638921985e6,9.749702638921985e6,6.98899141467936,487510.3081045203,716.421233502997,15.756081759461898,20.51164743572759,tumor_dominant,2
0.001,1.3527329255106409e-6,9.749490144371051e6,9.749490144371051e6,6.988981949138661,487499.70323506865,716.4367853931861,15.75642298958317,20.512093612441724,tumor_dominant,2
0.001,1.4648831390624412e-6,9.749260020864617e6,9.749260020864617e6,6.98897169808586,487488.21827234904,716.4536286936311,15.756792564547679,20.512577176301697,tumor_dominant,2
0.001,1.5863313227918852e-6,9.749010801712282e6,9.749010801712282e6,6.988960596127892,487475.77980378584,716.4718712610595,15.757192857882307,20.513099993799376,tumor_dominant,2
0.001,1.7178483379099004e-6,9.748740894907387e6,9.748740894907387e6,6.9889485722775735,487462.3079838193,716.4916304279554,15.757626456852048,20.51366809054733,tumor_dominant,2
0.001,1.8602689549533346e-6,9.748448568870189e6,9.748448568870189e6,6.98893554931628,487447.7156338886,716.5130343327727,15.758096197793465,20.51428088405527,tumor_dominant,2
0.001,2.0144971522769457e-6,9.748131931751845e6,9.748131931751845e6,6.988921442869341,487431.9067677284,716.5362240985149,15.758605228312486,20.514947771219113,tumor_dominant,2
0.001,2.1815118538242366e-6,9.747788894648643e6,9.747788894648643e6,6.988906159764011,487414.7736273238,716.5613582087478,15.759157140080552,20.515667440157912,tumor_dominant,2
0.001,2.3623731425962365e-6,9.747417088135581e6,9.747417088135581e6,6.9888895943067855,487396.1893224275,716.5886233685575,15.759756311281222,20.516451532913738,tumor_dominant,2
0.001,2.5582289892565713e-6,9.747013621312343e6,9.747013621312343e6,6.988871617542075,487375.9855368896,716.6182673907406,15.760408962934184,20.517301765512652,tumor_dominant,2
0.001,2.770322538580971e-6,9.746574211423298e6,9.746574211423298e6,6.988852038460769,487353.8704127428,716.6507203150854,15.761127077386599,20.518230740646786,tumor_dominant,2
0.001,3.000000000000001e-6,9.746089213773314e6,9.746089213773314e6,6.9888304270701695,487329.0516480364,716.6871503347378,15.761946424686652,20.51927785116633,tumor_dominant,2
