changed_comp,multiplier,b6,T100,T365,T10000,logT10000,M10000,NK10000,CTL10000,B10000,t_to_1e5,t_to_1e6,t_to_1e5_plot,t_to_1e6_plot,auc_0_365,auc_0_1000,final_state
Tumor,0.1,3.000000000000001e-7,5754.868850787993,9.74610868592026e6,9.746112134521266e6,6.988831448437963,487331.1356422071,716.6844619916909,15.762164388098418,205.11613065697676,185.0,200.0,185.0,200.0,1.4700360766007023e9,7.65881724507507e9,tumor_dominant
Tumor,0.1,3.14953993832204e-7,5494.703763497651,9.745799804713154e6,9.745805328747911e6,6.988817776715724,487315.825211048,716.7069312196357,15.762657525683855,205.12257220191736,190.0,205.0,190.0,205.0,1.421817918474027e9,7.610404243043724e9,tumor_dominant
Tumor,0.1,3.306533941028525e-7,5238.872790261676,9.745473852876188e6,9.745483219120955e6,6.988803422567832,487299.7510755285,716.7305227582139,15.763175094812246,205.12933565826495,200.0,210.0,200.0,210.0,1.367773615805369e9,7.556155359589981e9,tumor_dominant
Tumor,0.1,3.471353568228903e-7,4987.753041815149,9.745128050861174e6,9.74514504170845e6,6.988788351881845,487282.87511324126,716.7552927857934,15.763718521870384,205.13643697301646,205.0,220.0,205.0,220.0,1.306806734489172e9,7.494973653909342e9,tumor_dominant
Tumor,0.1,3.644388901057883e-7,4741.700011479273,9.744756563755263e6,9.744789994387774e6,6.98877252883512,487265.1572959435,716.7813003051231,15.764289142306634,205.14389302935385,210.0,225.0,210.0,225.0,1.2375155051472468e9,7.4254567933349e9,tumor_dominant
Tumor,0.1,3.8260494648864557e-7,4501.045700731502,9.744344609418916e6,9.744417234930547e6,6.98875591580855,487246.5555939878,716.8086072865879,15.764887977975825,205.1517218636902,220.0,235.0,220.0,235.0,1.1580736280560167e9,7.345777793913682e9,tumor_dominant
Tumor,0.1,4.0167651985518443e-7,4266.096948413427,9.743847501470027e6,9.744025878990887e6,6.988738473295914,487227.0258759288,716.8372788188655,15.765517345931658,205.15994142688604,230.0,245.0,230.0,245.0,1.0660523367053813e9,7.253506858057912e9,tumor_dominant
Tumor,0.1,4.2169874719003627e-7,4037.134011004468,9.743103389161838e6,9.743614997992232e6,6.988720159808584,487206.52180306386,716.8673832673626,15.76617777396532,205.16857209363502,240.0,255.0,240.0,255.0,9.581379616328737e8,7.145328001595667e9,tumor_dominant
Tumor,0.1,4.427190154051293e-7,3814.4094839359077,9.7413904547744e6,9.743183616907183e6,6.988700931775356,487184.9947186423,716.8989924408701,15.76687077518314,205.17763450000803,255.0,265.0,255.0,265.0,8.296756421762313e8,7.01657801652523e9,tumor_dominant
Tumor,0.1,4.6478707349102155e-7,3598.147521732011,9.734524924646428e6,9.742730711925184e6,6.9886807434371505,487162.3935314769,716.9321817668621,15.767599235037679,205.18714929046223,270.0,285.0,270.0,285.0,6.739066710663301e8,6.860452688725332e9,tumor_dominant
Tumor,0.1,4.879551502585967e-7,3388.543294804096,9.688086286742976e6,9.74225520800244e6,6.98865954673632,487138.6645936645,716.967030475902,15.76836394942629,205.19713993391144,290.0,305.0,290.0,305.0,4.8080616984024304e8,6.666556754112674e9,tumor_dominant
Tumor,0.1,5.122780779497939e-7,3185.7628257483802,9.148186229899814e6,9.74175597628743e6,6.988637291200254,487113.75157211686,717.0036217956709,15.769166731274776,205.207630296929,315.0,330.0,315.0,330.0,2.3848429678498316e8,6.418040760725239e9,tumor_dominant
Tumor,0.1,5.378134220099089e-7,2989.94306977159,2.113970170286522e6,9.741231831416197e6,6.988613923819006,487087.59531358216,717.0420431551157,15.770009410751765,205.2186455118443,350.0,365.0,350.0,365.0,1.5883176057652257e7,6.085349396332689e9,tumor_dominant
Tumor,0.1,5.646216173286177e-7,2801.192223911975,18208.010070816094,9.74068152867038e6,6.9885893889166075,487060.1337028221,717.0823863992861,15.770894976246735,205.23021114981552,395.0,410.0,395.0,410.0,1.7727900686939347e6,5.610528139406844e9,tumor_dominant
Tumor,0.1,5.927661112721535e-7,2619.590420892113,6957.558382646655,9.740103760991253e6,6.988563628015756,487031.30151358974,717.1247480154323,15.771824584894077,205.24235562427415,475.0,490.0,475.0,490.0,1.3146540517509675e6,4.858766075980277e9,tumor_dominant
Tumor,0.1,6.223135138451644e-7,2445.1904404529014,4666.362697494957,9.739497155841738e6,6.988536579695485,487001.0302520396,717.1692293710001,15.772800462047426,205.25510799683187,625.0,640.0,625.0,640.0,1.101665283332808e6,3.405367299854171e9,tumor_dominant
Tumor,0.1,6.533337553376234e-7,2278.018871956906,3653.4222488091996,9.738860271909108e6,6.9885081794414825,486969.24799217394,717.2159369641605,15.773824873833368,205.26849888032334,1150.0,1160.0,1150.0,1160.0,959220.2070887017,3.8560014032639875e6,tumor_dominant
Tumor,0.1,6.859002518299215e-7,2118.077184327981,3047.959205562906,3203.1233145772762,3.5057092220844455,660.1561117068065,207081.83391116152,849.8083165562696,116258.16127119922,NaN,NaN,10000.0,10000.0,850420.9188148221,2.859947871488531e6,intermediate
Tumor,0.1,7.200900789478258e-7,1965.3431809760007,2625.051976079316,2665.1546621912394,3.425885338996805,633.2576989540961,210430.7021495824,741.8656910065044,120011.04869244699,NaN,NaN,10000.0,10000.0,761545.2759264314,2.4499941723736143e6,intermediate
Tumor,0.1,7.559841542785492e-7,1819.7723516493888,2301.5710100874517,2315.264058973656,3.3647880683619893,615.7631721058044,212667.5316352109,665.4152306947391,122584.72637229195,NaN,NaN,10000.0,10000.0,686018.6960782743,2.1551741490288926e6,intermediate
Tumor,0.1,7.936674288796335e-7,1681.2994646831503,2039.6773734730937,2044.9601078960154,3.3108971615904466,602.2479858880863,214428.39778450856,602.6949733360993,124649.84374867976,NaN,NaN,10000.0,10000.0,620188.600383156,1.9184030399375332e6,intermediate
Tumor,0.1,8.33229088333924e-7,1549.8400745446936,1819.588335201961,1821.7779966365267,3.2607337774279577,591.0888845783547,215904.42448286776,548.353305594741,126408.13450285315,NaN,NaN,10000.0,10000.0,561816.8165897031,1.7185246322026774e6,intermediate
Tumor,0.1,8.747627638264501e-7,1425.2921465330558,1629.8770470126628,1630.8285068629993,3.212674515669976,581.5414195267467,217183.507809913,499.9307290914897,127952.34713542779,NaN,NaN,10000.0,10000.0,509432.37915887684,1.5449613854628785e6,intermediate
Tumor,0.1,9.183667537427913e-7,1307.5375872796185,1463.4250953309163,1463.8524116516917,3.1657938704006203,573.1926096393405,218314.4917094739,456.0654523571732,129333.94251231439,NaN,NaN,10000.0,10000.0,462016.1146117942,1.391543134708101e6,intermediate
Tumor,0.1,9.641442563133607e-7,1196.4438080124244,1315.526810061649,1315.7232535194391,3.1194945053345173,565.786144218505,219327.72431613234,415.9168791569168,130584.80853139597,NaN,NaN,10000.0,10000.0,418831.91455752694,1.2543080595821228e6,intermediate
Tumor,0.1,1.0122036138542432e-6,1091.8651662105692,1182.9183822224265,1183.0103104638908,3.073355484277169,559.1505112431707,220243.53216237848,378.92705529076613,131726.2274909315,NaN,NaN,10000.0,10000.0,379329.7674730573,1.1305377772140617e6,intermediate
Tumor,0.1,1.0626585691826105e-6,993.6443893534157,1063.2441251719831,1063.287751175281,3.027059063910327,553.1643814835006,221076.28521784517,344.7055983830399,132773.17680906664,NaN,NaN,10000.0,10000.0,343086.7584586144,1.0182728736216265e6,intermediate
Tumor,0.1,1.1156285348135952e-6,901.6138596683165,954.7454197818658,954.7662708944231,2.980351700151191,547.7383089762308,221836.58648146424,312.96785196571955,133736.6570420222,NaN,NaN,10000.0,10000.0,309769.45201248786,916045.3219827814,controlled
Tumor,0.1,1.1712388755757056e-6,815.596841051234,856.0703723891352,856.0804611650115,2.9330215946182836,542.8040229356977,222532.5358998152,283.49866767053777,134625.03711413653,NaN,NaN,10000.0,10000.0,279108.9605357798,822719.7023644806,controlled
Tumor,0.1,1.229621205313694e-6,735.408567395852,766.1524060644039,766.1572012417159,2.8848843660825425,538.3078474792396,223170.5009424546,256.13026778380845,135444.8706450226,NaN,NaN,10000.0,10000.0,250883.8626650474,737393.5796828252,controlled
Tumor,0.1,1.2909136983810517e-6,660.857251768593,684.129994387754,684.1323602040947,2.8357744806213687,534.2066151372215,223755.63359036302,230.7275191100749,136201.45782487764,NaN,NaN,10000.0,10000.0,224908.17080819226,659332.1472636643,controlled
Tumor,0.1,1.3552614166593774e-6,591.7449668233751,609.2919333651125,609.2930881247265,2.7855384513816475,530.4646536354912,224292.18971031375,207.17832371176735,136899.17620566988,NaN,NaN,10000.0,10000.0,201022.64513505748,587923.7213712272,controlled
Tumor,0.1,1.4228166528785383e-6,527.8684502906553,541.039024420226,541.0396192265522,2.734031031524772,527.051983163314,224783.77892471172,185.38657275756148,137541.75894011316,NaN,NaN,10000.0,10000.0,179088.39706630283,522648.51890749164,controlled
Tumor,0.1,1.4937392910502137e-6,469.0197979529264,478.85658606435874,478.85685898224966,2.6811117069064925,523.9428413794775,225233.5230620584,165.26735141598516,138132.4599151284,NaN,NaN,10000.0,10000.0,158982.09546416032,463056.19314704894,controlled
Tumor,0.1,1.568197184867829e-6,414.98710367992396,422.2943756347609,422.29450427714926,2.6266426299727064,521.1147230748891,225644.18386602073,146.74325608926054,138674.19537254533,NaN,NaN,10000.0,10000.0,140592.326458751,408749.3372455552,controlled
Tumor,0.1,1.646366554968472e-6,365.5550205191479,370.95167244875915,370.9517227800167,2.5704865745839145,518.5475799991378,226018.2476626831,129.7418348270312,139169.6314911947,NaN,NaN,10000.0,10000.0,123816.80101189787,359371.15333866497,controlled
Tumor,0.1,1.7284324059969565e-6,320.5052900225358,324.46604365324265,324.4660692256683,2.512505718814611,516.2233009663743,226357.9967417115,114.19359468324713,139621.2633001506,NaN,NaN,10000.0,10000.0,108560.20040509084,314596.1564660224,controlled
Tumor,0.1,1.8145889644591558e-6,279.61725510387953,282.5048212408648,282.50483406334513,2.452560468481614,514.1252400676933,226665.5565245901,100.03059474867173,140031.462337517,NaN,NaN,10000.0,10000.0,94732.51377918497,274123.0845871622,controlled
Tumor,0.1,1.9050401384008434e-6,242.66835238793075,244.75862893651967,244.75863306161594,2.390508782761215,512.237929120932,226942.93668633126,87.18540632393953,140402.52118597724,NaN,NaN,10000.0,10000.0,82247.76150340392,237669.49549014887,controlled
Tumor,0.1,2.0000000000000003e-6,209.43464882300248,210.93643101511438,210.9364327182387,2.326205620082366,510.5468200220091,227192.05872451625,75.59042162726298,140736.68046485446,NaN,NaN,10000.0,10000.0,71023.03010226735,204967.66596118445,controlled
Tumor,0.2,3.000000000000001e-7,5818.295700103206,9.746108930982314e6,9.746112134521281e6,6.988831448437963,487331.1356422071,716.6844619916905,15.762163834967163,205.11613110732222,185.0,200.0,185.0,200.0,1.4775909894570327e9,7.666372160556863e9,tumor_dominant
Tumor,0.2,3.14953993832204e-7,5552.539711829183,9.74580019814088e6,9.745805328747915e6,6.988817776715724,487315.825211048,716.7069312196357,15.762657366550526,205.12257233064742,190.0,205.0,190.0,205.0,1.429390683990613e9,7.617977012775554e9,tumor_dominant
Tumor,0.2,3.306533941028525e-7,5291.444954936599,9.745474521531107e6,9.745483219120963e6,6.988803422567832,487299.7510755285,716.7305227582135,15.763174863106139,205.12933584548676,195.0,210.0,195.0,210.0,1.3753652511873107e9,7.563747002136405e9,tumor_dominant
Tumor,0.2,3.471353568228903e-7,5035.386952148092,9.745129266855597e6,9.74514504170846e6,6.988788351881846,487282.87511324126,716.7552927857935,15.76371827608929,205.1364371708589,205.0,215.0,205.0,215.0,1.314418223794365e9,7.502585156244484e9,tumor_dominant
Tumor,0.2,3.644388901057883e-7,4784.717795260585,9.744758962582685e6,9.744789994387781e6,6.98877252883512,487265.1572959435,716.7813003051231,15.764288941788156,205.1438931902198,210.0,225.0,210.0,225.0,1.2451478844240887e9,7.433089198317999e9,tumor_dominant
Tumor,0.2,3.8260494648864557e-7,4539.764307936765,9.744349835080354e6,9.744417234930534e6,6.988755915808549,487246.5555939878,716.8086072865882,15.764888290607423,205.1517216138953,220.0,235.0,220.0,235.0,1.1657282029938364e9,7.353432424854616e9,tumor_dominant
Tumor,0.2,4.0167651985518443e-7,4300.826530009375,9.743860373644559e6,9.744025878990892e6,6.988738473295914,487227.0258759288,716.8372788188653,15.76551723576729,205.15994151487163,230.0,240.0,230.0,240.0,1.0737302714244126e9,7.261184930738213e9,tumor_dominant
Tumor,0.2,4.2169874719003627e-7,4068.1764250007045,9.74314042076716e6,9.743614997992238e6,6.988720159808585,487206.5218030639,716.8673832673621,15.766177676256302,205.16857217031475,240.0,255.0,240.0,255.0,9.658402902060485e8,7.153030727102021e9,tumor_dominant
Tumor,0.2,4.427190154051293e-7,3842.0569225029826,9.741520660576139e6,9.743183616907187e6,6.988700931775356,487184.9947186423,716.8989924408703,15.766870659779054,205.17763459157712,250.0,265.0,250.0,265.0,8.374031938012016e8,7.024306963983181e9,tumor_dominant
Tumor,0.2,4.6478707349102155e-7,3622.6813087308074,9.735122627643947e6,9.742730711925182e6,6.9886807434371505,487162.3935314769,716.9321817668628,15.767599272870859,205.18714926050725,270.0,280.0,270.0,280.0,6.816568150894965e8,6.868209242535831e9,tumor_dominant
Tumor,0.2,4.879551502585967e-7,3410.2328746312237,9.692037817590255e6,9.742255208002439e6,6.98865954673632,487138.6645936645,716.9670304759021,15.76836397932228,205.19713991034186,290.0,300.0,290.0,300.0,4.885494899512396e8,6.67434254110858e9,tumor_dominant
Tumor,0.2,5.122780779497939e-7,3204.864868628778,9.190492811411744e6,9.741755976287425e6,6.988637291200254,487113.75157211686,717.0036217956712,15.76916682295898,205.20763022479352,315.0,330.0,315.0,330.0,2.458340358410949e8,6.425857437536934e9,tumor_dominant
Tumor,0.2,5.378134220099089e-7,3006.700823706307,2.3458287354121176e6,9.74123183141618e6,6.988613923819005,487087.59531358216,717.042043155116,15.77000967548608,205.21864530435528,345.0,360.0,345.0,360.0,1.770628703658569e7,6.093198856405023e9,tumor_dominant
Tumor,0.2,5.646216173286177e-7,2815.8349873888683,18648.43614194122,9.740681528670417e6,6.988589388916608,487060.1337028221,717.0823863992853,15.770894421294399,205.23021158462504,395.0,410.0,395.0,410.0,1.7877623848251419e6,5.618412226219697e9,tumor_dominant
Tumor,0.2,5.927661112721535e-7,2632.333207705455,6990.773392676169,9.740103760991272e6,6.988563628015757,487031.30151358974,717.1247480154318,15.771824315857108,205.24235583542995,475.0,490.0,475.0,490.0,1.32032630549429e6,4.866686876948854e9,tumor_dominant
Tumor,0.2,6.223135138451644e-7,2456.2338345391827,4673.501652587773,9.739497155841788e6,6.988536579695488,487001.0302520396,717.169229370999,15.772799822290239,205.25510850576714,620.0,635.0,620.0,635.0,1.105481453547926e6,3.4133270813250093e9,tumor_dominant
Tumor,0.2,6.533337553376234e-7,2287.548974925018,3655.6378865708452,9.738860271909073e6,6.988508179441482,486969.24799217394,717.2159369641613,15.773825272798312,205.26849854599357,1145.0,1160.0,1145.0,1160.0,962222.1413056217,3.861307945057385e6,tumor_dominant
Tumor,0.2,6.859002518299215e-7,2126.2657976998125,3048.7833263864673,3203.123311114267,3.505709221615061,660.1561116105627,207081.83389202712,849.8083168998267,116258.16123879552,NaN,NaN,10000.0,10000.0,852938.7476488269,2.8625908808748485e6,intermediate
Tumor,0.2,7.200900789478258e-7,1972.3480157095769,2625.3925528696864,2665.154668390863,3.425885340006672,633.2576978441557,210430.70212984964,741.8656886468043,120011.04867300687,NaN,NaN,10000.0,10000.0,763726.2415221808,2.4522082747455984e6,intermediate
Tumor,0.2,7.559841542785492e-7,1825.7374653547183,2301.7215585172626,2315.264058067899,3.3647880681921616,615.7631696177671,212667.53151794604,665.4152279313005,122584.72619779961,NaN,NaN,10000.0,10000.0,687942.6205942997,2.1571094606575007e6,intermediate
Tumor,0.2,7.936674288796335e-7,1686.355692843176,2039.7470326308028,2044.9601116847623,3.310897162394681,602.2479863534955,214428.39782604124,602.6949731422353,124649.84381667104,NaN,NaN,10000.0,10000.0,621904.6738648886,1.9201235318030815e6,intermediate
Tumor,0.2,8.33229088333924e-7,1554.1056479601668,1819.6216201317866,1821.7779947360389,3.2607337769751483,591.0888865022087,215904.42456316657,548.3533080073084,126408.1346203113,NaN,NaN,10000.0,10000.0,563358.2402220388,1.720067898500945e6,intermediate
Tumor,0.2,8.747627638264501e-7,1428.8732855654666,1629.8933230771747,1630.8285147993192,3.2126745177821463,581.5414214026899,217183.50794575058,499.930729275108,127952.34735452819,NaN,NaN,10000.0,10000.0,510823.13263193157,1.546352944557689e6,intermediate
Tumor,0.2,9.183667537427913e-7,1310.5292347029194,1463.4331885643585,1463.8523997219725,3.1657938668637375,573.1926086182788,218314.4915880117,456.06545408835154,129333.94230628568,NaN,NaN,10000.0,10000.0,463274.44448574155,1.3928018289972488e6,intermediate
Tumor,0.2,9.641442563133607e-7,1198.9303243371464,1315.530884404842,1315.7232393127347,3.119494500648724,565.7861441816318,219327.72422559015,415.9168825267756,130584.80836677691,NaN,NaN,10000.0,10000.0,419972.2855290988,1.2554485993310793e6,intermediate
Tumor,0.2,1.0122036138542432e-6,1093.9211151384345,1182.9204513708091,1183.0103082709663,3.073355483472805,559.1505100521376,220243.53208828534,378.9270548144405,131726.22737274933,NaN,NaN,10000.0,10000.0,380364.02805242257,1.1315721171624113e6,intermediate
Tumor,0.2,1.0626585691826105e-6,995.3352808018135,1063.245182552012,1063.2877207364254,3.0270590514894127,553.1643790099317,221076.28488680988,344.70560442492337,132773.17623745033,NaN,NaN,10000.0,10000.0,344024.8753952035,1.0192110285657878e6,intermediate
Tumor,0.2,1.1156285348135952e-6,902.9969332546794,954.7459626055629,954.7662712181391,2.9803517002982853,547.7383088617137,221836.5864778111,312.96785178619047,133736.65703700506,NaN,NaN,10000.0,10000.0,310619.99348766333,916895.8817763482,controlled
Tumor,0.2,1.1712388755757056e-6,816.7218060684544,856.0706521526389,856.080457853505,2.933021592940298,542.8040209321797,222532.53577100285,283.4986671536628,134625.03690619112,NaN,NaN,10000.0,10000.0,279879.4249345223,823490.1755741852,controlled
Tumor,0.2,1.229621205313694e-6,736.3183452877015,766.1525498759977,766.1572039005223,2.8848843675877163,538.3078503319191,223170.5011135553,256.1302689719588,135444.87091884663,NaN,NaN,10000.0,10000.0,251580.91055358213,738090.6318071075,controlled
Tumor,0.2,1.2909136983810517e-6,661.5886736470454,684.1300683501129,684.1323608829687,2.835774481051696,534.2066146082979,223755.63356728293,230.7275185418997,136201.4577901476,NaN,NaN,10000.0,10000.0,225537.79118562842,659961.76997256,controlled
Tumor,0.2,1.3552614166593774e-6,592.3294463669661,609.2919718710754,609.293087334362,2.7855384508192116,530.4646536646089,224292.18970551618,207.17832399458504,136899.17619621227,NaN,NaN,10000.0,10000.0,201590.27833194382,588491.3556128447,controlled
Tumor,0.2,1.4228166528785383e-6,528.332611282526,541.0390438140871,541.0396094581761,2.7340310236981265,527.0519815673904,224783.77875538214,185.38657523515906,137541.75864766038,NaN,NaN,10000.0,10000.0,179599.0264076519,523159.1487280312,controlled
Tumor,0.2,1.4937392910502137e-6,469.38606020948606,478.8565966944983,478.85685975363646,2.6811117076046362,523.942841685408,225233.52308573556,165.2673513033911,138132.45995474805,NaN,NaN,10000.0,10000.0,159440.31673146994,463514.41472674406,controlled
Tumor,0.2,1.568197184867829e-6,415.2742250786681,422.29438097131344,422.294503647033,2.6266426293262155,521.1147229059173,225644.18385087032,146.7432562423218,138674.1953466814,NaN,NaN,10000.0,10000.0,141002.40163352847,409159.412511386,controlled
Tumor,0.2,1.646366554968472e-6,365.7785878203261,370.95167474705,370.95172989499724,2.5704865828914354,518.5475828901656,226018.24789307118,129.74183338971014,139169.63187980183,NaN,NaN,10000.0,10000.0,124182.69904491014,359737.0513764767,controlled
Tumor,0.2,1.7284324059969565e-6,320.6781695542001,324.4660456587666,324.46606759040685,2.5125057166325555,516.2233001421687,226357.99667863495,114.19359499246906,139621.2631941256,NaN,NaN,10000.0,10000.0,108885.62975362857,314921.585872292,controlled
Tumor,0.2,1.8145889644591558e-6,279.7499915338363,282.5048227263331,282.50483388931855,2.452560468215027,514.1252399621088,226665.55651672746,100.03059478014008,140031.4623243284,NaN,NaN,10000.0,10000.0,95020.94723560548,274411.5180498289,controlled
Tumor,0.2,1.9050401384008434e-6,242.76952572090283,244.75862950235705,244.75863028215917,2.3905087778494742,512.2379271169228,226942.936540143,87.18540681004842,140402.52094111094,NaN,NaN,10000.0,10000.0,82502.45572576228,237924.1897136361,controlled
Tumor,0.2,2.0000000000000003e-6,209.51119014744918,210.9364311232097,210.93643203180298,2.3262056186757403,510.5468194374281,227192.05868256537,75.59042174424751,140736.6803946582,NaN,NaN,10000.0,10000.0,71247.04115575238,205191.67698605388,controlled
Tumor,0.5,3.000000000000001e-7,5912.032660413137,9.746109256421262e6,9.746112134521263e6,6.988831448437962,487331.1356422071,716.684461991691,15.762164507662293,205.11613055961064,185.0,200.0,185.0,200.0,1.4885703705347724e9,7.677351545121183e9,tumor_dominant
Tumor,0.5,3.14953993832204e-7,5637.90155282558,9.745800720615167e6,9.745805328747915e6,6.988817776715724,487315.825211048,716.7069312196356,15.762657377408845,205.12257232180124,190.0,205.0,190.0,205.0,1.4403986395420995e9,7.628984973924895e9,tumor_dominant
Tumor,0.5,3.306533941028525e-7,5368.935011943242,9.745475409522245e6,9.745483219120957e6,6.988803422567832,487299.7510755285,716.7305227582143,15.763175060294616,205.12933568611064,195.0,210.0,195.0,210.0,1.3864034219231846e9,7.57478518238691e9,tumor_dominant
Tumor,0.5,3.471353568228903e-7,5105.504569645311,9.745130881761596e6,9.74514504170845e6,6.988788351881845,487282.87511324126,716.7552927857935,15.763718523768375,205.13643697145315,200.0,215.0,200.0,215.0,1.3254883389380584e9,7.513655288692623e9,tumor_dominant
Tumor,0.5,3.644388901057883e-7,4847.955630727886,9.744762148415454e6,9.744789994387778e6,6.98877252883512,487265.1572959435,716.7813003051231,15.764289029026223,205.14389312018614,210.0,225.0,210.0,225.0,1.2562514690323465e9,7.444192817066235e9,tumor_dominant
Tumor,0.5,3.8260494648864557e-7,4596.605715675376,9.744356775310664e6,9.744417234930536e6,6.98875591580855,487246.5555939878,716.8086072865882,15.764888256943594,205.15172164076728,215.0,230.0,215.0,230.0,1.176867442872482e9,7.364571739111405e9,tumor_dominant
Tumor,0.5,4.0167651985518443e-7,4351.743147959465,9.74387746962611e6,9.744025878990913e6,6.988738473295916,487227.0258759288,716.837278818865,15.765516741428046,205.15994190978304,225.0,240.0,225.0,240.0,1.084906951786261e9,7.272361794331097e9,tumor_dominant
Tumor,0.5,4.2169874719003627e-7,4113.625998916931,9.743189604949066e6,9.743614997992255e6,6.988720159808585,487206.5218030639,716.8673832673619,15.766177284780783,205.16857248034975,240.0,250.0,240.0,250.0,9.770563235820444e8,7.164247287670905e9,tumor_dominant
Tumor,0.5,4.427190154051293e-7,3882.4813430472145,9.741693601506038e6,9.743183616907159e6,6.988700931775355,487184.9947186423,716.898992440871,15.766871229559344,205.1776341391955,250.0,265.0,250.0,265.0,8.48659844980277e8,7.035565469112541e9,tumor_dominant
Tumor,0.5,4.6478707349102155e-7,3658.504890520572,9.735916564443713e6,9.742730711925171e6,6.9886807434371505,487162.3935314769,716.932181766863,15.767599512880476,205.18714907134108,265.0,280.0,265.0,280.0,6.929513178229129e8,6.879512259211003e9,tumor_dominant
Tumor,0.5,4.879551502585967e-7,3441.860934255979,9.697288858493753e6,9.742255208002442e6,6.98865954673632,487138.6645936645,716.9670304759019,15.768363900831854,205.19713997212114,285.0,300.0,285.0,300.0,4.998431149807871e8,6.68569258656698e9,tumor_dominant
Tumor,0.5,5.122780779497939e-7,3232.6825350239315,9.246996098078286e6,9.74175597628742e6,6.988637291200254,487113.7515721168,717.0036217956714,15.769166868095517,205.20763018930316,310.0,325.0,310.0,325.0,2.5661191191232166e8,6.437257293694091e9,tumor_dominant
Tumor,0.5,5.378134220099089e-7,3031.0721367963356,2.700762324570906e6,9.74123183141617e6,6.988613923819004,487087.59531358216,717.0420431551161,15.770009852873853,205.21864516536397,345.0,360.0,345.0,360.0,2.070272982375879e7,6.104651448002175e9,tumor_dominant
Tumor,0.5,5.646216173286177e-7,2837.102276730374,19334.402414078813,9.74068152867039e6,6.9885893889166075,487060.1337028221,717.0823863992861,15.770894844249058,205.23021125325315,395.0,410.0,395.0,410.0,1.8102874990950432e6,5.629920627102566e9,tumor_dominant
Tumor,0.5,5.927661112721535e-7,2650.8166873485334,7040.172733698887,9.740103760991286e6,6.988563628015757,487031.30151358974,717.1247480154317,15.77182411773317,205.24235599089002,470.0,485.0,470.0,485.0,1.3286586135204316e6,4.878254744660128e9,tumor_dominant
Tumor,0.5,6.223135138451644e-7,2472.2315037558733,4683.980735015994,9.739497155841742e6,6.988536579695486,487001.0302520396,717.1692293709996,15.772800427054024,205.255108024824,620.0,635.0,620.0,635.0,1.1110674537362927e6,3.4249578722438083e9,tumor_dominant
Tumor,0.5,6.533337553376234e-7,2301.3366868469698,3658.869419767671,9.738860271909118e6,6.988508179441483,486969.24799217394,717.2159369641599,15.773824753299033,205.26849898112206,1145.0,1160.0,1145.0,1160.0,966613.5720008871,3.869089548813445e6,tumor_dominant
Tumor,0.5,6.859002518299215e-7,2138.0976013561394,3049.9804691721115,3203.1232736422776,3.5057092165360184,660.1561094364841,207081.8336368176,849.8083190923064,116258.1608191703,NaN,NaN,10000.0,10000.0,856622.5322268542,2.866456590012515e6,intermediate
Tumor,0.5,7.200900789478258e-7,1982.4566263093075,2625.8858274134645,2665.1546609924076,3.425885338801525,633.2576950812235,210430.70197300805,741.8656863650253,120011.04843312966,NaN,NaN,10000.0,10000.0,766918.5220099158,2.4554485528823542e6,intermediate
Tumor,0.5,7.559841542785492e-7,1834.3349537188174,2301.9390749939325,2315.2640286395463,3.3647880626744096,615.763160780377,212667.53097007683,665.415222660433,122584.72534325346,NaN,NaN,10000.0,10000.0,690760.2412578806,2.159943535361297e6,intermediate
Tumor,0.5,7.936674288796335e-7,1693.6342761714225,2039.847469062381,2044.9601444343987,3.310897169346423,602.2479873844045,214428.39804650386,602.6949681412308,124649.84419794507,NaN,NaN,10000.0,10000.0,624419.5026630856,1.922644732386176e6,intermediate
Tumor,0.5,8.33229088333924e-7,1560.2386337873656,1819.6695432385068,1821.7780245087172,3.2607337840687767,591.0888954269095,215904.42514879862,548.3533114382761,126408.13554949765,NaN,NaN,10000.0,10000.0,565618.7165715803,1.7223310277216656e6,intermediate
Tumor,0.5,8.747627638264501e-7,1434.0160816502553,1629.916715568934,1630.8285544827768,3.2126745283434928,581.5414268707516,217183.50843710912,499.9307262670597,127952.3481659006,NaN,NaN,10000.0,10000.0,512864.20431066793,1.5483951749912943e6,intermediate
Tumor,0.5,9.183667537427913e-7,1314.8204451882334,1463.4448032572054,1463.852378158052,3.165793860470539,573.1926093934942,218314.49149635874,456.06545972046,129333.94212856903,NaN,NaN,10000.0,10000.0,465122.6781910472,1.3946505853960046e6,intermediate
Tumor,0.5,9.641442563133607e-7,1202.4928842432892,1315.5367232980059,1315.7232756264752,3.119494512626075,565.7861534924945,219327.72491367272,415.9168822888939,130584.80948668096,NaN,NaN,10000.0,10000.0,421648.723935887,1.257125280076446e6,intermediate
Tumor,0.5,1.0122036138542432e-6,1096.863458093042,1182.9234128742814,1183.0102986515396,3.0733554799444036,559.150508101463,220243.53192783103,378.9270555554194,131726.22710759717,NaN,NaN,10000.0,10000.0,381885.8952504313,1.133094098042466e6,intermediate
Tumor,0.5,1.0626585691826105e-6,997.7525095248159,1063.2466936652095,1063.287695055026,3.0270590410098306,553.1643788671829,221076.28470660033,344.70561112038536,132773.17590841147,NaN,NaN,10000.0,10000.0,345406.6495418151,1.0205928568503988e6,intermediate
Tumor,0.5,1.1156285348135952e-6,904.9719819883953,954.7467373646298,954.7662752494821,2.9803517021301036,547.7383077729658,221836.58644974174,312.9678498137704,133736.6570015959,NaN,NaN,10000.0,10000.0,311874.113218707,918150.0279180938,controlled
Tumor,0.5,1.1712388755757056e-6,818.3265796182666,856.0710513523038,856.0804340765827,2.9330215808922033,542.8040165832634,222532.53537121817,283.498670874505,134625.0362323032,NaN,NaN,10000.0,10000.0,281016.7696472348,824627.5324967979,controlled
Tumor,0.5,1.229621205313694e-6,737.6148165450679,766.1527552934235,766.1572248106897,2.884884379425147,538.3078562678771,223170.50158508532,256.1302667423059,135444.87170330674,NaN,NaN,10000.0,10000.0,252611.13896056224,739120.8663413727,controlled
Tumor,0.5,1.2909136983810517e-6,662.6299366501025,684.130172986099,684.1323604545597,2.8357744807801346,534.2066123487805,223755.63344277142,230.72751717994433,136201.4575934231,NaN,NaN,10000.0,10000.0,226469.5843245083,660893.5664008461,controlled
Tumor,0.5,1.3552614166593774e-6,593.160709732866,609.2920273477137,609.2930910511693,2.785538453464152,530.4646553024653,224292.1898244,207.1783237760685,136899.17639265224,NaN,NaN,10000.0,10000.0,202431.51904651528,589332.5978652232,controlled
Tumor,0.5,1.4228166528785383e-6,528.9921302824241,541.0390716925097,541.0395959757327,2.7340310128956857,527.0519799438216,224783.77855347184,185.3865789963861,137541.75829435253,NaN,NaN,10000.0,10000.0,180356.93318301893,523917.05627669516,controlled
Tumor,0.5,1.4937392910502137e-6,469.90600037258355,478.85661058151754,478.8568611564118,2.681111708874218,523.9428417037984,225233.52309891646,165.26735080041885,138132.4599793518,NaN,NaN,10000.0,10000.0,160121.54572483542,464195.64469079644,controlled
Tumor,0.5,1.568197184867829e-6,415.6814558255635,422.29438973831276,422.29449493555194,2.6266426203883526,521.1147205698202,225644.1836414122,146.7432583584119,138674.19498910516,NaN,NaN,10000.0,10000.0,141613.12437272663,409770.1354045799,controlled
Tumor,0.5,1.646366554968472e-6,366.0954069703838,370.9516786316457,370.9517327802402,2.570486586260273,518.5475840625234,226018.24798649733,129.74183280685452,139169.63203738822,NaN,NaN,10000.0,10000.0,124728.66330950819,360283.01571478025,controlled
Tumor,0.5,1.7284324059969565e-6,320.92295610018476,324.46604431715537,324.4660617781439,2.5125057088768044,516.2232972126601,226357.9964544397,114.19359609154803,139621.26281727658,NaN,NaN,10000.0,10000.0,109372.2063128867,315408.16250480205,controlled
Tumor,0.5,1.8145889644591558e-6,279.93778698202846,282.50482435509895,282.5048324676312,2.452560466037177,514.12523909955,226665.55645249502,100.03059503721339,140031.4622165856,NaN,NaN,10000.0,10000.0,95453.16671064225,274843.737523275,controlled
Tumor,0.5,1.9050401384008434e-6,242.91255536280792,244.75863268593042,244.75863405006547,2.3905087845079622,512.2379298336142,226942.9367383199,87.1854061510657,140402.5212730585,NaN,NaN,10000.0,10000.0,82885.0374035713,238306.77141646922,controlled
Tumor,0.5,2.0000000000000003e-6,209.6193155468685,210.9364321562875,210.9364322665647,2.326205619156808,510.5468196373566,227192.05869691278,75.59042170423794,140736.6804186656,NaN,NaN,10000.0,10000.0,71584.415507086,205529.05135990732,controlled
Tumor,1.0,3.000000000000001e-7,5992.164473416788,9.74610950382722e6,9.746112134521265e6,6.988831448437962,487331.1356422071,716.6844619916907,15.76216441990706,205.11613063098739,185.0,200.0,185.0,200.0,1.497782471521694e9,7.686563648758688e9,tumor_dominant
Tumor,1.0,3.14953993832204e-7,5710.76926983028,9.745801117819285e6,9.74580532874792e6,6.988817776715725,487315.825211048,716.7069312196354,15.762657171257153,205.12257248844924,190.0,205.0,190.0,205.0,1.4496373545528996e9,7.638223693191369e9,tumor_dominant
Tumor,1.0,3.306533941028525e-7,5434.987756679525,9.745476084619062e6,9.745483219120966e6,6.988803422567832,487299.7510755285,716.7305227582133,15.763174764169332,205.12933592533855,195.0,210.0,195.0,210.0,1.395670229110793e9,7.584051996808e9,tumor_dominant
Tumor,1.0,3.471353568228903e-7,5165.186498951624,9.745132109519353e6,9.745145041708458e6,6.988788351881846,487282.87511324126,716.7552927857929,15.763718312986388,205.13643714111674,200.0,215.0,200.0,215.0,1.334784916132055e9,7.522951879042593e9,tumor_dominant
Tumor,1.0,3.644388901057883e-7,4901.703490452533,9.744764570544794e6,9.744789994387776e6,6.98877252883512,487265.1572959435,716.7813003051231,15.76428907635063,205.14389308222783,210.0,220.0,210.0,220.0,1.2655794369511209e9,7.453520810940977e9,tumor_dominant
Tumor,1.0,3.8260494648864557e-7,4644.84670537107,9.744362051955068e6,9.744417234930553e6,6.98875591580855,487246.5555939878,716.808607286588,15.764887813267002,205.15172199515035,215.0,230.0,215.0,230.0,1.186228556729359e9,7.373932909517838e9,tumor_dominant
Tumor,1.0,4.0167651985518443e-7,4394.892847293946,9.743890467989298e6,9.744025878990885e6,6.988738473295914,487227.02587592887,716.8372788188657,15.765517405714553,205.15994137907032,225.0,240.0,225.0,240.0,1.0943030184302306e9,7.281758000288669e9,tumor_dominant
Tumor,1.0,4.2169874719003627e-7,4152.086513423203,9.743227001542978e6,9.743614997992227e6,6.988720159808584,487206.52180306386,716.8673832673625,15.766177898247275,205.16857199478503,235.0,250.0,235.0,250.0,9.864893384239833e8,7.1736807033568e9,tumor_dominant
Tumor,1.0,4.427190154051293e-7,3916.6397247676655,9.74182509977858e6,9.743183616907151e6,6.988700931775355,487184.9947186423,716.8989924408709,15.766871412762924,205.17763399377236,250.0,265.0,250.0,265.0,8.581310095344205e8,7.045038043336832e9,tumor_dominant
Tumor,1.0,4.6478707349102155e-7,3688.731737750865,9.736520294042183e6,9.742730711925166e6,6.98868074343715,487162.3935314769,716.9321817668626,15.767599605017365,205.18714899871333,265.0,280.0,265.0,280.0,7.024590966508095e8,6.889026512054482e9,tumor_dominant
Tumor,1.0,4.879551502585967e-7,3468.5092137496463,9.701283547696799e6,9.742255208002465e6,6.988659546736321,487138.6645936645,716.9670304759009,15.768363528689646,205.1971402653074,285.0,300.0,285.0,300.0,5.093585248513012e8,6.695250908539435e9,tumor_dominant
Tumor,1.0,5.122780779497939e-7,3256.0867488578974,9.290197957569098e6,9.741755976287432e6,6.988637291200255,487113.75157211686,717.0036217956712,15.769166692127337,205.20763032763304,310.0,325.0,310.0,325.0,2.657426983170892e8,6.446862383295933e9,tumor_dominant
Tumor,1.0,5.378134220099089e-7,3051.5475618188298,3.0119089137577354e6,9.741231831416175e6,6.988613923819004,487087.59531358216,717.0420431551161,15.770009768706979,205.21864523127527,345.0,360.0,345.0,360.0,2.3552043103323348e7,6.114306012348962e9,tumor_dominant
Tumor,1.0,5.646216173286177e-7,2854.9446246186603,19956.579927103627,9.740681528670387e6,6.9885893889166075,487060.1337028221,717.0823863992857,15.770894880282352,205.23021122494865,395.0,410.0,395.0,410.0,1.8299471205118117e6,5.639627762897291e9,tumor_dominant
Tumor,1.0,5.927661112721535e-7,2666.3018267382117,7082.713381478947,9.740103760991272e6,6.988563628015757,487031.30151358974,717.124748015432,15.771824329841468,205.24235582435074,470.0,485.0,470.0,485.0,1.3357359953111878e6,4.8880177911191025e9,tumor_dominant
Tumor,1.0,6.223135138451644e-7,2485.6155053140924,4692.875265215568,9.739497155841734e6,6.988536579695485,487001.0302520396,717.1692293709996,15.772800521030831,205.255107950017,620.0,635.0,620.0,635.0,1.1157935867156524e6,3.4347801605282316e9,tumor_dominant
Tumor,1.0,6.533337553376234e-7,2312.856001418156,3661.593187605666,9.738860271909095e6,6.9885081794414825,486969.24799217394,717.2159369641612,15.773825004825884,205.2684987704122,1145.0,1160.0,1145.0,1160.0,970326.6050123977,3.8756871602642606e6,tumor_dominant
Tumor,1.0,6.859002518299215e-7,2147.969431620265,3050.985072579931,3203.1233133663586,3.505709221920315,660.1561125453218,207081.83394155581,849.8083178507479,116258.16131299558,NaN,NaN,10000.0,10000.0,859737.8646696361,2.8697246686370145e6,intermediate
Tumor,1.0,7.200900789478258e-7,1990.8794827189477,2626.2984282089287,2665.1546631571177,3.4258853391541386,633.2577003494171,210430.70221571843,741.8656925947168,120011.04879035236,NaN,NaN,10000.0,10000.0,769619.5826021042,2.458189770564567e6,intermediate
Tumor,1.0,7.559841542785492e-7,1841.489283413274,2302.1205933051433,2315.2640419892336,3.364788065177447,615.7631693535519,212667.53142540142,665.4152304090467,122584.72603612435,NaN,NaN,10000.0,10000.0,693145.879328045,2.162342902512958e6,intermediate
Tumor,1.0,7.936674288796335e-7,1699.6832805467793,2039.9311156797844,2044.960112324079,3.3108971625303885,602.2479859745367,214428.39781186683,602.6949726010654,124649.84379658014,NaN,NaN,10000.0,10000.0,626550.3916940578,1.9247809264231315e6,intermediate
Tumor,1.0,8.33229088333924e-7,1565.329104885356,1819.7093484817,1821.7780056894082,3.2607337795848945,591.0888879649117,215904.42469269354,548.3533073480936,126408.13483308694,NaN,NaN,10000.0,10000.0,567535.6857472952,1.724250200668245e6,intermediate
Tumor,1.0,8.747627638264501e-7,1438.2793742528684,1629.9361199426994,1630.8285248646062,3.2126745204609195,581.5414201301624,217183.50794266965,499.9307258431454,127952.34736713649,NaN,NaN,10000.0,10000.0,514596.67338795867,1.5501286046901175e6,intermediate
Tumor,1.0,9.183667537427913e-7,1318.3734536737636,1463.4544250643066,1463.8523985811514,3.1657938665255108,573.1926076743599,218314.49153509733,456.0654534457354,129333.94222371514,NaN,NaN,10000.0,10000.0,466692.9879833828,1.3962213285986786e6,intermediate
Tumor,1.0,9.641442563133607e-7,1205.4390744164896,1315.5415532768857,1315.7232266714993,3.1194944964792684,565.7861442217609,219327.7241486383,415.91688559159024,130584.80822582978,NaN,NaN,10000.0,10000.0,423074.552216965,1.2585513082327694e6,intermediate
Tumor,1.0,1.0122036138542432e-6,1099.2939074348556,1182.9258595834256,1183.0103105095411,3.0733554842939133,559.1505103971133,220243.53212014787,378.92705454778826,131726.2274260241,NaN,NaN,10000.0,10000.0,383181.6991062455,1.1343899961979564e6,intermediate
Tumor,1.0,1.0626585691826105e-6,999.7469350096876,1063.2479414129832,1063.287708736291,3.0270590465926235,553.1643775982824,221076.28473405808,344.7056064481436,132773.17597769556,NaN,NaN,10000.0,10000.0,346584.57129831833,1.0217708237390454e6,intermediate
Tumor,1.0,1.1156285348135952e-6,906.5997744632571,954.7473763001256,954.7662700012911,2.980351699745357,547.7383086393921,221836.58645782777,312.9678519514879,133736.65700348734,NaN,NaN,10000.0,10000.0,312944.57660248753,919220.5127863882,controlled
Tumor,1.0,1.1712388755757056e-6,819.6477810966326,856.0713790809469,856.0804454719607,2.9330215866663987,542.804018216803,222532.53553923836,283.4986687574716,134625.0365184839,NaN,NaN,10000.0,10000.0,281988.8855220373,825599.659080087,controlled
Tumor,1.0,1.229621205313694e-6,738.6810888026804,766.152923573523,766.1572180007267,2.8848843755699667,538.3078537529643,223170.50140070138,256.1302670603728,135444.8713995584,NaN,NaN,10000.0,10000.0,253492.99061417498,740002.7231191124,controlled
Tumor,1.0,1.2909136983810517e-6,663.4854558066874,684.1302602214938,684.1323605743556,2.835774480856071,534.2066139872871,223755.63353157576,230.72751822866724,136201.45773330607,NaN,NaN,10000.0,10000.0,227268.43302841604,661692.4173293483,controlled
Tumor,1.0,1.3552614166593774e-6,593.8430317664062,609.2920714658443,609.2930873825073,2.7855384508534726,530.464653843074,224292.1897155905,207.17832409023097,136899.17621222135,NaN,NaN,10000.0,10000.0,203153.95523840497,590055.0352420639,controlled
Tumor,1.0,1.4228166528785383e-6,529.5329772239339,541.0390949112976,541.0396113387065,2.7340310252048505,527.0519817125266,224783.77877907953,185.38657466256987,137541.75868987187,NaN,NaN,10000.0,10000.0,181008.98968480687,524569.1133665262,controlled
Tumor,1.0,1.4937392910502137e-6,470.3320059915541,478.8566233594853,478.8568603778343,2.6811117081695666,523.9428418571546,225233.52310068475,165.26735117024913,138132.45998012196,NaN,NaN,10000.0,10000.0,160708.78373504544,464782.88260972704,controlled
Tumor,1.0,1.568197184867829e-6,416.01483302702695,422.29439488548906,422.2945020710992,2.6266426277093284,521.1147224833115,225644.1838129788,146.7432566251275,138674.19528199505,NaN,NaN,10000.0,10000.0,142140.69965876086,410297.7108475699,controlled
Tumor,1.0,1.646366554968472e-6,366.3545608728428,370.95168162560924,370.95172550189574,2.570486577762007,518.5475811051188,226018.2477508195,129.741834277175,139169.63163985894,NaN,NaN,10000.0,10000.0,125201.37705476281,360755.72963255196,controlled
Tumor,1.0,1.7284324059969565e-6,321.12303674036923,324.46604601740256,324.46606148982715,2.512505708492081,516.2232970673455,226357.99644331867,114.19359614606704,139621.26279858325,NaN,NaN,10000.0,10000.0,109794.54532222402,315830.50155064074,controlled
Tumor,1.0,1.8145889644591558e-6,280.0911748834446,282.50482754490594,282.50483398140375,2.45256046835609,514.1252400179818,226665.55652088823,100.03059476348795,140031.46233130744,NaN,NaN,10000.0,10000.0,95829.33439971379,275219.9052444223,controlled
Tumor,1.0,1.9050401384008434e-6,243.02929963428295,244.75863224284282,244.75863228836474,2.3905087813947574,512.2379285634098,226942.9366456611,87.18540645917753,140402.52111785454,NaN,NaN,10000.0,10000.0,83218.97830446078,238640.71230652038,controlled
Tumor,1.0,2.0000000000000003e-6,209.70751487638012,210.9364322027434,210.9364328303433,2.3262056203120878,510.5468201174817,227192.05873136746,75.5904216081571,140736.6804763186,NaN,NaN,10000.0,10000.0,71879.83463328955,205824.47050142963,controlled
Tumor,2.0,3.000000000000001e-7,6082.2836049735415,9.746109752369158e6,9.746112134521263e6,6.988831448437962,487331.1356422071,716.6844619916913,15.762164517580851,205.11613055150943,185.0,200.0,185.0,200.0,1.507954076543932e9,7.696735256443676e9,tumor_dominant
Tumor,2.0,3.14953993832204e-7,5792.606132874408,9.745801516854804e6,9.74580532874792e6,6.988817776715725,487315.825211048,716.7069312196351,15.762657139557803,205.12257251399737,190.0,205.0,190.0,205.0,1.4598414236058893e9,7.648427766519695e9,tumor_dominant
Tumor,2.0,3.306533941028525e-7,5509.068240424792,9.745476762839943e6,9.74548321912097e6,6.988803422567832,487299.7510755285,716.730522758213,15.76317461275772,205.1293360477413,195.0,210.0,195.0,210.0,1.4059085438342962e9,7.594290318798473e9,tumor_dominant
Tumor,2.0,3.471353568228903e-7,5232.029005938362,9.745133342982318e6,9.74514504170847e6,6.988788351881846,487282.87511324126,716.755292785793,15.763717975343646,205.1364374128475,200.0,215.0,200.0,215.0,1.345059445656077e9,7.533226421783743e9,tumor_dominant
Tumor,2.0,3.644388901057883e-7,4961.816338151439,9.744767003978767e6,9.744789994387781e6,6.98877252883512,487265.1572959435,716.781300305123,15.76428895516229,205.1438931793692,205.0,220.0,205.0,220.0,1.2758924595845158e9,7.463833859651468e9,tumor_dominant
Tumor,2.0,3.8260494648864557e-7,4698.725550321102,9.74436735334017e6,9.744417234930547e6,6.98875591580855,487246.5555939878,716.8086072865881,15.76488796085746,205.15172187720643,215.0,230.0,215.0,230.0,1.196581977728242e9,7.384286387331366e9,tumor_dominant
Tumor,2.0,4.0167651985518443e-7,4443.018459021911,9.743903527587157e6,9.744025878990885e6,6.988738473295914,487227.0258759288,716.8372788188658,15.765517404158826,205.15994138029396,225.0,240.0,225.0,240.0,1.10469927905734e9,7.292154400885579e9,tumor_dominant
Tumor,2.0,4.2169874719003627e-7,4194.922789422406,9.743264575243615e6,9.743614997992229e6,6.988720159808584,487206.52180306386,716.8673832673619,15.76617785659597,205.1685720278723,235.0,250.0,235.0,250.0,9.96930867764598e8,7.184122635439101e9,tumor_dominant
Tumor,2.0,4.427190154051293e-7,3954.631903515731,9.741957225129498e6,9.743183616907151e6,6.988700931775355,487184.9947186423,716.8989924408709,15.76687142184523,205.17763398654998,250.0,265.0,250.0,265.0,8.686196684539994e8,7.0555281186409235e9,tumor_dominant
Tumor,2.0,4.6478707349102155e-7,3722.304955297332,9.7371269449541e6,9.74273071192517e6,6.9886807434371505,487162.3935314769,716.9321817668623,15.767599549643306,205.18714904235011,265.0,280.0,265.0,280.0,7.129936878685077e8,6.89956760843979e9,tumor_dominant
Tumor,2.0,4.879551502585967e-7,3498.0673403834776,9.70529901794038e6,9.742255208002435e6,6.98865954673632,487138.6645936645,716.9670304759021,15.768364061969354,205.1971398451348,285.0,300.0,285.0,300.0,5.199106307427784e8,6.705846141692527e9,tumor_dominant
Tumor,2.0,5.122780779497939e-7,3282.0114214397004,9.333814342817798e6,9.741755976287412e6,6.988637291200254,487113.75157211686,717.0036217956713,15.769167029862812,205.20763006186687,310.0,325.0,310.0,325.0,2.7591763042573893e8,6.457515077140654e9,tumor_dominant
Tumor,2.0,5.378134220099089e-7,3074.1976544124345,3.365862952664978e6,9.74123183141616e6,6.988613923819004,487087.59531358216,717.0420431551163,15.770010000862456,205.21864504931597,345.0,360.0,345.0,360.0,2.707189149535335e7,6.125019680021562e9,tumor_dominant
Tumor,2.0,5.646216173286177e-7,2874.6557855570836,20699.240360812724,9.740681528670372e6,6.988589388916607,487060.1337028221,717.0823863992861,15.770895102785698,205.23021105062415,395.0,405.0,395.0,405.0,1.8525385034818056e6,5.65040632513608e9,tumor_dominant
Tumor,2.0,5.927661112721535e-7,2683.386472631454,7130.921203899963,9.740103760991273e6,6.988563628015757,487031.30151358974,717.1247480154321,15.771824293455772,205.2423558530355,470.0,485.0,470.0,485.0,1.3436480609734482e6,4.898865119349711e9,tumor_dominant
Tumor,2.0,6.223135138451644e-7,2500.3628741278344,4702.813417224062,9.739497155841745e6,6.988536579695486,487001.0302520396,717.1692293709996,15.77280035986389,205.2551080780252,620.0,635.0,620.0,635.0,1.1210567722605374e6,3.4457007324908547e9,tumor_dominant
Tumor,2.0,6.533337553376234e-7,2325.5325642858106,3664.6161534305807,9.738860271909129e6,6.988508179441483,486969.24799217394,717.2159369641602,15.773824630505784,205.26849908391458,1145.0,1160.0,1145.0,1160.0,974459.0526582373,3.8830505558163426e6,tumor_dominant
Tumor,2.0,6.859002518299215e-7,2158.819379932294,3052.0953948872802,3203.1233315460563,3.505709224384434,660.1561184374556,207081.83427105294,849.8083233005365,116258.16181123212,NaN,NaN,10000.0,10000.0,863205.9022805478,2.873361604943704e6,intermediate
Tumor,2.0,7.200900789478258e-7,2000.1254810578735,2626.7530846494283,2665.15459018647,3.4258853272678254,633.2577090501085,210430.7022554047,741.865714926816,120011.04873832481,NaN,NaN,10000.0,10000.0,772628.0785542807,2.461242520248394e6,intermediate
Tumor,2.0,7.559841542785492e-7,1849.3332885766097,2302.3201024571226,2315.264025616321,3.364788062107561,615.7631735748968,212667.53153461075,665.415238203008,122584.72617177333,NaN,NaN,10000.0,10000.0,695804.9029368956,2.165017019197113e6,intermediate
Tumor,2.0,7.936674288796335e-7,1706.3075511091026,2040.0228544548474,2044.9600972046403,3.310897159320996,602.2479811461262,214428.39750855783,602.6949700725658,124649.84332026487,NaN,NaN,10000.0,10000.0,628927.360720312,1.927163714936712e6,intermediate
Tumor,2.0,8.33229088333924e-7,1570.8972227944319,1819.7529573966347,1821.7780162356778,3.260733782097645,591.0888846830244,215904.42459605334,548.353301763535,126408.13470545759,NaN,NaN,10000.0,10000.0,569675.8979173263,1.7263928265633474e6,intermediate
Tumor,2.0,8.747627638264501e-7,1442.9374301797932,1629.957338517403,1630.8285188722468,3.2126745188661143,581.5414159785312,217183.50770875847,499.93072295947127,127952.34700301383,NaN,NaN,10000.0,10000.0,516532.72793321195,1.5520657099160657e6,intermediate
Tumor,2.0,9.183667537427913e-7,1322.2511694383381,1463.4649313814598,1463.852475526489,3.165793889338003,573.1926105106016,218314.49213553866,456.0654386991139,129333.94327404033,NaN,NaN,10000.0,10000.0,468449.6110367055,1.397978424819924e6,intermediate
Tumor,2.0,9.641442563133607e-7,1208.6510762140097,1315.5468204469246,1315.7232615901123,3.1194945079964653,565.7861476743008,219327.7245377519,415.91688036403,130584.8088854628,NaN,NaN,10000.0,10000.0,424671.29101554194,1.2601482655574293e6,intermediate
Tumor,2.0,1.0122036138542432e-6,1101.9408707516448,1182.928524440107,1183.0103345408527,3.073355493108588,559.150520423189,220243.53278000836,378.927057151452,131726.22848705496,NaN,NaN,10000.0,10000.0,384634.5237654013,1.135842923554973e6,intermediate
Tumor,2.0,1.0626585691826105e-6,1001.91685155814,1063.2492986634268,1063.2877495311202,3.0270590632394088,553.1643790333233,221076.28508190133,344.70559680545074,132773.1765956071,NaN,NaN,10000.0,10000.0,347906.8841307263,1.0230931853384295e6,intermediate
Tumor,2.0,1.1156285348135952e-6,908.3690685870257,954.7480702467402,954.7662639911063,2.980351697014365,547.7383081134196,221836.5863886755,312.96785321447845,133736.65688384193,NaN,NaN,10000.0,10000.0,314147.87307184836,920423.8327738779,controlled
Tumor,2.0,1.1712388755757056e-6,821.0824939291307,856.0717345750518,856.0804380329137,2.933021582896931,542.8040193252451,222532.5355433376,283.4986717499835,134625.03650917084,NaN,NaN,10000.0,10000.0,283083.20617981494,826693.9911025432,controlled
Tumor,2.0,1.229621205313694e-6,739.8379279154234,766.1531066119193,766.1572315933505,2.884884383264871,538.3078544939591,223170.50154205065,256.1302634239256,135444.87165080366,NaN,NaN,10000.0,10000.0,254487.23740401067,740996.9756489076,controlled
Tumor,2.0,1.2909136983810517e-6,664.4128485053335,684.1303548841753,684.132359485921,2.8357744801661298,534.2066148396523,223755.6335688133,230.727519142493,136201.45778935545,NaN,NaN,10000.0,10000.0,228170.59782114747,662594.5848028577,controlled
Tumor,2.0,1.3552614166593774e-6,594.5820740023772,609.2921194531492,609.2930886923913,2.785538451785607,530.4646537113754,224292.18971901317,207.17832356925425,136899.176220751,NaN,NaN,10000.0,10000.0,203971.2878422786,590872.3692284857,controlled
Tumor,2.0,1.4228166528785383e-6,530.1183356058249,541.0391201110092,541.0396127605151,2.7340310263440357,527.0519819613929,224783.77880463627,185.38657431171487,137541.75873388024,NaN,NaN,10000.0,10000.0,181748.12357659926,525308.2479356148,controlled
Tumor,2.0,1.4937392910502137e-6,470.792741116319,478.85663620712154,478.8568598107412,2.681111707656319,523.9428417067495,225233.5230874159,165.26735129432873,138132.4599575658,NaN,NaN,10000.0,10000.0,161375.83204761217,465449.9310342688,controlled
Tumor,2.0,1.568197184867829e-6,416.3751457136621,422.2944010118407,422.294504598136,2.6266426303020345,521.1147231609671,225644.18387373857,146.74325601129382,138674.19538572073,NaN,NaN,10000.0,10000.0,142741.3281559842,410898.3395704914,controlled
Tumor,2.0,1.646366554968472e-6,366.6344829047539,370.9516852802539,370.95172268386534,2.570486574471647,518.5475799600758,226018.24765957,129.74183484645258,139169.6314859439,NaN,NaN,10000.0,10000.0,125740.86179501549,361295.214323793,controlled
Tumor,2.0,1.7284324059969565e-6,321.33902924760537,324.4660493944352,324.4660652558751,2.5125057135174096,516.2232989655168,226357.99658858593,114.19359543391943,139621.26304276212,NaN,NaN,10000.0,10000.0,110277.81664431938,316313.77290400123,controlled
Tumor,2.0,1.8145889644591558e-6,280.2566772862505,282.50482944302354,282.50483410149326,2.4525604685400526,514.1252400908407,226665.55652631389,100.0305947417736,140031.4623404084,NaN,NaN,10000.0,10000.0,96261.01184515524,275651.5827174684,controlled
Tumor,2.0,1.9050401384008434e-6,243.15520964748706,244.7586335712192,244.75863075489866,2.3905087786848798,512.2379274577698,226942.93656500717,87.18540672737029,140402.52098275837,NaN,NaN,10000.0,10000.0,83603.39842717463,239025.1324352257,controlled
Tumor,2.0,2.0000000000000003e-6,209.80260096746773,210.9364327950462,210.93643276282208,2.326205620173725,510.54682005997785,227192.05872724095,75.59042161966495,140736.6804694137,NaN,NaN,10000.0,10000.0,72221.07208239567,206165.70795573335,controlled
Tumor,5.0,3.000000000000001e-7,6221.279850784009,9.746110082768878e6,9.746112134521278e6,6.988831448437963,487331.1356422071,716.6844619916906,15.762163972913523,205.1161309947209,180.0,195.0,180.0,195.0,1.523257187723961e9,7.712038371163445e9,tumor_dominant
Tumor,5.0,3.14953993832204e-7,5918.599704811,9.74580204732534e6,9.745805328747911e6,6.988817776715724,487315.825211048,716.7069312196355,15.762657522945263,205.1225722040748,185.0,200.0,185.0,200.0,1.4752001260207984e9,7.663786474618095e9,tumor_dominant
Tumor,5.0,3.306533941028525e-7,5622.913395553803,9.74547766446814e6,9.745483219120955e6,6.988803422567832,487299.7510755285,716.7305227582139,15.763175118041685,205.1293356394175,190.0,205.0,190.0,205.0,1.4213260474609907e9,7.609707832085924e9,tumor_dominant
Tumor,5.0,3.471353568228903e-7,5334.564479458587,9.745134982786564e6,9.745145041708456e6,6.988788351881846,487282.87511324126,716.7552927857928,15.763718328873354,205.13643712823404,200.0,215.0,200.0,215.0,1.3605390254664314e9,7.548706019165341e9,tumor_dominant
Tumor,5.0,3.644388901057883e-7,5053.861160987673,9.744770239130644e6,9.744789994387787e6,6.988772528835121,487265.1572959435,716.7813003051226,15.764288784796989,205.1438933159908,205.0,220.0,205.0,220.0,1.2914379061289551e9,7.479379340864372e9,tumor_dominant
Tumor,5.0,3.8260494648864557e-7,4781.075345883093,9.744374401477655e6,9.744417234930545e6,6.98875591580855,487246.5555939878,716.8086072865881,15.764888001114887,205.1517218450114,215.0,230.0,215.0,230.0,1.2121971041032345e9,7.399901589240842e9,tumor_dominant
Tumor,5.0,4.0167651985518443e-7,4516.4420000216505,9.743920890616616e6,9.744025878990887e6,6.988738473295914,487227.0258759288,716.8372788188652,15.765517358452167,205.15994141676651,225.0,235.0,225.0,235.0,1.120388289419696e9,7.307843597340824e9,tumor_dominant
Tumor,5.0,4.2169874719003627e-7,4260.159063472112,9.743314531700207e6,9.743614997992255e6,6.988720159808585,487206.52180306386,716.8673832673612,15.766177258316018,205.1685725032426,235.0,250.0,235.0,250.0,1.0126977729506361e9,7.199890076093059e9,tumor_dominant
Tumor,5.0,4.427190154051293e-7,4012.387622690574,9.742132899965184e6,9.743183616907187e6,6.988700931775356,487184.9947186423,716.89899244087,15.76687067302011,205.17763458068018,245.0,260.0,245.0,260.0,8.844685443678777e8,7.071378877777691e9,tumor_dominant
Tumor,5.0,4.6478707349102155e-7,3773.2524843238525,9.737933616356393e6,9.742730711925182e6,6.9886807434371505,487162.3935314769,716.9321817668625,15.767599312507407,205.1871492291524,265.0,280.0,265.0,280.0,7.289238943676002e8,6.915506464672831e9,tumor_dominant
Tumor,5.0,4.879551502585967e-7,3542.843131328829,9.71064067538584e6,9.742255208002442e6,6.98865954673632,487138.6645936645,716.9670304759017,15.76836388654702,205.19713998324266,285.0,295.0,285.0,295.0,5.358858205394089e8,6.721878689868415e9,tumor_dominant
Tumor,5.0,5.122780779497939e-7,3321.2148841969943,9.39213112608314e6,9.741755976287425e6,6.988637291200254,487113.75157211686,717.0036217956712,15.769166827235257,205.2076302212752,310.0,325.0,310.0,325.0,2.914125619702354e8,6.473647099381512e9,tumor_dominant
Tumor,5.0,5.378134220099089e-7,3108.3904442776493,3.910458331742007e6,9.74123183141616e6,6.988613923819004,487087.59531358216,717.0420431551161,15.770010012804466,205.2186450399239,340.0,355.0,340.0,355.0,3.314091874787608e7,6.141257657019002e9,tumor_dominant
Tumor,5.0,5.646216173286177e-7,2904.361571995823,21943.617100375726,9.740681528670374e6,6.988589388916607,487060.1337028221,717.0823863992861,15.770895059908263,205.23021108420508,390.0,405.0,390.0,405.0,1.8884806557787785e6,5.666756947317057e9,tumor_dominant
Tumor,5.0,5.927661112721535e-7,2709.091004836061,7206.090815758167,9.7401037609913e6,6.988563628015758,487031.30151358974,717.1247480154316,15.771823945105941,205.24235612586588,470.0,485.0,470.0,485.0,1.3557591930523377e6,4.915335535090264e9,tumor_dominant
Tumor,5.0,6.223135138451644e-7,2522.5145150864273,4718.019232426515,9.739497155841734e6,6.988536579695485,487001.0302520396,717.1692293710003,15.772800518606765,205.2551079519743,615.0,630.0,615.0,630.0,1.1290710538236771e6,3.4622990679371357e9,tumor_dominant
Tumor,5.0,6.533337553376234e-7,2344.543037877717,3669.200513507047,9.73886027190907e6,6.988508179441481,486969.24799217394,717.2159369641604,15.77382530913737,205.26849851546316,1140.0,1155.0,1140.0,1155.0,980746.5209995945,3.89429840834545e6,tumor_dominant
Tumor,5.0,6.859002518299215e-7,2175.0649082186037,3053.7699947062347,3203.123302268107,3.5057092204160316,660.1561117705055,207081.8338604033,849.8083183238326,116258.16118073979,NaN,NaN,10000.0,10000.0,868484.3131321113,2.8788949213504577e6,intermediate
Tumor,5.0,7.200900789478258e-7,2013.9480598318123,2627.436127779827,2665.1546700873882,3.4258853402830223,633.2576992148921,210430.70219834868,741.8656900893819,120011.04877545887,NaN,NaN,10000.0,10000.0,777210.6119358124,2.4658915465139556e6,intermediate
Tumor,5.0,7.559841542785492e-7,1861.0422590620371,2302.6189392984684,2315.264020436803,3.3647880611364127,615.7631678325849,212667.5312484857,665.4152323607151,122584.72574138122,NaN,NaN,10000.0,10000.0,699859.1321560085,2.169093854594501e6,intermediate
Tumor,5.0,7.936674288796335e-7,1716.181257764527,2040.1599399546444,2044.9601252494917,3.3108971652740564,602.2479861653197,214428.397888872,602.6949703871468,124649.84393215015,NaN,NaN,10000.0,10000.0,632555.639152347,1.9308006887573034e6,intermediate
Tumor,5.0,8.33229088333924e-7,1579.1848543182252,1819.8179603684937,1821.7780251531287,3.260733784222314,591.088890218246,215904.42490653656,548.3533058117198,126408.13518666435,NaN,NaN,10000.0,10000.0,572946.8509222893,1.729667378847679e6,intermediate
Tumor,5.0,8.747627638264501e-7,1449.8608977770575,1629.9889132828355,1630.8285455260377,3.2126745259597485,581.5414212127135,217183.5081137686,499.93072250621924,127952.34766141018,NaN,NaN,10000.0,10000.0,519495.65416780947,1.5550301996741658e6,intermediate
Tumor,5.0,9.183667537427913e-7,1328.0070668371661,1463.4805351471534,1463.8523806544963,3.1657938612106764,573.1926084391823,218314.4914647784,456.0654582427877,129333.94208491693,NaN,NaN,10000.0,10000.0,471141.8475575145,1.4006713633547134e6,intermediate
Tumor,5.0,9.641442563133607e-7,1213.4126375411493,1315.5546315543436,1315.7232151432704,3.1194944926769153,565.7861470707635,219327.72421780543,415.91689094243065,130584.80831062488,NaN,NaN,10000.0,10000.0,427122.3115501223,1.2625996098096613e6,intermediate
Tumor,5.0,1.0122036138542432e-6,1105.859929924844,1182.9324713059823,1183.0103069657291,3.0733554829940446,559.1505090206572,220243.53202796963,378.92705425208624,131726.22727745157,NaN,NaN,10000.0,10000.0,386868.3778044189,1.1380769290043416e6,intermediate
Tumor,5.0,1.0626585691826105e-6,1005.125760498826,1063.2513054411872,1063.287696758165,3.0270590417048155,553.1643762788465,221076.28458615486,344.7056085412906,132773.1757254819,NaN,NaN,10000.0,10000.0,349943.72862303554,1.025130101909158e6,intermediate
Tumor,5.0,1.1156285348135952e-6,910.9825604683873,954.749095204342,954.7662688181302,2.980351699207736,547.7383067095237,221836.58634988795,312.9678507744907,133736.65683340008,NaN,NaN,10000.0,10000.0,316004.9773806283,922280.9720600357,controlled
Tumor,5.0,1.1712388755757056e-6,823.1994693786357,856.0722608643526,856.0804403390682,2.933021584065491,542.8040150212458,222532.53533486545,283.4986678895612,134625.03618881517,NaN,NaN,10000.0,10000.0,284775.6374740263,828386.4389800855,controlled
Tumor,5.0,1.229621205313694e-6,741.5431550834684,766.1533775420244,766.1572498536418,2.884884393602183,538.3078593916305,223170.5019386709,256.13026127618883,135444.87231211594,NaN,NaN,10000.0,10000.0,256028.34078459465,742538.0868249416,controlled
Tumor,5.0,1.2909136983810517e-6,665.7785578885312,684.1304919698791,684.1323584004455,2.835774479478064,534.2066124712825,223755.6334333487,230.72751791860094,136201.45757390725,NaN,NaN,10000.0,10000.0,229572.34339693628,663996.3346328388,controlled
Tumor,5.0,1.3552614166593774e-6,595.6694513128516,609.2921912100254,609.2931171710418,2.7855384720514773,530.4646621513941,224292.1904068859,207.1783193213632,136899.17737403314,NaN,NaN,10000.0,10000.0,205244.52555061196,592145.6090594063,controlled
Tumor,5.0,1.4228166528785383e-6,530.9788954162422,541.039156878287,541.0395945797661,2.7340310117772053,527.051979671846,224783.77852686387,185.38657932449593,137541.75824874506,NaN,NaN,10000.0,10000.0,182902.7745558037,526462.8999225415,controlled
Tumor,5.0,1.4937392910502137e-6,471.46959034036365,478.85665389384064,478.85685862774625,2.681111706585649,523.9428407639534,225233.52302480067,165.26735120444926,138132.45985503358,NaN,NaN,10000.0,10000.0,162421.0338948075,466495.13394098973,controlled
Tumor,5.0,1.568197184867829e-6,416.90412835892437,422.2944145207569,422.29450375479996,2.626642629436783,521.1147229348119,225644.18385346097,146.74325621614858,138674.19535110434,NaN,NaN,10000.0,10000.0,143685.5470385501,411842.55854471005,controlled
Tumor,5.0,1.646366554968472e-6,367.0452102424724,370.95169495461363,370.9517344516662,2.5704865882118466,518.5475847416797,226018.24804061974,129.74183246920148,139169.63212867916,NaN,NaN,10000.0,10000.0,126591.97905277481,362146.3317397973,controlled
Tumor,5.0,1.7284324059969565e-6,321.6558077513324,324.46605172897455,324.46606938528925,2.5125057190276054,516.2233010468204,226357.99674786816,114.19359465306582,139621.2633104993,NaN,NaN,10000.0,10000.0,111043.19695068986,317079.1532208009,controlled
Tumor,5.0,1.8145889644591558e-6,280.4993198583634,282.5048247431727,282.50482445918806,2.4525604537692285,514.1252342406744,226665.55609066712,100.03059648533248,140031.4616096605,NaN,NaN,10000.0,10000.0,96947.55649089308,276338.1273467292,controlled
Tumor,5.0,1.9050401384008434e-6,243.33975680089065,244.75863056575147,244.75863036266162,2.3905087779917347,512.2379271749721,226942.93654437747,87.18540679596941,140402.5209482036,NaN,NaN,10000.0,10000.0,84217.58730171542,239639.32138355242,controlled
Tumor,5.0,2.0000000000000003e-6,209.94194870322454,210.93643155091107,210.93642792940565,2.326205610269217,510.5468159437132,227192.05843184845,75.590422443398,140736.67997513514,NaN,NaN,10000.0,10000.0,72768.99694086003,206713.6328388065,controlled
Tumor,10.0,3.000000000000001e-7,6346.487981184576,9.746110334100842e6,9.74611213452128e6,6.988831448437963,487331.1356422071,716.6844619916906,15.762163871646875,205.116131076967,180.0,195.0,180.0,195.0,1.536650051554709e9,7.725431237686832e9,tumor_dominant
Tumor,10.0,3.14953993832204e-7,6031.864687539117,9.745802450851895e6,9.745805328747911e6,6.988817776715724,487315.825211048,716.7069312196357,15.762657518790585,205.12257220739596,185.0,200.0,185.0,200.0,1.4886490824679444e9,7.677235435388676e9,tumor_dominant
Tumor,10.0,3.306533941028525e-7,5725.049387969855,9.745478350343894e6,9.745483219120955e6,6.988803422567832,487299.7510755285,716.7305227582141,15.763175082042267,205.12933566845396,190.0,205.0,190.0,205.0,1.4348344688858337e9,7.623216260859769e9,tumor_dominant
Tumor,10.0,3.471353568228903e-7,5426.367335771413,9.745136230213353e6,9.745145041708475e6,6.988788351881847,487282.87511324126,716.7552927857926,15.763717839778899,205.13643752168244,195.0,210.0,195.0,210.0,1.374110470252701e9,7.562277477318351e9,tumor_dominant
Tumor,10.0,3.644388901057883e-7,5136.104631223447,9.74477270020001e6,9.744789994387776e6,6.98877252883512,487265.1572959435,716.7813003051228,15.764289095672096,205.14389306663813,205.0,220.0,205.0,220.0,1.3050758464507146e9,7.493017307559395e9,tumor_dominant
Tumor,10.0,3.8260494648864557e-7,4854.507790576604,9.744379763265809e6,9.744417234930543e6,6.98875591580855,487246.5555939878,716.8086072865881,15.764888081069708,205.15172178108799,210.0,225.0,210.0,225.0,1.2259059308744779e9,7.4136104734739895e9,tumor_dominant
Tumor,10.0,4.0167651985518443e-7,4581.783510756729,9.743934099539945e6,9.7440258789909e6,6.988738473295915,487227.0258759288,716.8372788188651,15.765517079954344,205.1599416390306,220.0,235.0,220.0,235.0,1.1341720722369218e9,7.32162752172809e9,tumor_dominant
Tumor,10.0,4.2169874719003627e-7,4318.098946028301,9.743352536737643e6,9.743614997992227e6,6.988720159808584,487206.52180306386,716.867383267362,15.76617789686713,205.16857199583464,230.0,245.0,230.0,245.0,1.0265609369585773e9,7.213753647464551e9,tumor_dominant
Tumor,10.0,4.427190154051293e-7,4063.5824000033253,9.742266550328419e6,9.743183616907151e6,6.988700931775355,487184.9947186423,716.8989924408706,15.76687141923358,205.17763398858662,245.0,260.0,245.0,260.0,8.984152653897529e8,7.085327031513362e9,tumor_dominant
Tumor,10.0,4.6478707349102155e-7,3818.324297290622,9.738547359412292e6,9.742730711925201e6,6.988680743437151,487162.3935314769,716.9321817668623,15.767598927949923,205.18714953205185,260.0,275.0,260.0,275.0,7.429555223420498e8,6.929544673453632e9,tumor_dominant
Tumor,10.0,4.879551502585967e-7,3582.378573344029,9.714706442262452e6,9.742255208002435e6,6.98865954673632,487138.6645936645,716.9670304759018,15.76836405829173,205.19713984794853,280.0,295.0,280.0,295.0,5.499760781287862e8,6.736012595882024e9,tumor_dominant
Tumor,10.0,5.122780779497939e-7,3355.7643092677604,9.436744113299863e6,9.741755976287419e6,6.988637291200254,487113.75157211686,717.0036217956716,15.7691669212463,205.20763014727774,305.0,320.0,305.0,320.0,3.0516226924934256e8,6.48788289442892e9,tumor_dominant
Tumor,10.0,5.378134220099089e-7,3138.467599268173,4.3899894950084835e6,9.741231831416167e6,6.988613923819004,487087.59531358216,717.0420431551162,15.770009891407172,205.21864513501174,340.0,355.0,340.0,355.0,3.924384489511303e7,6.155601948442948e9,tumor_dominant
Tumor,10.0,5.646216173286177e-7,2930.443705850676,23180.74557004597,9.740681528670397e6,6.9885893889166075,487060.1337028221,717.0823863992856,15.77089473898703,205.23021133546254,390.0,405.0,390.0,405.0,1.9221286339608878e6,5.681216832464934e9,tumor_dominant
Tumor,10.0,5.927661112721535e-7,2731.619224509982,7274.724400394607,9.740103760991253e6,6.988563628015756,487031.30151358974,717.124748015432,15.771824590138532,205.24235562006663,465.0,480.0,465.0,480.0,1.3665799087649425e6,4.929919129845641e9,tumor_dominant
Tumor,10.0,6.223135138451644e-7,2541.894551996794,4731.6043018921855,9.739497155841738e6,6.988536579695485,487001.0302520396,717.1692293709997,15.772800467983622,205.25510799218216,615.0,630.0,615.0,630.0,1.136187221205003e6,3.477014573484673e9,tumor_dominant
Tumor,10.0,6.533337553376234e-7,2361.1461952634286,3673.255302118392,9.73886027190907e6,6.988508179441481,486969.24799217394,717.2159369641612,15.773825300567571,205.26849852260716,1140.0,1155.0,1140.0,1155.0,986324.1480398793,3.9043258119087517e6,tumor_dominant
Tumor,10.0,6.859002518299215e-7,2189.229342695358,3055.2421444823526,3203.1232307221553,3.505709210718523,660.1561159327608,207081.8337265985,849.8083337037538,116258.16088591727,NaN,NaN,10000.0,10000.0,873168.7397906093,2.883803600047542e6,intermediate
Tumor,10.0,7.200900789478258e-7,2025.980172204236,2628.0340176593977,2665.154652103519,3.425885337353599,633.2576955412602,210430.7019513714,741.8656883372893,120011.04838818722,NaN,NaN,10000.0,10000.0,781281.2250438351,2.4700203734559286e6,intermediate
Tumor,10.0,7.559841542785492e-7,1871.2183257629067,2302.87962280775,2315.2639684017945,3.3647880513799615,615.7631620298042,212667.5307248206,665.415234571641,122584.72488729379,NaN,NaN,10000.0,10000.0,703464.7226158637,2.1727191684520016e6,intermediate
Tumor,10.0,7.936674288796335e-7,1724.7491085682752,2040.2791749592575,2044.9601455106592,3.31089716957488,602.2479811182928,214428.3977620452,602.6949609751614,124649.84377581404,NaN,NaN,10000.0,10000.0,635786.7935613776,1.9340394074439937e6,intermediate
Tumor,10.0,8.33229088333924e-7,1586.3657033470038,1819.8743887836276,1821.7780610144994,3.260733792766632,591.088894676345,215904.425314998,548.3533033042934,126408.13585984427,NaN,NaN,10000.0,10000.0,575864.1543274847,1.7325878054869662e6,intermediate
Tumor,10.0,8.747627638264501e-7,1455.8511761881216,1630.0162603576891,1630.8285697112349,3.2126745323963912,581.5414185506468,217183.5081253636,499.9307146567768,127952.3477204452,NaN,NaN,10000.0,10000.0,522142.5396226018,1.557678439700964e6,intermediate
Tumor,10.0,9.183667537427913e-7,1332.980313314194,1463.4940281330075,1463.8523905786894,3.1657938641529677,573.1926109933311,218314.49164901383,456.06545843061264,129333.94238295138,NaN,NaN,10000.0,10000.0,473551.1486030749,1.4030812717377828e6,intermediate
Tumor,10.0,9.641442563133607e-7,1217.5213615223788,1315.561376027571,1315.7232807992518,3.1194945143322106,565.7861550727363,219327.7250242688,415.9168824858096,130584.80966546852,NaN,NaN,10000.0,10000.0,429319.90341869707,1.2647974814467386e6,intermediate
Tumor,10.0,1.0122036138542432e-6,1109.2374545816713,1182.9358729389862,1183.010302795609,3.0733554814644464,559.1505098283318,220243.53204151485,378.92705600265816,131726.22729040374,NaN,NaN,10000.0,10000.0,388875.3401537796,1.1400840226131408e6,intermediate
Tumor,10.0,1.0626585691826105e-6,1007.8880127699374,1063.2530328331598,1063.2877058354402,3.0270590454088993,553.1643811359252,221076.28489482123,344.7056101251208,132773.17622062776,NaN,NaN,10000.0,10000.0,351777.70208382414,1.0269641370377872e6,intermediate
Tumor,10.0,1.1156285348135952e-6,913.2297941979602,954.7499765254756,954.7662414535462,2.980351686773432,547.7383005632173,221836.5858412761,312.9678535964806,133736.65598764794,NaN,NaN,10000.0,10000.0,317681.0543851691,923957.079150392,controlled
Tumor,10.0,1.1712388755757056e-6,825.0179044326509,856.0727104720977,856.0804231280889,2.9330215753444504,542.8040181624036,222532.53537452023,283.49867524006083,134625.03621433544,NaN,NaN,10000.0,10000.0,286306.967453152,829917.7835217662,controlled
Tumor,10.0,1.229621205313694e-6,743.0065288115004,766.1536090900171,766.1572568688773,2.8848843975735696,538.3078579411904,223170.50191452014,256.1302581136196,135444.8722897005,NaN,NaN,10000.0,10000.0,257426.55613297166,743936.3094919213,controlled
Tumor,10.0,1.2909136983810517e-6,666.9495684703604,684.13061255481,684.1323532582403,2.835774476218502,534.2066143519116,223755.63349416933,230.7275208119751,136201.45765775212,NaN,NaN,10000.0,10000.0,230847.8657383225,665271.8604389343,controlled
Tumor,10.0,1.3552614166593774e-6,596.6011030613198,609.2922510905765,609.293114503168,2.785538470152975,530.4646577749464,224292.1901478376,207.17831747364818,136899.17695896726,NaN,NaN,10000.0,10000.0,206406.79165323605,593307.8768026059,controlled
Tumor,10.0,1.4228166528785383e-6,531.7157293212317,541.0391888661532,541.0395951410345,2.7340310122269065,527.0519795120365,224783.7785227827,185.38657903380283,137541.75824368707,NaN,NaN,10000.0,10000.0,183960.4056145107,527520.5318369715,controlled
Tumor,10.0,1.4937392910502137e-6,472.0488091643065,478.8566705732736,478.8568577720519,2.6811117058112033,523.9428407022289,225233.52301395527,165.26735148325588,138132.45983557127,NaN,NaN,10000.0,10000.0,163381.96450368804,467456.06449768896,controlled
Tumor,10.0,1.568197184867829e-6,417.35661593857134,422.2944190850044,422.2945044431726,2.626642630143044,521.1147231194108,225644.18387001232,146.743256048934,138674.19537936003,NaN,NaN,10000.0,10000.0,144557.12440260925,412714.13623214426,controlled
Tumor,10.0,1.646366554968472e-6,367.3964377364137,370.9516940731747,370.9517246236147,2.5704865767365175,518.5475807482525,226018.24772238042,129.74183445459906,139169.63159188913,NaN,NaN,10000.0,10000.0,127381.04011818842,362935.39283648337,controlled
Tumor,10.0,1.7284324059969565e-6,321.92665073906824,324.4660594536888,324.4660688202902,2.5125057182736836,516.2233007620541,226357.99672607493,114.19359475990325,139621.2632738671,NaN,NaN,10000.0,10000.0,111756.12923894964,317792.0855546794,controlled
Tumor,10.0,1.8145889644591558e-6,280.7067740691258,282.5048341364332,282.5048339043782,2.4525604682380964,514.1252399712486,226665.55651740817,100.03059477741655,140031.46232547006,NaN,NaN,10000.0,10000.0,97590.34539956426,276980.91630492994,controlled
Tumor,10.0,1.9050401384008434e-6,243.4975629123868,244.75863823812452,244.75863451122405,2.3905087853229023,512.2379301661182,226942.93676257547,87.18540607041044,140402.52131368656,NaN,NaN,10000.0,10000.0,84795.85386984519,240217.58794282895,controlled
Tumor,10.0,2.0000000000000003e-6,210.0611404188135,210.93643847529023,210.9364316292167,2.3262056178507713,510.54681909457446,227192.05865796143,75.5904218128581,140736.6803534886,NaN,NaN,10000.0,10000.0,73288.02774325598,207232.66360274836,controlled
MDSC,0.1,3.000000000000001e-7,5286.336708696695,9.746106000082685e6,9.746112134521272e6,6.988831448437963,487331.1356422071,716.6844619916911,15.762164121097658,205.1161308746783,195.0,210.0,195.0,210.0,1.411014833615037e9,7.599795973314703e9,tumor_dominant
MDSC,0.1,3.14953993832204e-7,5059.733178419674,9.7457954131181e6,9.745805328747919e6,6.988817776715725,487315.825211048,716.7069312196353,15.762657233109948,205.12257243876493,200.0,215.0,200.0,215.0,1.3618669942354102e9,7.550453271753093e9,tumor_dominant
MDSC,0.1,3.306533941028525e-7,4836.031474742525,9.745466244625336e6,9.745483219120957e6,6.988803422567832,487299.7510755285,716.7305227582139,15.763175030194107,205.12933571061436,205.0,220.0,205.0,220.0,1.3068372794566045e9,7.495218941720584e9,tumor_dominant
MDSC,0.1,3.471353568228903e-7,4615.581437421774,9.745113934163488e6,9.745145041708456e6,6.988788351881846,487282.87511324126,716.7552927857932,15.763718391981145,205.13643707780636,210.0,225.0,210.0,225.0,1.2448255679759412e9,7.432992336129245e9,tumor_dominant
MDSC,0.1,3.644388901057883e-7,4398.719574012518,9.74472812390552e6,9.744789994387778e6,6.98877252883512,487265.1572959435,716.7813003051231,15.76428904054104,205.14389311120297,215.0,230.0,215.0,230.0,1.1744256512196784e9,7.362366634640558e9,tumor_dominant
MDSC,0.1,3.8260494648864557e-7,4185.767130980061,9.744281277238537e6,9.744417234930549e6,6.98875591580855,487246.5555939878,716.8086072865884,15.764887956313341,205.1517218812841,225.0,240.0,225.0,240.0,1.0938074471019557e9,7.281510934230613e9,tumor_dominant
MDSC,0.1,4.0167651985518443e-7,3977.0283055842256,9.743687862950044e6,9.744025878990911e6,6.988738473295915,487227.0258759288,716.8372788188648,15.765516783088538,205.15994187699314,235.0,250.0,235.0,250.0,1.0005373818898122e9,7.187990192263847e9,tumor_dominant
MDSC,0.1,4.2169874719003627e-7,3772.7886434813076,9.742632925175559e6,9.743614997992257e6,6.988720159808585,487206.52180306386,716.8673832673618,15.766177253169028,205.16857250807266,245.0,260.0,245.0,260.0,8.912984791261622e8,7.078483476240806e9,tumor_dominant
MDSC,0.1,4.427190154051293e-7,3573.313654170709,9.739694068053978e6,9.743183616907155e6,6.988700931775355,487184.9947186423,716.8989924408709,15.766871337634175,205.1776340535893,260.0,275.0,260.0,275.0,7.614375522671894e8,6.948321740283486e9,tumor_dominant
MDSC,0.1,4.6478707349102155e-7,3378.8476522230085,9.726531670515096e6,9.742730711925166e6,6.98868074343715,487162.3935314769,716.9321817668631,15.76759960775002,205.18714899668748,275.0,290.0,275.0,290.0,6.042347709390093e8,6.790695052138697e9,tumor_dominant
MDSC,0.1,4.879551502585967e-7,3189.6127620361576,9.633892706057275e6,9.742255208002428e6,6.9886595467363195,487138.6645936645,716.9670304759021,15.768364192332358,205.19713974261026,295.0,310.0,295.0,310.0,4.1003378899403703e8,6.595201150381372e9,tumor_dominant
MDSC,0.1,5.122780779497939e-7,3005.8082019602725,8.570128530497044e6,9.74175597628742e6,6.988637291200254,487113.75157211686,717.0036217956708,15.769166895704766,205.2076301676814,320.0,335.0,320.0,335.0,1.719183454155339e8,6.34498351917796e9,tumor_dominant
MDSC,0.1,5.378134220099089e-7,2827.609836883837,596655.6820998346,9.74123183141616e6,6.988613923819004,487087.59531358216,717.0420431551166,15.770009986961698,205.2186450603562,355.0,370.0,355.0,370.0,5.985918994710932e6,6.010479012207351e9,tumor_dominant
MDSC,0.1,5.646216173286177e-7,2655.1698466643275,14872.65616233044,9.740681528670378e6,6.9885893889166075,487060.1337028221,717.0823863992857,15.770895020359252,205.23021111553143,405.0,420.0,405.0,420.0,1.6506667645181846e6,5.533724467167201e9,tumor_dominant
MDSC,0.1,5.927661112721535e-7,2488.616690452394,6651.345839342151,9.74010376099126e6,6.988563628015756,487031.30151358974,717.1247480154325,15.771824477408417,205.24235570885585,480.0,495.0,480.0,495.0,1.2671818171955482e6,4.779900156433369e9,tumor_dominant
MDSC,0.1,6.223135138451644e-7,2328.0553284117145,4595.0764670005055,9.73949715584176e6,6.988536579695486,487001.0302520396,717.1692293709998,15.77280017443529,205.25510822535878,630.0,645.0,630.0,645.0,1.0706216445120343e6,3.3242996683165894e9,tumor_dominant
MDSC,0.1,6.533337553376234e-7,2173.567493792109,3630.0543469017844,9.738860271909121e6,6.988508179441483,486969.24799217394,717.2159369641608,15.773824714744855,205.26849901417128,1155.0,1170.0,1155.0,1170.0,935413.1841579102,3.8088142220013854e6,tumor_dominant
MDSC,0.1,6.859002518299215e-7,2025.212235806568,3038.8541198090684,3203.1232390958776,3.5057092118535174,660.1561000493779,207081.8330876191,849.8083111728548,116258.15998260213,NaN,NaN,10000.0,10000.0,830833.405905843,2.8389805109280786e6,intermediate
MDSC,0.1,7.200900789478258e-7,1883.0266664153473,2621.1223967295214,2665.154706897638,3.4258853462791063,633.2576944945033,210430.70216370892,741.8656784106739,120011.04878038474,NaN,NaN,10000.0,10000.0,744817.1706733119,2.4328839633895606e6,intermediate
MDSC,0.1,7.559841542785492e-7,1747.0266811356564,2299.758638450183,2315.2640592325333,3.3647880684105282,615.7631795827227,212667.53197526615,665.415239426359,122584.72687460651,NaN,NaN,10000.0,10000.0,671413.9685659994,2.1404323702366385e6,intermediate
MDSC,0.1,7.936674288796335e-7,1617.2079038562433,2038.8023748573983,2044.9600944138363,3.310897158728594,602.247986041968,214428.39772052495,602.6949760375924,124649.8436316168,NaN,NaN,10000.0,10000.0,607258.0746118643,1.9054170182318422e6,intermediate
MDSC,0.1,8.33229088333924e-7,1493.5467486976288,1819.151798202557,1821.778023039777,3.2607337837187873,591.0888815168764,215904.42448420665,548.3532970537436,126408.13454876367,NaN,NaN,10000.0,10000.0,550261.9284293322,1.7069455786971496e6,intermediate
MDSC,0.1,8.747627638264501e-7,1376.0013869222596,1629.6539226128689,1630.8285136092245,3.2126745174654148,581.5414090989036,217183.5073480513,499.93071718183336,127952.34644833475,NaN,NaN,10000.0,10000.0,499041.60009820876,1.5345595580385923e6,intermediate
MDSC,0.1,9.183667537427913e-7,1264.5128942287465,1463.308964559078,1463.8523879126033,3.1657938633625355,573.1926168437618,218314.49191850898,456.06546462246007,129333.9427884727,NaN,NaN,10000.0,10000.0,452631.9939332433,1.382153785202785e6,intermediate
MDSC,0.1,9.641442563133607e-7,1159.006396204574,1315.4655203089665,1315.7233221202487,3.1194945279611033,565.7861578051876,219327.72541768797,415.9168750699852,130584.81034341107,NaN,NaN,10000.0,10000.0,410332.56687156006,1.2458061726167118e6,intermediate
MDSC,0.1,1.0122036138542432e-6,1059.3920945190248,1182.8856896057412,1183.010238945176,3.0733554580441336,559.1505032851262,220243.5312984109,378.9270664579383,131726.22602588218,NaN,NaN,10000.0,10000.0,371617.7855919244,1.1228245371212994e6,intermediate
MDSC,0.1,1.0626585691826105e-6,965.5664315312068,1063.226542472848,1063.2876918846412,3.0270590397161197,553.1643818714658,221076.28483836507,344.7056144305412,132773.1761059695,NaN,NaN,10000.0,10000.0,336082.2214182885,1.0112677040529889e6,intermediate
MDSC,0.1,1.1156285348135952e-6,877.413122595165,954.735903070664,954.7662809533664,2.980351704721915,547.7383077887733,221836.58649040482,312.9678482378474,133736.65707636136,NaN,NaN,10000.0,10000.0,303405.3204169855,909680.8684764629,controlled
MDSC,0.1,1.1712388755757056e-6,794.8041228726943,856.065197146263,856.0804145452,2.933021570995382,542.8040180002906,222532.5353038573,283.498677625704,134625.03608597483,NaN,NaN,10000.0,10000.0,273327.93067762186,816938.5060681887,controlled
MDSC,0.1,1.229621205313694e-6,717.6006535921299,766.1495794975207,766.1572666404695,2.884884403105354,538.307859503851,223170.50207069982,256.1302562219709,135444.87255577985,NaN,NaN,10000.0,10000.0,245636.15304120752,732145.7844211188,controlled
MDSC,0.1,1.2909136983810517e-6,645.6540313189984,684.128442688964,684.1323625352846,2.835774482099073,534.2066165936061,223755.63368661806,230.72751933022514,136201.4579815359,NaN,NaN,10000.0,10000.0,220149.91903947142,654573.8512907824,controlled
MDSC,0.1,1.3552614166593774e-6,578.8065212377528,609.2910821814044,609.293095939184,2.7855384569425428,530.4646566445806,224292.189936684,207.17832298026943,136899.1765814791,NaN,NaN,10000.0,10000.0,196714.72415789522,583615.7767186442,controlled
MDSC,0.1,1.4228166528785383e-6,516.8921404019999,541.0385545826639,541.0396026415484,2.734031018236489,527.0519826275996,224783.7787565839,185.3865782464952,137541.75863252927,NaN,NaN,10000.0,10000.0,175195.52265341053,518755.63196764013,controlled
MDSC,0.1,1.4937392910502137e-6,459.7373265850122,478.8563261539348,478.8568613957826,2.6811117090908607,523.9428419423609,225233.5231142412,165.26735084508647,138132.4600043145,NaN,NaN,10000.0,10000.0,155472.14315219846,459546.23492856097,controlled
MDSC,0.1,1.568197184867829e-6,407.16165831732064,422.2942324584193,422.29450693104855,2.6266426326955714,521.1147237865623,225644.18392983053,146.74325544460868,138674.19548147824,NaN,NaN,10000.0,10000.0,137435.80191394562,405592.8091145917,controlled
MDSC,0.1,1.646366554968472e-6,358.97849093058227,370.95159283264263,370.9517211528357,2.570486572684002,518.5475793379704,226018.24760999388,129.7418351557414,139169.6314023214,NaN,NaN,10000.0,10000.0,120986.42593684078,356540.7763725314,controlled
MDSC,0.1,1.7284324059969565e-6,314.9955781011132,324.46599704001375,324.4660585202527,2.512505704529549,516.2232955706176,226357.9963287743,114.1935967076017,139621.26260604552,NaN,NaN,10000.0,10000.0,106030.58695760224,312066.5420622031,controlled
MDSC,0.1,1.8145889644591558e-6,275.0157025643033,282.5047956248836,282.50482424669286,2.452560453443712,514.125234111751,226665.55608106678,100.03059652375603,140031.46159355686,NaN,NaN,10000.0,10000.0,92479.9073166852,271870.4775337676,controlled
MDSC,0.1,1.9050401384008434e-6,238.83731637444723,244.7586144969703,244.75862623543918,2.3905087706982777,512.2379241992072,226942.93632730132,87.18540751779634,140402.52058460008,NaN,NaN,10000.0,10000.0,80249.83843732621,235671.57213108905,controlled
MDSC,0.1,2.0000000000000003e-6,206.25521373545294,210.93642245715967,210.9364323530686,2.326205619334069,510.5468197110257,227192.0587021993,75.59042168949607,140736.6804275117,NaN,NaN,10000.0,10000.0,69258.73984725046,203203.37553459156,controlled
MDSC,0.2,3.000000000000001e-7,5353.633990218229,9.746106506616732e6,9.746112134521266e6,6.988831448437963,487331.1356422071,716.6844619916913,15.762164371688066,205.1161306704788,190.0,205.0,190.0,205.0,1.41984704117711e9,7.608628186303533e9,tumor_dominant
MDSC,0.2,3.14953993832204e-7,5122.034773999797,9.745796239229333e6,9.745805328747913e6,6.988817776715724,487315.825211048,716.7069312196357,15.762657414685135,205.12257229182933,195.0,210.0,195.0,210.0,1.3707823515378566e9,7.559368637906575e9,tumor_dominant
MDSC,0.2,3.306533941028525e-7,4893.5624094260675,9.745467672081517e6,9.745483219120974e6,6.988803422567832,487299.7510755285,716.7305227582129,15.763174522035763,205.12933612157642,205.0,215.0,205.0,215.0,1.3158401519326894e9,7.504221829491509e9,tumor_dominant
MDSC,0.2,3.471353568228903e-7,4668.570300121346,9.74511657565542e6,9.74514504170845e6,6.988788351881845,487282.87511324126,716.7552927857937,15.763718589809796,205.13643691839548,210.0,225.0,210.0,225.0,1.2539205027584312e9,7.442087299216525e9,tumor_dominant
MDSC,0.2,3.644388901057883e-7,4447.397196028061,9.744733431029154e6,9.744789994387789e6,6.988772528835121,487265.1572959435,716.7813003051231,15.764288741064302,205.14389335154962,215.0,230.0,215.0,230.0,1.1836177303777652e9,7.371558770670809e9,tumor_dominant
MDSC,0.2,3.8260494648864557e-7,4230.365284053882,9.744293062825631e6,9.744417234930554e6,6.988755915808551,487246.5555939878,716.8086072865876,15.764887793662295,205.1517220112337,225.0,240.0,225.0,240.0,1.1031015227992127e9,7.290805136233807e9,tumor_dominant
MDSC,0.2,4.0167651985518443e-7,4017.7784170625487,9.743717486639624e6,9.744025878990917e6,6.988738473295916,487227.0258759288,716.8372788188649,15.765516650861702,205.15994198267114,235.0,250.0,235.0,250.0,1.0099388581411252e9,7.197391986017671e9,tumor_dominant
MDSC,0.2,4.2169874719003627e-7,3809.920548346622,9.742719977766208e6,9.743614997992242e6,6.988720159808585,487206.52180306386,716.867383267362,15.766177588202195,205.16857224147665,245.0,260.0,245.0,260.0,9.00812633909541e8,7.087998564138232e9,tumor_dominant
MDSC,0.2,4.427190154051293e-7,3607.0544187043665,9.74000703876789e6,9.743183616907181e6,6.988700931775356,487184.9947186423,716.8989924408702,15.766870802806814,205.17763447837638,260.0,275.0,260.0,275.0,7.710685008069372e8,6.957956044166948e9,tumor_dominant
MDSC,0.2,4.6478707349102155e-7,3409.420440081549,9.728001701584017e6,9.742730711925194e6,6.988680743437151,487162.3935314769,716.9321817668624,15.767599052443451,205.18714943463226,275.0,290.0,275.0,290.0,6.139787569603386e8,6.8004548081848755e9,tumor_dominant
MDSC,0.2,4.879551502585967e-7,3217.2357784716864,9.643811127334375e6,9.742255208002444e6,6.98865954673632,487138.6645936645,716.9670304759019,15.768363911606121,205.19713996392733,295.0,310.0,295.0,310.0,4.198187382537902e8,6.605092953668137e9,tumor_dominant
MDSC,0.2,5.122780779497939e-7,3030.6937949433177,8.672963931013275e6,9.741755976287456e6,6.988637291200256,487113.7515721168,717.0036217956709,15.769166271345856,205.20763065978136,320.0,335.0,320.0,335.0,1.8077858702569845e8,6.355014295385546e9,tumor_dominant
MDSC,0.2,5.378134220099089e-7,2849.9635798128256,722255.9733615591,9.74123183141616e6,6.988613923819004,487087.59531358216,717.0420431551163,15.770009993536343,205.21864505519997,355.0,370.0,355.0,370.0,6.719187030607218e6,6.020655864892245e9,tumor_dominant
MDSC,0.2,5.646216173286177e-7,2675.1898101913753,15239.722776965216,9.740681528670372e6,6.988589388916607,487060.1337028221,717.0823863992856,15.770895089136584,205.23021106156182,405.0,420.0,405.0,420.0,1.6660905908709455e6,5.544054993929526e9,tumor_dominant
MDSC,0.2,5.927661112721535e-7,2506.4928608052182,6689.698562430593,9.740103760991279e6,6.988563628015757,487031.30151358974,717.124748015432,15.771824226001621,205.24235590634788,480.0,495.0,480.0,495.0,1.2737986301184925e6,4.7903922694037e9,tumor_dominant
MDSC,0.2,6.223135138451644e-7,2343.968967768575,4604.309160204769,9.73949715584176e6,6.988536579695486,487001.0302520396,717.1692293709991,15.772800182377296,205.25510821950775,630.0,645.0,630.0,645.0,1.0751008239088727e6,3.334961408550267e9,tumor_dominant
MDSC,0.2,6.533337553376234e-7,2187.690822667834,3633.118821506982,9.738860271909071e6,6.988508179441481,486969.24799217394,717.2159369641612,15.773825293353458,205.26849852887207,1155.0,1170.0,1155.0,1170.0,938913.6210617161,3.8152885828060354e6,tumor_dominant
MDSC,0.2,6.859002518299215e-7,2037.708101794835,3040.053914304766,3203.1232347302293,3.505709211261787,660.156102062866,207081.83315426923,849.8083144804563,116258.1600717899,NaN,NaN,10000.0,10000.0,833748.3628367245,2.842076961252469e6,intermediate
MDSC,0.2,7.200900789478258e-7,1894.0482960152804,2621.6408059579862,2665.1546920812725,3.4258853438656436,633.2576917419669,210430.70197232385,741.865677309036,120011.04847895786,NaN,NaN,10000.0,10000.0,747327.3151503123,2.435444492136665e6,intermediate
MDSC,0.2,7.559841542785492e-7,1756.7176575381402,2299.997516649225,2315.264129870148,3.364788081654927,615.7631726718515,212667.53201613427,665.4152190664297,122584.72704511795,NaN,NaN,10000.0,10000.0,673618.4449057478,2.14265490852785e6,intermediate
MDSC,0.2,7.936674288796335e-7,1625.7021111041838,2038.917444859838,2044.9601127393016,3.3108971626185273,602.24798926378,214428.3979663544,602.6949761787976,124649.84402744801,NaN,NaN,10000.0,10000.0,609218.1221670636,1.907384364626109e6,intermediate
MDSC,0.2,8.33229088333924e-7,1500.9684804565816,1819.2090484784333,1821.777962745871,3.2607337693531813,591.0888804645404,215904.42410153945,548.3533080691266,126408.13387370616,NaN,NaN,10000.0,10000.0,552018.7199768524,1.7087055390824405e6,intermediate
MDSC,0.2,8.747627638264501e-7,1382.4655042416423,1629.6830766526082,1630.8284420690977,3.2126744984257405,581.5414128049642,217183.50711358848,499.9307362170987,127952.34597091614,NaN,NaN,10000.0,10000.0,500624.6370520688,1.5361440379667485e6,intermediate
MDSC,0.2,9.183667537427913e-7,1270.1250753507672,1463.3240734385452,1463.8523780107946,3.1657938604268807,573.19260906088,218314.491479244,456.065459436189,129333.94210225518,NaN,NaN,10000.0,10000.0,454063.48726516904,1.383585959511559e6,intermediate
MDSC,0.2,9.641442563133607e-7,1163.8634203750262,1315.4734605778526,1315.7233086707677,3.119494523525065,565.7861480122662,219327.7248484992,415.9168693924133,130584.80944737786,NaN,NaN,10000.0,10000.0,411629.90943937626,1.24710384431787e6,intermediate
MDSC,0.2,1.0122036138542432e-6,1063.5821924536745,1182.8899074272124,1183.0102974178194,3.0733554794918754,559.1505096708843,220243.5319987146,378.92705722355976,131726.22721435284,NaN,NaN,10000.0,10000.0,372795.039350713,1.1240019534039209e6,intermediate
MDSC,0.2,1.0626585691826105e-6,969.1697066717804,1063.2288005718585,1063.2877603154038,3.027059067640056,553.164389646083,221076.2856953971,344.7056026669769,132773.17756551554,NaN,NaN,10000.0,10000.0,337151.05898758996,1.012336622887986e6,intermediate
MDSC,0.2,1.1156285348135952e-6,880.5019334949956,954.7371183317285,954.766275152553,2.9803517020860597,547.7383114627941,221836.58663963794,312.96785272102,133736.65729639833,NaN,NaN,10000.0,10000.0,304375.6457361627,910651.2341328743,controlled
MDSC,0.2,1.1712388755757056e-6,797.4435777017,856.0658526359433,856.0804449668605,2.933021586410457,542.8040243827435,222532.5358581724,283.49867347091856,134625.03701496724,NaN,NaN,10000.0,10000.0,274208.30508183595,817818.9019322424,controlled
MDSC,0.2,1.229621205313694e-6,719.8490579897598,766.1499361542137,766.1572350561044,2.8848843852251664,538.3078513019963,223170.50139895306,256.1302601259852,135444.871434286,NaN,NaN,10000.0,10000.0,246434.094227531,732943.7365038602,controlled
MDSC,0.2,1.2909136983810517e-6,647.5633560543539,684.1286393667624,684.1323832602752,2.8357744952363135,534.2066189124821,223755.63397233532,230.7275142359709,136201.45847815287,NaN,NaN,10000.0,10000.0,220872.11832351497,655296.0558943882,controlled
MDSC,0.2,1.3552614166593774e-6,580.4229180837375,609.2911875454752,609.2930822204164,2.7855384471800444,530.4646526356212,224292.18960840377,207.1783250620901,136899.17603078156,NaN,NaN,10000.0,10000.0,197367.20698478288,584268.2623686374,controlled
MDSC,0.2,1.4228166528785383e-6,518.2563722031222,541.0386136129907,541.0396146199901,2.7340310278338893,527.0519848629689,224783.77897950646,185.38657537265303,137541.7590153412,NaN,NaN,10000.0,10000.0,175783.76872484235,519343.879433454,controlled
MDSC,0.2,1.4937392910502137e-6,460.885261179247,478.85635720423284,478.85686334642253,2.6811117108562876,523.9428415482716,225233.5231092633,165.26734991302132,138132.46000151546,NaN,NaN,10000.0,10000.0,156001.17848939984,460075.27088414814,controlled
MDSC,0.2,1.568197184867829e-6,408.12471680600896,422.29424924466605,422.294501804447,2.626642627435747,521.1147224118009,225644.18380656705,146.74325668990025,138674.19527104936,NaN,NaN,10000.0,10000.0,137910.26997433972,406067.2776436023,controlled
MDSC,0.2,1.646366554968472e-6,359.7840701053761,370.9516018001122,370.9517352573981,2.570486589152627,518.5475850690719,226018.24806670993,129.7418323064335,139169.63217268672,NaN,NaN,10000.0,10000.0,121410.64268563982,356964.9932328274,controlled
MDSC,0.2,1.7284324059969565e-6,315.6674662172624,324.4660018250883,324.46607088127695,2.512505721023817,516.2233018008342,226357.99680557274,114.19359437017853,139621.26340749476,NaN,NaN,10000.0,10000.0,106408.58401700901,312444.53916886594,controlled
MDSC,0.2,1.8145889644591558e-6,275.57446606912237,282.50479828213025,282.50483371302425,2.452560467944966,514.1252398551467,226665.55650876238,100.0305948120186,140031.46231096773,NaN,NaN,10000.0,10000.0,92815.46579549465,272206.0361173875,controlled
MDSC,0.2,1.9050401384008434e-6,239.30066121855006,244.75861617432895,244.75863433528826,2.390508785011996,512.2379300392638,226942.9367533218,87.18540610118113,140402.5212981866,NaN,NaN,10000.0,10000.0,80546.51517954771,235968.24892275565,controlled
MDSC,0.2,2.0000000000000003e-6,206.63832081699454,210.93642364738372,210.93642891733742,2.3262056122936605,510.5468167850705,227192.05849222612,75.59042227502808,140736.68007616478,NaN,NaN,10000.0,10000.0,69519.88773426905,203464.5234429654,controlled
MDSC,0.5,3.000000000000001e-7,5570.618287127075,9.746107838017004e6,9.746112134521263e6,6.988831448437962,487331.1356422071,716.6844619916911,15.762164519375613,205.11613055013987,190.0,205.0,190.0,205.0,1.4475104849790187e9,7.636291644369371e9,tumor_dominant
MDSC,0.5,3.14953993832204e-7,5322.576747976603,9.745798408916188e6,9.745805328747928e6,6.988817776715725,487315.825211048,716.7069312196357,15.76265690770212,205.12257270199996,195.0,210.0,195.0,210.0,1.3987331173003364e9,7.587319426915342e9,tumor_dominant
MDSC,0.5,3.306533941028525e-7,5078.435452375557,9.745471418075232e6,9.745483219120977e6,6.988803422567833,487299.7510755285,716.7305227582129,15.763174386167275,205.1293362311207,200.0,215.0,200.0,215.0,1.3440943815448475e9,7.532476099241119e9,tumor_dominant
MDSC,0.5,3.471353568228903e-7,4838.556664083686,9.745123501668386e6,9.745145041708473e6,6.988788351881846,487282.87511324126,716.7552927857934,15.763717899454827,205.13643747432005,205.0,220.0,205.0,220.0,1.2824952055394166e9,7.470662076212926e9,tumor_dominant
MDSC,0.5,3.644388901057883e-7,4603.283575427744,9.744747333997652e6,9.744789994387792e6,6.988772528835121,487265.1572959435,716.7813003051226,15.764288651362474,205.1438934233915,215.0,230.0,215.0,230.0,1.212530535030169e9,7.400471724310056e9,tumor_dominant
MDSC,0.5,3.8260494648864557e-7,4372.9383997234945,9.744323908721954e6,9.744417234930532e6,6.988755915808549,487246.5555939878,716.8086072865885,15.76488833331408,205.15172157982198,220.0,235.0,220.0,235.0,1.1323718912525501e9,7.320075835261694e9,tumor_dominant
MDSC,0.5,4.0167651985518443e-7,4147.820747031512,9.743794944789836e6,9.744025878990917e6,6.988738473295916,487227.02587592887,716.8372788188647,15.765516674810206,205.15994196307193,230.0,245.0,230.0,245.0,1.0395865371196856e9,7.227040495179888e9,tumor_dominant
MDSC,0.5,4.2169874719003627e-7,3928.2062637987806,9.742947370760633e6,9.74361499799223e6,6.988720159808584,487206.52180306386,716.8673832673622,15.766177833434945,205.1685720463832,240.0,255.0,240.0,255.0,9.308578058460922e8,7.118046173477088e9,tumor_dominant
MDSC,0.5,4.427190154051293e-7,3714.345501753371,9.740823736103283e6,9.743183616907164e6,6.988700931775355,487184.9947186423,716.8989924408705,15.766871135986026,205.17763421363733,255.0,270.0,255.0,270.0,8.015294495556822e8,6.988425748472731e9,tumor_dominant
MDSC,0.5,4.6478707349102155e-7,3506.4630401567647,9.731834344047984e6,9.742730711925168e6,6.9886807434371505,487162.3935314769,716.9321817668621,15.76759956463769,205.18714903063795,270.0,285.0,270.0,285.0,6.448533775632612e8,6.831370539224374e9,tumor_dominant
MDSC,0.5,4.879551502585967e-7,3304.756965814838,9.66968103345649e6,9.742255208002428e6,6.9886595467363195,487138.6645936645,716.9670304759021,15.768364204529792,205.19713973293887,290.0,305.0,290.0,305.0,4.5092759247088736e8,6.636480271786432e9,tumor_dominant
MDSC,0.5,5.122780779497939e-7,3109.3985088427194,8.946390757595804e6,9.74175597628744e6,6.988637291200255,487113.7515721168,717.003621795671,15.769166576023581,205.2076304195027,315.0,330.0,315.0,330.0,2.0958576092795336e8,6.38690014694763e9,tumor_dominant
MDSC,0.5,5.378134220099089e-7,2920.5320214802196,1.29138956585637e6,9.741231831416167e6,6.988613923819004,487087.59531358216,717.0420431551161,15.770009895601781,205.2186451319223,350.0,365.0,350.0,365.0,1.0162310743300414e7,6.0530690421508465e9,tumor_dominant
MDSC,0.5,5.646216173286177e-7,2738.275210429843,16564.65195485909,9.740681528670376e6,6.988589388916607,487060.1337028221,717.0823863992858,15.770895051364937,205.23021109108896,400.0,415.0,400.0,415.0,1.717896025841387e6,5.577025694666746e9,tumor_dominant
MDSC,0.5,5.927661112721535e-7,2562.7194953101953,6817.116011113366,9.740103760991264e6,6.988563628015756,487031.30151358974,717.124748015432,15.77182442088243,205.2423557531535,480.0,490.0,480.0,490.0,1.2950036459899475e6,4.82395232691658e9,tumor_dominant
MDSC,0.5,6.223135138451644e-7,2393.930781378243,4634.195598275402,9.739497155841738e6,6.988536579695485,487001.0302520396,717.1692293709997,15.772800456365138,205.2551080016287,625.0,640.0,625.0,640.0,1.0892877908545695e6,3.369144872184871e9,tumor_dominant
MDSC,0.5,6.533337553376234e-7,2231.9501492142977,3642.9115124570644,9.73886027190907e6,6.988508179441481,486969.247992174,717.215936964161,15.773825308024293,205.26849851659145,1150.0,1165.0,1150.0,1165.0,949946.5388245375,3.8360074348194483e6,tumor_dominant
MDSC,0.5,6.859002518299215e-7,2076.7950165303687,3043.8570674809107,3203.1233449558536,3.50570922620203,660.1561112337696,207081.83402300588,849.8083117686409,116258.16147521869,NaN,NaN,10000.0,10000.0,842912.1350614165,2.8518167004918004e6,intermediate
MDSC,0.5,7.200900789478258e-7,1928.4601107438884,2623.2745671867156,2665.154653197103,3.4258853375317346,633.2576983493192,210430.70208045735,741.8656916673219,120011.04857809028,NaN,NaN,10000.0,10000.0,755206.1218007731,2.4434821344371345e6,intermediate
MDSC,0.5,7.559841542785492e-7,1786.9188701710873,2300.746974367974,2315.2640218336687,3.364788061398322,615.7631767691479,212667.53166037766,665.4152426083308,122584.72635150014,NaN,NaN,10000.0,10000.0,680530.8104605993,2.149623943335382e6,intermediate
MDSC,0.5,7.936674288796335e-7,1652.1246049491974,2039.2771454000983,2044.9601021875505,3.310897160378715,602.2479855354961,214428.3977380747,602.6949740156658,124649.84367029207,NaN,NaN,10000.0,10000.0,615359.9189872994,1.913548973309659e6,intermediate
MDSC,0.5,8.33229088333924e-7,1524.0120188951498,1819.3873630028256,1821.7779913060613,3.260733776157923,591.0888819443967,215904.42432911874,548.3533038870231,126408.13426304195,NaN,NaN,10000.0,10000.0,557521.1952568596,1.7142178854834768e6,intermediate
MDSC,0.5,8.747627638264501e-7,1402.4984436813374,1629.7736254229392,1630.8284688965634,3.2126745055655967,581.5414176134246,217183.50749915652,499.9307352994159,127952.3466002009,NaN,NaN,10000.0,10000.0,505581.5759492341,1.5411054609941565e6,intermediate
MDSC,0.5,9.183667537427913e-7,1287.4853773726138,1463.370885030912,1463.8523768362681,3.165793860078661,573.1926087640853,218314.49145770672,456.0654594192262,129333.94206738938,NaN,NaN,10000.0,10000.0,458545.3317317721,1.388069911175683e6,intermediate
MDSC,0.5,9.641442563133607e-7,1178.859696836412,1315.4979972563904,1315.7232809569177,3.1194945143842134,565.7861528128029,219327.72491328334,415.9168803942404,130584.80949583995,NaN,NaN,10000.0,10000.0,415691.70302715397,1.2511666539119745e6,intermediate
MDSC,0.5,1.0122036138542432e-6,1076.495108573215,1182.9029016684326,1183.010281989845,3.0733554738329008,559.1505054212378,220243.53168502083,378.92705744273155,131726.22670236652,NaN,NaN,10000.0,10000.0,376481.1974378057,1.1276886109196767e6,intermediate
MDSC,0.5,1.0626585691826105e-6,980.25328589549,1063.2357380212031,1063.2876928447943,3.027059040107921,553.1643807745245,221076.2847889248,344.7056132742984,132773.1760313926,NaN,NaN,10000.0,10000.0,340498.378471871,1.0156841917606704e6,intermediate
MDSC,0.5,1.1156285348135952e-6,889.9851361141486,954.7408465462526,954.7662717171133,2.9803517005250164,547.7383072013117,221836.5863955399,312.96785035115533,133736.6569102126,NaN,NaN,10000.0,10000.0,307415.2922645434,913691.0075544862,controlled
MDSC,0.5,1.1712388755757056e-6,805.5318395753798,856.0678673369231,856.080422777579,2.9330215751668423,542.8040198923711,222532.53546248953,283.4986766234969,134625.0363508307,NaN,NaN,10000.0,10000.0,276967.17011598457,820577.8311400318,controlled
MDSC,0.5,1.229621205313694e-6,726.7258779647277,766.1510288399435,766.1572460102431,2.884884391426401,538.3078543198909,223170.50164111148,256.13025889355947,135444.8718376256,NaN,NaN,10000.0,10000.0,248935.75126525707,735445.426569661,controlled
MDSC,0.5,1.2909136983810517e-6,653.3919537123144,684.1292336034448,684.1323685355004,2.835774485902514,534.2066162130895,223755.63371292775,230.72751715747833,136201.4580366328,NaN,NaN,10000.0,10000.0,223137.51461967218,657561.4688839973,controlled
MDSC,0.5,1.3552614166593774e-6,585.3477942697868,609.2915119907545,609.2930840793348,2.785538448502881,530.4646529263115,224292.18963918087,207.1783246218519,136899.1760837792,NaN,NaN,10000.0,10000.0,199415.17443551932,586316.2387808142,controlled
MDSC,0.5,1.4228166528785383e-6,522.4049199276121,541.0387914530819,541.0396292276345,2.7340310395378666,527.0519880836548,224783.77927852396,185.38657215970755,137541.75952517753,NaN,NaN,10000.0,10000.0,177631.40753460937,521191.52306138055,controlled
MDSC,0.5,1.4937392910502137e-6,464.3692932777577,478.85645507296493,478.8568625757466,2.6811117101587874,523.9428417651477,225233.52311462717,165.26735031518942,138132.4600080166,NaN,NaN,10000.0,10000.0,157664.15104117617,461738.24616088264,controlled
MDSC,0.5,1.568197184867829e-6,411.04193237298034,422.2943034826521,422.294493054525,2.6266426184584444,521.1147200654079,225644.18359618547,146.74325881533292,138674.1949118962,NaN,NaN,10000.0,10000.0,139403.02720796547,407560.0361339149,controlled
MDSC,0.5,1.646366554968472e-6,362.21947667400207,370.95163272098904,370.95172485988763,2.570486577012392,518.5475808442577,226018.24773003106,129.74183440686838,139169.63160479406,NaN,NaN,10000.0,10000.0,122746.6005225573,358300.9517635458,controlled
MDSC,0.5,1.7284324059969565e-6,317.69470186901117,324.46601829476595,324.4660701572083,2.5125057200576366,516.2233014358844,226357.9967776432,114.1935945070982,139621.26336054815,NaN,NaN,10000.0,10000.0,107600.26172915018,313636.2172866264,controlled
MDSC,0.5,1.8145889644591558e-6,277.25705222565534,282.5048081712679,282.5048327368039,2.4525604664495164,514.1252392628618,226665.55646465637,100.03059498854032,140031.46223698495,NaN,NaN,10000.0,10000.0,93874.59405454119,273265.1645443176,controlled
MDSC,0.5,1.9050401384008434e-6,240.6931652183536,244.75862113570096,244.75862623516787,2.3905087706977985,512.2379241990154,226942.9363272877,87.18540751784194,140402.5205845768,NaN,NaN,10000.0,10000.0,81484.12133483082,236905.8551821201,controlled
MDSC,0.5,2.0000000000000003e-6,207.7874193154676,210.93642670133352,210.93642795948045,2.3262056103308453,510.54681596933403,227192.05843368697,75.59042243827132,140736.67997821164,NaN,NaN,10000.0,10000.0,70346.36164388672,204290.99740768885,controlled
MDSC,1.0,3.000000000000001e-7,5992.164473416788,9.74610950382722e6,9.746112134521265e6,6.988831448437962,487331.1356422071,716.6844619916907,15.76216441990706,205.11613063098739,185.0,200.0,185.0,200.0,1.497782471521694e9,7.686563648758688e9,tumor_dominant
MDSC,1.0,3.14953993832204e-7,5710.76926983028,9.745801117819285e6,9.74580532874792e6,6.988817776715725,487315.825211048,716.7069312196354,15.762657171257153,205.12257248844924,190.0,205.0,190.0,205.0,1.4496373545528996e9,7.638223693191369e9,tumor_dominant
MDSC,1.0,3.306533941028525e-7,5434.987756679525,9.745476084619062e6,9.745483219120966e6,6.988803422567832,487299.7510755285,716.7305227582133,15.763174764169332,205.12933592533855,195.0,210.0,195.0,210.0,1.395670229110793e9,7.584051996808e9,tumor_dominant
MDSC,1.0,3.471353568228903e-7,5165.186498951624,9.745132109519353e6,9.745145041708458e6,6.988788351881846,487282.87511324126,716.7552927857929,15.763718312986388,205.13643714111674,200.0,215.0,200.0,215.0,1.334784916132055e9,7.522951879042593e9,tumor_dominant
MDSC,1.0,3.644388901057883e-7,4901.703490452533,9.744764570544794e6,9.744789994387776e6,6.98877252883512,487265.1572959435,716.7813003051231,15.76428907635063,205.14389308222783,210.0,220.0,210.0,220.0,1.2655794369511209e9,7.453520810940977e9,tumor_dominant
MDSC,1.0,3.8260494648864557e-7,4644.84670537107,9.744362051955068e6,9.744417234930553e6,6.98875591580855,487246.5555939878,716.808607286588,15.764887813267002,205.15172199515035,215.0,230.0,215.0,230.0,1.186228556729359e9,7.373932909517838e9,tumor_dominant
MDSC,1.0,4.0167651985518443e-7,4394.892847293946,9.743890467989298e6,9.744025878990885e6,6.988738473295914,487227.02587592887,716.8372788188657,15.765517405714553,205.15994137907032,225.0,240.0,225.0,240.0,1.0943030184302306e9,7.281758000288669e9,tumor_dominant
MDSC,1.0,4.2169874719003627e-7,4152.086513423203,9.743227001542978e6,9.743614997992227e6,6.988720159808584,487206.52180306386,716.8673832673625,15.766177898247275,205.16857199478503,235.0,250.0,235.0,250.0,9.864893384239833e8,7.1736807033568e9,tumor_dominant
MDSC,1.0,4.427190154051293e-7,3916.6397247676655,9.74182509977858e6,9.743183616907151e6,6.988700931775355,487184.9947186423,716.8989924408709,15.766871412762924,205.17763399377236,250.0,265.0,250.0,265.0,8.581310095344205e8,7.045038043336832e9,tumor_dominant
MDSC,1.0,4.6478707349102155e-7,3688.731737750865,9.736520294042183e6,9.742730711925166e6,6.98868074343715,487162.3935314769,716.9321817668626,15.767599605017365,205.18714899871333,265.0,280.0,265.0,280.0,7.024590966508095e8,6.889026512054482e9,tumor_dominant
MDSC,1.0,4.879551502585967e-7,3468.5092137496463,9.701283547696799e6,9.742255208002465e6,6.988659546736321,487138.6645936645,716.9670304759009,15.768363528689646,205.1971402653074,285.0,300.0,285.0,300.0,5.093585248513012e8,6.695250908539435e9,tumor_dominant
MDSC,1.0,5.122780779497939e-7,3256.0867488578974,9.290197957569098e6,9.741755976287432e6,6.988637291200255,487113.75157211686,717.0036217956712,15.769166692127337,205.20763032763304,310.0,325.0,310.0,325.0,2.657426983170892e8,6.446862383295933e9,tumor_dominant
MDSC,1.0,5.378134220099089e-7,3051.5475618188298,3.0119089137577354e6,9.741231831416175e6,6.988613923819004,487087.59531358216,717.0420431551161,15.770009768706979,205.21864523127527,345.0,360.0,345.0,360.0,2.3552043103323348e7,6.114306012348962e9,tumor_dominant
MDSC,1.0,5.646216173286177e-7,2854.9446246186603,19956.579927103627,9.740681528670387e6,6.9885893889166075,487060.1337028221,717.0823863992857,15.770894880282352,205.23021122494865,395.0,410.0,395.0,410.0,1.8299471205118117e6,5.639627762897291e9,tumor_dominant
MDSC,1.0,5.927661112721535e-7,2666.3018267382117,7082.713381478947,9.740103760991272e6,6.988563628015757,487031.30151358974,717.124748015432,15.771824329841468,205.24235582435074,470.0,485.0,470.0,485.0,1.3357359953111878e6,4.8880177911191025e9,tumor_dominant
MDSC,1.0,6.223135138451644e-7,2485.6155053140924,4692.875265215568,9.739497155841734e6,6.988536579695485,487001.0302520396,717.1692293709996,15.772800521030831,205.255107950017,620.0,635.0,620.0,635.0,1.1157935867156524e6,3.4347801605282316e9,tumor_dominant
MDSC,1.0,6.533337553376234e-7,2312.856001418156,3661.593187605666,9.738860271909095e6,6.9885081794414825,486969.24799217394,717.2159369641612,15.773825004825884,205.2684987704122,1145.0,1160.0,1145.0,1160.0,970326.6050123977,3.8756871602642606e6,tumor_dominant
MDSC,1.0,6.859002518299215e-7,2147.969431620265,3050.985072579931,3203.1233133663586,3.505709221920315,660.1561125453218,207081.83394155581,849.8083178507479,116258.16131299558,NaN,NaN,10000.0,10000.0,859737.8646696361,2.8697246686370145e6,intermediate
MDSC,1.0,7.200900789478258e-7,1990.8794827189477,2626.2984282089287,2665.1546631571177,3.4258853391541386,633.2577003494171,210430.70221571843,741.8656925947168,120011.04879035236,NaN,NaN,10000.0,10000.0,769619.5826021042,2.458189770564567e6,intermediate
MDSC,1.0,7.559841542785492e-7,1841.489283413274,2302.1205933051433,2315.2640419892336,3.364788065177447,615.7631693535519,212667.53142540142,665.4152304090467,122584.72603612435,NaN,NaN,10000.0,10000.0,693145.879328045,2.162342902512958e6,intermediate
MDSC,1.0,7.936674288796335e-7,1699.6832805467793,2039.9311156797844,2044.960112324079,3.3108971625303885,602.2479859745367,214428.39781186683,602.6949726010654,124649.84379658014,NaN,NaN,10000.0,10000.0,626550.3916940578,1.9247809264231315e6,intermediate
MDSC,1.0,8.33229088333924e-7,1565.329104885356,1819.7093484817,1821.7780056894082,3.2607337795848945,591.0888879649117,215904.42469269354,548.3533073480936,126408.13483308694,NaN,NaN,10000.0,10000.0,567535.6857472952,1.724250200668245e6,intermediate
MDSC,1.0,8.747627638264501e-7,1438.2793742528684,1629.9361199426994,1630.8285248646062,3.2126745204609195,581.5414201301624,217183.50794266965,499.9307258431454,127952.34736713649,NaN,NaN,10000.0,10000.0,514596.67338795867,1.5501286046901175e6,intermediate
MDSC,1.0,9.183667537427913e-7,1318.3734536737636,1463.4544250643066,1463.8523985811514,3.1657938665255108,573.1926076743599,218314.49153509733,456.0654534457354,129333.94222371514,NaN,NaN,10000.0,10000.0,466692.9879833828,1.3962213285986786e6,intermediate
MDSC,1.0,9.641442563133607e-7,1205.4390744164896,1315.5415532768857,1315.7232266714993,3.1194944964792684,565.7861442217609,219327.7241486383,415.91688559159024,130584.80822582978,NaN,NaN,10000.0,10000.0,423074.552216965,1.2585513082327694e6,intermediate
MDSC,1.0,1.0122036138542432e-6,1099.2939074348556,1182.9258595834256,1183.0103105095411,3.0733554842939133,559.1505103971133,220243.53212014787,378.92705454778826,131726.2274260241,NaN,NaN,10000.0,10000.0,383181.6991062455,1.1343899961979564e6,intermediate
MDSC,1.0,1.0626585691826105e-6,999.7469350096876,1063.2479414129832,1063.287708736291,3.0270590465926235,553.1643775982824,221076.28473405808,344.7056064481436,132773.17597769556,NaN,NaN,10000.0,10000.0,346584.57129831833,1.0217708237390454e6,intermediate
MDSC,1.0,1.1156285348135952e-6,906.5997744632571,954.7473763001256,954.7662700012911,2.980351699745357,547.7383086393921,221836.58645782777,312.9678519514879,133736.65700348734,NaN,NaN,10000.0,10000.0,312944.57660248753,919220.5127863882,controlled
MDSC,1.0,1.1712388755757056e-6,819.6477810966326,856.0713790809469,856.0804454719607,2.9330215866663987,542.804018216803,222532.53553923836,283.4986687574716,134625.0365184839,NaN,NaN,10000.0,10000.0,281988.8855220373,825599.659080087,controlled
MDSC,1.0,1.229621205313694e-6,738.6810888026804,766.152923573523,766.1572180007267,2.8848843755699667,538.3078537529643,223170.50140070138,256.1302670603728,135444.8713995584,NaN,NaN,10000.0,10000.0,253492.99061417498,740002.7231191124,controlled
MDSC,1.0,1.2909136983810517e-6,663.4854558066874,684.1302602214938,684.1323605743556,2.835774480856071,534.2066139872871,223755.63353157576,230.72751822866724,136201.45773330607,NaN,NaN,10000.0,10000.0,227268.43302841604,661692.4173293483,controlled
MDSC,1.0,1.3552614166593774e-6,593.8430317664062,609.2920714658443,609.2930873825073,2.7855384508534726,530.464653843074,224292.1897155905,207.17832409023097,136899.17621222135,NaN,NaN,10000.0,10000.0,203153.95523840497,590055.0352420639,controlled
MDSC,1.0,1.4228166528785383e-6,529.5329772239339,541.0390949112976,541.0396113387065,2.7340310252048505,527.0519817125266,224783.77877907953,185.38657466256987,137541.75868987187,NaN,NaN,10000.0,10000.0,181008.98968480687,524569.1133665262,controlled
MDSC,1.0,1.4937392910502137e-6,470.3320059915541,478.8566233594853,478.8568603778343,2.6811117081695666,523.9428418571546,225233.52310068475,165.26735117024913,138132.45998012196,NaN,NaN,10000.0,10000.0,160708.78373504544,464782.88260972704,controlled
MDSC,1.0,1.568197184867829e-6,416.01483302702695,422.29439488548906,422.2945020710992,2.6266426277093284,521.1147224833115,225644.1838129788,146.7432566251275,138674.19528199505,NaN,NaN,10000.0,10000.0,142140.69965876086,410297.7108475699,controlled
MDSC,1.0,1.646366554968472e-6,366.3545608728428,370.95168162560924,370.95172550189574,2.570486577762007,518.5475811051188,226018.2477508195,129.741834277175,139169.63163985894,NaN,NaN,10000.0,10000.0,125201.37705476281,360755.72963255196,controlled
MDSC,1.0,1.7284324059969565e-6,321.12303674036923,324.46604601740256,324.46606148982715,2.512505708492081,516.2232970673455,226357.99644331867,114.19359614606704,139621.26279858325,NaN,NaN,10000.0,10000.0,109794.54532222402,315830.50155064074,controlled
MDSC,1.0,1.8145889644591558e-6,280.0911748834446,282.50482754490594,282.50483398140375,2.45256046835609,514.1252400179818,226665.55652088823,100.03059476348795,140031.46233130744,NaN,NaN,10000.0,10000.0,95829.33439971379,275219.9052444223,controlled
MDSC,1.0,1.9050401384008434e-6,243.02929963428295,244.75863224284282,244.75863228836474,2.3905087813947574,512.2379285634098,226942.9366456611,87.18540645917753,140402.52111785454,NaN,NaN,10000.0,10000.0,83218.97830446078,238640.71230652038,controlled
MDSC,1.0,2.0000000000000003e-6,209.70751487638012,210.9364322027434,210.9364328303433,2.3262056203120878,510.5468201174817,227192.05873136746,75.5904216081571,140736.6804763186,NaN,NaN,10000.0,10000.0,71879.83463328955,205824.47050142963,controlled
MDSC,2.0,3.000000000000001e-7,7165.876563702415,9.746111302386248e6,9.746112134521263e6,6.988831448437962,487331.1356422071,716.684461991691,15.762164498639004,205.11613056675077,170.0,185.0,170.0,185.0,1.6157329330366259e9,7.804514129542467e9,tumor_dominant
MDSC,2.0,3.14953993832204e-7,6782.579736960201,9.745804023596633e6,9.745805328747915e6,6.988817776715724,487315.825211048,716.7069312196361,15.762657350086641,205.1225723435709,175.0,190.0,175.0,190.0,1.5696775413321822e9,7.758263911103489e9,tumor_dominant
MDSC,2.0,3.306533941028525e-7,6411.159346729209,9.745481055756489e6,9.745483219120976e6,6.988803422567833,487299.7510755285,716.730522758214,15.763174495886837,205.12933614124574,180.0,195.0,180.0,195.0,1.5179599459810853e9,7.706341766942847e9,tumor_dominant
MDSC,2.0,3.471353568228903e-7,6051.878284210042,9.745141211897781e6,9.745145041708449e6,6.988788351881845,487282.87511324126,716.7552927857939,15.763718596069928,205.13643691310315,190.0,205.0,190.0,205.0,1.4594999793194132e9,7.647667039766047e9,tumor_dominant
MDSC,2.0,3.644388901057883e-7,5704.942260600154,9.744782654922873e6,9.744789994387772e6,6.98877252883512,487265.1572959435,716.7813003051232,15.764289166861126,205.14389300941897,195.0,210.0,195.0,210.0,1.39291428831797e9,7.5808558561031685e9,tumor_dominant
MDSC,2.0,3.8260494648864557e-7,5370.500786394881,9.74440173829981e6,9.744417234930549e6,6.98875591580855,487246.5555939878,716.8086072865882,15.764887926463823,205.1517219040963,205.0,215.0,205.0,215.0,1.316397815829314e9,7.504102593933855e9,tumor_dominant
MDSC,2.0,4.0167651985518443e-7,5048.648628946911,9.743988973936027e6,9.744025878990896e6,6.988738473295915,487227.0258759288,716.837278818865,15.765517141798925,205.1599415894116,210.0,225.0,210.0,225.0,1.227545280537072e9,7.415001318157993e9,tumor_dominant
MDSC,2.0,4.2169874719003627e-7,4739.428022696895,9.74351263660379e6,9.743614997992251e6,6.988720159808585,487206.52180306386,716.867383267362,15.766177354850766,205.16857242581204,225.0,235.0,225.0,235.0,1.123069247994882e9,7.310263674551983e9,tumor_dominant
MDSC,2.0,4.427190154051293e-7,4442.831108000993,9.742837676862657e6,9.743183616907172e6,6.988700931775356,487184.9947186423,716.8989924408703,15.76687100186964,205.17763431917237,235.0,250.0,235.0,250.0,9.983408357945695e8,7.185258724226225e9,tumor_dominant
MDSC,2.0,4.6478707349102155e-7,4158.802868936885,9.74120901855646e6,9.742730711925175e6,6.9886807434371505,487162.3935314769,716.9321817668623,15.767599406303624,205.18714915489537,250.0,265.0,250.0,265.0,8.466018029539316e8,7.033219491433929e9,tumor_dominant
MDSC,2.0,4.879551502585967e-7,3887.2444010064987,9.732620423531894e6,9.742255208002428e6,6.9886595467363195,487138.6645936645,716.9670304759021,15.768364206244463,205.1971397313214,270.0,285.0,270.0,285.0,6.575653877894896e8,6.843794125856725e9,tumor_dominant
MDSC,2.0,5.122780779497939e-7,3628.016368937264,9.63870947187033e6,9.741755976287412e6,6.988637291200254,487113.7515721168,717.0036217956713,15.769167035658429,205.20763005718086,295.0,310.0,295.0,310.0,4.152771688168246e8,6.600184690545614e9,tumor_dominant
MDSC,2.0,5.378134220099089e-7,3380.942678570621,7.527397011162231e6,9.741231831416177e6,6.988613923819005,487087.59531358216,717.0420431551165,15.770009729834191,205.21864526114777,330.0,345.0,330.0,345.0,1.1246396282147558e8,6.272896753362994e9,tumor_dominant
MDSC,2.0,5.646216173286177e-7,3145.814297632061,43833.30382667145,9.740681528670369e6,6.988589388916607,487060.1337028221,717.0823863992858,15.770895148459415,205.23021101471957,375.0,390.0,375.0,390.0,2.303848120779856e6,5.804049061027901e9,tumor_dominant
MDSC,2.0,5.927661112721535e-7,2922.3930199729934,7984.082877006672,9.740103760991268e6,6.988563628015756,487031.30151358974,717.1247480154325,15.77182436924904,205.2423557929309,455.0,470.0,455.0,470.0,1.4479038517551215e6,5.058918938767407e9,tumor_dominant
MDSC,2.0,6.223135138451644e-7,2710.4153184673696,4862.160959284281,9.739497155841732e6,6.988536579695485,487001.0302520396,717.1692293709996,15.772800527030899,205.25510794509398,600.0,615.0,600.0,615.0,1.1833224995760014e6,3.612918539162819e9,tumor_dominant
MDSC,2.0,6.533337553376234e-7,2509.5960684913903,3711.781900627871,9.738860271909095e6,6.9885081794414825,486969.24799217394,717.2159369641606,15.773825015972298,205.26849876024426,1125.0,1140.0,1125.0,1140.0,1.0207159716437516e6,3.984247893173105e6,tumor_dominant
MDSC,2.0,6.859002518299215e-7,2319.6321039359295,3069.3521649091817,3203.1233062855404,3.505709220960564,660.1561132476105,207081.83394065686,849.8083197638846,116258.16130150073,NaN,NaN,10000.0,10000.0,900694.3896855514,2.913486430767907e6,intermediate
MDSC,2.0,7.200900789478258e-7,2140.205733114211,2633.870126467658,2665.1548144358453,3.425885363796188,633.2576957436095,210430.7027262339,741.8656630485971,120011.04976272568,NaN,NaN,10000.0,10000.0,804371.4177391598,2.4936793326640334e6,intermediate
MDSC,2.0,7.559841542785492e-7,1970.9878746922222,2305.4861511585887,2315.264001906706,3.36478805766206,615.7631759083313,212667.53152151726,665.4152450530582,122584.72611546145,NaN,NaN,10000.0,10000.0,723368.9310462145,2.192820634918627e6,intermediate
MDSC,2.0,7.936674288796335e-7,1811.6410903477142,2041.5055002804925,2044.960031951344,3.3108971454697254,602.2479820532805,214428.3972064035,602.6949833279564,124649.8427648942,NaN,NaN,10000.0,10000.0,653241.3731571555,1.951571789823424e6,intermediate
MDSC,2.0,8.33229088333924e-7,1661.8223129519351,1820.4730606250184,1821.7780821556903,3.260733797803725,591.0888820675882,215904.42483669549,548.3532857458218,126408.13517653283,NaN,NaN,10000.0,10000.0,591345.996290207,1.7481027922579541e6,intermediate
MDSC,2.0,8.747627638264501e-7,1521.1852522247934,1630.3165353904594,1630.8285704130196,3.212674532583164,581.541414218596,217183.50792138051,499.93071015889825,127952.3474130807,NaN,NaN,10000.0,10000.0,535982.5557773982,1.5715333239232302e6,intermediate
MDSC,2.0,9.183667537427913e-7,1389.3825974026865,1463.647754192464,1463.8523725544533,3.165793858809203,573.192605349325,218314.49126535378,456.0654571295326,129333.94176699205,NaN,NaN,10000.0,10000.0,485991.3335609808,1.415528377732899e6,intermediate
MDSC,2.0,9.641442563133607e-7,1266.0678719443483,1315.6413009462526,1315.7233023172666,3.1194945214294916,565.7861637533803,219327.72558873304,415.9168852196582,130584.81056903553,NaN,NaN,10000.0,10000.0,440544.6581278782,1.2760255462578246e6,intermediate
MDSC,2.0,1.0122036138542432e-6,1150.8970136349542,1182.9778939152711,1183.0103271457845,3.0733554903960805,559.1505075874713,220243.5320868412,378.9270479208066,131726.2274062568,NaN,NaN,10000.0,10000.0,399029.897793637,1.1502401959465037e6,intermediate
MDSC,2.0,1.0626585691826105e-6,1043.5296940520832,1063.2753313829635,1063.2876749287475,3.027059032797078,553.1643783100644,221076.28454268107,344.70561600158146,132773.17561545555,NaN,NaN,10000.0,10000.0,360979.5813404152,1.0361668197687216e6,intermediate
MDSC,2.0,1.1156285348135952e-6,943.6303541600669,954.7620115146954,954.7662506565918,2.980351690955241,547.7383076802053,221836.58627314807,312.9678565893373,133736.65667726254,NaN,NaN,10000.0,10000.0,326027.5165184732,932303.9445137761,controlled
MDSC,2.0,1.1712388755757056e-6,850.8689954889632,856.0792097749662,856.0803859764977,2.933021556519226,542.8040118457076,222532.5347748915,283.49868140816255,134625.03520044003,NaN,NaN,10000.0,10000.0,293880.0584140274,837491.0780626065,controlled
MDSC,2.0,1.229621205313694e-6,764.921744630602,766.1571110460416,766.1573118786093,2.8848844287150626,538.3078723598999,223170.50309157162,256.13025140784055,135444.87425407753,NaN,NaN,10000.0,10000.0,264296.6301442868,750806.4884618323,controlled
MDSC,2.0,1.2909136983810517e-6,685.4712034302236,684.1324909086749,684.1323518813645,2.8357744753457226,534.206615593688,223755.63355004555,230.7275220764426,136201.45774244305,NaN,NaN,10000.0,10000.0,237076.11759192654,671500.1692270357,controlled
MDSC,2.0,1.3552614166593774e-6,612.2066232939716,609.2933016821337,609.2930866382433,2.785538450323842,530.4646521804923,224292.18961935322,207.1783232981368,136899.17605861294,NaN,NaN,10000.0,10000.0,212047.12628453076,598948.2406742196,controlled
MDSC,2.0,1.4228166528785383e-6,544.8239222797057,541.0397485367071,541.0395875362073,2.7340310061337454,527.0519776555088,224783.77835723883,185.38658060040612,137541.75796263348,NaN,NaN,10000.0,10000.0,189060.8278867184,532620.9690406462,controlled
MDSC,2.0,1.4937392910502137e-6,483.0255742870779,478.8569750869408,478.8568576178471,2.68111170567164,523.9428405306107,225233.52300308712,165.26735144453949,138132.45981790836,NaN,NaN,10000.0,10000.0,167985.65539395527,472059.76360816957,controlled
MDSC,2.0,1.568197184867829e-6,426.5204076583823,422.2945863822923,422.29450680142406,2.6266426325625782,521.1147237518016,225644.18392671377,146.74325547609857,138674.19547615756,NaN,NaN,10000.0,10000.0,148703.2703533748,416860.28618887387,controlled
MDSC,2.0,1.646366554968472e-6,375.0233342750235,370.95178717190703,370.9517300636688,2.570486583088378,518.5475829586999,226018.24789853283,129.74183335563748,139169.63188901404,NaN,NaN,10000.0,10000.0,131105.4844490953,366659.8394166992,controlled
MDSC,2.0,1.7284324059969565e-6,328.25505041776154,324.4661064182915,324.4660706452547,2.5125057207088743,516.2233016818703,226357.9967964685,114.19359441481039,139621.2633921917,NaN,NaN,10000.0,10000.0,115091.88852334487,321127.84600155265,controlled
MDSC,2.0,1.8145889644591558e-6,285.941731191702,282.5048585229385,282.5048340288709,2.452560468428804,514.1252400467794,226665.55652303266,100.03059475490572,140031.4623349046,NaN,NaN,10000.0,10000.0,100568.02130081865,279958.59286607563,controlled
MDSC,2.0,1.9050401384008434e-6,247.8147581843734,244.75864775849664,244.75863116005846,2.3905087794008613,512.2379277499045,226942.9365863175,87.18540665650845,140402.5210184536,NaN,NaN,10000.0,10000.0,87443.96274671698,242865.69719815563,controlled
MDSC,2.0,2.0000000000000003e-6,213.61049899131527,210.93644138128724,210.9364320003375,2.326205618611262,510.54681941062955,227192.05868064228,75.5904217496103,140736.68039144028,NaN,NaN,10000.0,10000.0,75633.26393005006,209577.89999371168,controlled
MDSC,5.0,3.000000000000001e-7,23180.120430217572,9.746112126487924e6,9.746112134521263e6,6.988831448437962,487331.1356422071,716.6844619916906,15.762164514649328,205.11613055304267,125.0,140.0,125.0,140.0,2.0911771788523462e9,8.279958384187183e9,tumor_dominant
MDSC,5.0,3.14953993832204e-7,20587.594587760548,9.745805318033013e6,9.745805328747911e6,6.988817776715724,487315.825211048,716.7069312196363,15.762657509673366,205.12257221397545,125.0,140.0,125.0,140.0,2.0617421515575247e9,8.250328535197559e9,tumor_dominant
MDSC,5.0,3.306533941028525e-7,18293.49093082412,9.745483204314115e6,9.745483219120974e6,6.988803422567832,487299.7510755285,716.7305227582135,15.763174509788266,205.1293361267555,130.0,145.0,130.0,145.0,2.028680061189136e9,8.217061905172192e9,tumor_dominant
MDSC,5.0,3.471353568228903e-7,16264.12062838768,9.745145020363504e6,9.745145041708454e6,6.988788351881846,487282.87511324126,716.7552927857937,15.763718427225836,205.13643704738345,135.0,150.0,135.0,150.0,1.9912906580298193e9,8.179457759285872e9,tumor_dominant
MDSC,5.0,3.644388901057883e-7,14469.106642896939,9.74478996200567e6,9.744789994387798e6,6.988772528835121,487265.1572959435,716.781300305123,15.764288469220787,205.1438935640819,140.0,150.0,140.0,150.0,1.9486727992718744e9,8.136614445361029e9,tumor_dominant
MDSC,5.0,3.8260494648864557e-7,12881.200110773863,9.744417182636423e6,9.744417234930534e6,6.988755915808549,487246.5555939878,716.8086072865885,15.764888310650372,205.15172159683186,145.0,155.0,145.0,155.0,1.8996448174106474e9,8.087349761031057e9,tumor_dominant
MDSC,5.0,4.0167651985518443e-7,11476.067935093808,9.744025787680639e6,9.744025878990887e6,6.988738473295914,487227.0258759288,716.8372788188652,15.765517383667765,205.1599413956456,150.0,165.0,150.0,165.0,1.8426226314170551e9,8.030079063597553e9,tumor_dominant
MDSC,5.0,4.2169874719003627e-7,10232.065192680056,9.743614821916873e6,9.743614997992259e6,6.988720159808586,487206.52180306386,716.8673832673616,15.766177196647964,205.1685725469182,155.0,170.0,155.0,170.0,1.77542621100371e9,7.962621732841423e9,tumor_dominant
MDSC,5.0,4.427190154051293e-7,9130.002269508454,9.743183230433336e6,9.743183616907151e6,6.988700931775355,487184.9947186423,716.8989924408712,15.766871418781745,205.1776339879623,165.0,180.0,165.0,180.0,1.694958633073529e9,7.881880225666697e9,tumor_dominant
MDSC,5.0,4.6478707349102155e-7,8152.914585681942,9.742729702315824e6,9.742730711925168e6,6.9886807434371505,487162.3935314769,716.9321817668628,15.76759955321153,205.18714903806872,175.0,190.0,175.0,190.0,1.596650020279106e9,7.783284011528162e9,tumor_dominant
MDSC,5.0,4.879551502585967e-7,7285.840336142979,9.742251844662227e6,9.742255208002426e6,6.9886595467363195,487138.6645936645,716.9670304759024,15.76836420787904,205.19713972908306,185.0,200.0,185.0,200.0,1.4734237568242176e9,7.659755777846277e9,tumor_dominant
MDSC,5.0,5.122780779497939e-7,6515.610019293902,9.741739967769494e6,9.741755976287413e6,6.988637291200254,487113.75157211686,717.0036217956707,15.769167032307472,205.2076300586467,205.0,215.0,205.0,215.0,1.3136242997516198e9,7.499639173045562e9,tumor_dominant
MDSC,5.0,5.378134220099089e-7,5830.650296050928,9.741098413475571e6,9.741231831416164e6,6.988613923819004,487087.59531358216,717.0420431551169,15.770009957173922,205.218645081654,225.0,240.0,225.0,240.0,1.0964043344737568e9,7.282085116727449e9,tumor_dominant
MDSC,5.0,5.646216173286177e-7,5220.803647406933,9.737751681600578e6,9.740681528670372e6,6.988589388916607,487060.1337028221,717.0823863992861,15.77089509888434,205.23021105145264,260.0,270.0,260.0,270.0,7.798832877207273e8,6.965184635340659e9,tumor_dominant
MDSC,5.0,5.927661112721535e-7,4677.164008643055,9.29702418402051e6,9.740103760991296e6,6.988563628015758,487031.30151358974,717.1247480154306,15.771823991853044,205.24235607949856,310.0,325.0,310.0,325.0,2.680130340603898e8,6.44817500464844e9,tumor_dominant
MDSC,5.0,6.223135138451644e-7,4191.928102450264,11808.171010391485,9.739497155841738e6,6.988536579695485,487001.0302520396,717.1692293709993,15.77280048359111,205.2551079765254,420.0,435.0,420.0,435.0,1.9227894259267203e6,5.397826844016948e9,tumor_dominant
MDSC,5.0,6.533337553376234e-7,3758.2623249573976,4376.235212119477,9.738860271909086e6,6.988508179441482,486969.24799217394,717.2159369641608,15.773825132634363,205.26849865450882,840.0,855.0,840.0,855.0,1.377018170276028e6,1.274185706250998e9,tumor_dominant
MDSC,5.0,6.859002518299215e-7,3370.183856715112,3239.9669926353126,3203.1233432584636,3.5057092259719616,660.1560914559584,207081.8331746942,849.808285369909,116258.16025750339,NaN,NaN,10000.0,10000.0,1.1519968497273077e6,3.1920670371402055e6,intermediate
MDSC,5.0,7.200900789478258e-7,3022.455215664071,2692.089251883201,2665.1546684970704,3.4258853400239726,633.2576941875026,210430.7019689744,741.8656840696725,120011.0484385507,NaN,NaN,10000.0,10000.0,1.0023522940878882e6,2.6973870593391587e6,intermediate
MDSC,5.0,7.559841542785492e-7,2710.4910071909007,2328.359675709457,2315.2639928987514,3.364788055973088,615.7631729502287,212667.53134235332,665.415243142685,122584.72583696933,NaN,NaN,10000.0,10000.0,887728.2046410016,2.3589156009183484e6,intermediate
MDSC,5.0,7.936674288796335e-7,2430.275760902645,2051.2843360138904,2044.9601465220499,3.310897169789567,602.2479873210019,214428.3980545785,602.6949676789487,124649.8442133407,NaN,NaN,10000.0,10000.0,793813.1259257924,2.0927644901677947e6,intermediate
MDSC,5.0,8.33229088333924e-7,2178.2917223381273,1824.8937863213105,1821.7780022986674,3.2607337787770176,591.0888845368769,215904.42451218207,548.353304412231,126408.13455630088,NaN,NaN,10000.0,10000.0,713847.5855606092,1.8708492074246458e6,intermediate
MDSC,5.0,8.747627638264501e-7,1951.4555221675657,1632.3947842654557,1630.8285498951132,3.212674527122533,581.5414187439965,217183.50802040717,499.9307190932375,127952.34752767661,NaN,NaN,10000.0,10000.0,644087.3581162636,1.6797410475152624e6,intermediate
MDSC,5.0,9.183667537427913e-7,1747.0627201930988,1464.653017306119,1463.8523712932567,3.165793858435288,573.192608664306,218314.49141955393,456.0654605813667,129333.94199949238,NaN,NaN,10000.0,10000.0,582233.1301368985,1.5118154422500045e6,intermediate
MDSC,5.0,9.641442563133607e-7,1562.7393020937689,1316.138022441549,1315.7233084515922,3.1194945234527744,565.7861545182185,219327.72516947394,415.9168753574185,130584.80993838326,NaN,NaN,10000.0,10000.0,526766.411981391,1.3622678840711508e6,intermediate
MDSC,5.0,1.0122036138542432e-6,1396.3992886862568,1183.22738139969,1183.0103126163183,3.073355485066678,559.1505074508744,220243.5319857191,378.9270514691336,131726.2272231232,NaN,NaN,10000.0,10000.0,476628.35933169443,1.2278482576410233e6,intermediate
MDSC,5.0,1.0626585691826105e-6,1246.207703647919,1063.4022258544492,1063.2876636871085,3.0270590282098015,553.1643760661178,221076.284352621,344.7056171394624,132773.175299491,NaN,NaN,10000.0,10000.0,431048.56365913124,1.106240368558265e6,intermediate
MDSC,5.0,1.1156285348135952e-6,1110.5482268405447,954.8270761698527,954.7662562273924,2.98035169348658,547.7383086824344,221836.58636382737,312.9678558204952,133736.6568294568,NaN,NaN,10000.0,10000.0,389446.7510593859,995725.3848398806,controlled
MDSC,5.0,1.1712388755757056e-6,987.9949361898841,856.1128617242804,856.0804032882259,2.933021565291318,542.8040217792319,222532.53542001566,283.49868371028947,134625.03624341637,NaN,NaN,10000.0,10000.0,351372.92854526266,894985.0279958198,controlled
MDSC,5.0,1.229621205313694e-6,877.287616653697,766.1746471593942,766.15727814693,2.8848844096192625,538.30786168159,223170.5022724975,256.13025423124947,135444.87289711868,NaN,NaN,10000.0,10000.0,316469.1595045782,802979.5516030916,controlled
MDSC,5.0,1.2909136983810517e-6,777.3101788693011,684.1416930482957,684.1323883582401,2.835774498467832,534.2066255896962,223755.6343701189,230.72751703443808,136201.45911517524,NaN,NaN,10000.0,10000.0,284444.16846527957,718868.4837627773,controlled
MDSC,5.0,1.3552614166593774e-6,687.071785136506,609.2981150768858,609.2930782642421,2.7855384443647666,530.4646523935252,224292.18956334016,207.17832623482153,136899.17595023292,NaN,NaN,10000.0,10000.0,255055.89926341886,641957.1462380037,controlled
MDSC,5.0,1.4228166528785383e-6,605.6903401133135,541.0423036099262,541.0395853106915,2.7340310043506113,527.0519782055485,224783.77836882652,185.38658170385125,137541.75797541562,NaN,NaN,10000.0,10000.0,228099.19570571178,571659.4039074718,controlled
MDSC,5.0,1.4937392910502137e-6,532.3780514698267,478.8583319175289,478.8568639313158,2.681111711385645,523.9428427271205,225233.52317980517,165.2673503525022,138132.4601150698,NaN,NaN,10000.0,10000.0,203396.89321811614,507471.03626553906,controlled
MDSC,5.0,1.568197184867829e-6,466.42880367310755,422.2953094394139,422.2945034630328,2.6266426291374336,521.1147228565694,225644.1838464458,146.74325628702096,138674.19533912817,NaN,NaN,10000.0,10000.0,180793.248867128,448950.28230216994,controlled
MDSC,5.0,1.646366554968472e-6,407.20712890755186,370.9521732490525,370.9517279545963,2.570486580625804,518.5475821017218,226018.24783023965,129.74183378169786,139169.63177382055,NaN,NaN,10000.0,10000.0,160149.01506491852,395703.3791786674,controlled
MDSC,5.0,1.7284324059969565e-6,354.13859701096766,324.4663114764916,324.46607095552133,2.512505721122887,516.2233018382545,226357.9968084366,114.19359435613876,139621.26341230862,NaN,NaN,10000.0,10000.0,141337.7032544288,347373.66545727407,controlled
MDSC,5.0,1.8145889644591558e-6,306.70145193269065,282.50496717855964,282.50483361790606,2.4525604677992563,514.1252397974409,226665.55650446526,100.03059482921671,140031.46230375973,NaN,NaN,10000.0,10000.0,124242.7273554861,303633.3013806965,controlled
MDSC,5.0,1.9050401384008434e-6,264.4193698239779,244.75870884378557,244.75863334085273,2.3905087832546705,512.2379293222717,226942.93670101857,87.18540627510164,140402.52121057853,NaN,NaN,10000.0,10000.0,108755.20913051821,264176.9448852586,controlled
MDSC,5.0,2.0000000000000003e-6,226.85522563293273,210.93647467050647,210.9364298514099,2.326205614207737,510.54681758054,227192.05854931072,75.59042211584133,140736.68017168436,NaN,NaN,10000.0,10000.0,94772.29866365378,228716.93546629607,controlled
MDSC,10.0,3.000000000000001e-7,7.634095725917e6,9.74611213449479e6,9.746112134521263e6,6.988831448437962,487331.1356422071,716.6844619916914,15.762164519814554,205.116130548081,65.0,80.0,65.0,80.0,2.6740397558769665e9,8.862820961297592e9,tumor_dominant
MDSC,10.0,3.14953993832204e-7,7.514858592960481e6,9.745805328719296e6,9.745805328747911e6,6.988817776715724,487315.825211048,716.7069312196354,15.762657525579728,205.12257220049278,65.0,80.0,65.0,80.0,2.6675559514924e9,8.85614233524694e9,tumor_dominant
MDSC,10.0,3.306533941028525e-7,7.379503151707923e6,9.74548321908914e6,9.745483219120955e6,6.988803422567832,487299.7510755285,716.7305227582139,15.763175134569483,205.12933562459807,65.0,80.0,65.0,80.0,2.6605373941005716e9,8.84891923824196e9,tumor_dominant
MDSC,10.0,3.471353568228903e-7,7.225078497066384e6,9.745145041675435e6,9.745145041708449e6,6.988788351881845,487282.87511324126,716.7552927857938,15.763718595473271,205.13643691211564,65.0,80.0,65.0,80.0,2.652921872943275e9,8.841088974427694e9,tumor_dominant
MDSC,10.0,3.644388901057883e-7,7.047968645308999e6,9.744789994351543e6,9.744789994387776e6,6.98877252883512,487265.1572959435,716.7813003051232,15.764289101492821,205.14389305914844,65.0,80.0,65.0,80.0,2.6446367703575845e9,8.832578416793375e9,tumor_dominant
MDSC,10.0,3.8260494648864557e-7,6.843729315081494e6,9.74441723488999e6,9.744417234930541e6,6.98875591580855,487246.5555939878,716.8086072865884,15.764888049113265,205.151721801591,65.0,80.0,65.0,80.0,2.6355967390866456e9,8.823301683267054e9,tumor_dominant
MDSC,10.0,4.0167651985518443e-7,6.606892658255923e6,9.744025878947623e6,9.74402587899091e6,6.988738473295915,487227.0258759288,716.8372788188652,15.765516811300182,205.15994184440152,70.0,85.0,70.0,85.0,2.62570068824192e9,8.813157121400589e9,tumor_dominant
MDSC,10.0,4.2169874719003627e-7,6.330747321749917e6,9.743614997944461e6,9.74361499799223e6,6.988720159808584,487206.5218030639,716.8673832673624,15.766177845250953,205.16857203363824,70.0,85.0,70.0,85.0,2.6148277081384745e9,8.802023231862944e9,tumor_dominant
MDSC,10.0,4.427190154051293e-7,6.007122391914523e6,9.743183616851259e6,9.74318361690718e6,6.988700931775356,487184.9947186423,716.8989924408704,15.76687084886835,205.17763443109783,70.0,85.0,70.0,85.0,2.602831489831467e9,8.789753086566862e9,tumor_dominant
MDSC,10.0,4.6478707349102155e-7,5.626252143926783e6,9.742730711862335e6,9.742730711925166e6,6.98868074343715,487162.3935314769,716.9321817668626,15.767599613784062,205.18714898962517,70.0,85.0,70.0,85.0,2.5895329045574784e9,8.776166906629221e9,tumor_dominant
MDSC,10.0,4.879551502585967e-7,5.176904239512621e6,9.742255207931098e6,9.74225520800243e6,6.9886595467363195,487138.6645936645,716.9670304759023,15.768364148862576,205.1971397733344,75.0,90.0,75.0,90.0,2.5747101628033037e9,8.761042219884008e9,tumor_dominant
MDSC,10.0,5.122780779497939e-7,4.6471760920326e6,9.74175597620323e6,9.741755976287445e6,6.988637291200255,487113.75157211686,717.0036217956701,15.769166451099544,205.20763050341387,75.0,90.0,75.0,90.0,2.5580844798536253e9,8.744099524795162e9,tumor_dominant
MDSC,10.0,5.378134220099089e-7,4.026804697680353e6,9.741231831313483e6,9.741231831416197e6,6.988613923819006,487087.59531358216,717.0420431551158,15.770009394604909,205.2186455081704,75.0,90.0,75.0,90.0,2.539298354908409e9,8.72498056785651e9,tumor_dominant
MDSC,10.0,5.646216173286177e-7,3.312612106142626e6,9.740681528544134e6,9.740681528670408e6,6.988589388916608,487060.1337028221,717.082386399286,15.77089451039,205.2302114950489,80.0,95.0,80.0,95.0,2.5178849347516556e9,8.703217705455927e9,tumor_dominant
MDSC,10.0,5.927661112721535e-7,2.519678024513037e6,9.740103760830611e6,9.74010376099128e6,6.988563628015757,487031.30151358974,717.1247480154317,15.771824182034322,205.24235592310814,80.0,95.0,80.0,95.0,2.49321970796782e9,8.67818559619548e9,tumor_dominant
MDSC,10.0,6.223135138451644e-7,1.7003206990216868e6,9.739497155629039e6,9.739497155841764e6,6.988536579695487,487001.0302520396,717.169229370999,15.772800117218713,205.25510824651866,85.0,100.0,85.0,100.0,2.464441489801891e9,8.649022183759052e9,tumor_dominant
MDSC,10.0,6.533337553376234e-7,963778.0567860105,9.738860271612236e6,9.738860271909077e6,6.988508179441482,486969.24799217394,717.2159369641606,15.773825135874713,205.2684986324354,90.0,105.0,90.0,105.0,2.430321459493341e9,8.614497732152346e9,tumor_dominant
MDSC,10.0,6.859002518299215e-7,449048.4460687855,9.738191595193826e6,9.738191595639726e6,6.9884783594886235,486935.8792029148,717.2649826875871,15.774900735099184,205.28255986850522,90.0,105.0,90.0,105.0,2.3890244882792873e9,8.5727761515056305e9,tumor_dominant
MDSC,10.0,7.200900789478258e-7,188790.61784260834,9.73748953685787e6,9.737489537597448e6,6.9884470486553365,486900.8445663655,717.3164841062047,15.776031133668498,205.2973244522093,100.0,110.0,100.0,110.0,2.337645607614039e9,8.520951463980409e9,tumor_dominant
MDSC,10.0,7.559841542785492e-7,82467.98870455608,9.73675242721791e6,9.7367524286363e6,6.988414172169338,486864.06078680314,717.3705647497068,15.777217152145882,205.31282918416989,105.0,120.0,105.0,120.0,2.27120750949312e9,8.454045301661877e9,tumor_dominant
MDSC,10.0,7.936674288796335e-7,40167.10847615625,9.735978512427714e6,9.735978515877118e6,6.988379651484243,486825.4403899176,717.4273544206605,15.778463806076518,205.32910970195456,115.0,130.0,115.0,130.0,2.18014346937081e9,8.362489826915678e9,tumor_dominant
MDSC,10.0,8.33229088333924e-7,21955.527162969644,9.735165945218327e6,9.73516595847972e6,6.988343404086629,486784.89151178714,717.4869895190922,15.779772280331164,205.34620642108206,130.0,140.0,130.0,140.0,2.042350858607917e9,8.224181242100096e9,tumor_dominant
MDSC,10.0,8.747627638264501e-7,13239.532301699921,9.734312659091229e6,9.734312823197413e6,6.988305343292937,486742.3176770528,717.54961338448,15.781146035201328,205.36416020266634,155.0,170.0,155.0,170.0,1.7846789977262425e9,7.965967638694445e9,tumor_dominant
MDSC,10.0,9.183667537427913e-7,8630.236744014917,3882.0410274274714,1463.8523868971197,3.1657938630614684,573.1926087859771,218314.49151918667,456.0654571578296,129333.9421787989,NaN,NaN,10000.0,10000.0,2.673943513280028e6,3.731789963255336e6,intermediate
MDSC,10.0,9.641442563133607e-7,5975.9332839464905,1331.9954543726246,1315.7232753076323,3.119494512520911,565.7861562845088,219327.7250500148,415.91688490260304,130584.80969483482,NaN,NaN,10000.0,10000.0,1.2566428218132097e6,2.0928016277144058e6,intermediate
MDSC,10.0,1.0122036138542432e-6,4335.750239736909,1187.3524293843225,1183.0103083021836,3.0733554834842556,559.1505143463097,220243.53230433568,378.92705851899393,131726.22770531487,NaN,NaN,10000.0,10000.0,1.0052724545964837e6,1.756651078742361e6,intermediate
MDSC,10.0,1.0626585691826105e-6,3261.6807541527696,1064.8517913186718,1063.2876676125727,3.027059029811631,553.1643737832829,221076.28426270816,344.7056142219748,132773.17516813666,NaN,NaN,10000.0,10000.0,850685.7727213419,1.5259297342921263e6,intermediate
MDSC,10.0,1.1156285348135952e-6,2523.826352095973,955.4048924651504,954.7662570746767,2.980351693871581,547.7383089026824,221836.58638112174,312.96785575649426,133736.65685804572,NaN,NaN,10000.0,10000.0,736962.6974249204,1.343260884868193e6,controlled
MDSC,10.0,1.1712388755757056e-6,1996.3787149355494,856.3599324906627,856.0804314536547,2.9330215795631296,542.8040196254976,222532.5355113812,283.49867389306337,134625.03644542448,NaN,NaN,10000.0,10000.0,646407.6418743631,1.1900276430777812e6,controlled
MDSC,10.0,1.229621205313694e-6,1606.601623929512,766.2851413497287,766.1572593748817,2.8848843989922406,538.3078584425048,223170.50195990084,256.13025769903555,135444.87236628222,NaN,NaN,10000.0,10000.0,571079.8958031752,1.0575936397714342e6,controlled
MDSC,10.0,1.2909136983810517e-6,1310.4156504841114,684.1926712135992,684.1322991123252,2.8357744418962683,534.2066053474709,223755.63258970893,230.7275321664389,136201.45611190816,NaN,NaN,10000.0,10000.0,506708.95711933926,941134.7447615247,controlled
MDSC,10.0,1.3552614166593774e-6,1080.0032410770066,609.3221820660311,609.2930813912236,2.7855384465899773,530.4646512461553,224292.189526303,207.17832446949885,136899.1758992728,NaN,NaN,10000.0,10000.0,450720.5319470274,837622.443286941,controlled
MDSC,10.0,1.4228166528785383e-6,897.1816149583967,541.0538683583953,541.0395759828191,2.734030996876907,527.0519755487453,224783.7781449326,185.38658340132974,137541.75759768984,NaN,NaN,10000.0,10000.0,401433.9403825889,744994.4543323389,controlled
MDSC,10.0,1.4937392910502137e-6,749.695154134944,478.8639685305644,478.8569053498118,2.681111748871456,523.9428539444777,225233.52416181477,165.26734141915856,138132.4617829603,NaN,NaN,10000.0,10000.0,357684.37712537916,661758.6631684371,controlled
MDSC,10.0,1.568197184867829e-6,629.0565074307342,422.29809103256764,422.2945064173024,2.626642632168475,521.1147236487934,225644.18391747773,146.74325556940306,138674.1954603905,NaN,NaN,10000.0,10000.0,318625.65886109637,586782.7601599059,controlled
MDSC,10.0,1.646366554968472e-6,529.2442211840631,370.95356134125444,370.9517298329066,2.570486582818938,518.5475828649439,226018.24789106127,129.74183340225014,139169.63187641144,NaN,NaN,10000.0,10000.0,283618.85694552393,519173.25361379946,controlled
MDSC,10.0,1.7284324059969565e-6,445.8920256991584,324.46701052298516,324.46607107896796,2.5125057212876114,516.2233019004726,226357.9968131982,114.19359433279662,139621.2634203122,NaN,NaN,10000.0,10000.0,252165.4677196812,458201.445783919,controlled
MDSC,10.0,1.8145889644591558e-6,375.76985757891794,282.50532255905614,282.5048325511176,2.452560466165068,514.1252391502006,226665.55645626693,100.03059502211792,140031.46222291235,NaN,NaN,10000.0,10000.0,223865.31331339825,403255.895132133,controlled
MDSC,10.0,1.9050401384008434e-6,316.44320782239464,244.75889152378596,244.75862698100198,2.3905087720158056,512.2379247367624,226942.9363665151,87.18540738740164,140402.520650283,NaN,NaN,10000.0,10000.0,198388.94808503168,353810.6876881903,controlled
MDSC,10.0,2.0000000000000003e-6,266.04446295743804,210.93656953094242,210.9364327248954,2.326205620096007,510.54682002768044,227192.05872492315,75.59042162612803,140736.68046553538,NaN,NaN,10000.0,10000.0,175458.98082749845,309403.61956572114,controlled
NK,0.1,3.000000000000001e-7,9.247660390971368e6,9.746112134515364e6,9.746112134521274e6,6.988831448437963,487331.1356422071,716.6844619916911,15.762164105109747,205.1161308808428,45.0,60.0,45.0,60.0,2.831679507797012e9,9.020460713217867e9,tumor_dominant
NK,0.1,3.14953993832204e-7,9.218657432178142e6,9.745805328742351e6,9.745805328747911e6,6.988817776715724,487315.825211048,716.7069312196357,15.762657519140788,205.12257220544916,50.0,60.0,50.0,60.0,2.825722788444203e9,9.014309172198986e9,tumor_dominant
NK,0.1,3.306533941028525e-7,9.185511625231279e6,9.74548321911428e6,9.74548321912096e6,6.988803422567832,487299.7510755285,716.730522758214,15.763174966238452,205.12933575842814,50.0,65.0,50.0,65.0,2.819285236746776e9,9.00766708088843e9,tumor_dominant
NK,0.1,3.471353568228903e-7,9.147378861474924e6,9.745145041700877e6,9.745145041708466e6,6.988788351881846,487282.87511324126,716.7552927857936,15.763718122991007,205.1364372863439,50.0,65.0,50.0,65.0,2.8123126881528425e9,9.000479789637545e9,tumor_dominant
NK,0.1,3.644388901057883e-7,9.103186018303975e6,9.744789994379766e6,9.744789994387776e6,6.98877252883512,487265.1572959435,716.7813003051228,15.764288961102352,205.14389316959566,50.0,65.0,50.0,65.0,2.8047422324151235e9,8.992683878851223e9,tumor_dominant
NK,0.1,3.8260494648864557e-7,9.051552485447017e6,9.744417234923147e6,9.744417234930534e6,6.988755915808549,487246.5555939878,716.8086072865884,15.764888294335048,205.15172160838182,50.0,65.0,50.0,65.0,2.796500272694008e9,8.984205216874771e9,tumor_dominant
NK,0.1,4.0167651985518443e-7,8.990678900671843e6,9.744025878981233e6,9.744025878990889e6,6.988738473295914,487227.0258759288,716.8372788188656,15.765517339553519,205.15994142903514,50.0,65.0,50.0,65.0,2.787500074798685e9,8.974956507957758e9,tumor_dominant
NK,0.1,4.2169874719003627e-7,8.918186818788102e6,9.743614997982774e6,9.743614997992227e6,6.988720159808584,487206.52180306386,716.8673832673622,15.766177909212301,205.16857198402553,55.0,65.0,55.0,65.0,2.777638626396891e9,8.964834150121815e9,tumor_dominant
NK,0.1,4.427190154051293e-7,8.830883664615115e6,9.74318361689582e6,9.743183616907157e6,6.988700931775355,487184.9947186423,716.8989924408705,15.766871287568131,205.17763408875578,55.0,70.0,55.0,70.0,2.766792447020516e9,8.953714043756363e9,tumor_dominant
NK,0.1,4.6478707349102155e-7,8.724411852015577e6,9.742730711912975e6,9.742730711925184e6,6.9886807434371505,487162.3935314769,716.9321817668621,15.767599228794412,205.18714928637777,55.0,70.0,55.0,70.0,2.754811776082796e9,8.941445778155073e9,tumor_dominant
NK,0.1,4.879551502585967e-7,8.59271509557338e6,9.74225520798709e6,9.742255208002431e6,6.98865954673632,487138.6645936645,716.9670304759024,15.76836410548433,205.19713980645386,55.0,70.0,55.0,70.0,2.741512564068815e9,8.927844621150154e9,tumor_dominant
NK,0.1,5.122780779497939e-7,8.42721144279484e6,9.741755976271372e6,9.741755976287434e6,6.988637291200255,487113.75157211686,717.0036217956705,15.7691666328685,205.207630363083,60.0,70.0,60.0,70.0,2.72666577066941e9,8.912680815611692e9,tumor_dominant
NK,0.1,5.378134220099089e-7,8.215489904568806e6,9.741231831396502e6,9.741231831416197e6,6.988613923819006,487087.59531358216,717.0420431551154,15.770009398257214,205.21864550440677,60.0,75.0,60.0,75.0,2.7099823068517747e9,8.895664519800768e9,tumor_dominant
NK,0.1,5.646216173286177e-7,7.93923104114894e6,9.740681528646445e6,9.740681528670367e6,6.988589388916607,487060.1337028221,717.0823863992862,15.770895153081472,205.23021100739015,60.0,75.0,60.0,75.0,2.691089730346701e9,8.876422501052084e9,tumor_dominant
NK,0.1,5.927661112721535e-7,7.570889174595836e6,9.740103760961222e6,9.740103760991285e6,6.988563628015757,487031.30151358974,717.1247480154316,15.771824137210455,205.2423559557938,65.0,80.0,65.0,80.0,2.669497879717423e9,8.854463767946508e9,tumor_dominant
NK,0.1,6.223135138451644e-7,7.068560271125422e6,9.739497155804742e6,9.739497155841751e6,6.988536579695486,487001.0302520396,717.1692293709997,15.772800293626354,205.25510811358507,65.0,80.0,65.0,80.0,2.644546406972761e9,8.829127100931824e9,tumor_dominant
NK,0.1,6.533337553376234e-7,6.368977859626789e6,9.73886027186154e6,9.73886027190908e6,6.988508179441482,486969.24799217394,717.2159369641607,15.773825091907625,205.26849866462229,70.0,85.0,70.0,85.0,2.6153154777954617e9,8.799491750457144e9,tumor_dominant
NK,0.1,6.859002518299215e-7,5.382462299722534e6,9.738191595572203e6,9.738191595639717e6,6.988478359488623,486935.8792029148,717.2649826875869,15.774900848331399,205.2825597840849,75.0,85.0,75.0,85.0,2.5804767388988476e9,8.764228402129251e9,tumor_dominant
NK,0.1,7.200900789478258e-7,4.0120351406089603e6,9.737489537491722e6,9.737489537597444e6,6.988447048655336,486900.8445663655,717.3164841062048,15.776031194426324,205.29732440730922,75.0,90.0,75.0,90.0,2.5380142577476296e9,8.72132011412081e9,tumor_dominant
NK,0.1,7.559841542785492e-7,2.283958915712263e6,9.736752428457888e6,9.73675242863626e6,6.988414172169336,486864.06078680314,717.3705647497068,15.777217585075482,205.31282886929986,80.0,95.0,80.0,95.0,2.4846681150735035e9,8.66750590725557e9,tumor_dominant
NK,0.1,7.936674288796335e-7,733721.8762878506,9.735978515525417e6,9.735978515877122e6,6.988379651484243,486825.4403899176,717.4273544206612,15.778463785927341,205.32910971607367,90.0,105.0,90.0,105.0,2.4146798120135145e9,8.597026169591673e9,tumor_dominant
NK,0.1,8.33229088333924e-7,141490.6418216409,9.735165957564298e6,9.735165958479755e6,6.98834340408663,486784.89151178714,717.4869895190924,15.779771925784933,205.34620667570152,100.0,115.0,100.0,115.0,2.316447467546375e9,8.498277851171122e9,tumor_dominant
NK,0.1,8.747627638264501e-7,36373.06279494226,9.734312819010925e6,9.734312823197395e6,6.988305343292936,486742.3176770528,717.5496133844804,15.781146196834845,205.3641600867842,115.0,130.0,115.0,130.0,2.1608233129492764e9,8.342111955634624e9,tumor_dominant
NK,0.1,9.183667537427913e-7,14306.847869119463,9.733416972855257e6,9.733417079704368e6,6.988265378035716,486697.61756572296,717.6153766561681,15.782588934773822,205.3830138361899,150.0,165.0,150.0,165.0,1.8288887981343088e9,8.009608642599026e9,tumor_dominant
NK,0.1,9.641442563133607e-7,7427.580364141203,1354.727860856688,1315.7232741203163,3.119494512129299,565.7861465953438,219327.72456254048,415.91687638174835,130584.8089463462,NaN,NaN,10000.0,10000.0,1.5498873430425697e6,2.3869893671594174e6,intermediate
NK,0.1,1.0122036138542432e-6,4564.2973547885695,1187.8500619357274,1183.0103152130787,3.0733554860191687,559.150515134108,220243.53238876694,378.9270574561494,131726.22784833875,NaN,NaN,10000.0,10000.0,1.0600979792032053e6,1.8114957525857305e6,intermediate
NK,0.1,1.0626585691826105e-6,3117.489003121006,1064.7279567567107,1063.287599234868,3.0270590019093433,553.1643693799678,221076.2835778532,344.70562874216387,132773.17397496474,NaN,NaN,10000.0,10000.0,853066.2613729665,1.5283057670018054e6,intermediate
NK,0.1,1.1156285348135952e-6,2281.6052932974526,955.298640432947,954.7662741810268,2.980351701644604,547.7383122573027,221836.58667388538,312.96785361175927,133736.65734762547,NaN,NaN,10000.0,10000.0,716548.2748062665,1.322842865762024e6,controlled
NK,0.1,1.1712388755757056e-6,1749.8235776063307,856.2983328278697,856.0804420984066,2.9330215849569723,542.8040225801193,222532.53574308168,283.4986729733954,134625.03682936405,NaN,NaN,10000.0,10000.0,613719.1330342642,1.15733716434581e6,controlled
NK,0.1,1.229621205313694e-6,1386.3521105254658,766.2519624670439,766.1572584721312,2.884884398481186,538.307859348456,223170.5020011166,256.13025861058674,135444.8724288529,NaN,NaN,10000.0,10000.0,531135.2968617409,1.0176480342826641e6,controlled
NK,0.1,1.2909136983810517e-6,1123.9360830158225,684.1751599979743,684.1323027535858,2.8357744442044055,534.2066070206581,223755.63270779033,230.7275321111646,136201.45630587882,NaN,NaN,10000.0,10000.0,462334.2825750616,896759.5643994076,controlled
NK,0.1,1.3552614166593774e-6,926.2440070291638,609.3129869403896,609.2930502703189,2.785538424443835,530.4646421602929,224292.18878205825,207.1783291973789,136899.17465074008,NaN,NaN,10000.0,10000.0,403689.40956178843,790591.0669643763,controlled
NK,0.1,1.4228166528785383e-6,772.2523374833983,541.0490405250025,541.0395796132734,2.73403099978571,527.0519768665458,224783.7782476542,185.38658290805196,137541.75776936676,NaN,NaN,10000.0,10000.0,352947.4827364827,696507.8690326546,controlled
NK,0.1,1.4937392910502137e-6,649.0985017475034,478.8614277285128,478.8569150332362,2.681111757635439,523.9428563286997,225233.52437817032,165.2673391983121,138132.46215188943,NaN,NaN,10000.0,10000.0,308602.3147001159,612676.5363139426,controlled
NK,0.1,1.568197184867829e-6,548.5413792495245,422.2967500637592,422.29450045379235,2.6266426260499935,521.114722049612,225644.18377409247,146.74325701798708,138674.19521561026,NaN,NaN,10000.0,10000.0,269588.9880523302,537746.0566985349,controlled
NK,0.1,1.646366554968472e-6,465.0906222472675,370.95285102735465,370.95172764204983,2.570486580260872,518.5475819747334,226018.24782011978,129.74183384483246,139169.63175675087,NaN,NaN,10000.0,10000.0,235119.88913649548,470674.26910915767,controlled
NK,0.1,1.7284324059969565e-6,394.96268637394235,324.4666330549367,324.46606371502855,2.512505711461339,516.22329818889,226357.99652915055,114.19359572529005,139621.2629428577,NaN,NaN,10000.0,10000.0,204590.2119028757,410626.1814481601,controlled
NK,0.1,1.8145889644591558e-6,335.47084257633026,282.5051210085511,282.5048225001855,2.452560450768278,514.1252330521096,226665.55600215783,100.03059683956727,140031.46146119628,NaN,NaN,10000.0,10000.0,177520.36377497236,356910.94115491107,controlled
NK,0.1,1.9050401384008434e-6,284.6543100624631,244.75878297238495,244.75863169696206,2.390508780349655,512.2379281370037,226942.93661455574,87.18540656260932,140402.5210657527,NaN,NaN,10000.0,10000.0,153519.22140888456,308940.9586995376,controlled
NK,0.1,2.0000000000000003e-6,241.0451074652261,210.93651102581336,210.9364327651967,2.326205620178591,510.5468200620018,227192.05872738617,75.5904216192602,140736.68046965663,NaN,NaN,10000.0,10000.0,132259.83174488985,266204.4692739162,controlled
NK,0.2,3.000000000000001e-7,8.413516586988179e6,9.746112134505486e6,9.746112134521265e6,6.988831448437962,487331.1356422071,716.6844619916911,15.762164458068053,205.11613059763135,60.0,75.0,60.0,75.0,2.7261916591187778e9,8.914972864539515e9,tumor_dominant
NK,0.2,3.14953993832204e-7,8.304874674377076e6,9.745805328730753e6,9.745805328747911e6,6.988817776715724,487315.825211048,716.7069312196352,15.762657519439628,205.12257220532635,60.0,75.0,60.0,75.0,2.7174530124935484e9,8.906039396248207e9,tumor_dominant
NK,0.2,3.306533941028525e-7,8.177443094413047e6,9.745483219102116e6,9.745483219120976e6,6.988803422567833,487299.7510755285,716.7305227582135,15.763174479068992,205.12933614699514,60.0,75.0,60.0,75.0,2.7079313212644653e9,8.896313165405994e9,tumor_dominant
NK,0.2,3.471353568228903e-7,8.026731955317339e6,9.745145041686177e6,9.745145041708468e6,6.988788351881846,487282.87511324126,716.7552927857936,15.763718052320465,205.1364373430076,60.0,75.0,60.0,75.0,2.6975244472027245e9,8.88569154868727e9,tumor_dominant
NK,0.2,3.644388901057883e-7,7.846899255148553e6,9.744789994364247e6,9.74478999438777e6,6.98877252883512,487265.1572959435,716.7813003051234,15.764289190007961,205.14389298909174,60.0,75.0,60.0,75.0,2.68611084889801e9,8.87405249533392e9,tumor_dominant
NK,0.2,3.8260494648864557e-7,7.630281808560762e6,9.744417234902414e6,9.744417234930553e6,6.98875591580855,487246.5555939878,716.808607286588,15.764887822393499,205.1517219797192,65.0,80.0,65.0,80.0,2.673544738261859e9,8.861249682442398e9,tumor_dominant
NK,0.2,4.0167651985518443e-7,7.366764691469433e6,9.744025878958466e6,9.744025878990885e6,6.988738473295914,487227.0258759288,716.837278818866,15.76551740559082,205.1599413773277,65.0,80.0,65.0,80.0,2.6596492914074945e9,8.8471057245663e9,tumor_dominant
NK,0.2,4.2169874719003627e-7,7.042963723714066e6,9.743614997955516e6,9.743614997992229e6,6.988720159808584,487206.52180306386,716.8673832673626,15.766177883256209,205.1685720044573,65.0,80.0,65.0,80.0,2.644206938164664e9,8.831402461889277e9,tumor_dominant
NK,0.2,4.427190154051293e-7,6.641254670017701e6,9.743183616862752e6,9.743183616907187e6,6.988700931775356,487184.9947186423,716.8989924408708,15.766870692134296,205.1776345530036,70.0,85.0,70.0,85.0,2.6269466016820908e9,8.8138681984176e9,tumor_dominant
NK,0.2,4.6478707349102155e-7,6.138880554206574e6,9.742730711872112e6,9.742730711925201e6,6.988680743437151,487162.3935314769,716.9321817668617,15.767598897570428,205.18714954297758,70.0,85.0,70.0,85.0,2.607526005257881e9,8.794160007329735e9,tumor_dominant
NK,0.2,4.879551502585967e-7,5.507938702053261e6,9.742255207936997e6,9.742255208002456e6,6.988659546736321,487138.6645936645,716.9670304759011,15.76836369592494,205.19714012194615,70.0,85.0,70.0,85.0,2.5855035664384356e9,8.771835623519218e9,tumor_dominant
NK,0.2,5.122780779497939e-7,4.718553443314557e6,9.741755976202844e6,9.741755976287415e6,6.988637291200254,487113.7515721168,717.0036217956706,15.769166981464933,205.20763009620413,75.0,90.0,75.0,90.0,2.560298624938919e9,8.746313669880472e9,tumor_dominant
NK,0.2,5.378134220099089e-7,3.751078026743134e6,9.741231831305522e6,9.741231831416199e6,6.988613923819006,487087.59531358216,717.0420431551153,15.770009334457168,205.21864555414803,80.0,90.0,80.0,90.0,2.5311276958862166e9,8.716809908834223e9,tumor_dominant
NK,0.2,5.646216173286177e-7,2.6293981292129564e6,9.740681528516015e6,9.740681528670397e6,6.9885893889166075,487060.1337028221,717.0823863992861,15.770894708141004,205.23021134524936,80.0,95.0,80.0,95.0,2.49690120690936e9,8.682233977613325e9,tumor_dominant
NK,0.2,5.927661112721535e-7,1.4871815355584286e6,9.740103760759132e6,9.740103760991253e6,6.988563628015756,487031.30151358974,717.1247480154321,15.771824589750343,205.2423556159954,85.0,100.0,85.0,100.0,2.45604543492764e9,8.641011323154549e9,tumor_dominant
NK,0.2,6.223135138451644e-7,613730.6232478794,9.739497155465486e6,9.739497155841764e6,6.988536579695487,487001.0302520396,717.1692293709993,15.77280009581075,205.25510826303056,90.0,105.0,90.0,105.0,2.4061780046472335e9,8.590758698602638e9,tumor_dominant
NK,0.2,6.533337553376234e-7,204629.51167625567,9.73886027121357e6,9.738860271909071e6,6.988508179441481,486969.24799217394,717.2159369641605,15.773825203937859,205.26849858167478,95.0,110.0,95.0,110.0,2.343459760015641e9,8.527636032670371e9,tumor_dominant
NK,0.2,6.859002518299215e-7,73973.99311775876,9.738191594081454e6,9.73819159563969e6,6.988478359488622,486935.8792029148,717.2649826875875,15.774901151186324,205.2825595620369,105.0,120.0,105.0,120.0,2.2611524522953277e9,8.444904115509755e9,tumor_dominant
NK,0.2,7.200900789478258e-7,32711.52323585382,9.737489532791253e6,9.73748953759743e6,6.988447048655336,486900.8445663655,717.3164841062048,15.776031349557831,205.29732429442737,115.0,130.0,115.0,130.0,2.1458436649936337e9,8.329149521316352e9,tumor_dominant
NK,0.2,7.559841542785492e-7,17319.10772123734,9.736752400437392e6,9.736752428636253e6,6.988414172169335,486864.06078680314,717.3705647497069,15.77721769319404,205.31282879248607,135.0,150.0,135.0,150.0,1.9646887160273588e9,8.147526507908654e9,tumor_dominant
NK,0.2,7.936674288796335e-7,10478.26329811099,9.735977461321814e6,9.735978515877115e6,6.988379651484242,486825.4403899176,717.4273544206615,15.778463854335973,205.32910966777413,175.0,190.0,175.0,190.0,1.593640024486815e9,7.77598637074906e9,tumor_dominant
NK,0.2,8.33229088333924e-7,6973.066313610732,2150.4978120604487,1821.7780484235366,3.2607337897667135,591.0888880964624,215904.42493492327,548.3532988924393,126408.135267995,NaN,NaN,10000.0,10000.0,1.7831849562728286e6,2.9586346949879904e6,intermediate
NK,0.2,8.747627638264501e-7,4968.3710826976185,1660.121109936031,1630.8285103392657,3.2126745165951487,581.5414070739256,217183.50723195818,499.93071584964105,127952.34626710851,NaN,NaN,10000.0,10000.0,1.1936113224572535e6,2.2306401326737227e6,intermediate
NK,0.2,9.183667537427913e-7,3720.2496712218453,1472.1291332216074,1463.8524146123434,3.165793871278384,573.1926081563286,218314.49165488078,456.06545026926926,129333.94243445377,NaN,NaN,10000.0,10000.0,970266.8989871077,1.9001859556643972e6,intermediate
NK,0.2,9.641442563133607e-7,2889.7424903896253,1318.7120263865158,1315.723281772265,3.119494514653139,565.7861563323238,219327.72509275272,415.91688339738846,130584.80977209732,NaN,NaN,10000.0,10000.0,824151.08848889,1.6597592260713298e6,intermediate
NK,0.2,1.0122036138542432e-6,2307.0861456681027,1184.218798952577,1183.0102255157362,3.0733554531182206,559.1504997802776,220243.53103511786,378.9270668167634,131726.22559524627,NaN,NaN,10000.0,10000.0,713765.0268262038,1.4650230721442888e6,intermediate
NK,0.2,1.0626585691826105e-6,1880.4702639943348,1063.80958885324,1063.2876922179435,3.0270590398521273,553.1643802170796,221076.2847562936,344.70561298243837,132773.17597969997,NaN,NaN,10000.0,10000.0,624564.9424078421,1.2997714037026463e6,intermediate
NK,0.2,1.1156285348135952e-6,1557.0152676995795,955.0015717083991,954.7662512032624,2.980351691203645,547.7383053294493,221836.58615555364,312.96785460215006,133736.6564956936,NaN,NaN,10000.0,10000.0,549693.5711261226,1.1559781097291738e6,controlled
NK,0.2,1.1712388755757056e-6,1304.6309163930334,856.1897711211082,856.0804202827494,2.9330215739026775,542.8040153486791,222532.53520669637,283.4986739871168,134625.03594651504,NaN,NaN,10000.0,10000.0,485346.91228227806,1.0289614715570566e6,controlled
NK,0.2,1.229621205313694e-6,1102.9699532447644,766.2092433468135,766.1572655091676,2.884884402464914,538.3078613161783,223170.5021582169,256.1302578392346,135444.87269036676,NaN,NaN,10000.0,10000.0,429180.7701381175,915692.2114349195,controlled
NK,0.2,1.2909136983810517e-6,938.6411356884231,684.1574892413776,684.1323481657511,2.8357744729904546,534.2066150878417,223755.63349398892,230.72752292995855,136201.45764581105,NaN,NaN,10000.0,10000.0,379638.60508684313,814063.3765311753,controlled
NK,0.2,1.3552614166593774e-6,802.5442623616769,609.3054091652681,609.2930644268503,2.7855384345178535,530.4646463983576,224292.18912630578,207.17832711247812,136899.17522767445,NaN,NaN,10000.0,10000.0,335626.83193092,722528.2802689138,controlled
NK,0.2,1.4228166528785383e-6,688.3201441504787,541.0456992984343,541.0395818892786,2.7340310016092975,527.0519776748247,224783.77831107046,185.38658258827226,137541.75787544006,NaN,NaN,10000.0,10000.0,296341.85680607153,639902.1548877541,controlled
NK,0.2,1.4937392910502137e-6,591.4139147221094,478.85992314194664,478.8568946741337,2.6811117392094332,523.9428513065932,225233.52392277814,165.26734386203668,138132.4613754149,NaN,NaN,10000.0,10000.0,261170.8298181105,565245.0133051875,controlled
NK,0.2,1.568197184867829e-6,508.48985210911343,422.29605931892405,422.29450681644164,2.626642632577986,521.1147237558315,225644.18392707486,146.7432554724484,138674.19547677427,NaN,NaN,10000.0,10000.0,229631.30441182762,497788.35618190054,controlled
NK,0.2,1.646366554968472e-6,437.05482554201143,370.95252896130376,370.95172093437026,2.570486572428919,518.5475792492008,226018.2476029197,129.7418351998768,139169.63139038917,NaN,NaN,10000.0,10000.0,201332.76649273568,436887.13891105185,controlled
NK,0.2,1.7284324059969565e-6,375.2095263750957,324.4664808708418,324.46606184739306,2.512505708969209,516.223297247563,226357.996457111,114.19359607845243,139621.26282176643,NaN,NaN,10000.0,10000.0,175951.17049580635,381987.136589729,controlled
NK,0.2,1.8145889644591558e-6,321.4803870691213,282.50504823589944,282.50482941690615,2.452560461363842,514.1252372486184,226665.55631466105,100.03059558885683,140031.46198538464,NaN,NaN,10000.0,10000.0,153211.5396607816,332602.1154275323,controlled
NK,0.2,1.9050401384008434e-6,274.70355384626964,244.75874776570953,244.75863248235623,2.390508781737571,512.2379287032916,226942.9366558653,87.18540642524592,140402.52113494626,NaN,NaN,10000.0,10000.0,132875.77387725018,288297.5104709905,controlled
NK,0.2,2.0000000000000003e-6,233.9434536186248,210.9364935688718,210.93642796273323,2.326205610337511,510.54681597210384,227192.05843388574,75.5904224377169,140736.6799785443,NaN,NaN,10000.0,10000.0,114733.93356136332,248678.5707265734,controlled
NK,0.5,3.000000000000001e-7,50902.7359691317,9.746112132327586e6,9.746112134521266e6,6.988831448437963,487331.1356422071,716.684461991691,15.762164410585951,205.1161306369378,110.0,125.0,110.0,125.0,2.2241951555749435e9,8.412976360972361e9,tumor_dominant
NK,0.5,3.14953993832204e-7,41411.56721478501,9.745805325860642e6,9.745805328747926e6,6.988817776715725,487315.825211048,716.7069312196352,15.76265701500948,205.12257261067583,115.0,125.0,115.0,125.0,2.1961241281585402e9,8.384710511882456e9,tumor_dominant
NK,0.5,3.306533941028525e-7,33925.85702144402,9.745483215192081e6,9.74548321912096e6,6.988803422567832,487299.7510755285,716.7305227582135,15.76317491215369,205.12933580354274,115.0,130.0,115.0,130.0,2.16462060353794e9,8.353002447637582e9,tumor_dominant
NK,0.5,3.471353568228903e-7,27991.66491368831,9.745145036143104e6,9.745145041708449e6,6.988788351881845,487282.87511324126,716.7552927857938,15.763718594163853,205.1364369137875,120.0,135.0,120.0,135.0,2.1290267252033923e9,8.317193826628543e9,tumor_dominant
NK,0.5,3.644388901057883e-7,23259.677276467097,9.74478998611476e6,9.744789994387778e6,6.98877252883512,487265.1572959435,716.7813003051228,15.764289034775853,205.14389311336768,125.0,140.0,125.0,140.0,2.0884979960272288e9,8.276439642374731e9,tumor_dominant
NK,0.5,3.8260494648864557e-7,19462.091512443534,9.744417221886149e6,9.744417234930545e6,6.98875591580855,487246.5555939878,716.8086072865882,15.764888044754718,205.1517218071164,130.0,145.0,130.0,145.0,2.0419286400695586e9,8.229633584110536e9,tumor_dominant
NK,0.5,4.0167651985518443e-7,16393.81444233029,9.744025856856667e6,9.744025878990894e6,6.988738473295915,487227.0258759288,716.8372788188653,15.765517202197417,205.15994153909037,135.0,150.0,135.0,150.0,1.9878389759028277e9,8.17529540882474e9,tumor_dominant
NK,0.5,4.2169874719003627e-7,13897.622138162697,9.743614956762416e6,9.743614997992227e6,6.988720159808584,487206.5218030639,716.8673832673627,15.766177898675823,205.16857199287736,140.0,155.0,140.0,155.0,1.9241968162998903e9,8.111392339582968e9,tumor_dominant
NK,0.5,4.427190154051293e-7,11852.688434890691,9.743183530202044e6,9.743183616907151e6,6.988700931775355,487184.9947186423,716.8989924408711,15.766871423495056,205.1776339840609,150.0,165.0,150.0,165.0,1.8481218995122042e9,8.035043495318732e9,tumor_dominant
NK,0.5,4.6478707349102155e-7,10165.823803468262,9.742730497366212e6,9.742730711925166e6,6.98868074343715,487162.3935314769,716.9321817668624,15.767599589920165,205.18714900918621,160.0,170.0,160.0,170.0,1.7553745601125786e9,7.942008559884846e9,tumor_dominant
NK,0.5,4.879551502585967e-7,8764.837468080947,9.74225454206706e6,9.742255208002435e6,6.98865954673632,487138.6645936645,716.9670304759022,15.76836404871448,205.1971398528131,170.0,185.0,170.0,185.0,1.639407827178765e9,7.825739877120525e9,tumor_dominant
NK,0.5,5.122780779497939e-7,7593.528338271277,9.741753097240567e6,9.741755976287415e6,6.988637291200254,487113.75157211686,717.003621795671,15.769166973037597,205.20763010443062,185.0,200.0,185.0,200.0,1.4894733421358862e9,7.67548835620826e9,tumor_dominant
NK,0.5,5.378134220099089e-7,6607.910291199336,9.741210931243755e6,9.741231831416177e6,6.988613923819005,487087.59531358216,717.0420431551162,15.77000974260653,205.2186452470231,205.0,220.0,205.0,220.0,1.286413964912852e9,7.472095953741405e9,tumor_dominant
NK,0.5,5.646216173286177e-7,5773.366076436758,9.740311196426786e6,9.740681528670406e6,6.988589388916608,487060.1337028221,717.0823863992858,15.770894599703233,205.23021143587425,235.0,250.0,235.0,250.0,9.918835648185645e8,7.177212363866319e9,tumor_dominant
NK,0.5,5.927661112721535e-7,5062.497829144955,9.700965512372069e6,9.740103760991255e6,6.988563628015756,487031.30151358974,717.1247480154323,15.77182458707379,205.24235562030606,285.0,300.0,285.0,300.0,5.1451203271804816e8,6.699057768923623e9,tumor_dominant
NK,0.5,6.223135138451644e-7,4453.497874127197,29755.08866117441,9.739497155841773e6,6.988536579695487,487001.0302520396,717.1692293709995,15.772800022824091,205.2551083329438,385.0,400.0,385.0,400.0,2.4215014414006346e6,5.73551743614658e9,tumor_dominant
NK,0.5,6.533337553376234e-7,3928.9101843259136,4579.977932075462,9.738860271909071e6,6.988508179441481,486969.24799217394,717.215936964161,15.77382530807184,205.26849851147594,770.0,785.0,770.0,785.0,1.4464678511293444e6,1.9779066708807313e9,tumor_dominant
NK,0.5,6.859002518299215e-7,3474.6843931327576,3265.9393754754246,3203.1233054272616,3.505709220844231,660.1561073504159,207081.83368618455,849.8083119406209,116258.16093571289,NaN,NaN,10000.0,10000.0,1.1861671604987767e6,3.2305977303282763e6,intermediate
NK,0.5,7.200900789478258e-7,3079.449857623915,2696.9573683812177,2665.1547028995496,3.4258853456278513,633.2576883052766,210430.70187169875,741.8656713208258,120011.04834850309,NaN,NaN,10000.0,10000.0,1.0227279741450214e6,2.7182460341581e6,intermediate
NK,0.5,7.559841542785492e-7,2733.955911762478,2329.219848375913,2315.264002808261,3.3647880578310994,615.7631645363961,212667.53101080476,665.4152315482032,122584.72536307081,NaN,NaN,10000.0,10000.0,900342.8145884518,2.37159564624543e6,intermediate
NK,0.5,7.936674288796335e-7,2430.6380140465976,2051.293973875803,2044.9601869679068,3.31089717837498,602.2479804452639,214428.39794953787,602.6949524461006,124649.84412198937,NaN,NaN,10000.0,10000.0,801287.3841689844,2.10023935938738e6,intermediate
NK,0.5,8.33229088333924e-7,2163.279714001557,1824.7578886168847,1821.7780671533183,3.2607337942292647,591.0888931450818,215904.42527663603,548.3533004536534,126408.13581242703,NaN,NaN,10000.0,10000.0,717606.5798592903,1.8746006751334367e6,intermediate
NK,0.5,8.747627638264501e-7,1926.7478934063297,1632.2710872691007,1630.82857390443,3.212674533512367,581.5414227797743,217183.50835262355,499.9307180034125,127952.34807141992,NaN,NaN,10000.0,10000.0,645021.949994713,1.6806695135505411e6,intermediate
NK,0.5,9.183667537427913e-7,1716.7842511627023,1464.5661976063082,1463.852394306442,3.165793865258159,573.1926135304794,218314.49179521194,456.0654600078896,129333.94261210681,NaN,NaN,10000.0,10000.0,580955.4626516355,1.510533865165934e6,intermediate
NK,0.5,9.641442563133607e-7,1529.8402638616637,1316.0824791099433,1315.72333553908,3.1194945323870327,565.7861571301115,219327.7254680368,415.91687124183505,130584.810445053,NaN,NaN,10000.0,10000.0,523726.4928014389,1.359225663208362e6,intermediate
NK,0.5,1.0122036138542432e-6,1362.9457982842648,1183.1933940953431,1183.010305856572,3.073355482587206,559.150507536796,220243.5319461867,378.92705324916585,131726.2271494857,NaN,NaN,10000.0,10000.0,472173.89003222424,1.2233924809281288e6,intermediate
NK,0.5,1.0626585691826105e-6,1213.6040156567433,1063.381951343596,1063.2876791949466,3.027059034537948,553.1643803566881,221076.2846757142,344.7056165519256,132773.17582955406,NaN,NaN,10000.0,10000.0,425458.44942372415,1.1006495241526957e6,intermediate
NK,0.5,1.1156285348135952e-6,1079.7068210050816,954.8151690286912,954.766276720581,2.980351702798562,547.7383135551718,221836.58675865893,312.9678539177255,133736.65748448245,NaN,NaN,10000.0,10000.0,382951.1762539192,989229.4064050359,controlled
NK,0.5,1.1712388755757056e-6,959.4665277541651,856.1059485732808,856.0804068914915,2.9330215671171422,542.8040200122238,222532.5353536723,283.49868134989265,134625.03614752644,NaN,NaN,10000.0,10000.0,344166.0403777257,887777.918861335,controlled
NK,0.5,1.229621205313694e-6,851.3603496025962,766.1706660756067,766.1572769275285,2.8848844089289485,538.3078604927879,223170.50220035808,256.1302537701624,135444.87278145278,NaN,NaN,10000.0,10000.0,308717.4248788775,795227.6965712096,controlled
NK,0.5,1.2909136983810517e-6,754.0850363508964,684.1394157593973,684.1323646250654,2.8357744834237515,534.2066170887603,223755.63372944208,230.727518989962,136201.45805364355,NaN,NaN,10000.0,10000.0,276292.06960743683,710716.3189823427,controlled
NK,0.5,1.3552614166593774e-6,666.5196763184016,609.2968186392278,609.2930790890564,2.785538444951718,530.4646529639614,224292.18960095456,207.17832631596798,136899.17601154692,NaN,NaN,10000.0,10000.0,246629.92477968155,633531.1357345706,controlled
NK,0.5,1.4228166528785383e-6,587.6950947274107,541.0415678404346,541.0395977292504,2.734031014300644,527.0519813505167,224783.77864537542,185.38657921252232,137541.75844421537,NaN,NaN,10000.0,10000.0,219510.70073494292,563070.8893753983,controlled
NK,0.5,1.4937392910502137e-6,516.7684755757401,478.85791542643733,478.85686155521546,2.6811117092351555,523.9428422003073,225233.52312995013,165.2673509297136,138132.460029678,NaN,NaN,10000.0,10000.0,194744.1881019912,498818.32017914817,controlled
NK,0.5,1.568197184867829e-6,453.0023450101425,422.2950749834741,422.29450273952034,2.6266426283951194,521.1147226625566,225644.18382905016,146.743256462763,138674.1953094313,NaN,NaN,10000.0,10000.0,172163.148710384,440320.17653309135,controlled
NK,0.5,1.646366554968472e-6,395.7470872666961,370.9520412411145,370.9517206134006,2.570486572054152,518.5475791187848,226018.24759252675,129.74183526471418,139169.6313728587,NaN,NaN,10000.0,10000.0,151618.0095555733,387172.3705447137,controlled
NK,0.5,1.7284324059969565e-6,344.4263409327657,324.4662376817204,324.46607051554764,2.5125057205357963,516.2233016164988,226357.9967914656,114.19359443933675,139621.2633837821,NaN,NaN,10000.0,10000.0,132972.85407118945,339008.8145855145,controlled
NK,0.5,1.8145889644591558e-6,298.52487517944553,282.5049251789733,282.50483185694384,2.452560465101679,514.1252387290239,226665.55642490293,100.03059514764378,140031.462170303,NaN,NaN,10000.0,10000.0,116102.36802255428,295492.94114111015,controlled
NK,0.5,1.9050401384008434e-6,257.57844619049337,244.75868514485444,244.75863265516924,2.3905087820429594,512.2379288278888,226942.9366649544,87.18540639502382,140402.52115017065,NaN,NaN,10000.0,10000.0,100889.50721539775,256311.2424783069,controlled
NK,0.5,2.0000000000000003e-6,221.16542186316244,210.93646145410733,210.93643189680944,2.326205618399115,510.54681932246217,227192.05867431508,75.5904217672545,140736.68038085318,NaN,NaN,10000.0,10000.0,87223.71926165641,221168.355743785,controlled
NK,1.0,3.000000000000001e-7,5992.164473416788,9.74610950382722e6,9.746112134521265e6,6.988831448437962,487331.1356422071,716.6844619916907,15.76216441990706,205.11613063098739,185.0,200.0,185.0,200.0,1.497782471521694e9,7.686563648758688e9,tumor_dominant
NK,1.0,3.14953993832204e-7,5710.76926983028,9.745801117819285e6,9.74580532874792e6,6.988817776715725,487315.825211048,716.7069312196354,15.762657171257153,205.12257248844924,190.0,205.0,190.0,205.0,1.4496373545528996e9,7.638223693191369e9,tumor_dominant
NK,1.0,3.306533941028525e-7,5434.987756679525,9.745476084619062e6,9.745483219120966e6,6.988803422567832,487299.7510755285,716.7305227582133,15.763174764169332,205.12933592533855,195.0,210.0,195.0,210.0,1.395670229110793e9,7.584051996808e9,tumor_dominant
NK,1.0,3.471353568228903e-7,5165.186498951624,9.745132109519353e6,9.745145041708458e6,6.988788351881846,487282.87511324126,716.7552927857929,15.763718312986388,205.13643714111674,200.0,215.0,200.0,215.0,1.334784916132055e9,7.522951879042593e9,tumor_dominant
NK,1.0,3.644388901057883e-7,4901.703490452533,9.744764570544794e6,9.744789994387776e6,6.98877252883512,487265.1572959435,716.7813003051231,15.76428907635063,205.14389308222783,210.0,220.0,210.0,220.0,1.2655794369511209e9,7.453520810940977e9,tumor_dominant
NK,1.0,3.8260494648864557e-7,4644.84670537107,9.744362051955068e6,9.744417234930553e6,6.98875591580855,487246.5555939878,716.808607286588,15.764887813267002,205.15172199515035,215.0,230.0,215.0,230.0,1.186228556729359e9,7.373932909517838e9,tumor_dominant
NK,1.0,4.0167651985518443e-7,4394.892847293946,9.743890467989298e6,9.744025878990885e6,6.988738473295914,487227.02587592887,716.8372788188657,15.765517405714553,205.15994137907032,225.0,240.0,225.0,240.0,1.0943030184302306e9,7.281758000288669e9,tumor_dominant
NK,1.0,4.2169874719003627e-7,4152.086513423203,9.743227001542978e6,9.743614997992227e6,6.988720159808584,487206.52180306386,716.8673832673625,15.766177898247275,205.16857199478503,235.0,250.0,235.0,250.0,9.864893384239833e8,7.1736807033568e9,tumor_dominant
NK,1.0,4.427190154051293e-7,3916.6397247676655,9.74182509977858e6,9.743183616907151e6,6.988700931775355,487184.9947186423,716.8989924408709,15.766871412762924,205.17763399377236,250.0,265.0,250.0,265.0,8.581310095344205e8,7.045038043336832e9,tumor_dominant
NK,1.0,4.6478707349102155e-7,3688.731737750865,9.736520294042183e6,9.742730711925166e6,6.98868074343715,487162.3935314769,716.9321817668626,15.767599605017365,205.18714899871333,265.0,280.0,265.0,280.0,7.024590966508095e8,6.889026512054482e9,tumor_dominant
NK,1.0,4.879551502585967e-7,3468.5092137496463,9.701283547696799e6,9.742255208002465e6,6.988659546736321,487138.6645936645,716.9670304759009,15.768363528689646,205.1971402653074,285.0,300.0,285.0,300.0,5.093585248513012e8,6.695250908539435e9,tumor_dominant
NK,1.0,5.122780779497939e-7,3256.0867488578974,9.290197957569098e6,9.741755976287432e6,6.988637291200255,487113.75157211686,717.0036217956712,15.769166692127337,205.20763032763304,310.0,325.0,310.0,325.0,2.657426983170892e8,6.446862383295933e9,tumor_dominant
NK,1.0,5.378134220099089e-7,3051.5475618188298,3.0119089137577354e6,9.741231831416175e6,6.988613923819004,487087.59531358216,717.0420431551161,15.770009768706979,205.21864523127527,345.0,360.0,345.0,360.0,2.3552043103323348e7,6.114306012348962e9,tumor_dominant
NK,1.0,5.646216173286177e-7,2854.9446246186603,19956.579927103627,9.740681528670387e6,6.9885893889166075,487060.1337028221,717.0823863992857,15.770894880282352,205.23021122494865,395.0,410.0,395.0,410.0,1.8299471205118117e6,5.639627762897291e9,tumor_dominant
NK,1.0,5.927661112721535e-7,2666.3018267382117,7082.713381478947,9.740103760991272e6,6.988563628015757,487031.30151358974,717.124748015432,15.771824329841468,205.24235582435074,470.0,485.0,470.0,485.0,1.3357359953111878e6,4.8880177911191025e9,tumor_dominant
NK,1.0,6.223135138451644e-7,2485.6155053140924,4692.875265215568,9.739497155841734e6,6.988536579695485,487001.0302520396,717.1692293709996,15.772800521030831,205.255107950017,620.0,635.0,620.0,635.0,1.1157935867156524e6,3.4347801605282316e9,tumor_dominant
NK,1.0,6.533337553376234e-7,2312.856001418156,3661.593187605666,9.738860271909095e6,6.9885081794414825,486969.24799217394,717.2159369641612,15.773825004825884,205.2684987704122,1145.0,1160.0,1145.0,1160.0,970326.6050123977,3.8756871602642606e6,tumor_dominant
NK,1.0,6.859002518299215e-7,2147.969431620265,3050.985072579931,3203.1233133663586,3.505709221920315,660.1561125453218,207081.83394155581,849.8083178507479,116258.16131299558,NaN,NaN,10000.0,10000.0,859737.8646696361,2.8697246686370145e6,intermediate
NK,1.0,7.200900789478258e-7,1990.8794827189477,2626.2984282089287,2665.1546631571177,3.4258853391541386,633.2577003494171,210430.70221571843,741.8656925947168,120011.04879035236,NaN,NaN,10000.0,10000.0,769619.5826021042,2.458189770564567e6,intermediate
NK,1.0,7.559841542785492e-7,1841.489283413274,2302.1205933051433,2315.2640419892336,3.364788065177447,615.7631693535519,212667.53142540142,665.4152304090467,122584.72603612435,NaN,NaN,10000.0,10000.0,693145.879328045,2.162342902512958e6,intermediate
NK,1.0,7.936674288796335e-7,1699.6832805467793,2039.9311156797844,2044.960112324079,3.3108971625303885,602.2479859745367,214428.39781186683,602.6949726010654,124649.84379658014,NaN,NaN,10000.0,10000.0,626550.3916940578,1.9247809264231315e6,intermediate
NK,1.0,8.33229088333924e-7,1565.329104885356,1819.7093484817,1821.7780056894082,3.2607337795848945,591.0888879649117,215904.42469269354,548.3533073480936,126408.13483308694,NaN,NaN,10000.0,10000.0,567535.6857472952,1.724250200668245e6,intermediate
NK,1.0,8.747627638264501e-7,1438.2793742528684,1629.9361199426994,1630.8285248646062,3.2126745204609195,581.5414201301624,217183.50794266965,499.9307258431454,127952.34736713649,NaN,NaN,10000.0,10000.0,514596.67338795867,1.5501286046901175e6,intermediate
NK,1.0,9.183667537427913e-7,1318.3734536737636,1463.4544250643066,1463.8523985811514,3.1657938665255108,573.1926076743599,218314.49153509733,456.0654534457354,129333.94222371514,NaN,NaN,10000.0,10000.0,466692.9879833828,1.3962213285986786e6,intermediate
NK,1.0,9.641442563133607e-7,1205.4390744164896,1315.5415532768857,1315.7232266714993,3.1194944964792684,565.7861442217609,219327.7241486383,415.91688559159024,130584.80822582978,NaN,NaN,10000.0,10000.0,423074.552216965,1.2585513082327694e6,intermediate
NK,1.0,1.0122036138542432e-6,1099.2939074348556,1182.9258595834256,1183.0103105095411,3.0733554842939133,559.1505103971133,220243.53212014787,378.92705454778826,131726.2274260241,NaN,NaN,10000.0,10000.0,383181.6991062455,1.1343899961979564e6,intermediate
NK,1.0,1.0626585691826105e-6,999.7469350096876,1063.2479414129832,1063.287708736291,3.0270590465926235,553.1643775982824,221076.28473405808,344.7056064481436,132773.17597769556,NaN,NaN,10000.0,10000.0,346584.57129831833,1.0217708237390454e6,intermediate
NK,1.0,1.1156285348135952e-6,906.5997744632571,954.7473763001256,954.7662700012911,2.980351699745357,547.7383086393921,221836.58645782777,312.9678519514879,133736.65700348734,NaN,NaN,10000.0,10000.0,312944.57660248753,919220.5127863882,controlled
NK,1.0,1.1712388755757056e-6,819.6477810966326,856.0713790809469,856.0804454719607,2.9330215866663987,542.804018216803,222532.53553923836,283.4986687574716,134625.0365184839,NaN,NaN,10000.0,10000.0,281988.8855220373,825599.659080087,controlled
NK,1.0,1.229621205313694e-6,738.6810888026804,766.152923573523,766.1572180007267,2.8848843755699667,538.3078537529643,223170.50140070138,256.1302670603728,135444.8713995584,NaN,NaN,10000.0,10000.0,253492.99061417498,740002.7231191124,controlled
NK,1.0,1.2909136983810517e-6,663.4854558066874,684.1302602214938,684.1323605743556,2.835774480856071,534.2066139872871,223755.63353157576,230.72751822866724,136201.45773330607,NaN,NaN,10000.0,10000.0,227268.43302841604,661692.4173293483,controlled
NK,1.0,1.3552614166593774e-6,593.8430317664062,609.2920714658443,609.2930873825073,2.7855384508534726,530.464653843074,224292.1897155905,207.17832409023097,136899.17621222135,NaN,NaN,10000.0,10000.0,203153.95523840497,590055.0352420639,controlled
NK,1.0,1.4228166528785383e-6,529.5329772239339,541.0390949112976,541.0396113387065,2.7340310252048505,527.0519817125266,224783.77877907953,185.38657466256987,137541.75868987187,NaN,NaN,10000.0,10000.0,181008.98968480687,524569.1133665262,controlled
NK,1.0,1.4937392910502137e-6,470.3320059915541,478.8566233594853,478.8568603778343,2.6811117081695666,523.9428418571546,225233.52310068475,165.26735117024913,138132.45998012196,NaN,NaN,10000.0,10000.0,160708.78373504544,464782.88260972704,controlled
NK,1.0,1.568197184867829e-6,416.01483302702695,422.29439488548906,422.2945020710992,2.6266426277093284,521.1147224833115,225644.1838129788,146.7432566251275,138674.19528199505,NaN,NaN,10000.0,10000.0,142140.69965876086,410297.7108475699,controlled
NK,1.0,1.646366554968472e-6,366.3545608728428,370.95168162560924,370.95172550189574,2.570486577762007,518.5475811051188,226018.2477508195,129.741834277175,139169.63163985894,NaN,NaN,10000.0,10000.0,125201.37705476281,360755.72963255196,controlled
NK,1.0,1.7284324059969565e-6,321.12303674036923,324.46604601740256,324.46606148982715,2.512505708492081,516.2232970673455,226357.99644331867,114.19359614606704,139621.26279858325,NaN,NaN,10000.0,10000.0,109794.54532222402,315830.50155064074,controlled
NK,1.0,1.8145889644591558e-6,280.0911748834446,282.50482754490594,282.50483398140375,2.45256046835609,514.1252400179818,226665.55652088823,100.03059476348795,140031.46233130744,NaN,NaN,10000.0,10000.0,95829.33439971379,275219.9052444223,controlled
NK,1.0,1.9050401384008434e-6,243.02929963428295,244.75863224284282,244.75863228836474,2.3905087813947574,512.2379285634098,226942.9366456611,87.18540645917753,140402.52111785454,NaN,NaN,10000.0,10000.0,83218.97830446078,238640.71230652038,controlled
NK,1.0,2.0000000000000003e-6,209.70751487638012,210.9364322027434,210.9364328303433,2.3262056203120878,510.5468201174817,227192.05873136746,75.5904216081571,140736.6804763186,NaN,NaN,10000.0,10000.0,71879.83463328955,205824.47050142963,controlled
NK,2.0,3.000000000000001e-7,3625.383835301832,9.74603818719692e6,9.746112134521263e6,6.988831448437962,487331.1356422071,716.6844619916917,15.762164489400076,205.1161305750209,220.0,235.0,220.0,235.0,1.155875523242964e9,7.344655936428963e9,tumor_dominant
NK,2.0,3.14953993832204e-7,3510.0398907423155,9.74568571333552e6,9.745805328747911e6,6.988817776715724,487315.825211048,716.7069312196362,15.762657508713698,205.12257221607658,225.0,240.0,225.0,240.0,1.1066451677275777e9,7.295230269906717e9,tumor_dominant
NK,2.0,3.306533941028525e-7,3393.7641145759403,9.74527829941652e6,9.745483219120966e6,6.988803422567832,487299.7510755285,716.7305227582135,15.763174783670873,205.12933591104454,230.0,245.0,230.0,245.0,1.0515326731289037e9,7.239912321595609e9,tumor_dominant
NK,2.0,3.471353568228903e-7,3276.7363514947388,9.744769229286218e6,9.745145041708449e6,6.988788351881845,487282.87511324126,716.7552927857938,15.763718597406207,205.13643691260208,235.0,250.0,235.0,250.0,9.894385475031846e8,7.177601621958736e9,tumor_dominant
NK,2.0,3.644388901057883e-7,3159.145746468589,9.7440419930774e6,9.74478999438779e6,6.988772528835121,487265.1572959435,716.7813003051225,15.764288680630944,205.14389340155012,245.0,260.0,245.0,260.0,9.18958010483463e8,7.106891641088721e9,tumor_dominant
NK,2.0,3.8260494648864557e-7,3041.1900369813097,9.742772396170758e6,9.74441723493055e6,6.98875591580855,487246.5555939878,716.8086072865881,15.764887861478197,205.15172195841285,250.0,265.0,250.0,265.0,8.382649372267648e8,7.025952253191414e9,tumor_dominant
NK,2.0,4.0167651985518443e-7,2923.074729546067,9.739933989700262e6,9.744025878990889e6,6.988738473295914,487227.0258759288,716.8372788188653,15.765517354170392,205.15994142084006,260.0,275.0,260.0,275.0,7.449360485919417e8,6.93234862222877e9,tumor_dominant
NK,2.0,4.2169874719003627e-7,2805.012161670717,9.731722043315763e6,9.743614997992232e6,6.988720159808584,487206.52180306386,716.8673832673625,15.766177769388175,205.16857209800418,275.0,285.0,275.0,285.0,6.35692207416944e8,6.822760222962354e9,tumor_dominant
NK,2.0,4.427190154051293e-7,2687.2204554319214,9.700952621208355e6,9.743183616907151e6,6.988700931775355,487184.9947186423,716.8989924408712,15.766871419786625,205.1776339886434,285.0,300.0,285.0,300.0,5.0605059767999524e8,6.692519073346153e9,tumor_dominant
NK,2.0,4.6478707349102155e-7,2569.9223662252625,9.547930680379111e6,9.742730711925173e6,6.9886807434371505,487162.3935314769,716.932181766862,15.76759947925228,205.18714909863087,300.0,315.0,300.0,315.0,3.502792929592867e8,6.534815374861508e9,tumor_dominant
NK,2.0,4.879551502585967e-7,2453.3440346846264,8.505633037542839e6,9.74225520800243e6,6.9886595467363195,487138.6645936646,716.9670304759022,15.768364174885628,205.19713975664,320.0,335.0,320.0,335.0,1.6660797356327218e8,6.339248009377791e9,tumor_dominant
NK,2.0,5.122780779497939e-7,2337.7136536729213,2.2138050999324135e6,9.741755976287436e6,6.988637291200255,487113.7515721168,717.0036217956715,15.769166641596025,205.2076303691254,350.0,360.0,350.0,360.0,1.6503607850970555e7,6.088961164761349e9,tumor_dominant
NK,2.0,5.378134220099089e-7,2223.2600623477883,32255.22732908419,9.74123183141616e6,6.988613923819004,487087.59531358216,717.0420431551164,15.77001000751854,205.21864504455655,380.0,395.0,380.0,395.0,1.9197473104405543e6,5.754392806913704e9,tumor_dominant
NK,2.0,5.646216173286177e-7,2110.211280401494,9675.47828895398,9.740681528670369e6,6.988589388916607,487060.1337028221,717.0823863992856,15.770895143523994,205.23021101925153,430.0,445.0,430.0,445.0,1.3434825463218526e6,5.277580768870979e9,tumor_dominant
NK,2.0,5.927661112721535e-7,1998.7929981767447,5883.191157595617,9.740103760991255e6,6.988563628015756,487031.30151358974,717.1247480154323,15.771824554768354,205.24235564849215,510.0,525.0,510.0,525.0,1.1067358244160574e6,4.523706161080293e9,tumor_dominant
NK,2.0,6.223135138451644e-7,1889.2270395862572,4383.930089353033,9.739497155841757e6,6.988536579695486,487001.0302520396,717.1692293709998,15.77280020649758,205.25510820119888,660.0,670.0,660.0,670.0,956194.7423583532,3.068064258657323e9,tumor_dominant
NK,2.0,6.533337553376234e-7,1781.7298153545587,3554.8880533833594,9.738860271909108e6,6.9885081794414825,486969.24799217394,717.2159369641606,15.773824872092066,205.26849888371467,1185.0,1195.0,1185.0,1195.0,844362.2365831229,3.652105447526755e6,tumor_dominant
NK,2.0,6.859002518299215e-7,1676.5107853402453,3008.099348013222,3203.123255111474,3.5057092140243094,660.156113637205,207081.83373493634,849.8083272804201,116258.16093302035,NaN,NaN,10000.0,10000.0,754586.4924667554,2.758115245241292e6,intermediate
NK,2.0,7.200900789478258e-7,1573.7709489392298,2607.417475825575,2665.1546974485223,3.425885344739924,633.2577055394086,210430.7026065633,741.86569367206,120011.04941199812,NaN,NaN,10000.0,10000.0,679179.6011199319,2.3659171240316485e6,intermediate
NK,2.0,7.559841542785492e-7,1473.7013820524803,2293.295811526227,2315.2639820087315,3.3647880539312327,615.7631734353668,212667.5313097611,665.4152456003721,122584.72577187621,NaN,NaN,10000.0,10000.0,613981.8407394139,2.0825119415964687e6,intermediate
NK,2.0,7.936674288796335e-7,1376.4818396905525,2035.6319328038387,2044.9600938930837,3.3108971586180544,602.2479787716753,214428.3973811498,602.6949680551571,124649.8431250813,NaN,NaN,10000.0,10000.0,556495.7984216163,1.8544537264288277e6,intermediate
NK,2.0,8.33229088333924e-7,1282.2794409523528,1817.5515885168281,1821.7780646276594,3.2607337936275025,591.088889680732,215904.42509918803,548.3532973054912,126408.13554168121,NaN,NaN,10000.0,10000.0,505107.3665526817,1.661702444040537e6,intermediate
NK,2.0,8.747627638264501e-7,1191.247452301534,1628.8290982174108,1630.828554871729,3.2126745284470086,581.5414165420754,217183.5079433598,499.93071581794595,127952.34741966391,NaN,NaN,10000.0,10000.0,458714.1362409755,1.49419125555879e6,intermediate
NK,2.0,9.183667537427913e-7,1103.5241852118472,1462.8770433488603,1463.8523793537775,3.165793860825044,573.1926050939094,218314.49129371668,456.0654553431935,129333.94182221171,NaN,NaN,10000.0,10000.0,416530.01040965563,1.3460323542172194e6,intermediate
NK,2.0,9.641442563133607e-7,1019.2320209126349,1315.2366383977874,1315.7232950939574,3.1194945190470293,565.7861590171358,219327.7253089646,415.9168826458795,130584.8101274949,NaN,NaN,10000.0,10000.0,377974.5244443209,1.2134386477312758e6,intermediate
NK,2.0,1.0122036138542432e-6,938.4765725261011,1182.763289227049,1183.01030883076,3.0733554836781374,559.1505057886478,220243.5318776094,378.92705098733916,131726.22704957373,NaN,NaN,10000.0,10000.0,342606.3307031891,1.0938083717297344e6,intermediate
NK,2.0,1.0626585691826105e-6,861.3459934176708,1063.1606244760799,1063.287630277055,3.027059014576455,553.164372866936,221076.28396459832,344.7056233731413,132773.17463391917,NaN,NaN,10000.0,10000.0,310081.2508618474,985264.3619291775,intermediate
NK,2.0,1.1156285348135952e-6,787.9104378949918,954.7002128202523,954.7662803040001,2.9803517044268464,547.7383168295368,221836.58695280782,312.9678554758524,133736.6577933742,NaN,NaN,10000.0,10000.0,280124.74128775793,886399.0815417931,controlled
NK,2.0,1.1712388755757056e-6,718.2216782828808,856.0457861601143,856.0804032741568,2.933021565284189,542.8040163607316,222532.53513642552,283.4986797018971,134625.03580097394,NaN,NaN,10000.0,10000.0,252513.1951710949,796123.1494268823,controlled
NK,2.0,1.229621205313694e-6,652.3128802443097,766.138986885594,766.1572877708619,2.884884415067455,538.3078590141843,223170.5022034672,256.1302494173166,135444.87281014226,NaN,NaN,10000.0,10000.0,227060.8715266239,713570.1821268935,controlled
NK,2.0,1.2909136983810517e-6,590.1985360842489,684.1226453467882,684.132361398733,2.835774481378631,534.2066183277216,223755.63377076754,230.72752084447373,136201.45811122525,NaN,NaN,10000.0,10000.0,203610.5270169848,638034.2921241026,controlled
NK,2.0,1.3552614166593774e-6,531.8745542471866,609.2879001057564,609.2930780676534,2.785538444224871,530.464652478261,224292.1895663523,207.17832635370252,136899.17595451573,NaN,NaN,10000.0,10000.0,182026.5558242887,568927.5209602416,controlled
NK,2.0,1.4228166528785383e-6,477.3185019264129,541.0368022180173,541.0395852078575,2.7340310042682185,527.0519781649568,224783.77836573785,185.38658171589444,137541.75797026933,NaN,NaN,10000.0,10000.0,162189.87412039825,505749.93700563145,controlled
NK,2.0,1.4937392910502137e-6,426.48999622336623,478.85535863407785,478.8568682362499,2.6811117152818262,523.9428438404592,225233.52327895502,165.2673493947912,138132.46028379258,NaN,NaN,10000.0,10000.0,143994.04742571904,448068.11509800545,controlled
NK,2.0,1.568197184867829e-6,379.33123977258657,422.29369663052074,422.29450689496343,2.6266426326585486,521.1147237768872,225644.18392896288,146.7432554533734,138674.19547999723,NaN,NaN,10000.0,10000.0,127342.32420805331,395499.3183240114,controlled
NK,2.0,1.646366554968472e-6,335.7676959945227,370.9512940491021,370.9517287619039,2.5704865815684244,518.5475824297629,226018.2478563814,129.74183361860847,139169.63181791507,NaN,NaN,10000.0,10000.0,112145.34537106051,347699.6887591817,controlled
NK,2.0,1.7284324059969565e-6,295.70889901568125,324.46583024386956,324.4660710584273,2.5125057212602027,516.223301890122,226357.99681240594,114.19359433667935,139621.26341898073,NaN,NaN,10000.0,10000.0,98319.36868148652,304355.3199321623,controlled
NK,2.0,1.8145889644591558e-6,259.04939047444,282.50470189285534,282.5048249744167,2.4525604545584954,514.125234553277,226665.55611394608,100.03059639216536,140031.46164870803,NaN,NaN,10000.0,10000.0,85784.89463446004,265175.46278119297,controlled
NK,2.0,1.9050401384008434e-6,225.66978301544447,244.75856121573992,244.7586334645521,2.3905087834732672,512.2379294114605,226942.93670752482,87.18540625346668,140402.52122147637,NaN,NaN,10000.0,10000.0,74465.61193179386,229887.34454243357,controlled
NK,2.0,2.0000000000000003e-6,195.43794504909118,210.9363922732148,210.93642977204024,2.3262056140450946,510.54681751295595,227192.0585444609,75.59042212936681,140736.6801635688,NaN,NaN,10000.0,10000.0,64287.60304616348,198232.23809697278,controlled
NK,5.0,3.000000000000001e-7,2373.0909369579654,9.74543849552423e6,9.746112134521276e6,6.988831448437963,487331.1356422071,716.684461991691,15.762164015944427,205.1161309630847,245.0,255.0,245.0,255.0,9.294401639622189e8,7.118214152260153e9,tumor_dominant
NK,5.0,3.14953993832204e-7,2312.4122225295155,9.744716046056164e6,9.745805328747934e6,6.988817776715725,487315.825211048,716.7069312196363,15.762656752929376,205.12257283127204,250.0,260.0,250.0,260.0,8.802412884992614e8,7.068816001296644e9,tumor_dominant
NK,5.0,3.306533941028525e-7,2250.5585108911637,9.74361782111673e6,9.745483219120957e6,6.988803422567832,487299.7510755285,716.7305227582137,15.763175070657303,205.12933567874228,255.0,270.0,255.0,270.0,8.251652109910135e8,7.013527067056279e9,tumor_dominant
NK,5.0,3.471353568228903e-7,2187.591599211052,9.741725476273498e6,9.745145041708454e6,6.988788351881846,487282.87511324126,716.7552927857937,15.763718458748649,205.1364370251677,260.0,275.0,260.0,275.0,7.631166446176941e8,6.951247101275273e9,tumor_dominant
NK,5.0,3.644388901057883e-7,2123.581001650264,9.737987436221508e6,9.744789994387787e6,6.988772528835121,487265.1572959435,716.7813003051228,15.764288788693406,205.14389331565795,265.0,280.0,265.0,280.0,6.927011923121186e8,6.880569930749782e9,tumor_dominant
NK,5.0,3.8260494648864557e-7,2058.6040990961505,9.72946979680839e6,9.744417234930543e6,6.98875591580855,487246.5555939878,716.8086072865882,15.764888071839284,205.1517217906061,275.0,290.0,275.0,290.0,6.121201706549399e8,6.799664871964361e9,tumor_dominant
NK,5.0,4.0167651985518443e-7,1992.746226858519,9.706892189266222e6,9.744025878990887e6,6.988738473295914,487227.0258759288,716.8372788188658,15.765517398218497,205.15994138580803,285.0,300.0,285.0,300.0,5.190396010776458e8,6.706097715341187e9,tumor_dominant
NK,5.0,4.2169874719003627e-7,1926.1007005234762,9.636069322838333e6,9.743614997992236e6,6.988720159808584,487206.52180306386,716.8673832673621,15.766177679979746,205.16857216999912,295.0,310.0,295.0,310.0,4.105082263346365e8,6.596548153781198e9,tumor_dominant
NK,5.0,4.427190154051293e-7,1858.7688052531694,9.366183775092721e6,9.74318361690715e6,6.988700931775354,487184.9947186423,716.8989924408709,15.766871425269287,205.17763398454943,310.0,325.0,310.0,325.0,2.835044186421305e8,6.466347794369579e9,tumor_dominant
NK,5.0,4.6478707349102155e-7,1790.859638174097,8.112586512349467e6,9.742730711925171e6,6.9886807434371505,487162.3935314769,716.9321817668618,15.767599513817945,205.18714907176587,325.0,340.0,325.0,340.0,1.4030850026077563e8,6.308687619874448e9,tumor_dominant
NK,5.0,4.879551502585967e-7,1722.4899241446133,2.9624550774383442e6,9.742255208002426e6,6.9886595467363195,487138.6645936645,716.9670304759023,15.768364207931604,205.1971397309176,345.0,360.0,345.0,360.0,2.2802244160329334e7,6.113166272095878e9,tumor_dominant
NK,5.0,5.122780779497939e-7,1653.7837243151778,70056.17906182128,9.741755976287419e6,6.988637291200254,487113.7515721168,717.0036217956714,15.769166892908634,205.20763017112077,370.0,385.0,370.0,385.0,2.2933171451044395e6,5.86292828931862e9,tumor_dominant
NK,5.0,5.378134220099089e-7,1584.8720343914804,14537.837591751359,9.741231831416162e6,6.988613923819004,487087.59531358216,717.0420431551164,15.770009963814134,205.21864507929374,405.0,420.0,405.0,420.0,1.4284787353375028e6,5.528411566309861e9,tumor_dominant
NK,5.0,5.646216173286177e-7,1515.8922910459191,7714.8206856347215,9.740681528670382e6,6.9885893889166075,487060.1337028221,717.0823863992857,15.770894958853404,205.23021116519783,455.0,470.0,455.0,470.0,1.1432954209653114e6,5.051654273274148e9,tumor_dominant
NK,5.0,5.927661112721535e-7,1446.9877788421495,5386.012093352913,9.740103760991262e6,6.988563628015756,487031.30151358974,717.1247480154321,15.771824456824847,205.24235572617636,530.0,545.0,530.0,545.0,975577.2010329153,4.297838083325048e9,tumor_dominant
NK,5.0,6.223135138451644e-7,1378.3069347367943,4210.551916986311,9.739497155841757e6,6.988536579695486,487001.0302520396,717.1692293709996,15.772800224194047,205.25510818837247,680.0,695.0,680.0,695.0,855877.4044559649,2.8422579133362107e9,tumor_dominant
NK,5.0,6.533337553376234e-7,1310.0025380420848,3483.6203805343566,9.738860271909134e6,6.988508179441484,486969.24799217394,717.2159369641606,15.773824560913477,205.26849914753143,1205.0,1220.0,1205.0,1220.0,762092.1502958657,3.5177214950091303e6,tumor_dominant
NK,5.0,6.859002518299215e-7,1242.2307955440986,2975.7795994005282,3203.123315985983,3.505709222275385,660.1561165136262,207081.83412166405,849.8083228361173,116258.16157479027,NaN,NaN,10000.0,10000.0,684574.2317211856,2.683318597123936e6,intermediate
NK,5.0,7.200900789478258e-7,1175.150313451224,2591.7914928997025,2665.154631225739,3.425885333952782,633.2576894562543,210430.70158431726,741.8656840332374,120011.04782144025,NaN,NaN,10000.0,10000.0,618296.7505391458,2.303524987919196e6,intermediate
NK,5.0,7.559841542785492e-7,1108.9210275705802,2285.4004103329494,2315.263995246464,3.364788056413279,615.7631720230769,212667.53131211092,665.4152416473318,122584.72579599441,NaN,NaN,10000.0,10000.0,560323.557000036,2.0282580205117073e6,intermediate
NK,5.0,7.936674288796335e-7,1043.702993414321,2031.5149455440433,2044.9601850545973,3.310897177968843,602.2479918990223,214428.3984697786,602.6949655348293,124649.84489410542,NaN,NaN,10000.0,10000.0,508797.1081933977,1.806494158031053e6,intermediate
NK,5.0,8.33229088333924e-7,979.655130150972,1815.3546968385883,1821.7779943894768,3.2607337768925766,591.0888963019146,215904.42502374592,548.3533184191258,126408.13531157638,NaN,NaN,10000.0,10000.0,462470.6642159939,1.6189441717457185e6,intermediate
NK,5.0,8.747627638264501e-7,916.9338837566238,1627.636460219007,1630.8285440975346,3.212674525579567,581.5414212142982,217183.50810560965,499.93072281362805,127952.34764661703,NaN,NaN,10000.0,10000.0,420468.3140034379,1.4558863896018541e6,intermediate
NK,5.0,9.183667537427913e-7,855.6918514161646,1462.2211650291067,1463.8523791857044,3.165793860775214,573.1926090276054,218314.4914846738,456.0654591379216,129333.94211260178,NaN,NaN,10000.0,10000.0,382151.72025261476,1.3116245336248e6,intermediate
NK,5.0,9.641442563133607e-7,796.076378948549,1314.872395500032,1315.7232591472437,3.1194945071907343,565.7861531056143,219327.724791597,415.9168858851197,130584.80926962505,NaN,NaN,10000.0,10000.0,347041.3597029714,1.1824903895213604e6,intermediate
NK,5.0,1.0122036138542432e-6,738.228150665972,1182.5595001813188,1183.0103066100285,3.073355482863574,559.1505099974996,220243.53207476262,378.9270551863763,131726.22734879353,NaN,NaN,10000.0,10000.0,314767.5514359551,1.0659617521701546e6,intermediate
NK,5.0,1.0626585691826105e-6,682.2797918284473,1063.045954893478,1063.2876990933523,3.027059042657715,553.1643772618262,221076.28465197704,344.7056087296954,132773.1758318536,NaN,NaN,10000.0,10000.0,285038.70732256654,960217.6919566005,intermediate
NK,5.0,1.1156285348135952e-6,628.3544380610781,954.6354100893668,954.7661968242021,2.9803516664941236,547.7382986441365,221836.5854303833,312.96786452565095,133736.65525860083,NaN,NaN,10000.0,10000.0,257620.00083855478,863892.148723811,controlled
NK,5.0,1.1712388755757056e-6,576.5644788703213,856.0090420338981,856.0804120452178,2.9330215697286066,542.8040159423332,222532.53517807694,283.49867683155975,134625.03588447327,NaN,NaN,10000.0,10000.0,232318.60342287098,775927.3828222032,controlled
NK,5.0,1.229621205313694e-6,527.0102564583467,766.1180945031198,766.1572694304274,2.8848844046847737,538.3078623004621,223170.5022398149,256.13025733069315,135444.87282678203,NaN,NaN,10000.0,10000.0,208973.18741312198,695481.86313668,controlled
NK,5.0,1.2909136983810517e-6,479.77895097499294,684.1107395357241,684.1323463236396,2.8357744718227695,534.206615346117,223755.63349349826,230.72752369083338,136201.45764082318,NaN,NaN,10000.0,10000.0,187446.29946363502,621869.7211935016,controlled
NK,5.0,1.3552614166593774e-6,434.9435162046495,609.2810999047397,609.2930561872638,2.7855384286544296,530.464644128956,224292.18893664973,207.17832844951786,136899.17490877223,NaN,NaN,10000.0,10000.0,167618.70725421148,554519.485095723,controlled
NK,5.0,1.4228166528785383e-6,392.56181886050143,541.0329119220933,541.0395805507865,2.734031000536867,527.0519772183299,224783.77827481143,185.38658278742793,137541.75781469845,NaN,NaN,10000.0,10000.0,149385.1400085547,492945.10023869347,controlled
NK,5.0,1.4937392910502137e-6,352.6759086549343,478.85312799847566,478.8569481273894,2.6811117875873,523.9428653575966,225233.52516648333,165.26733209690693,138132.4634903909,NaN,NaN,10000.0,10000.0,132651.0359625606,436725.0472164714,controlled
NK,5.0,1.568197184867829e-6,315.3114787121403,422.2924128126855,422.29449336919845,2.626642618781295,521.1147201497924,225644.18360375127,146.74325873889708,138674.19492481268,NaN,NaN,10000.0,10000.0,117330.0336805507,385486.9965118826,controlled
NK,5.0,1.646366554968472e-6,280.4775158354831,370.95055397472885,370.951726251465,2.5704865786372113,518.5475814096905,226018.2477750911,129.74183412575243,139169.63168079866,NaN,NaN,10000.0,10000.0,103342.02213499429,338896.34817920974,controlled
NK,5.0,1.7284324059969565e-6,248.16619612434755,324.4654016908844,324.46607096585836,2.5125057211366806,516.2233018434611,226357.9968088349,114.19359435418637,139621.2634129783,NaN,NaN,10000.0,10000.0,90611.62404505594,296647.56557527906,controlled
NK,5.0,1.8145889644591558e-6,218.3529513149616,282.5044521462007,282.5048302688065,2.452560462668848,514.125237765482,226665.55635315046,100.03059543481366,140031.46204994633,NaN,NaN,10000.0,10000.0,79067.01823750188,258457.5809005073,controlled
NK,5.0,1.9050401384008434e-6,190.99683173414005,244.75841513757237,244.75863127001915,2.390508779595179,512.2379278291859,226942.9365921012,87.18540663727751,140402.5210281408,NaN,NaN,10000.0,10000.0,68639.03568006367,224060.7651740111,controlled
NK,5.0,2.0000000000000003e-6,166.0410473274747,210.93630608142374,210.93643278772706,2.32620562022476,510.54682008118573,227192.05872876282,75.59042161542092,140736.68047196028,NaN,NaN,10000.0,10000.0,59260.47985225736,193205.1131371828,controlled
NK,10.0,3.000000000000001e-7,1651.739447879388,9.743679967284441e6,9.74611213452126e6,6.988831448437962,487331.1356422071,716.6844619916915,15.762164542455729,205.1161305321302,255.0,270.0,255.0,270.0,7.978678946162337e8,6.98662304171103e9,tumor_dominant
NK,10.0,3.14953993832204e-7,1613.2313989461313,9.741871769668836e6,9.74580532874791e6,6.988817776715724,487315.825211048,716.7069312196356,15.762657523000858,205.12257220493626,260.0,275.0,260.0,275.0,7.486531903110398e8,6.93719742596486e9,tumor_dominant
NK,10.0,3.306533941028525e-7,1574.207720766244,9.738750387436366e6,9.74548321912096e6,6.988803422567832,487299.7510755285,716.7305227582137,15.763174939734192,205.12933578562655,265.0,280.0,265.0,280.0,6.936369588144306e8,6.88194665184059e9,tumor_dominant
NK,10.0,3.471353568228903e-7,1534.1651473865434,9.732807275714733e6,9.745145041708456e6,6.988788351881846,487282.87511324126,716.7552927857938,15.76371842486624,205.13643705297704,275.0,290.0,275.0,290.0,6.316460487108464e8,6.819680910025204e9,tumor_dominant
NK,10.0,3.644388901057883e-7,1493.5642285912975,9.720273798827717e6,9.74478999438777e6,6.98877252883512,487265.1572959435,716.7813003051234,15.764289214769734,205.14389297202172,280.0,295.0,280.0,295.0,5.613920882752342e8,6.749070872574451e9,tumor_dominant
NK,10.0,3.8260494648864557e-7,1451.7964305038447,9.69060624974891e6,9.744417234930532e6,6.988755915808549,487246.5555939878,716.8086072865885,15.764888340605264,205.15172157478023,290.0,305.0,290.0,305.0,4.810406799645836e8,6.668168234643072e9,tumor_dominant
NK,10.0,4.0167651985518443e-7,1409.3860729732926,9.61076679631166e6,9.744025878990892e6,6.988738473295914,487227.0258759288,716.8372788188651,15.765517296913579,205.15994146750404,300.0,315.0,300.0,315.0,3.8860296551501954e8,6.574626738651322e9,tumor_dominant
NK,10.0,4.2169874719003627e-7,1366.29786770008,9.361420739184793e6,9.743614997992227e6,6.988720159808584,487206.52180306386,716.8673832673626,15.766177880440765,205.1685720099405,310.0,325.0,310.0,325.0,2.8205023008890945e8,6.465111138552142e9,tumor_dominant
NK,10.0,4.427190154051293e-7,1322.5184692904427,8.45261057315081e6,9.743183616907166e6,6.988700931775355,487184.9947186423,716.8989924408714,15.766871114712334,205.17763423308625,325.0,335.0,325.0,335.0,1.623272143935967e8,6.334940106522657e9,tumor_dominant
NK,10.0,4.6478707349102155e-7,1278.1302735297086,5.076851820905108e6,9.742730711925188e6,6.988680743437151,487162.3935314769,716.932181766862,15.76759915821075,205.18714935436932,340.0,355.0,340.0,355.0,4.9096273923023954e7,6.177308287712628e9,tumor_dominant
NK,10.0,4.879551502585967e-7,1233.2062420462637,348552.6943248938,9.742255208002428e6,6.9886595467363195,487138.6645936645,716.9670304759018,15.768364183953892,205.1971397501277,360.0,375.0,360.0,375.0,4.229687005881205e6,5.981816087249748e9,tumor_dominant
NK,10.0,5.122780779497939e-7,1187.7967276437143,28554.270571637615,9.74175597628744e6,6.988637291200255,487113.7515721168,717.0036217956704,15.769166573383044,205.20763042492962,385.0,400.0,385.0,400.0,1.6892648972057505e6,5.731602818276212e9,tumor_dominant
NK,10.0,5.378134220099089e-7,1142.1448791476555,11267.39080811227,9.741231831416162e6,6.988613923819004,487087.59531358216,717.0420431551164,15.77000997797228,205.21864506836505,420.0,435.0,420.0,435.0,1.2562448259293924e6,5.397145688856402e9,tumor_dominant
NK,10.0,5.646216173286177e-7,1096.0713882619762,6985.662561380222,9.74068152867037e6,6.988589388916607,487060.1337028221,717.0823863992855,15.770895131586437,205.23021102921817,470.0,480.0,470.0,480.0,1.0441969249795042e6,4.920420881972608e9,tumor_dominant
NK,10.0,5.927661112721535e-7,1049.7433449231507,5144.755509638336,9.740103760991255e6,6.988563628015756,487031.30151358974,717.124748015432,15.771824562298306,205.2423556431481,545.0,560.0,545.0,560.0,904413.7242144467,4.166626498108745e9,tumor_dominant
NK,10.0,6.223135138451644e-7,1003.3790603760798,4113.280227505002,9.739497155841734e6,6.988536579695485,487001.0302520396,717.1692293710005,15.772800504113638,205.25510796450547,695.0,710.0,695.0,710.0,799577.3643904589,2.711090047151435e9,tumor_dominant
NK,10.0,6.533337553376234e-7,956.969439757304,3439.595269720761,9.73886027190907e6,6.988508179441481,486969.24799217394,717.2159369641608,15.77382529443456,205.26849852894765,1220.0,1235.0,1220.0,1235.0,715237.4887855252,3.442364230032894e6,tumor_dominant
NK,10.0,6.859002518299215e-7,910.647929992299,2954.323043132092,3203.1232771068035,3.5057092170056086,660.1561164147558,207081.83394857595,849.8083280151628,116258.16127078311,NaN,NaN,10000.0,10000.0,644422.1251175749,2.640028212210396e6,intermediate
NK,10.0,7.200900789478258e-7,864.5343573562042,2580.79468275623,2665.1546806320384,3.425885342000658,633.2576966361265,210430.7021342955,741.865685214167,120011.04869792845,NaN,NaN,10000.0,10000.0,583260.9916890144,2.2674310639374144e6,intermediate
NK,10.0,7.559841542785492e-7,818.730965064624,2279.5599734706907,2315.2639430327636,3.364788046623323,615.7631718311966,212667.53104176602,665.4152504753399,122584.7253155232,NaN,NaN,10000.0,10000.0,529393.6326742084,1.9968881221346105e6,intermediate
NK,10.0,7.936674288796335e-7,773.3519698978087,2028.3316341074901,2044.9600940364803,3.310897158648493,602.2479830505213,214428.3975800265,602.6949727836922,124649.84342165464,NaN,NaN,10000.0,10000.0,481281.6961894037,1.7787771543161464e6,intermediate
NK,10.0,8.33229088333924e-7,728.5134855234331,1813.5860221060213,1821.778039256693,3.2607337875826246,591.0888819368901,215904.4245935944,548.3532942355665,126408.13474003997,NaN,NaN,10000.0,10000.0,437869.19354521786,1.594244852956987e6,intermediate
NK,10.0,8.747627638264501e-7,684.3320479240706,1626.639537508204,1630.8284744039618,3.2126745070313345,581.5414058488124,217183.5069659593,499.9307223134213,127952.34580307158,NaN,NaN,10000.0,10000.0,398401.2518591006,1.4337699770938018e6,intermediate
NK,10.0,9.183667537427913e-7,640.9263750607345,1461.6531312387349,1463.8523661309034,3.165793856904771,573.1926079216865,218314.4913523162,456.06546104324707,129333.9418879944,NaN,NaN,10000.0,10000.0,362320.4295031272,1.291767670036648e6,intermediate
NK,10.0,9.641442563133607e-7,598.4128770778361,1314.5460861449758,1315.7232897196466,3.119494517274422,565.7861552309341,219327.72508781264,415.91688049254736,130584.80977907908,NaN,NaN,10000.0,10000.0,329203.27051781776,1.1646387790591177e6,intermediate
NK,10.0,1.0122036138542432e-6,556.9058306479249,1182.3708841437015,1183.0102836630695,3.0733554744466387,559.1505094304229,220243.53189739905,378.9270604865448,131726.22703238882,NaN,NaN,10000.0,10000.0,298720.38985646603,1.0499073338603124e6,intermediate
NK,10.0,1.0626585691826105e-6,516.5162871148206,1062.9364310388835,1063.2877521779537,3.027059064319479,553.16438167822,221076.2852345215,344.7055982770537,132773.17683682236,NaN,NaN,10000.0,10000.0,270610.04067248513,945785.0843976067,intermediate
NK,10.0,1.1156285348135952e-6,477.3508677075797,954.5715884363512,954.7662654837529,2.9803516976926145,547.7383065487928,221836.5863182933,312.9678515774862,133736.65677753912,NaN,NaN,10000.0,10000.0,244660.0923933334,850930.0801263063,controlled
NK,10.0,1.1712388755757056e-6,439.5105471477189,855.971756041059,856.0804116681799,2.9330215695375563,542.8040157760315,222532.53516664478,283.49867681848116,134625.03586584257,NaN,NaN,10000.0,10000.0,220695.39227458835,764302.9793379792,controlled
NK,10.0,1.229621205313694e-6,403.0894510706203,766.0962670956433,766.1572633371363,2.884884401235308,538.3078620789505,223170.50218231362,256.1302590384614,135444.87272333662,NaN,NaN,10000.0,10000.0,198568.68863832304,685076.7018974707,controlled
NK,10.0,1.2909136983810517e-6,368.17275686986505,684.0979405335853,684.1323166953744,2.8357744530418834,534.2066143956074,223755.63321184917,230.7275325421712,136201.45713022174,NaN,NaN,10000.0,10000.0,178153.88068779887,612576.932398944,controlled
NK,10.0,1.3552614166593774e-6,334.8375280286639,609.2735834336246,609.2930740204654,2.785538441344826,530.464649439555,224292.18936877503,207.17832580553747,136899.17563313394,NaN,NaN,10000.0,10000.0,159341.23488014867,546241.8055856837,controlled
NK,10.0,1.4228166528785383e-6,303.1507787533648,541.0284906681958,541.0395737542257,2.7340309950913073,527.0519761628263,224783.778160012,185.38658454359964,137541.7576159912,NaN,NaN,10000.0,10000.0,142033.52489742124,485593.3685096706,controlled
NK,10.0,1.4937392910502137e-6,273.1639721535625,478.8505211942342,478.8568747236486,2.6811117211532465,523.9428466726854,225233.52349248072,165.2673485917555,138132.46063986208,NaN,NaN,10000.0,10000.0,126142.68471330775,430216.62981220195,controlled
NK,10.0,1.568197184867829e-6,244.93595020186288,422.2908747293304,422.29450677729136,2.6266426325378185,521.1147237453328,225644.18392613367,146.74325548195534,138674.19547516745,NaN,NaN,10000.0,10000.0,111589.90462713141,379746.8299387633,controlled
NK,10.0,1.646366554968472e-6,218.48374833301995,370.9496429652006,370.95173142274655,2.5704865846752503,518.547583510943,226018.24794254143,129.74183308108152,139169.63196324548,NaN,NaN,10000.0,10000.0,98299.09678458133,333853.40126534074,controlled
NK,10.0,1.7284324059969565e-6,193.8244065960459,324.46485970145324,324.4660656214335,2.512505714005202,516.2232991497539,226357.99660268554,114.19359536479682,139621.2630664625,NaN,NaN,10000.0,10000.0,86199.69616779634,292235.6254454692,controlled
NK,10.0,1.8145889644591558e-6,170.96905300988098,282.50412920168196,282.50483371237254,2.4525604679439676,514.1252398547507,226665.55650873296,100.03059481213639,140031.46231091843,NaN,NaN,10000.0,10000.0,75225.05867504622,254615.61429664167,controlled
NK,10.0,1.9050401384008434e-6,149.9061917266666,244.75822141443254,244.7586310716178,2.3905087792445725,512.2379276861366,226942.9365816658,87.18540667197638,140402.52101066188,NaN,NaN,10000.0,10000.0,65309.99447106082,220731.71983537127,controlled
NK,10.0,2.0000000000000003e-6,130.61123107678833,210.9361892708056,210.93642858590638,2.3262056116145007,510.5468165028138,227192.05847197058,75.59042233151305,140736.68004227156,NaN,NaN,10000.0,10000.0,56391.0852827949,190335.7161395475,controlled
CTL,0.1,3.000000000000001e-7,5992.049315047892,9.746109503490323e6,9.746112134521266e6,6.988831448437963,487331.1356422071,716.6844619916907,15.762164359656461,205.11613068007702,185.0,200.0,185.0,200.0,1.497769353064955e9,7.686550530298343e9,tumor_dominant
CTL,0.1,3.14953993832204e-7,5710.664135807402,9.74580111727624e6,9.745805328747919e6,6.988817776715725,487315.825211048,716.7069312196359,15.762657225131273,205.12257244496175,190.0,205.0,190.0,205.0,1.4496241356133308e9,7.638210474245985e9,tumor_dominant
CTL,0.1,3.306533941028525e-7,5434.892047798421,9.745476083691385e6,9.745483219120966e6,6.988803422567832,487299.7510755285,716.7305227582134,15.763174754902128,205.12933593285982,195.0,210.0,195.0,210.0,1.3956569035269382e9,7.584038671214203e9,tumor_dominant
CTL,0.1,3.471353568228903e-7,5165.099631251579,9.745132107823068e6,9.745145041708464e6,6.988788351881846,487282.87511324126,716.7552927857931,15.763718134104934,205.13643728512534,200.0,215.0,200.0,215.0,1.3347714771416798e9,7.5229384400340605e9,tumor_dominant
CTL,0.1,3.644388901057883e-7,4901.624882044958,9.744764567180311e6,9.74478999438779e6,6.988772528835121,487265.1572959435,716.7813003051226,15.764288701945661,205.1438933824314,210.0,220.0,210.0,220.0,1.2655658773269305e9,7.453507251280736e9,tumor_dominant
CTL,0.1,3.8260494648864557e-7,4644.775791868775,9.744362044585383e6,9.744417234930545e6,6.98875591580855,487246.5555939878,716.8086072865889,15.764888034140657,205.151721818712,215.0,230.0,215.0,230.0,1.1862148687523181e9,7.373919221461798e9,tumor_dominant
CTL,0.1,4.0167651985518443e-7,4394.82907207355,9.743890449725082e6,9.744025878990885e6,6.988738473295914,487227.0258759288,716.8372788188651,15.765517398480275,205.1599413848469,225.0,240.0,225.0,240.0,1.0942891938686068e9,7.281744175531296e9,tumor_dominant
CTL,0.1,4.2169874719003627e-7,4152.029341382441,9.743226948660448e6,9.743614997992229e6,6.988720159808584,487206.52180306386,716.8673832673627,15.766177850690966,205.16857203256785,235.0,250.0,235.0,250.0,9.864753683699034e8,7.173666732735886e9,tumor_dominant
CTL,0.1,4.427190154051293e-7,3916.588633865672,9.741824912575116e6,9.743183616907151e6,6.988700931775355,487184.9947186423,716.8989924408712,15.766871421260129,205.1776339870276,250.0,265.0,250.0,265.0,8.581168856720718e8,7.045023917467656e9,tumor_dominant
CTL,0.1,4.6478707349102155e-7,3688.6862305130735,9.736519428434025e6,9.74273071192517e6,6.9886807434371505,487162.3935314769,716.9321817668623,15.767599538786243,205.18714905089922,265.0,280.0,265.0,280.0,7.024448141997836e8,6.889012220321334e9,tumor_dominant
CTL,0.1,4.879551502585967e-7,3468.468817122293,9.701277776223872e6,9.742255208002442e6,6.98865954673632,487138.6645936645,716.9670304759017,15.768363923432657,205.1971399542851,285.0,300.0,285.0,300.0,5.0934411785515696e8,6.695236439550243e9,tumor_dominant
CTL,0.1,5.122780779497939e-7,3256.051004132134,9.290134907508196e6,9.741755976287426e6,6.988637291200254,487113.7515721168,717.0036217956712,15.76916680021445,205.20763024271602,310.0,325.0,310.0,325.0,2.6572873090220493e8,6.44684772445645e9,tumor_dominant
CTL,0.1,5.378134220099089e-7,3051.516047487572,3.011423311127459e6,9.741231831416167e6,6.988613923819004,487087.59531358216,717.0420431551161,15.770009886938375,205.2186451386137,345.0,360.0,345.0,360.0,2.3547424843520507e7,6.114291150553646e9,tumor_dominant
CTL,0.1,5.646216173286177e-7,2854.916928523868,19955.580241888245,9.740681528670385e6,6.9885893889166075,487060.1337028221,717.0823863992857,15.770894903953954,205.2302112064248,395.0,410.0,395.0,410.0,1.829917086199483e6,5.639612683441322e9,tumor_dominant
CTL,0.1,5.927661112721535e-7,2666.277575895131,7082.646088068718,9.740103760991262e6,6.988563628015756,487031.30151358974,717.124748015432,15.771824446883691,205.24235573263238,470.0,485.0,470.0,485.0,1.3357258513103346e6,4.888002478782784e9,tumor_dominant
CTL,0.1,6.223135138451644e-7,2485.594341267573,4692.861152231626,9.739497155841732e6,6.988536579695485,487001.0302520396,717.1692293709997,15.772800525224298,205.25510794675318,620.0,635.0,620.0,635.0,1.1157870665461288e6,3.434764596798998e9,tumor_dominant
CTL,0.1,6.533337553376234e-7,2312.8376086243084,3661.5888249156537,9.738860271909082e6,6.988508179441482,486969.24799217394,717.2159369641613,15.773825163279238,205.2684986376781,1145.0,1160.0,1145.0,1160.0,970321.618607349,3.875677539199554e6,tumor_dominant
CTL,0.1,6.859002518299215e-7,2147.9534937530466,3050.983450556562,3203.1233142485926,3.505709222039895,660.1561127214051,207081.83395287476,849.8083179673067,116258.16133048269,NaN,NaN,10000.0,10000.0,859733.7660105297,2.8697203232422643e6,intermediate
CTL,0.1,7.200900789478258e-7,1990.865728817943,2626.297754037922,2665.1546605294284,3.42588533872611,633.2577010008768,210430.70223207062,741.8656938206213,120011.04881024253,NaN,NaN,10000.0,10000.0,769616.0882566327,2.458186210757696e6,intermediate
CTL,0.1,7.559841542785492e-7,1841.4774512600939,2302.1202895068423,2315.2640274944015,3.3647880624596973,615.763174096268,212667.5315676444,665.4152384893528,122584.7262234597,NaN,NaN,10000.0,10000.0,693142.8376116473,2.162339838804982e6,intermediate
CTL,0.1,7.936674288796335e-7,1699.6731510574234,2039.9309744643722,2044.960106371974,3.3108971612669396,602.2479849722578,214428.39773406618,602.6949726042923,124649.84367106091,NaN,NaN,10000.0,10000.0,626547.7098134975,1.9247782359569443e6,intermediate
CTL,0.1,8.33229088333924e-7,1565.320456058203,1819.7092801373203,1821.778004980522,3.2607337794159954,591.0888868094356,215904.42463424595,548.3533062712334,126408.13474411351,NaN,NaN,10000.0,10000.0,567533.3013017399,1.724247812277982e6,intermediate
CTL,0.1,8.747627638264501e-7,1438.2720285949542,1629.9360850312682,1630.8285142454336,3.2126745176347353,581.5414156566395,217183.507666627,499.93072362697154,127952.34693134249,NaN,NaN,10000.0,10000.0,514594.54257473897,1.550126472160885e6,intermediate
CTL,0.1,9.183667537427913e-7,1318.3672280301691,1463.4544082231776,1463.852395003117,3.165793865464707,573.1926076669614,218314.49151325144,456.06545425035165,129333.94218412213,NaN,NaN,10000.0,10000.0,466691.07707268855,1.3962194169157203e6,intermediate
CTL,0.1,9.641442563133607e-7,1205.4338280538602,1315.5415445986255,1315.7232602900945,3.1194945075676808,565.7861469709536,219327.72449478577,415.9168800362803,130584.80881730301,NaN,NaN,10000.0,10000.0,423072.83497389226,1.2585495909312915e6,intermediate
CTL,0.1,1.0122036138542432e-6,1099.2894935833865,1182.9258551460566,1183.010317781577,3.073355486961293,559.1505128975663,220243.53229300905,378.9270548744494,131726.22770582736,NaN,NaN,10000.0,10000.0,383180.15421680326,1.1343884513963466e6,intermediate
CTL,0.1,1.0626585691826105e-6,999.7432453024538,1063.247939221841,1063.2877237313191,3.0270590527115124,553.1643774594801,221076.28482795856,344.70560235616466,132773.17615230798,NaN,NaN,10000.0,10000.0,346583.1811655208,1.0217694335498022e6,intermediate
CTL,0.1,1.1156285348135952e-6,906.5966954614097,954.7473750376898,954.766268129786,2.9803516988949563,547.7383086137975,221836.5864434315,312.96785245263976,133736.65697731843,NaN,NaN,10000.0,10000.0,312943.32590331975,919219.262167123,controlled
CTL,0.1,1.1712388755757056e-6,819.6452274020668,856.0713783671085,856.0804440970593,2.9330215859697173,542.8040184228508,222532.5355400576,283.4986693114336,134625.03651685896,NaN,NaN,10000.0,10000.0,281987.76131986204,825598.5348920341,controlled
CTL,0.1,1.229621205313694e-6,738.6789754259444,766.1529232060411,766.1572215886667,2.8848843776011313,538.3078537837697,223170.50142928195,256.13026598488847,135444.87145220416,NaN,NaN,10000.0,10000.0,253491.98131891526,740001.7138580739,controlled
CTL,0.1,1.2909136983810517e-6,663.4837162440276,684.1302605035386,684.1323599723529,2.835774480474471,534.2066146566904,223755.6335627884,230.72751886543116,136201.45778099736,NaN,NaN,10000.0,10000.0,227267.52831246835,661691.51266463,controlled
CTL,0.1,1.3552614166593774e-6,593.8416042635656,609.2920711496992,609.2930874030715,2.7855384508681063,530.4646536872851,224292.1897073015,207.17832398578386,136899.17619919294,NaN,NaN,10000.0,10000.0,203153.14596559052,590054.225984521,controlled
CTL,0.1,1.4228166528785383e-6,529.5318111304757,541.0390953941013,541.0396084213522,2.7340310228673994,527.0519814786485,224783.77874183826,185.38657554568601,137541.75862363033,NaN,NaN,10000.0,10000.0,181008.2673510636,524568.3910374481,controlled
CTL,0.1,1.4937392910502137e-6,470.33105784450447,478.8566233292932,478.8568599117317,2.6811117077477205,523.9428417404727,225233.52309016412,165.26735127607807,138132.45996219458,NaN,NaN,10000.0,10000.0,160708.1407909034,464782.239483348,controlled
CTL,0.1,1.568197184867829e-6,416.0140633139008,422.2943942251514,422.2945057610428,2.626642631495161,521.114723472816,225644.18390169923,146.74325572881267,138674.19543345436,NaN,NaN,10000.0,10000.0,142140.1289083498,410297.1401415807,controlled
CTL,0.1,1.646366554968472e-6,366.3539403009318,370.9516846747058,370.9517283438048,2.5704865810802477,518.547582259876,226018.24784284292,129.7418337030698,139169.63179507927,NaN,NaN,10000.0,10000.0,125200.87212557156,360755.22462217475,controlled
CTL,0.1,1.7284324059969565e-6,321.12253611027603,324.46605108011966,324.466069370635,2.5125057190080513,516.2233010394395,226357.9967473031,114.19359465583572,139621.26330954948,NaN,NaN,10000.0,10000.0,109794.10013339709,315830.0562998291,controlled
CTL,0.1,1.8145889644591558e-6,280.0907745764921,282.5048255406699,282.5048317246767,2.4525604648990624,514.1252386487739,226665.5564189269,100.03059517156068,140031.46216027907,NaN,NaN,10000.0,10000.0,95828.94335690977,275219.51419260824,controlled
CTL,0.1,1.9050401384008434e-6,243.028979550447,244.7586302407554,244.75862768936835,2.3905087732676016,512.2379252475097,226942.936403773,87.18540726351048,140402.52071269028,NaN,NaN,10000.0,10000.0,83218.63622594617,238640.37025128093,controlled
CTL,0.1,2.0000000000000003e-6,209.70726006357287,210.93643128372543,210.93643051016642,2.3262056155576434,510.5468181415524,227192.0585895703,75.59042200357372,140736.68023905042,NaN,NaN,10000.0,10000.0,71879.53670756436,205824.1726067859,controlled
CTL,0.2,3.000000000000001e-7,5991.934169339928,9.746109503153866e6,9.746112134521263e6,6.988831448437962,487331.1356422071,716.6844619916914,15.762164511468871,205.11613055650054,185.0,200.0,185.0,200.0,1.4977562351939092e9,7.686537412423682e9,tumor_dominant
CTL,0.2,3.14953993832204e-7,5710.559002486781,9.745801116732633e6,9.745805328747926e6,6.988817776715725,487315.825211048,716.7069312196352,15.762657009073402,205.1225726195569,190.0,205.0,190.0,205.0,1.4496109172713418e9,7.638197255898174e9,tumor_dominant
CTL,0.2,3.306533941028525e-7,5434.796347334583,9.745476082763761e6,9.745483219120974e6,6.988803422567832,487299.7510755285,716.7305227582132,15.763174510827945,205.12933613005566,195.0,210.0,195.0,210.0,1.3956435785346642e9,7.584025346211982e9,tumor_dominant
CTL,0.2,3.471353568228903e-7,5165.012767561281,9.745132106126765e6,9.745145041708475e6,6.988788351881847,487282.87511324126,716.755292785792,15.76371784190121,205.13643752028582,200.0,215.0,200.0,215.0,1.3347580387009602e9,7.522925001575156e9,tumor_dominant
CTL,0.2,3.644388901057883e-7,4901.546283729197,9.744764563816974e6,9.744789994387778e6,6.98877252883512,487265.1572959435,716.7813003051233,15.764289002118419,205.1438931417287,210.0,220.0,210.0,220.0,1.2655523183474445e9,7.453493692265209e9,tumor_dominant
CTL,0.2,3.8260494648864557e-7,4644.704883550188,9.744362037215421e6,9.744417234930534e6,6.988755915808549,487246.5555939878,716.8086072865881,15.76488827849248,205.1517216235346,215.0,230.0,215.0,230.0,1.1862011813892958e9,7.373905534019741e9,tumor_dominant
CTL,0.2,4.0167651985518443e-7,4394.765301101131,9.743890431459138e6,9.744025878990885e6,6.988738473295914,487227.0258759288,716.8372788188659,15.765517397616312,205.15994138553475,225.0,240.0,225.0,240.0,1.094275369977901e9,7.28173035144481e9,tumor_dominant
CTL,0.2,4.2169874719003627e-7,4151.972170388904,9.74322689577442e6,9.743614997992227e6,6.988720159808584,487206.52180306386,716.8673832673624,15.766177906971455,205.16857198784857,235.0,250.0,235.0,250.0,9.864613990099647e8,7.173652762809081e9,tumor_dominant
CTL,0.2,4.427190154051293e-7,3916.537547298136,9.74182472535514e6,9.743183616907153e6,6.988700931775355,487184.9947186423,716.898992440871,15.7668713800527,205.17763401972954,250.0,265.0,250.0,265.0,8.581027625063016e8,7.045009792294885e9,tumor_dominant
CTL,0.2,4.6478707349102155e-7,3688.640726071993,9.736518562740391e6,9.742730711925173e6,6.9886807434371505,487162.3935314769,716.9321817668626,15.767599477002333,205.187149099612,265.0,280.0,265.0,280.0,7.024305323314477e8,6.888997929169962e9,tumor_dominant
CTL,0.2,4.879551502585967e-7,3468.4284219386527,9.70127200416818e6,9.742255208002433e6,6.98865954673632,487138.6645936645,716.967030475902,15.768364081539374,205.1971398297507,285.0,300.0,285.0,300.0,5.093297114378848e8,6.695221971133653e9,tumor_dominant
CTL,0.2,5.122780779497939e-7,3256.0152642759044,9.290071852219205e6,9.741755976287436e6,6.988637291200255,487113.75157211686,717.0036217956708,15.769166632607668,205.20763037455822,310.0,325.0,310.0,325.0,2.657147643234408e8,6.44683306639343e9,tumor_dominant
CTL,0.2,5.378134220099089e-7,3051.484530190504,3.0109377532023857e6,9.741231831416175e6,6.988613923819004,487087.59531358216,717.0420431551161,15.77000976790648,205.21864523186647,345.0,360.0,345.0,360.0,2.3542807561881863e7,6.1142762895785475e9,tumor_dominant
CTL,0.2,5.646216173286177e-7,2854.889236779047,19954.580777992236,9.740681528670397e6,6.9885893889166075,487060.1337028221,717.0823863992856,15.770894743822671,205.23021133183423,395.0,410.0,395.0,410.0,1.8298870547993747e6,5.639597604794087e9,tumor_dominant
CTL,0.2,5.927661112721535e-7,2666.253322723803,7082.5787062737545,9.740103760991307e6,6.988563628015758,487031.30151358974,717.1247480154316,15.771823818677683,205.24235622566314,470.0,485.0,470.0,485.0,1.3357157036279421e6,4.887987166181708e9,tumor_dominant
CTL,0.2,6.223135138451644e-7,2485.5731834840713,4692.847015550691,9.739497155841734e6,6.988536579695485,487001.0302520396,717.1692293709996,15.772800518099093,205.2551079523511,620.0,635.0,620.0,635.0,1.1157805466606743e6,3.4347490339815874e9,tumor_dominant
CTL,0.2,6.533337553376234e-7,2312.8192099556413,3661.5844683145547,9.738860271909093e6,6.9885081794414825,486969.24799217394,717.2159369641612,15.77382502856191,205.26849875053526,1145.0,1160.0,1145.0,1160.0,970316.6321186728,3.8756679175672387e6,tumor_dominant
CTL,0.2,6.859002518299215e-7,2147.9375586354363,3050.9818305993217,3203.123305303336,3.5057092208274336,660.1561114539559,207081.83386012734,849.8083174829097,116258.16118471982,NaN,NaN,10000.0,10000.0,859729.6675098496,2.869715978622938e6,intermediate
CTL,0.2,7.200900789478258e-7,1990.8519730290764,2626.2970847972383,2665.1546664977163,3.4258853396982945,633.257699109834,210430.70217677456,741.8656905231616,120011.04873858954,NaN,NaN,10000.0,10000.0,769612.5942214474,2.4581826511572236e6,intermediate
CTL,0.2,7.559841542785492e-7,1841.4656249182103,2302.119994553054,2315.2640391338446,3.3647880646420676,615.763172039538,212667.53153278714,665.4152340569793,122584.72619016861,NaN,NaN,10000.0,10000.0,693139.7959760213,2.1623367742449306e6,intermediate
CTL,0.2,7.936674288796335e-7,1699.6630175908656,2039.9308362519184,2044.9601166859527,3.3108971634562803,602.2479864384812,214428.39785635375,602.6949722980168,124649.8438698973,NaN,NaN,10000.0,10000.0,626545.0278089517,1.9247755446101814e6,intermediate
CTL,0.2,8.33229088333924e-7,1565.3118107137025,1819.7092151973682,1821.7780074940913,3.2607337800148777,591.0888890028028,215904.4247516435,548.3533080804896,126408.13492463692,NaN,NaN,10000.0,10000.0,567530.917154596,1.7242454249803033e6,intermediate
CTL,0.2,8.747627638264501e-7,1438.2646769802125,1629.9360528049178,1630.8285207132205,3.2126745193560704,581.541419081685,217183.50786838782,499.93072567965913,127952.34724764655,NaN,NaN,10000.0,10000.0,514592.4117045264,1.5501243397938006e6,intermediate
CTL,0.2,9.183667537427913e-7,1318.3610046650078,1463.4543908798153,1463.852380193567,3.1657938610740217,573.1926085561929,218314.49146772045,456.065458459103,129333.94208857937,NaN,NaN,10000.0,10000.0,466689.1662270794,1.396217505296086e6,intermediate
CTL,0.2,9.641442563133607e-7,1205.428576493354,1315.5415361702624,1315.7232299620953,3.1194944975646046,565.7861451231413,219327.72421384673,415.9168856224522,130584.808331685,NaN,NaN,10000.0,10000.0,423071.11776169663,1.2585478730643657e6,intermediate
CTL,0.2,1.0122036138542432e-6,1099.2850831608794,1182.9258508290711,1183.0103040742456,3.07335548193345,559.1505087704684,220243.5319966369,378.9270547654156,131726.2272237561,NaN,NaN,10000.0,10000.0,383178.6094575982,1.134386906007007e6,intermediate
CTL,0.2,1.0626585691826105e-6,999.7395528544364,1063.2479365533184,1063.2876955503193,3.0270590412119405,553.164378270921,221076.28467954727,344.70561049893735,132773.175867545,NaN,NaN,10000.0,10000.0,346581.79102961585,1.021768043073061e6,intermediate
CTL,0.2,1.1156285348135952e-6,906.5936186597082,954.7473734858506,954.7662732799602,2.980351701235165,547.7383072398883,221836.58640845024,312.9678499460761,133736.65693344633,NaN,NaN,10000.0,10000.0,312942.0753204363,919218.0116002826,controlled
CTL,0.2,1.1712388755757056e-6,819.6426724803533,856.0713778199558,856.0804230898389,2.9330215753250686,542.8040167547199,222532.53530059394,283.4986742088575,134625.0360989266,NaN,NaN,10000.0,10000.0,281986.6371268582,825597.4104556713,controlled
CTL,0.2,1.229621205313694e-6,738.6768629269974,766.1529237304186,766.1572442951033,2.8848843904554453,538.3078586910162,223170.5018598042,256.13026248435165,135444.8721763817,NaN,NaN,10000.0,10000.0,253490.97202899525,740000.7043942969,controlled
CTL,0.2,1.2909136983810517e-6,663.481976464238,684.1302592324744,684.1323577380438,2.8357744790581783,534.206611047303,223755.6333518247,230.72751718585647,136201.45744422777,NaN,NaN,10000.0,10000.0,227266.62369577226,661690.6083061362,controlled
CTL,0.2,1.3552614166593774e-6,593.8401767525577,609.29207187311,609.2930928122761,2.785538454717384,530.4646557869878,224292.1898649075,207.1783234899536,136899.1764607679,NaN,NaN,10000.0,10000.0,203152.33666124754,590053.4167080565,controlled
CTL,0.2,1.4228166528785383e-6,529.5306458769169,541.0390946429972,541.0395983854339,2.7340310148263933,527.0519801235527,224783.7785834944,185.38657825898912,137541.75834789925,NaN,NaN,10000.0,10000.0,181007.54508668178,524567.6687806728,controlled
CTL,0.2,1.4937392910502137e-6,470.3301078967826,478.8566231674279,478.85686057303883,2.6811117083462364,523.942841783855,225233.52309830565,165.26735105821427,138132.45997685485,NaN,NaN,10000.0,10000.0,160707.49778813752,464781.5968343818,controlled
CTL,0.2,1.568197184867829e-6,416.01329512902583,422.2943947364781,422.29450309442547,2.6266426287592477,521.1147227577295,225644.1838375835,146.74325637655542,138674.19532399898,NaN,NaN,10000.0,10000.0,142139.55822226318,410296.5694343093,controlled
CTL,0.2,1.646366554968472e-6,366.35331781510314,370.9516822481918,370.9517243983209,2.570486576473462,518.5475806567066,226018.24771508516,129.7418345001109,139169.6315795839,NaN,NaN,10000.0,10000.0,125200.36717795156,360754.7195851136,controlled
CTL,0.2,1.7284324059969565e-6,321.1220378416933,324.46605100693705,324.4660685770477,2.5125057179491064,516.2233006394563,226357.9967166925,114.19359480589858,139621.26325809624,NaN,NaN,10000.0,10000.0,109793.65497074676,315829.6111406813,controlled
CTL,0.2,1.8145889644591558e-6,280.0903725490946,282.50482674046935,282.5048315663475,2.4525604646565213,514.1252385527155,226665.55641177366,100.03059520018972,140031.46214828035,NaN,NaN,10000.0,10000.0,95828.55230686806,275219.12313672865,controlled
CTL,0.2,1.9050401384008434e-6,243.02866067248561,244.7586301702639,244.75862970545623,2.3905087768303486,512.237926701123,226942.9365098112,87.18540691090948,140402.52089030488,NaN,NaN,10000.0,10000.0,83218.29418935972,238640.0282298973,controlled
CTL,0.2,2.0000000000000003e-6,209.7070050003388,210.93643098659498,210.93642881410264,2.3262056120821146,510.5468166971398,227192.0584859161,75.59042229262423,140736.68006560628,NaN,NaN,10000.0,10000.0,71879.2387738089,205823.87466243684,controlled
CTL,0.5,3.000000000000001e-7,5991.588774122232,9.746109502143113e6,9.74611213452126e6,6.988831448437962,487331.1356422071,716.6844619916915,15.762164542333092,205.11613053135986,185.0,200.0,185.0,200.0,1.4977168853112519e9,7.686498062530199e9,tumor_dominant
CTL,0.5,3.14953993832204e-7,5710.243656944957,9.74580111510258e6,9.74580532874793e6,6.988817776715725,487315.825211048,716.7069312196352,15.762656872897983,205.1225727296922,190.0,205.0,190.0,205.0,1.4495712660540953e9,7.638157604663484e9,tumor_dominant
CTL,0.5,3.306533941028525e-7,5434.509281328472,9.745476079979636e6,9.745483219120968e6,6.988803422567832,487299.7510755285,716.7305227582132,15.763174653964661,205.12933601455754,195.0,210.0,195.0,210.0,1.3956036074486387e9,7.5839853750961275e9,tumor_dominant
CTL,0.5,3.471353568228903e-7,5164.752213344276,9.745132101037951e6,9.745145041708462e6,6.988788351881846,487282.87511324126,716.7552927857936,15.763718188510635,205.13643724127087,200.0,215.0,200.0,215.0,1.3347177273351762e9,7.522884690154848e9,tumor_dominant
CTL,0.5,3.644388901057883e-7,4901.3105024917995,9.744764553722853e6,9.744789994387794e6,6.988772528835121,487265.1572959435,716.7813003051226,15.764288587356901,205.14389347449372,210.0,220.0,210.0,220.0,1.26551164455554e9,7.45345301836514e9,tumor_dominant
CTL,0.5,3.8260494648864557e-7,4644.492181055703,9.744362015100883e6,9.744417234930532e6,6.988755915808549,487246.5555939878,716.8086072865885,15.764888330165233,205.15172158227824,215.0,230.0,215.0,230.0,1.1861601233948321e9,7.373864475788282e9,tumor_dominant
CTL,0.5,4.0167651985518443e-7,4394.574011330348,9.743890376652703e6,9.744025878990887e6,6.988738473295914,487227.0258759288,716.8372788188657,15.765517345590803,205.1599414270729,225.0,240.0,225.0,240.0,1.0942339025798788e9,7.281688883459393e9,tumor_dominant
CTL,0.5,4.2169874719003627e-7,4151.800681146473,9.743226737088535e6,9.743614997992227e6,6.988720159808584,487206.52180306386,716.8673832673626,15.766177891522144,205.16857200012888,235.0,250.0,235.0,250.0,9.86419495338884e8,7.173610857437074e9,tumor_dominant
CTL,0.5,4.427190154051293e-7,3916.3843038363184,9.74182416360006e6,9.743183616907157e6,6.988700931775355,487184.9947186423,716.8989924408708,15.766871287081294,205.17763409351616,250.0,265.0,250.0,265.0,8.580603975502341e8,7.044967421316788e9,tumor_dominant
CTL,0.5,4.6478707349102155e-7,3688.504231334985,9.73651596522093e6,9.742730711925179e6,6.9886807434371505,487162.3935314769,716.9321817668622,15.767599386798041,205.1871491706746,265.0,280.0,265.0,280.0,7.023876914538656e8,6.888955060438577e9,tumor_dominant
CTL,0.5,4.879551502585967e-7,3468.3072475887293,9.701254685068911e6,9.74225520800243e6,6.9886595467363195,487138.6645936645,716.9670304759023,15.768364148526276,205.19713977695525,285.0,300.0,285.0,300.0,5.092864970686144e8,6.69517857073485e9,tumor_dominant
CTL,0.5,5.122780779497939e-7,3255.908052742059,9.289882656319924e6,9.741755976287453e6,6.988637291200256,487113.75157211686,717.0036217956706,15.769166340370642,205.20763060451594,310.0,325.0,310.0,325.0,2.656728699189279e8,6.446789097193081e9,tumor_dominant
CTL,0.5,5.378134220099089e-7,3051.389992810802,3.0094813555798377e6,9.74123183141619e6,6.988613923819005,487087.59531358216,717.0420431551157,15.770009531870278,205.21864541685756,345.0,360.0,345.0,360.0,2.35289616722668e7,6.114231711827749e9,tumor_dominant
CTL,0.5,5.646216173286177e-7,2854.8061658668903,19951.583271898297,9.740681528670419e6,6.988589388916609,487060.1337028221,717.0823863992853,15.770894413149419,205.23021159080136,395.0,410.0,395.0,410.0,1.8297969807310198e6,5.639552374232091e9,tumor_dominant
CTL,0.5,5.927661112721535e-7,2666.1805798453734,7082.376709253864,9.740103760991286e6,6.988563628015757,487031.30151358974,717.1247480154321,15.771824114689998,205.24235599329413,470.0,485.0,470.0,485.0,1.3356852699423057e6,4.887941235375367e9,tumor_dominant
CTL,0.5,6.223135138451644e-7,2485.509712130615,4692.804632341789,9.73949715584174e6,6.988536579695485,487001.0302520396,717.1692293709995,15.772800443402783,205.25510801170273,620.0,635.0,620.0,635.0,1.1157609891141905e6,3.4347023513484445e9,tumor_dominant
CTL,0.5,6.533337553376234e-7,2312.7640234188852,3661.5714036887716,9.738860271909123e6,6.988508179441483,486969.24799217394,717.2159369641611,15.773824706385083,205.26849902042446,1145.0,1160.0,1145.0,1160.0,970301.6743380176,3.8756390572826727e6,tumor_dominant
CTL,0.5,6.859002518299215e-7,2147.889754428621,3050.9769711130843,3203.1232897288633,3.5057092187164325,660.1561103095082,207081.83374381484,849.8083180698742,116258.16099564199,NaN,NaN,10000.0,10000.0,859717.3732890416,2.8697029440028816e6,intermediate
CTL,0.5,7.200900789478258e-7,1990.8107120569416,2626.2950728239307,2665.1546666934223,3.4258853397301734,633.257696950125,210430.70208238554,741.8656877988662,120011.04860122965,NaN,NaN,10000.0,10000.0,769602.1130180972,2.4581719735427713e6,intermediate
CTL,0.5,7.559841542785492e-7,1841.4301468940218,2302.1190944833866,2315.264039971774,3.3647880647991775,615.7631673372604,212667.53132393872,665.415228392108,122584.72588322128,NaN,NaN,10000.0,10000.0,693130.6719040622,2.1623275819926113e6,intermediate
CTL,0.5,7.936674288796335e-7,1699.632623697721,2039.9304100903746,2044.9601376380872,3.3108971679037746,602.2479870967079,214428.39799733754,602.6949690970793,124649.84411373302,NaN,NaN,10000.0,10000.0,626536.9827249073,1.9247674732408535e6,intermediate
CTL,0.5,8.33229088333924e-7,1565.285874267401,1819.709020903445,1821.778024453959,3.26073378405573,591.0888937267451,215904.42506825773,548.3533096550208,126408.13542842504,NaN,NaN,10000.0,10000.0,567523.7652389916,1.7242382617388468e6,intermediate
CTL,0.5,8.747627638264501e-7,1438.2426273230874,1629.9359551297284,1630.8285538587809,3.2126745281774225,581.5414253657544,217183.50836124044,499.9307248902402,127952.34805006208,NaN,NaN,10000.0,10000.0,514586.01975652704,1.5501179430124655e6,intermediate
CTL,0.5,9.183667537427913e-7,1318.342332873762,1463.454341765024,1463.852384246213,3.1657938622755366,573.1926109648105,218314.49160959767,456.0654598399087,129333.94231173267,NaN,NaN,10000.0,10000.0,466683.4341274813,1.396211770465755e6,intermediate
CTL,0.5,9.641442563133607e-7,1205.4128276625781,1315.5415107865756,1315.7232801169098,3.1194945141071537,565.7861545651668,219327.72499486047,415.9168821879892,130584.80961919588,NaN,NaN,10000.0,10000.0,423065.96673502546,1.258542721455208e6,intermediate
CTL,0.5,1.0122036138542432e-6,1099.271848522107,1182.9258369940137,1183.0102977194465,3.073355479602512,559.1505093111012,220243.53198258643,378.9270568364117,131726.22719010277,NaN,NaN,10000.0,10000.0,383173.9754858815,1.134382271770987e6,intermediate
CTL,0.5,1.0626585691826105e-6,999.7284820080658,1063.2479291046668,1063.2877154007087,3.027059049312114,553.1643825300735,221076.28503028434,344.70560873346733,132773.17644887223,NaN,NaN,10000.0,10000.0,346577.6210494913,1.0217638724114362e6,intermediate
CTL,0.5,1.1156285348135952e-6,906.5843854629029,954.7473691032811,954.7662423762298,2.980351687192694,547.7383007503976,221836.58585738958,312.96785348566095,133736.656014556,NaN,NaN,10000.0,10000.0,312938.3238545171,919214.2600204659,controlled
CTL,0.5,1.1712388755757056e-6,819.6350094620141,856.0713747300506,856.0804349654024,2.9330215813425804,542.8040202564979,222532.5355698375,283.49867333507075,134625.0365440339,NaN,NaN,10000.0,10000.0,281983.2649428242,825594.0385593451,controlled
CTL,0.5,1.229621205313694e-6,738.6705272208991,766.1529232284249,766.1572549392959,2.8848843964812163,538.3078572519104,223170.50186351012,256.13025822010525,135444.87220556836,NaN,NaN,10000.0,10000.0,253487.94449847416,739997.6771731424,controlled
CTL,0.5,1.2909136983810517e-6,663.4767572283835,684.1302586768298,684.1323558542184,2.8357744778640512,534.2066104502827,223755.63330514013,230.7275173926556,136201.4573665229,NaN,NaN,10000.0,10000.0,227263.9099934695,661687.8945692071,controlled
CTL,0.5,1.3552614166593774e-6,593.8358954463242,609.2920705780543,609.293088713896,2.7855384518009103,530.4646537286885,224292.1897201261,207.17832357289947,136899.1762225585,NaN,NaN,10000.0,10000.0,203149.90908745409,590050.989130941,controlled
CTL,0.5,1.4228166528785383e-6,529.527147641066,541.0390956701244,541.0395955061821,2.734031012519471,527.0519798676675,224783.77854536477,185.38657911574754,137541.75828034643,NaN,NaN,10000.0,10000.0,181005.37842482576,524565.5022372351,controlled
CTL,0.5,1.4937392910502137e-6,470.3272607323528,478.8566220283683,478.8568587776285,2.6811117067213,523.9428408314112,225233.52302984643,165.2673511870139,138132.45986343877,NaN,NaN,10000.0,10000.0,160705.56906614875,464779.6683010753,controlled
CTL,0.5,1.568197184867829e-6,416.0109856430911,422.29439444919825,422.2945044820801,2.6266426301829626,521.1147231298459,225644.1838709481,146.74325603948228,138674.19538095727,NaN,NaN,10000.0,10000.0,142137.8462731894,410294.85752054857,controlled
CTL,0.5,1.646366554968472e-6,366.3514548428006,370.95168723362116,370.9517331360316,2.570486586675699,518.5475842070999,226018.24799801872,129.74183273497584,139169.63205682184,NaN,NaN,10000.0,10000.0,125198.85254334468,360753.20493906375,controlled
CTL,0.5,1.7284324059969565e-6,321.12053679023796,324.4660472024898,324.4660698947221,2.512505719707381,516.2233013035845,226357.99676751834,114.19359455673435,139621.26334352908,NaN,NaN,10000.0,10000.0,109792.31952100391,315828.2756910971,controlled
CTL,0.5,1.8145889644591558e-6,280.08917105555616,282.50483213548927,282.5048341170677,2.4525604685639104,514.1252401002893,226665.55652701738,100.03059473895783,140031.4623415885,NaN,NaN,10000.0,10000.0,95827.37933680856,275217.95019405015,controlled
CTL,0.5,1.9050401384008434e-6,243.0276993478827,244.75862966788316,244.75863315312404,2.3905087829229243,512.2379291869191,226942.93669114477,87.18540630793409,140402.52119403987,NaN,NaN,10000.0,10000.0,83217.26808691946,238639.00213287273,controlled
CTL,0.5,2.0000000000000003e-6,209.706241162921,210.9364437962253,210.9364326974955,2.3262056200398598,510.5468200043432,227192.05872324845,75.59042163079819,140736.68046273311,NaN,NaN,10000.0,10000.0,71878.34514741963,205822.98098272097,controlled
CTL,1.0,3.000000000000001e-7,5991.01328137143,9.74610950045784e6,9.746112134521263e6,6.988831448437962,487331.1356422071,716.684461991691,15.762164507914086,205.11613055939125,185.0,200.0,185.0,200.0,1.497651314690284e9,7.686432491891182e9,tumor_dominant
CTL,1.0,3.14953993832204e-7,5709.718233665846,9.74580111238535e6,9.745805328747917e6,6.988817776715725,487315.825211048,716.7069312196357,15.762657301652343,205.12257238307689,190.0,205.0,190.0,205.0,1.4495051934594917e9,7.638091532039761e9,tumor_dominant
CTL,1.0,3.306533941028525e-7,5434.030968716156,9.745476075337928e6,9.745483219120959e6,6.988803422567832,487299.7510755285,716.730522758214,15.763174987031451,205.12933574528307,195.0,210.0,195.0,210.0,1.3955370020123205e9,7.5839187696101055e9,tumor_dominant
CTL,1.0,3.471353568228903e-7,5164.318074784288,9.74513209255417e6,9.745145041708453e6,6.988788351881845,487282.87511324126,716.7552927857929,15.76371846639549,205.13643701763866,200.0,215.0,200.0,215.0,1.3346505550792503e9,7.522817517808009e9,tumor_dominant
CTL,1.0,3.644388901057883e-7,4900.917645017449,9.744764536894994e6,9.744789994387781e6,6.98877252883512,487265.1572959435,716.7813003051231,15.764288908105842,205.14389321710928,210.0,220.0,210.0,220.0,1.2654438690260947e9,7.453385242655366e9,tumor_dominant
CTL,1.0,3.8260494648864557e-7,4644.1377683091505,9.74436197823104e6,9.744417234930532e6,6.988755915808549,487246.5555939878,716.8086072865882,15.764888336629207,205.1517215771198,215.0,230.0,215.0,230.0,1.1860917074152381e9,7.373796059413599e9,tumor_dominant
CTL,1.0,4.0167651985518443e-7,4394.255275507068,9.743890285278466e6,9.744025878990892e6,6.988738473295914,487227.0258759288,716.8372788188651,15.765517240860762,205.1599415107745,225.0,240.0,225.0,240.0,1.0941648045959356e9,7.28161978449611e9,tumor_dominant
CTL,1.0,4.2169874719003627e-7,4151.5149365944335,9.743226472522616e6,9.74361499799223e6,6.988720159808584,487206.5218030639,716.8673832673621,15.766177815664403,205.1685720597988,235.0,250.0,235.0,250.0,9.863496706255908e8,7.173541029887973e9,tumor_dominant
CTL,1.0,4.427190154051293e-7,3916.1289582094555,9.741823227027046e6,9.743183616907166e6,6.988700931775355,487184.9947186423,716.8989924408704,15.766871121583334,205.17763422485314,250.0,265.0,250.0,265.0,8.579898044635773e8,7.044896818190037e9,tumor_dominant
CTL,1.0,4.6478707349102155e-7,3688.2767934036306,9.73651163455898e6,9.742730711925188e6,6.988680743437151,487162.3935314769,716.9321817668625,15.767599192532026,205.18714932375508,265.0,280.0,265.0,280.0,7.023163056799228e8,6.888883628225957e9,tumor_dominant
CTL,1.0,4.879551502585967e-7,3468.105336707402,9.701225810148075e6,9.742255208002428e6,6.9886595467363195,487138.6645936645,716.9670304759019,15.768364206508837,205.1971397313039,285.0,300.0,285.0,300.0,5.092144894389406e8,6.69510625295084e9,tumor_dominant
CTL,1.0,5.122780779497939e-7,3255.7294054286995,9.289567229976801e6,9.74175597628743e6,6.988637291200254,487113.75157211686,717.0036217956707,15.769166711961367,205.2076303120791,310.0,325.0,310.0,325.0,2.656030637331816e8,6.44671583187344e9,tumor_dominant
CTL,1.0,5.378134220099089e-7,3051.232465671582,3.0070549482016936e6,9.741231831416197e6,6.988613923819006,487087.59531358216,717.0420431551154,15.770009388713886,205.21864552894743,345.0,360.0,345.0,360.0,2.3505905034570992e7,6.11415743284876e9,tumor_dominant
CTL,1.0,5.646216173286177e-7,2854.6677410647926,19946.590715402155,9.740681528670385e6,6.9885893889166075,487060.1337028221,717.0823863992854,15.770894898076351,205.2302112110756,395.0,410.0,395.0,410.0,1.8296469229605903e6,5.639477007895244e9,tumor_dominant
CTL,1.0,5.927661112721535e-7,2666.0593663603026,7082.040172436974,9.740103760991262e6,6.988563628015756,487031.30151358974,717.1247480154317,15.77182444299014,205.24235573562328,470.0,485.0,470.0,485.0,1.335634560381364e6,4.887864702771366e9,tumor_dominant
CTL,1.0,6.223135138451644e-7,2485.403944024977,4692.734026945294,9.73949715584175e6,6.988536579695486,487001.0302520396,717.1692293709992,15.772800312818312,205.25510811562881,620.0,635.0,620.0,635.0,1.1157284003077883e6,3.4346245663780055e9,tumor_dominant
CTL,1.0,6.533337553376234e-7,2312.6720675799743,3661.549625172617,9.738860271909108e6,6.9885081794414825,486969.24799217394,717.2159369641605,15.773824858251745,205.2684988932132,1145.0,1160.0,1145.0,1160.0,970276.749796864,3.875590969043475e6,tumor_dominant
CTL,1.0,6.859002518299215e-7,2147.810090680771,3050.968864215856,3203.123289867219,3.5057092187351855,660.1561103137085,207081.83374459395,849.8083180566413,116258.16099695732,NaN,NaN,10000.0,10000.0,859696.8870163807,2.869681224849275e6,intermediate
CTL,1.0,7.200900789478258e-7,1990.7419614974347,2626.2917063489317,2665.154667465995,3.425885339856019,633.2576975625507,210430.70211305842,741.8656884411066,120011.04864712562,NaN,NaN,10000.0,10000.0,769584.6477111178,2.4581541807994377e6,intermediate
CTL,1.0,7.559841542785492e-7,1841.3710222730788,2302.11759959517,2315.2640420874422,3.3647880651958606,615.7631693871762,212667.53142741663,665.4152304314946,122584.72603925213,NaN,NaN,10000.0,10000.0,693115.4679631059,2.1623122646885416e6,intermediate
CTL,1.0,7.936674288796335e-7,1699.5819835801362,2039.9297180125075,2044.960122546704,3.3108971647003376,602.2479868458595,214428.39790612724,602.6949716507743,124649.84395350685,NaN,NaN,10000.0,10000.0,626523.5770287472,1.9247540228949161e6,intermediate
CTL,1.0,8.33229088333924e-7,1565.2426474215497,1819.7086754727782,1821.7780065368454,3.2607337797868046,591.0888884448309,215904.4247200235,548.3533076841433,126408.13487554865,NaN,NaN,10000.0,10000.0,567511.84724629,1.724226325050903e6,intermediate
CTL,1.0,8.747627638264501e-7,1438.2058802025963,1629.9357858439537,1630.8285168955017,3.2126745183400236,581.5414178625499,217183.50778783465,499.9307252734672,127952.34711924213,NaN,NaN,10000.0,10000.0,514575.36861481157,1.550107283491992e6,intermediate
CTL,1.0,9.183667537427913e-7,1318.3112193212282,1463.454257547577,1463.852399074874,3.165793866671888,573.1926075703575,218314.49153298658,456.0654532344074,129333.94222137681,NaN,NaN,10000.0,10000.0,466673.88230664394,1.3962022153744393e6,intermediate
CTL,1.0,9.641442563133607e-7,1205.38657531331,1315.5414674788083,1315.7232700464297,3.1194945107856102,565.7861487895524,219327.7246458149,415.91687935174497,130584.80906638163,NaN,NaN,10000.0,10000.0,423057.3830698881,1.2585341358146667e6,intermediate
CTL,1.0,1.0122036138542432e-6,1099.2497943050507,1182.9258153356693,1183.0103308470295,3.0733554917536954,559.1505208363722,220243.5327768145,378.9270584407707,131726.22847514733,NaN,NaN,10000.0,10000.0,383166.25365343184,1.1343745493506186e6,intermediate
CTL,1.0,1.0626585691826105e-6,999.7100244117381,1063.2479184415931,1063.2877430769086,3.027059060605696,553.1643823385069,221076.2852068883,344.70560123405164,132773.17677624593,NaN,NaN,10000.0,10000.0,346570.672236016,1.0217569235103369e6,intermediate
CTL,1.0,1.1156285348135952e-6,906.5690070421582,954.7473631520688,954.7662343751258,2.98035168355704,547.7382979996199,221836.58565942204,312.9678535663512,133736.65569075063,NaN,NaN,10000.0,10000.0,312932.072539565,919208.0085472573,controlled
CTL,1.0,1.1712388755757056e-6,819.6222380232729,856.0713726375293,856.0804222102162,2.933021574879352,542.8040166821411,222532.5352904247,283.4986744118881,134625.0360812047,NaN,NaN,10000.0,10000.0,281977.6456023587,825588.4187494671,controlled
CTL,1.0,1.229621205313694e-6,738.6599658007931,766.1529210546098,766.1572446360801,2.8848843906484753,538.3078553597288,223170.5016858797,256.1302600431673,135444.8719047244,NaN,NaN,10000.0,10000.0,253482.89946481865,739992.6320484561,controlled
CTL,1.0,1.2909136983810517e-6,663.4680601300317,684.1302577874047,684.1323579978787,2.8357744792228834,534.2066130460883,223755.63346104044,230.7275184287899,136201.4576165202,NaN,NaN,10000.0,10000.0,227259.38797372102,661683.372250649,controlled
CTL,1.0,1.3552614166593774e-6,593.828760846865,609.2920697889114,609.2931026999784,2.785538461753634,530.4646557837103,224292.18994452042,207.17832017787498,136899.1766099973,NaN,NaN,10000.0,10000.0,203145.86380833283,590046.9439182682,controlled
CTL,1.0,1.4228166528785383e-6,529.5213169193138,541.0390945590979,541.0395945752359,2.7340310117735758,527.051979592013,224783.7785224423,185.38657927900297,137541.75824173423,NaN,NaN,10000.0,10000.0,181001.76795644188,524561.8917086977,controlled
CTL,1.0,1.4937392910502137e-6,470.32251658437553,478.8566233948606,478.85686002016934,2.681111707845862,523.9428417762081,225233.52309308902,165.26735125621764,138132.4599671232,NaN,NaN,10000.0,10000.0,160702.35508395094,464776.4538074288,controlled
CTL,1.0,1.568197184867829e-6,416.0071388300511,422.2943963212004,422.2945058621268,2.626642631598872,521.1147234999163,225644.18390412934,146.74325570425947,138674.19543760264,NaN,NaN,10000.0,10000.0,142134.99352383948,410292.00463871565,controlled
CTL,1.0,1.646366554968472e-6,366.3483477000942,370.9516819263557,370.95173267090246,2.5704865861326094,518.5475840180958,226018.24798295685,129.74183282894197,139169.6320314163,NaN,NaN,10000.0,10000.0,125196.32853819353,360750.6809961203,controlled
CTL,1.0,1.7284324059969565e-6,321.1180372515378,324.4660563925782,324.4660708929876,2.5125057210394437,516.2233018067359,226357.99680602446,114.19359436796383,139621.26340825408,NaN,NaN,10000.0,10000.0,109790.09417449097,315826.0503063908,controlled
CTL,1.0,1.8145889644591558e-6,280.0871669131988,282.50482189794707,282.50483300119726,2.4525604668545347,514.1252394232724,226665.55647660175,100.0305949407327,140031.462257022,NaN,NaN,10000.0,10000.0,95825.42468385152,275215.99552539585,controlled
CTL,1.0,1.9050401384008434e-6,243.02609918713833,244.75862981450527,244.75863407769756,2.3905087845567925,512.2379298535437,226942.93673977364,87.18540614623198,140402.5212754936,NaN,NaN,10000.0,10000.0,83215.55825336407,238637.2922813331,controlled
CTL,1.0,2.0000000000000003e-6,209.70496718913716,210.93644264706126,210.93642549231575,2.3262056052751974,510.54681386823324,227192.0582829071,75.59042285873657,140736.67972591287,NaN,NaN,10000.0,10000.0,71876.85599894842,205821.4917822414,controlled
CTL,2.0,3.000000000000001e-7,5989.862921635744,9.746109497085558e6,9.746112134521266e6,6.988831448437963,487331.1356422071,716.684461991691,15.762164365064837,205.11613067568686,185.0,200.0,185.0,200.0,1.497520220378224e9,7.686301397543002e9,tumor_dominant
CTL,2.0,3.14953993832204e-7,5708.667948163179,9.745801106947951e6,9.745805328747911e6,6.988817776715724,487315.825211048,716.7069312196364,15.76265751579256,205.1225722098775,190.0,205.0,190.0,205.0,1.4493730961451774e9,7.637959434667167e9,tumor_dominant
CTL,2.0,3.306533941028525e-7,5433.074839007666,9.745476066049434e6,9.745483219120955e6,6.988803422567832,487299.7510755285,716.7305227582137,15.763175132663047,205.12933562762277,195.0,210.0,195.0,210.0,1.3954038400258331e9,7.583785607524084e9,tumor_dominant
CTL,2.0,3.471353568228903e-7,5163.4502397986835,9.745132075576564e6,9.745145041708447e6,6.988788351881845,487282.87511324126,716.7552927857936,15.763718597089934,205.1364369124369,200.0,215.0,200.0,215.0,1.3345162605392663e9,7.522683223086107e9,tumor_dominant
CTL,2.0,3.644388901057883e-7,4900.132320301354,9.744764503218764e6,9.744789994387772e6,6.98877252883512,487265.1572959435,716.781300305123,15.764289168125336,205.14389300860248,210.0,220.0,210.0,220.0,1.2653083691736236e9,7.453249742441977e9,tumor_dominant
CTL,2.0,3.8260494648864557e-7,4643.429285066046,9.744361904444875e6,9.744417234930536e6,6.98875591580855,487246.5555939878,716.8086072865884,15.764888267707182,205.15172163216025,215.0,230.0,215.0,230.0,1.1859549278697786e9,7.373659279077371e9,tumor_dominant
CTL,2.0,4.0167651985518443e-7,4393.618105144958,9.743890102415856e6,9.744025878990902e6,6.988738473295915,487227.0258759288,716.8372788188651,15.765517027772225,205.15994168087,225.0,240.0,225.0,240.0,1.0940266624003704e9,7.281481640340659e9,tumor_dominant
CTL,2.0,4.2169874719003627e-7,4150.943711340409,9.743225943058787e6,9.743614997992238e6,6.988720159808585,487206.52180306386,716.867383267362,15.766177662570897,205.16857218207016,235.0,250.0,235.0,250.0,9.862100764458218e8,7.173401430033033e9,tumor_dominant
CTL,2.0,4.427190154051293e-7,3915.618493971659,9.741821352701662e6,9.74318361690718e6,6.988700931775356,487184.9947186423,716.8989924408703,15.766870853955698,205.17763443717052,250.0,265.0,250.0,265.0,8.578486751606762e8,7.044755668794308e9,tumor_dominant
CTL,2.0,4.6478707349102155e-7,3687.8221181765866,9.7365029677406e6,9.742730711925203e6,6.988680743437151,487162.3935314769,716.9321817668623,15.767598918481426,205.18714953971684,265.0,280.0,265.0,280.0,7.021735927813296e8,6.888740822391064e9,tumor_dominant
CTL,2.0,4.879551502585967e-7,3467.701685422856,9.701168023606472e6,9.742255208002428e6,6.9886595467363195,487138.6645936645,716.9670304759021,15.768364198923654,205.1971397372843,285.0,300.0,285.0,300.0,5.090705350492393e8,6.694961677856984e9,tumor_dominant
CTL,2.0,5.122780779497939e-7,3255.372254453316,9.288936002830401e6,9.74175597628742e6,6.988637291200254,487113.75157211686,717.0036217956712,15.76916688861869,205.20763017303264,310.0,325.0,310.0,325.0,2.6546351814402685e8,6.446569363737542e9,tumor_dominant
CTL,2.0,5.378134220099089e-7,3050.9175430799924,3.002205593565811e6,9.741231831416184e6,6.988613923819005,487087.59531358216,717.0420431551156,15.770009605120244,205.21864535945846,345.0,360.0,345.0,360.0,2.345986609739919e7,6.114008939625842e9,tumor_dominant
CTL,2.0,5.646216173286177e-7,2854.390992029325,19936.617962340362,9.740681528670384e6,6.9885893889166075,487060.1337028221,717.082386399286,15.770894938670567,205.2302111792289,395.0,410.0,395.0,410.0,1.8293470533556489e6,5.639326342410702e9,tumor_dominant
CTL,2.0,5.927661112721535e-7,2665.817039300682,7081.367533870774,9.740103760991268e6,6.988563628015756,487031.30151358974,717.1247480154325,15.77182436967377,205.24235579315675,470.0,485.0,470.0,485.0,1.3355331895808487e6,4.887711707409097e9,tumor_dominant
CTL,2.0,6.223135138451644e-7,2485.192483948399,4692.59292871881,9.739497155841744e6,6.988536579695486,487001.0302520396,717.1692293709993,15.772800400896092,205.25510804559914,620.0,635.0,620.0,635.0,1.115663249396517e6,3.434469069187583e9,tumor_dominant
CTL,2.0,6.533337553376234e-7,2312.488212194981,3661.506089776549,9.73886027190912e6,6.988508179441483,486969.24799217394,717.2159369641603,15.77382473341813,205.2684989977076,1145.0,1160.0,1145.0,1160.0,970226.9199808789,3.875494838878731e6,tumor_dominant
CTL,2.0,6.859002518299215e-7,2147.6508285747445,3050.9526702637004,3203.123322863306,3.5057092232075537,660.1561174514153,207081.8341914103,849.8083231592067,116258.16168462137,NaN,NaN,10000.0,10000.0,859655.9296226383,2.869637803585489e6,intermediate
CTL,2.0,7.200900789478258e-7,1990.6044869908583,2626.2849942737107,2665.154563257323,3.42588532288129,633.2576955928638,210430.70153444743,741.8657023804648,120011.04764634003,NaN,NaN,10000.0,10000.0,769549.7292427793,2.458118608243006e6,intermediate
CTL,2.0,7.559841542785492e-7,1841.2528194016397,2302.114576450077,2315.2639581602702,3.3647880494596976,615.7631546535706,212667.53033930258,665.415227689075,122584.72430230388,NaN,NaN,10000.0,10000.0,693085.0709437713,2.1622816426105346e6,intermediate
CTL,2.0,7.936674288796335e-7,1699.4807212339394,2039.928303019595,2044.9601595337606,3.3108971725515537,602.2479855003285,214428.39803890418,602.694963213319,124649.8442109498,NaN,NaN,10000.0,10000.0,626496.7744700972,1.9247271314292788e6,intermediate
CTL,2.0,8.33229088333924e-7,1565.1562321308998,1819.708005380662,1821.7780115464025,3.26073378098038,591.0888904462721,215904.4248421484,548.3533087888751,126408.13506732298,NaN,NaN,10000.0,10000.0,567488.0199887791,1.7242024607456438e6,intermediate
CTL,2.0,8.747627638264501e-7,1438.1324102199203,1629.9354525466988,1630.8285146382161,3.2126745177392704,581.5414154647003,217183.5076596741,499.93072335025715,127952.34692149865,NaN,NaN,10000.0,10000.0,514554.073207743,1.550085971523675e6,intermediate
CTL,2.0,9.183667537427913e-7,1318.2490003422063,1463.4540902086483,1463.852445132268,3.1657938803268277,573.1926135223389,218314.49210000638,456.0654484702143,129333.94316611331,NaN,NaN,10000.0,10000.0,466654.7851267702,1.3961831105560688e6,intermediate
CTL,2.0,9.641442563133607e-7,1205.3341003038681,1315.5413827640764,1315.7232822669787,3.1194945148163105,565.786154807119,219327.72502027414,415.91688189280165,130584.80966203901,NaN,NaN,10000.0,10000.0,423040.22173862223,1.2585169711765342e6,intermediate
CTL,2.0,1.0122036138542432e-6,1099.2057077991112,1182.9257715973793,1183.010310505038,3.0733554842922617,559.1505098222597,220243.5320912231,378.9270540519603,131726.22738149992,NaN,NaN,10000.0,10000.0,383150.8151690355,1.1343591086922667e6,intermediate
CTL,2.0,1.0626585691826105e-6,999.6731247730029,1063.2478955196746,1063.2877374654179,3.0270590583158645,553.1643818295274,221076.28514316154,344.70560230435177,132773.17666669202,NaN,NaN,10000.0,10000.0,346556.7792333342,1.0217430296723162e6,intermediate
CTL,2.0,1.1156285348135952e-6,906.5382476015277,954.7473520628304,954.7662698122364,2.980351699659452,547.7383074402941,221836.58639457572,312.9678510681172,133736.65690484238,NaN,NaN,10000.0,10000.0,312919.5739815377,919195.5095693239,controlled
CTL,2.0,1.1712388755757056e-6,819.596702070831,856.0713656660599,856.0804226457901,2.9330215751000632,542.8040182087265,222532.53537344982,283.49867541516653,134625.03621164683,NaN,NaN,10000.0,10000.0,281966.4106214012,825577.1836548983,controlled
CTL,2.0,1.229621205313694e-6,738.6388503054158,766.1529171724413,766.1572396023091,2.884884387798813,538.3078555536298,223170.5016583443,256.1302617183667,135444.87185054016,NaN,NaN,10000.0,10000.0,253472.8127527232,739982.5451932858,controlled
CTL,2.0,1.2909136983810517e-6,663.4506682820152,684.1302559736313,684.1323552339057,2.835774477470845,534.2066107524614,223755.63331651606,230.72751779165455,136201.4573829872,NaN,NaN,10000.0,10000.0,227250.3468634879,661674.3313919173,controlled
CTL,2.0,1.3552614166593774e-6,593.8144940317648,609.2920691430652,609.2930902465486,2.7855384528915708,530.4646539043147,224292.1897420261,207.17832316980974,136899.17626077152,NaN,NaN,10000.0,10000.0,203137.77591018772,590038.8559165488,controlled
CTL,2.0,1.4228166528785383e-6,529.5096597138621,541.0390945981527,541.0395941996362,2.7340310114726365,527.0519794940843,224783.77851392422,185.3865793526693,137541.75822731247,NaN,NaN,10000.0,10000.0,180994.54938590154,524554.6731171458,controlled
CTL,2.0,1.4937392910502137e-6,470.31302837167834,478.8566231375171,478.85686009070855,2.6811117079097033,523.9428417200213,225233.52309057946,165.2673511992762,138132.45996332282,NaN,NaN,10000.0,10000.0,160695.9291963967,464770.02807324537,controlled
CTL,2.0,1.568197184867829e-6,415.9994468648529,422.29439691731216,422.29450474970866,2.6266426304575456,521.1147232016069,225644.18387738237,146.7432559744757,138674.19539194167,NaN,NaN,10000.0,10000.0,142129.28991762997,410286.30104128283,controlled
CTL,2.0,1.646366554968472e-6,366.34213513662155,370.9516809251401,370.9517199895361,2.5704865713257217,518.5475788652898,226018.2475723256,129.74183539074335,139169.6313387844,NaN,NaN,10000.0,10000.0,125191.28218365724,360745.6346904145,controlled
CTL,2.0,1.7284324059969565e-6,321.113038741301,324.46605184723074,324.4660669742737,2.512505715810401,516.2232998316153,226357.99665486845,114.1935951089806,139621.2631541765,NaN,NaN,10000.0,10000.0,109785.64496018247,315821.6011111052,controlled
CTL,2.0,1.8145889644591558e-6,280.083160002428,282.50484017167554,282.50482510761645,2.452560454762541,514.125234634085,226665.55611996332,100.03059636808133,140031.4616588019,NaN,NaN,10000.0,10000.0,95821.51680129053,275212.0875251906,controlled
CTL,2.0,1.9050401384008434e-6,243.0228985670659,244.75865409810632,244.7586242744232,2.3905087672328516,512.2379227852995,226942.93622415984,87.18540786076557,140402.52041183723,NaN,NaN,10000.0,10000.0,83212.1397264971,238633.87365763306,controlled
CTL,2.0,2.0000000000000003e-6,209.70242006456087,210.93644602179992,210.93643281641067,2.3262056202835373,510.5468201056171,227192.0587305163,75.5904216105312,140736.68047489412,NaN,NaN,10000.0,10000.0,71873.87852706994,205818.5143632356,controlled
CTL,5.0,3.000000000000001e-7,5986.416825809101,9.746109486954423e6,9.746112134521276e6,6.988831448437963,487331.1356422071,716.6844619916907,15.762164034587169,205.1161309446767,185.0,200.0,185.0,200.0,1.4971273124908168e9,7.685908489547052e9,tumor_dominant
CTL,5.0,3.14953993832204e-7,5705.521563546924,9.745801090607798e6,9.745805328747911e6,6.988817776715724,487315.825211048,716.7069312196357,15.76265749797088,205.12257222428957,190.0,205.0,190.0,205.0,1.448977186805855e9,7.637563525152786e9,tumor_dominant
CTL,5.0,3.306533941028525e-7,5430.210426514426,9.745476038140634e6,9.745483219120955e6,6.988803422567832,487299.7510755285,716.7305227582141,15.763175100685205,205.12933565346916,195.0,210.0,195.0,210.0,1.3950047447312036e9,7.583386511930412e9,tumor_dominant
CTL,5.0,3.471353568228903e-7,5160.850248596559,9.745132024559163e6,9.745145041708449e6,6.988788351881845,487282.87511324126,716.7552927857935,15.76371857893603,205.1364369270613,200.0,215.0,200.0,215.0,1.3341137761581545e9,7.5222807381583e9,tumor_dominant
CTL,5.0,3.644388901057883e-7,4897.779467292944,9.744764402022747e6,9.74478999438777e6,6.98877252883512,487265.1572959435,716.7813003051228,15.764289210717603,205.14389297444322,210.0,225.0,210.0,225.0,1.264902278453885e9,7.452843650637801e9,tumor_dominant
CTL,5.0,3.8260494648864557e-7,4641.306579848935,9.744361682720836e6,9.744417234930538e6,6.98875591580855,487246.5555939878,716.8086072865883,15.76488822834595,205.15172166358488,215.0,230.0,215.0,230.0,1.1855450079710171e9,7.373249356802387e9,tumor_dominant
CTL,5.0,4.0167651985518443e-7,4391.708992241686,9.743889552916298e6,9.744025878990902e6,6.988738473295915,487227.0258759288,716.837278818865,15.765516997988817,205.15994170476333,225.0,240.0,225.0,240.0,1.0936126654897397e9,7.281067637540614e9,tumor_dominant
CTL,5.0,4.2169874719003627e-7,4149.2321330845,9.7432243520195e6,9.743614997992236e6,6.988720159808584,487206.52180306386,716.8673832673621,15.766177695396046,205.1685721560015,235.0,250.0,235.0,250.0,9.857917353489954e8,7.172983071882294e9,tumor_dominant
CTL,5.0,4.427190154051293e-7,3914.0889360052065,9.74181572028171e6,9.74318361690717e6,6.988700931775355,487184.9947186423,716.8989924408706,15.766871016101673,205.17763430859088,250.0,265.0,250.0,265.0,8.574257416687266e8,7.044332674922592e9,tumor_dominant
CTL,5.0,4.6478707349102155e-7,3686.4596659370086,9.736476923324881e6,9.742730711925186e6,6.9886807434371505,487162.3935314769,716.9321817668625,15.767599232562484,205.18714929227409,265.0,280.0,265.0,280.0,7.017459225520787e8,6.888312872881269e9,tumor_dominant
CTL,5.0,4.879551502585967e-7,3466.49210302191,9.70099437027368e6,9.74225520800243e6,6.9886595467363195,487138.6645936645,716.9670304759014,15.768364143829535,205.1971397806873,285.0,300.0,285.0,300.0,5.0863915808643746e8,6.694528435616785e9,tumor_dominant
CTL,5.0,5.122780779497939e-7,3254.3019875608193,9.287039326095687e6,9.741755976287443e6,6.988637291200255,487113.7515721168,717.0036217956713,15.76916651000575,205.20763047119948,310.0,325.0,310.0,325.0,2.650454149020916e8,6.446130458622697e9,tumor_dominant
CTL,5.0,5.378134220099089e-7,3049.9737682809778,2.9876852648889455e6,9.741231831416173e6,6.988613923819004,487087.59531358216,717.0420431551161,15.770009799137709,205.21864520739658,345.0,360.0,345.0,360.0,2.332234237688508e7,6.113563977136602e9,tumor_dominant
CTL,5.0,5.646216173286177e-7,2853.5616238205926,19906.798584683118,9.740681528670382e6,6.9885893889166075,487060.1337028221,717.0823863992857,15.77089497390225,205.23021115162194,395.0,410.0,395.0,410.0,1.8284494022940712e6,5.63887488275524e9,tumor_dominant
CTL,5.0,5.927661112721535e-7,2665.0907520769542,7079.353334135904,9.740103760991259e6,6.988563628015756,487031.30151358974,717.1247480154321,15.771824509688765,205.2423556832943,470.0,485.0,470.0,485.0,1.3352294685052154e6,4.887253279095674e9,tumor_dominant
CTL,5.0,6.223135138451644e-7,2484.558736975429,4692.170112068169,9.73949715584179e6,6.988536579695488,487001.0302520396,717.1692293709989,15.772799796977544,205.25510852483683,620.0,635.0,620.0,635.0,1.1154680100264375e6,3.434003158773119e9,tumor_dominant
CTL,5.0,6.533337553376234e-7,2311.937186909815,3661.3756357544607,9.73886027190909e6,6.988508179441482,486969.24799217394,717.2159369641603,15.773825081860862,205.26849870588669,1145.0,1160.0,1145.0,1160.0,970077.5813206013,3.8752068000630164e6,tumor_dominant
CTL,5.0,6.859002518299215e-7,2147.173450937357,3050.904084549431,3203.1233012706016,3.5057092202808273,660.1561110365927,207081.8338248642,849.8083174719244,116258.16112838943,NaN,NaN,10000.0,10000.0,859533.1767472624,2.8695076641681185e6,intermediate
CTL,5.0,7.200900789478258e-7,1990.1924549530713,2626.2648201294332,2665.1545611035785,3.4258853225304633,633.2577071917033,210430.70203616808,741.8657171849051,120011.04837479275,NaN,NaN,10000.0,10000.0,769445.074486131,2.458011992275345e6,intermediate
CTL,5.0,7.559841542785492e-7,1840.898503119103,2302.105606486602,2315.2639580718146,3.3647880494431126,615.7631565149055,212667.5304231907,665.4152298892808,122584.7244259825,NaN,NaN,10000.0,10000.0,692993.9646271173,2.162189857796617e6,intermediate
CTL,5.0,7.936674288796335e-7,1699.1771802154537,2039.924137307525,2044.9601260980537,3.3108971654541803,602.247987007634,214428.39793234845,602.6949711640193,124649.84399830039,NaN,NaN,10000.0,10000.0,626416.4407716364,1.9246465327852573e6,intermediate
CTL,5.0,8.33229088333924e-7,1564.897192042953,1819.7059933324178,1821.7780321065256,3.2607337858790277,591.0888850452721,215904.42470080464,548.3532989539585,126408.13488919339,NaN,NaN,10000.0,10000.0,567416.6033132932,1.7241309319036154e6,intermediate
CTL,5.0,8.747627638264501e-7,1437.9121899838492,1629.93445782384,1630.8285468620181,3.212674526315306,581.5414239633877,217183.5082535605,499.9307249807627,127952.34787516833,NaN,NaN,10000.0,10000.0,514490.2453629946,1.5500220943996648e6,intermediate
CTL,5.0,9.183667537427913e-7,1318.0625014661175,1463.4535880864273,1463.8524517417682,3.16579388228639,573.1926129661392,218314.4921125514,456.0654464396875,129333.94319691737,NaN,NaN,10000.0,10000.0,466597.54491535196,1.3961258477752733e6,intermediate
CTL,5.0,9.641442563133607e-7,1205.1767777841578,1315.541126037051,1315.723226614397,3.119494496460434,565.7861459542379,219327.7242341191,415.9168871797197,130584.80835659467,NaN,NaN,10000.0,10000.0,422988.7832884494,1.2584655216730793e6,intermediate
CTL,5.0,1.0122036138542432e-6,1099.073519660743,1182.9256387248095,1183.0103006155614,3.0733554806648056,559.1505101843416,220243.53204526744,378.92705686055103,131726.22729205247,NaN,NaN,10000.0,10000.0,383104.540566962,1.1343128294507442e6,intermediate
CTL,5.0,1.0626585691826105e-6,999.562497338504,1063.2478268726152,1063.2877327643941,3.0270590563975595,553.1643816912876,221076.28510446046,344.7056034378256,132773.17659762505,NaN,NaN,10000.0,10000.0,346515.13700108323,1.0217013849431627e6,intermediate
CTL,5.0,1.1156285348135952e-6,906.4460318401105,954.7473161530528,954.7662602890525,2.980351695332174,547.7383074524893,221836.58632867737,312.9678537294157,133736.65678310953,NaN,NaN,10000.0,10000.0,312882.1114162159,919158.0456316902,controlled
CTL,5.0,1.1712388755757056e-6,819.5201397672239,856.0713479223488,856.0804389329387,2.933021583352986,542.8040166292599,222532.5354088072,283.4986694908266,134625.03630119856,NaN,NaN,10000.0,10000.0,281932.73517379974,825543.5076306827,controlled
CTL,5.0,1.229621205313694e-6,738.5755382619309,766.1529085988226,766.1572596378243,2.884884399141095,538.3078587410212,223170.50197769064,256.13025782804294,135444.8723947232,NaN,NaN,10000.0,10000.0,253442.5790894017,739952.31104508,controlled
CTL,5.0,1.2909136983810517e-6,663.398522390285,684.1302518305074,684.1323585639784,2.8357744795817252,534.206614680578,223755.6335531041,230.7275193320109,136201.4577625489,NaN,NaN,10000.0,10000.0,227223.24723050697,661647.2312623872,controlled
CTL,5.0,1.3552614166593774e-6,593.7717155718411,609.2920661824032,609.293126716739,2.7855384788443502,530.464660265346,224292.1903815572,207.17831494462612,136899.1773568834,NaN,NaN,10000.0,10000.0,203113.53339761222,590014.613514235,controlled
CTL,5.0,1.4228166528785383e-6,529.474704636558,541.0390923993621,541.0396156200258,2.734031028635141,527.0519820281114,224783.77883221555,185.38657335021495,137541.75878468307,NaN,NaN,10000.0,10000.0,180972.9125732509,524533.0362394009,controlled
CTL,5.0,1.4937392910502137e-6,470.2845780866046,478.8566202564588,478.85684997994855,2.681111698758959,523.942836956907,225233.5227384059,165.26735225750033,138132.45937759036,NaN,NaN,10000.0,10000.0,160676.6684161894,464750.76746480603,controlled
CTL,5.0,1.568197184867829e-6,415.97638047850654,422.29439394140286,422.2945048822254,2.6266426305935062,521.1147232371507,225644.18388056918,146.7432559422841,138674.1953973819,NaN,NaN,10000.0,10000.0,142112.19404204795,410269.20523981226,controlled
CTL,5.0,1.646366554968472e-6,366.32350544392966,370.9516838563893,370.95173460536193,2.570486588391303,518.547584804129,226018.24804559644,129.74183243815287,139169.63213707358,NaN,NaN,10000.0,10000.0,125176.15643859089,360730.5089666495,controlled
CTL,5.0,1.7284324059969565e-6,321.09804892457635,324.46605593786603,324.4660705763493,2.512505720616929,516.2233016471436,226357.99679381086,114.19359442783934,139621.26338772415,NaN,NaN,10000.0,10000.0,109772.30894262843,315808.2650732235,controlled
CTL,5.0,1.8145889644591558e-6,280.0711434155698,282.50483276280767,282.5048305357837,2.4525604630778246,514.1252379274509,226665.5563652119,100.03059538654054,140031.46207017827,NaN,NaN,10000.0,10000.0,95809.80314824675,275200.3739449554,controlled
CTL,5.0,1.9050401384008434e-6,243.01330046269317,244.75863407041,244.75862841203016,2.3905087745446596,512.2379257685425,226942.93644178146,87.18540713712368,140402.52077635482,NaN,NaN,10000.0,10000.0,83201.89296755995,238623.6269569517,controlled
CTL,5.0,2.0000000000000003e-6,209.69478075296544,210.93643211628452,210.9364321481089,2.3262056189140714,510.5468195364762,227192.05868967334,75.59042172442591,140736.6804065519,NaN,NaN,10000.0,10000.0,71864.95415788132,205809.59001048785,controlled
CTL,10.0,3.000000000000001e-7,5980.689971257577,9.746109470015844e6,9.74611213452127e6,6.988831448437963,487331.1356422071,716.6844619916906,15.762164198776953,205.11613081101922,185.0,200.0,185.0,200.0,1.4964737138039782e9,7.6852548906787405e9,tumor_dominant
CTL,10.0,3.14953993832204e-7,5700.292402776938,9.745801063285042e6,9.745805328747915e6,6.988817776715724,487315.825211048,716.7069312196355,15.762657364833611,205.12257233192744,190.0,205.0,190.0,205.0,1.448318610845786e9,7.636904948899978e9,tumor_dominant
CTL,10.0,3.306533941028525e-7,5425.449599956115,9.745475991475914e6,9.745483219120959e6,6.988803422567832,487299.7510755285,716.730522758214,15.763174986744426,205.1293357455397,195.0,210.0,195.0,210.0,1.394340885599372e9,7.582722652298595e9,tumor_dominant
CTL,10.0,3.471353568228903e-7,5156.528653773022,9.745131939252602e6,9.74514504170845e6,6.988788351881845,487282.87511324126,716.7552927857929,15.763718506358405,205.136436985448,200.0,215.0,200.0,215.0,1.3334442969985886e9,7.521611258084638e9,tumor_dominant
CTL,10.0,3.644388901057883e-7,4893.8683810019365,9.744764232810464e6,9.74478999438777e6,6.98877252883512,487265.1572959435,716.7813003051235,15.764289211608691,205.14389297373546,210.0,225.0,210.0,225.0,1.2642268204951482e9,7.452168190865769e9,tumor_dominant
CTL,10.0,3.8260494648864557e-7,4637.777844078061,9.744361311964879e6,9.74441723493054e6,6.98875591580855,487246.5555939878,716.8086072865884,15.764888191723148,205.15172169284287,215.0,230.0,215.0,230.0,1.184863200956189e9,7.372567545814169e9,tumor_dominant
CTL,10.0,4.0167651985518443e-7,4388.535133669208,9.743888634051373e6,9.744025878990903e6,6.988738473295915,487227.0258759288,716.8372788188652,15.765516988292742,205.15994171238603,225.0,240.0,225.0,240.0,1.092924099805983e9,7.280379062008665e9,tumor_dominant
CTL,10.0,4.2169874719003627e-7,4146.386482635255,9.743221691450553e6,9.743614997992234e6,6.988720159808584,487206.52180306386,716.8673832673621,15.766177733651343,205.16857212560038,235.0,250.0,235.0,250.0,9.85095968485615e8,7.172287276501015e9,tumor_dominant
CTL,10.0,4.427190154051293e-7,3911.545740980764,9.741806301420769e6,9.743183616907164e6,6.988700931775355,487184.9947186423,716.8989924408705,15.766871142453839,205.17763420831238,250.0,265.0,250.0,265.0,8.567223638014328e8,7.043629196084704e9,tumor_dominant
CTL,10.0,4.6478707349102155e-7,3684.1941892261752,9.736433369381614e6,9.742730711925177e6,6.9886807434371505,487162.3935314769,716.9321817668625,15.76759941992828,205.18714914456416,265.0,280.0,265.0,280.0,7.010346967944136e8,6.887601180083478e9,tumor_dominant
CTL,10.0,4.879551502585967e-7,3464.4806823543868,9.700703968792355e6,9.742255208002456e6,6.988659546736321,487138.6645936645,716.9670304759019,15.768363665223326,205.19714015764336,285.0,300.0,285.0,300.0,5.079218132282338e8,6.693807971410488e9,tumor_dominant
CTL,10.0,5.122780779497939e-7,3252.5221157603773,9.28386821782588e6,9.741755976287419e6,6.988637291200254,487113.7515721168,717.0036217956714,15.769166900114179,205.2076301640689,310.0,325.0,310.0,325.0,2.6435035052531347e8,6.445400610357199e9,tumor_dominant
CTL,10.0,5.378134220099089e-7,3048.4041487864806,2.963577529170773e6,9.74123183141616e6,6.988613923819004,487087.59531358216,717.0420431551162,15.770010012571184,205.2186450401408,345.0,360.0,345.0,360.0,2.309510256417983e7,6.112824092508484e9,tumor_dominant
CTL,10.0,5.646216173286177e-7,2852.182211891881,19857.426488735066,9.740681528670369e6,6.988589388916607,487060.1337028221,717.0823863992861,15.77089515215568,205.2302110119958,395.0,410.0,395.0,410.0,1.8269598103956936e6,5.638124234553674e9,tumor_dominant
CTL,10.0,5.927661112721535e-7,2663.8827200101478,7076.00830863365,9.740103760991272e6,6.988563628015757,487031.30151358974,717.1247480154316,15.771824308207737,205.24235584137978,470.0,485.0,470.0,485.0,1.3347245549346907e6,4.886491085986326e9,tumor_dominant
CTL,10.0,6.223135138451644e-7,2483.504533245141,4691.467405299789,9.739497155841732e6,6.988536579695485,487001.0302520396,717.1692293710003,15.77280052445917,205.2551079473546,620.0,635.0,620.0,635.0,1.1151433197168603e6,3.4332285729826493e9,tumor_dominant
CTL,10.0,6.533337553376234e-7,2311.0205239614656,3661.1587219995795,9.738860271909071e6,6.988508179441481,486969.24799217394,717.2159369641608,15.773825283983436,205.26849853654772,1145.0,1160.0,1145.0,1160.0,969829.1895287894,3.8747279268911183e6,tumor_dominant
CTL,10.0,6.859002518299215e-7,2146.3792921896593,3050.8233215044115,3203.123276776422,3.505709216960828,660.1561098422695,207081.83366768487,849.8083192104671,116258.16086790855,NaN,NaN,10000.0,10000.0,859328.9877116486,2.869291191938052e6,intermediate
CTL,10.0,7.200900789478258e-7,1989.506955881672,2626.2312953412043,2665.1545180224352,3.425885315512902,633.2577069907668,210430.7018240321,741.8657237125572,120011.04800053207,NaN,NaN,10000.0,10000.0,769270.9815732113,2.457834635883916e6,intermediate
CTL,10.0,7.559841542785492e-7,1840.308995052247,2302.090706604703,2315.264019361359,3.364788060934769,615.7631612336475,212667.5309441177,665.4152248012462,122584.7252904648,NaN,NaN,10000.0,10000.0,692842.4043027959,2.1620371680636886e6,intermediate
CTL,10.0,7.936674288796335e-7,1698.6721242870499,2039.9171634071581,2044.9601013149772,3.3108971601934942,602.24797970194,214428.3974633674,602.6949676960592,124649.8432595505,NaN,NaN,10000.0,10000.0,626282.7977530885,1.9245124477735588e6,intermediate
CTL,10.0,8.33229088333924e-7,1564.4661341827243,1819.7026300163343,1821.7780139848328,3.2607337815613593,591.0888911481112,215904.42488873895,548.3533090391596,126408.13514136124,NaN,NaN,10000.0,10000.0,567297.7917585876,1.724011934679007e6,intermediate
CTL,10.0,8.747627638264501e-7,1437.545704206902,1629.9327971878874,1630.8285428523752,3.2126745252481803,581.541415051378,217183.5078024826,499.93071689510043,127952.34718593508,NaN,NaN,10000.0,10000.0,514384.0570863558,1.5499158243007944e6,intermediate
CTL,10.0,9.183667537427913e-7,1317.7521258232869,1463.4527526071968,1463.852462359494,3.1657938854342973,573.1926091391803,218314.49198954884,456.06544037639884,129333.94302848226,NaN,NaN,10000.0,10000.0,466502.31538352225,1.39603058082862e6,intermediate
CTL,10.0,9.641442563133607e-7,1204.9149465888079,1315.5406995568867,1315.7232337456744,3.1194944988125415,565.7861447360577,219327.7242182954,415.91688436427756,130584.80834542001,NaN,NaN,10000.0,10000.0,422903.2050982313,1.2583799261247157e6,intermediate
CTL,10.0,1.0122036138542432e-6,1098.8535083984445,1182.9254201142173,1183.0103068218975,3.0733554829412872,559.1505090294653,220243.53202747952,378.9270542959952,131726.22727642488,NaN,NaN,10000.0,10000.0,383027.55283485603,1.134235832722988e6,intermediate
CTL,10.0,1.0626585691826105e-6,999.3783590004114,1063.2477129967033,1063.2876973637642,3.027059041951937,553.1643766194727,221076.28460759303,344.70560866058486,132773.17575982312,NaN,NaN,10000.0,10000.0,346445.85559469095,1.0216320996244914e6,intermediate
CTL,10.0,1.1156285348135952e-6,906.2925312390671,954.7472563578572,954.7662691986035,2.9803516993806207,547.7383057976006,221836.58630544678,312.9678499566969,133736.65676513503,NaN,NaN,10000.0,10000.0,312819.78344364173,919095.7158180217,controlled
CTL,10.0,1.1712388755757056e-6,819.3926891405148,856.0713153669517,856.0804284200782,2.9330215780259743,542.8040196751208,222532.53549200206,283.4986748153429,134625.03640878655,NaN,NaN,10000.0,10000.0,281876.7077942223,825487.4791097869,controlled
CTL,10.0,1.229621205313694e-6,738.4701393569874,766.1528905575029,766.157230098096,2.8848843824183943,538.3078555104253,223170.5015846707,256.13026459419063,135444.8717142717,NaN,NaN,10000.0,10000.0,253392.27776028393,739902.0092810974,controlled
CTL,10.0,1.2909136983810517e-6,663.3117077216109,684.1302426625545,684.1323417439542,2.8357744689197797,534.20660987061,223755.63316419488,230.72752152382452,136201.4571126435,NaN,NaN,10000.0,10000.0,227178.1600969175,661602.1441515257,controlled
CTL,10.0,1.3552614166593774e-6,593.7004924139002,609.2920621236537,609.2930879123649,2.7855384512305275,530.4646537099767,224292.18971264272,207.17832382950075,136899.17620883678,NaN,NaN,10000.0,10000.0,203073.19971544726,589974.2794764388,controlled
CTL,10.0,1.4228166528785383e-6,529.4165040363293,541.0390905220156,541.0395944550625,2.73403101167729,527.0519795312654,224783.77851810225,185.38657928520053,137541.75823456413,NaN,NaN,10000.0,10000.0,180936.91418388215,524497.0378166642,controlled
CTL,10.0,1.4937392910502137e-6,470.2372053317578,478.856620896349,478.85685896861753,2.681111706894155,523.942841357677,225233.52306072944,165.2673514088891,138132.4599129824,NaN,NaN,10000.0,10000.0,160644.6231230945,464718.7217048134,controlled
CTL,10.0,1.568197184867829e-6,415.93797064853396,422.2943959916525,422.2944965654081,2.6266426220605634,521.1147210068885,225644.18368060034,146.7432579625072,138674.19505600526,NaN,NaN,10000.0,10000.0,142083.75068503094,410240.76182738744,controlled
CTL,10.0,1.646366554968472e-6,366.2924819314191,370.9516856258396,370.9517351977867,2.5704865890830244,518.547585044851,226018.24806477968,129.74183231847496,139169.63216943078,NaN,NaN,10000.0,10000.0,125150.99090516957,360705.34328642185,controlled
CTL,10.0,1.7284324059969565e-6,321.0730854981659,324.4660511783635,324.4660704792439,2.5125057204873533,516.2233015982013,226357.99679006514,114.19359444620156,139621.26338142817,NaN,NaN,10000.0,10000.0,109750.12116405643,315786.0772953603,controlled
CTL,10.0,1.8145889644591558e-6,280.05113057490047,282.5048253596629,282.50483394825847,2.4525604683053155,514.1252399978713,226665.5565193906,100.03059476948138,140031.4623287955,NaN,NaN,10000.0,10000.0,95790.31472160836,275180.8855614406,controlled
CTL,10.0,1.9050401384008434e-6,242.9973144925,244.7586303532624,244.75863310260027,2.3905087828336407,512.2379291504906,226942.93668848745,87.18540631676993,140402.52118958873,NaN,NaN,10000.0,10000.0,83184.84520679733,238606.57926655316,controlled
CTL,10.0,2.0000000000000003e-6,209.6820567548375,210.9364313542662,210.93642543006342,2.3262056051476314,510.54681381521675,227192.0582791025,75.5904228693464,140736.67971954664,NaN,NaN,10000.0,10000.0,71850.10656589537,205794.7424470008,controlled
B,0.1,3.000000000000001e-7,6256.595772134931,9.746110157540465e6,9.746112134521263e6,6.988831448437962,487331.1356422071,716.6844619916913,15.762164512595742,205.11613055552843,180.0,195.0,180.0,195.0,1.5270593048714263e9,7.715840489111971e9,tumor_dominant
B,0.1,3.14953993832204e-7,5964.804021426857,9.745802219232049e6,9.745805328747911e6,6.988817776715724,487315.825211048,716.7069312196359,15.762657485127452,205.12257223461435,185.0,200.0,185.0,200.0,1.4807125107297199e9,7.669298861168856e9,tumor_dominant
B,0.1,3.306533941028525e-7,5678.32830798159,9.745478049007084e6,9.745483219120963e6,6.988803422567832,487299.7510755285,716.7305227582136,15.763174901856122,205.12933581400554,190.0,205.0,190.0,205.0,1.4286763720434105e9,7.617058160788588e9,tumor_dominant
B,0.1,3.471353568228903e-7,5397.595784792134,9.74513585807379e6,9.745145041708454e6,6.988788351881846,487282.87511324126,716.7552927857931,15.763718438536436,205.13643703999227,195.0,210.0,195.0,210.0,1.3698672973351533e9,7.558034300413145e9,tumor_dominant
B,0.1,3.644388901057883e-7,5123.006275477156,9.744772329365604e6,9.744789994387772e6,6.98877252883512,487265.1572959435,716.7813003051232,15.7642892006196,205.1438929824926,205.0,220.0,205.0,220.0,1.3028978591301847e9,7.490839316264905e9,tumor_dominant
B,0.1,3.8260494648864557e-7,4854.930049443928,9.744379783840977e6,9.744417234930538e6,6.98875591580855,487246.5555939878,716.8086072865879,15.764888229233446,205.15172166280198,210.0,225.0,210.0,225.0,1.2259587989293158e9,7.413663341749344e9,tumor_dominant
B,0.1,4.0167651985518443e-7,4593.705901941581,9.743936285180256e6,9.744025878990896e6,6.988738473295915,487227.0258759288,716.8372788188652,15.765517148316297,205.15994158449868,220.0,235.0,220.0,235.0,1.1366391899598262e9,7.324094662876161e9,tumor_dominant
B,0.1,4.2169874719003627e-7,4339.639551039938,9.743365247093169e6,9.743614997992232e6,6.988720159808584,487206.52180306386,716.8673832673621,15.766177789373929,205.16857208121976,230.0,245.0,230.0,245.0,1.0316458878089732e9,7.218838734552954e9,tumor_dominant
B,0.1,4.427190154051293e-7,4093.002417916348,9.74233484173402e6,9.74318361690715e6,6.988700931775354,487184.9947186423,716.8989924408706,15.766871427068931,205.1776339823555,245.0,260.0,245.0,260.0,9.063443056877571e8,7.093256803882863e9,tumor_dominant
B,0.1,4.6478707349102155e-7,3854.030805133162,9.738974081293419e6,9.742730711925168e6,6.9886807434371505,487162.3935314769,716.9321817668626,15.767599552271975,205.18714904017952,260.0,275.0,260.0,275.0,7.539792594750143e8,6.940572985970324e9,tumor_dominant
B,0.1,4.879551502585967e-7,3622.9254473740143,9.718315889740681e6,9.742255208002444e6,6.98865954673632,487138.6645936645,716.9670304759026,15.768363874435483,205.19713999264016,280.0,295.0,280.0,295.0,5.643489902926798e8,6.750424250745643e9,tumor_dominant
B,0.1,5.122780779497939e-7,3399.8514269510383,9.485508891569331e6,9.741755976287441e6,6.988637291200255,487113.7515721168,717.0036217956707,15.769166533935593,205.20763045201025,305.0,320.0,305.0,320.0,3.22748566821536e8,6.505999250041771e9,tumor_dominant
B,0.1,5.378134220099089e-7,3184.938438529935,5.109404747104904e6,9.741231831416164e6,6.988613923819004,487087.59531358216,717.0420431551165,15.77000995422602,205.21864508575388,340.0,355.0,340.0,355.0,5.0030940391436666e7,6.177787012828688e9,tumor_dominant
B,0.1,5.646216173286177e-7,2978.281407411695,25877.896261729144,9.740681528670382e6,6.9885893889166075,487060.1337028221,717.082386399286,15.770894952598233,205.23021116809872,385.0,400.0,385.0,400.0,1.984345190919666e6,5.707885703107368e9,tumor_dominant
B,0.1,5.927661112721535e-7,2779.9414569355104,7430.77610138897,9.740103760991273e6,6.988563628015757,487031.30151358974,717.1247480154318,15.771824287480127,205.24235585731057,465.0,480.0,465.0,480.0,1.3848862773425423e6,4.961546822027764e9,tumor_dominant
B,0.1,6.223135138451644e-7,2589.947078777444,4766.344060756368,9.739497155841734e6,6.988536579695485,487001.0302520396,717.169229371,15.772800524155253,205.25510794750411,610.0,625.0,610.0,625.0,1.1483885346467842e6,3.514149673840524e9,tumor_dominant
B,0.1,6.533337553376234e-7,2408.2955891326746,3684.990303624469,9.73886027190907e6,6.988508179441481,486969.24799217394,717.2159369641611,15.773825299014593,205.2684985238347,1135.0,1150.0,1135.0,1150.0,996408.1772376831,3.9276329950984903e6,tumor_dominant
B,0.1,6.859002518299215e-7,2234.9548483059793,3060.052515500112,3203.1233293036407,3.505709224080492,660.1561269137935,207081.8346217202,849.8083350202215,116258.16231035619,NaN,NaN,10000.0,10000.0,882263.1678980463,2.893631857034298e6,intermediate
B,0.1,7.200900789478258e-7,2069.8650662970367,2630.231193200809,2665.154635565737,3.4258853346597316,633.2576967852532,210430.7019282416,741.8656924907606,120011.04832954773,NaN,NaN,10000.0,10000.0,789837.5483659221,2.478790715800341e6,intermediate
B,0.1,7.559841542785492e-7,1912.9407573572335,2303.95293019218,2315.2639748628317,3.364788052591392,615.763167561188,212667.53100781,665.4152399441668,122584.72531505697,NaN,NaN,10000.0,10000.0,711696.9973894277,2.1810326545161633e6,intermediate
B,0.1,7.936674288796335e-7,1764.072814091555,2040.8272925932629,2044.9601019689458,3.3108971603323116,602.2479841305219,214428.3976718696,602.6949724951957,124649.84357128928,NaN,NaN,10000.0,10000.0,643805.4593930846,1.9420928453712398e6,intermediate
B,0.1,8.33229088333924e-7,1623.1306346236245,1820.1629777411104,1821.7780456768185,3.2607337891122814,591.0888846146864,215904.42475543034,548.3532957703987,126408.13499381048,NaN,NaN,10000.0,10000.0,583727.736501964,1.7404673640970974e6,intermediate
B,0.1,8.747627638264501e-7,1489.9641995685467,1630.1715325017772,1630.8285793029697,3.2126745349491332,581.5414127736763,217183.50790324397,499.9307068055782,127952.34740089778,NaN,NaN,10000.0,10000.0,529880.9705444922,1.5654245587998824e6,intermediate
B,0.1,9.183667537427913e-7,1364.4061793386397,1463.5788652213957,1463.8523594526216,3.1657938549248166,573.192603141705,218314.49107894933,456.0654579934463,129333.94146002765,NaN,NaN,10000.0,10000.0,481177.5205662456,1.4107114634230952e6,intermediate
B,0.1,9.641442563133607e-7,1246.2739733352914,1315.6082381672097,1315.723246559893,3.1194945030390517,565.7861536362428,219327.7247392853,415.91688938274694,130584.80916650013,NaN,NaN,10000.0,10000.0,436836.9090743198,1.2723164292331156e6,intermediate
B,0.1,1.0122036138542432e-6,1135.3716700871712,1182.961970726045,1183.0103159312648,3.0733554862825994,559.1505102137805,220243.53214610316,378.92705302120527,131726.2274762329,NaN,NaN,10000.0,10000.0,396279.05276079924,1.1474887386525997e6,intermediate
B,0.1,1.0626585691826105e-6,1031.491891912772,1063.2676516298884,1063.2876704437258,3.0270590309669148,553.164372359096,221076.2842091894,344.70561230042216,132773.17509092003,NaN,NaN,10000.0,10000.0,359059.92200083414,1.0342468832110607e6,intermediate
B,0.1,1.1156285348135952e-6,934.4175216596145,954.7581864772726,954.7662061746366,2.980351670742906,547.7383071323845,221836.58593410795,312.96786854787814,133736.6560601368,NaN,NaN,10000.0,10000.0,324830.8420856103,931107.1447057099,controlled
B,0.1,1.1712388755757056e-6,843.9232958180482,856.077355661285,856.0803740688611,2.9330215504854618,542.8040112004156,222532.5346548636,283.49868440657673,134625.03498804756,NaN,NaN,10000.0,10000.0,293311.6929946105,836922.6559255543,controlled
B,0.1,1.229621205313694e-6,759.7772488694685,766.1562172133041,766.1572736474927,2.8848844070720916,538.3078638699582,223170.50235463848,256.13025714221845,135444.87301588597,NaN,NaN,10000.0,10000.0,264272.64761234296,750782.4800957186,controlled
B,0.1,1.2909136983810517e-6,681.7420098343325,684.1321143268447,684.1323422684457,2.8357744692522466,534.206613483447,223755.63336203244,230.72752375285188,136201.45742486362,NaN,NaN,10000.0,10000.0,237521.3674698556,671945.4059459252,controlled
B,0.1,1.3552614166593774e-6,609.5759510283254,609.2931015244629,609.2930878200706,2.7855384511648493,530.4646505209728,224292.18953882525,207.17832186317943,136899.17593439072,NaN,NaN,10000.0,10000.0,212893.79572503665,599794.9045139845,controlled
B,0.1,1.4228166528785383e-6,543.0341947951667,541.0396594831207,541.0395844752435,2.734031003681231,527.0519766625371,224783.77827711537,185.386581086009,137541.75782815187,NaN,NaN,10000.0,10000.0,190247.39436810525,533807.5335945798,controlled
B,0.1,1.4937392910502137e-6,481.86948701116137,478.8569429433923,478.8568473073356,2.681111696340111,523.9428378830346,225233.52276667365,165.26735374861676,138132.45941548483,NaN,NaN,10000.0,10000.0,169456.09335079088,473530.20071893954,controlled
B,0.1,1.568197184867829e-6,425.8329548277671,422.2945702773917,422.2945046494192,2.62664263035465,521.1147231747167,225644.18387497126,146.74325599883736,138674.1953878255,NaN,NaN,10000.0,10000.0,150406.45796304394,418563.47337113536,controlled
B,0.1,1.646366554968472e-6,374.674761412917,370.9517813464778,370.9517352835576,2.570486589183171,518.5475850797003,226018.24806755697,129.74183230114886,139169.6321741153,NaN,NaN,10000.0,10000.0,132994.75356616854,368549.1083104603,controlled
B,0.1,1.7284324059969565e-6,328.1446819086841,324.4661007114875,324.46605865567454,2.512505704710253,516.22329563887,226357.9963339975,114.19359668199463,139621.26261482562,NaN,NaN,10000.0,10000.0,117124.67826816172,323160.63574832294,controlled
B,0.1,1.8145889644591558e-6,285.99262201682063,282.50485514234754,282.50483392428265,2.4525604682685875,514.1252399833227,226665.55651830733,100.0305947738179,140031.4623269782,NaN,NaN,10000.0,10000.0,102705.61137200425,282096.18290179013,controlled
B,0.1,1.9050401384008434e-6,247.96910171976788,244.75864713763394,244.7586336673151,2.3905087838315815,512.237929557649,226942.93671818887,87.1854062180062,140402.52123933885,NaN,NaN,10000.0,10000.0,89651.26312119914,245072.99751969473,controlled
B,0.1,2.0000000000000003e-6,213.82573249819268,210.93644113649316,210.9364324010806,2.326205619432454,510.5468197519103,227192.05870513336,75.5904216813139,140736.6804324213,NaN,NaN,10000.0,10000.0,77878.64766610778,211823.28377242017,controlled
B,0.2,3.000000000000001e-7,6225.055384311006,9.746110090765959e6,9.746112134521263e6,6.988831448437962,487331.1356422071,716.684461991691,15.76216449881275,205.1161305667647,180.0,195.0,180.0,195.0,1.5236550758438993e9,7.712436259369056e9,tumor_dominant
B,0.2,3.14953993832204e-7,5934.442201612708,9.745802107307864e6,9.745805328747924e6,6.988817776715725,487315.825211048,716.7069312196357,15.762657079429868,205.12257256256106,185.0,200.0,185.0,200.0,1.4770885700550404e9,7.665674919295002e9,tumor_dominant
B,0.2,3.306533941028525e-7,5649.18520481198,9.745477850499405e6,9.745483219120955e6,6.988803422567832,487299.7510755285,716.7305227582136,15.763175130962741,205.12933562896876,190.0,205.0,190.0,205.0,1.4248150229288974e9,7.613196809547105e9,tumor_dominant
B,0.2,3.471353568228903e-7,5369.704578668638,9.745135481539097e6,9.745145041708456e6,6.988788351881846,487282.87511324126,716.7552927857931,15.76371836453043,205.13643709950773,200.0,210.0,200.0,210.0,1.3657489468796768e9,7.55391594592293e9,tumor_dominant
B,0.2,3.644388901057883e-7,5096.393010030386,9.744771555035058e6,9.744789994387781e6,6.98877252883512,487265.1572959435,716.781300305123,15.764288915607048,205.1438932110091,205.0,220.0,205.0,220.0,1.298500835205223e9,7.486442284042093e9,tumor_dominant
B,0.2,3.8260494648864557e-7,4829.613525735051,9.744378026529575e6,9.744417234930543e6,6.98875591580855,487246.5555939878,716.8086072865883,15.764888073996012,205.15172178674774,215.0,225.0,215.0,225.0,1.2212587101099906e9,7.408963234097054e9,tumor_dominant
B,0.2,4.0167651985518443e-7,4569.697600933337,9.743931778713316e6,9.744025878990892e6,6.988738473295914,487227.0258759288,716.8372788188652,15.76551722726649,205.15994152144052,220.0,235.0,220.0,235.0,1.1316089634390807e9,7.319064388056195e9,tumor_dominant
B,0.2,4.2169874719003627e-7,4316.943674331394,9.743351760706548e6,9.743614997992229e6,6.988720159808584,487206.52180306386,716.8673832673622,15.766177852533172,205.16857203104087,235.0,245.0,235.0,245.0,1.0262549659434134e9,7.213447668131371e9,tumor_dominant
B,0.2,4.427190154051293e-7,4071.616040909896,9.742285555489799e6,9.74318361690717e6,6.988700931775355,487184.9947186423,716.8989924408704,15.766871018781355,205.17763430626601,245.0,260.0,245.0,260.0,9.005585733719671e8,7.087470543227692e9,tumor_dominant
B,0.2,4.6478707349102155e-7,3833.9440973541987,9.73873910542449e6,9.742730711925173e6,6.9886807434371505,487162.3935314769,716.9321817668628,15.767599496242672,205.18714908433205,260.0,275.0,260.0,275.0,7.477610287941369e8,6.93435223584926e9,tumor_dominant
B,0.2,4.879551502585967e-7,3604.121957760038,9.716701075291084e6,9.742255208002431e6,6.98865954673632,487138.6645936645,716.9670304759022,15.768364140218242,205.19713978342884,280.0,295.0,280.0,295.0,5.576664019615347e8,6.743724330288766e9,tumor_dominant
B,0.2,5.122780779497939e-7,3382.3084387538393,9.467046630116886e6,9.741755976287412e6,6.988637291200254,487113.75157211686,717.0036217956715,15.769167028459405,205.20763006293043,305.0,320.0,305.0,320.0,3.1571864159228444e8,6.498768800279726e9,tumor_dominant
B,0.2,5.378134220099089e-7,3168.6274208571685,4.860211949059235e6,9.741231831416206e6,6.988613923819006,487087.59531358216,717.0420431551156,15.770009274490143,205.21864561808604,340.0,355.0,340.0,355.0,4.604363880137864e7,6.169966693569626e9,tumor_dominant
B,0.2,5.646216173286177e-7,2963.168528533327,24954.690223650297,9.74068152867039e6,6.9885893889166075,487060.1337028221,717.0823863992854,15.770894839633526,205.23021125651258,390.0,400.0,390.0,400.0,1.962807879090136e6,5.699406429628662e9,tumor_dominant
B,0.2,5.927661112721535e-7,2765.9880628395445,7384.237006000975,9.740103760991257e6,6.988563628015756,487031.30151358974,717.124748015432,15.77182454803312,205.24235565308834,465.0,480.0,465.0,480.0,1.3786703648768307e6,4.952327818920682e9,tumor_dominant
B,0.2,6.223135138451644e-7,2577.1102970986194,4756.873302817544,9.739497155841775e6,6.988536579695487,487001.0302520396,717.169229370999,15.77279998069213,205.2551083788997,615.0,630.0,615.0,630.0,1.1443309986477369e6,3.504094973962439e9,tumor_dominant
B,0.2,6.533337553376234e-7,2396.5289638615363,3682.0176348493114,9.738860271909073e6,6.988508179441482,486969.24799217394,717.215936964161,15.77382525703114,205.2684985589805,1135.0,1150.0,1135.0,1150.0,993172.2735875972,3.9209975324366256e6,tumor_dominant
B,0.2,6.859002518299215e-7,2224.2089021202696,3058.9086106379027,3203.123346420325,3.505709226400528,660.1561174387995,207081.83429320407,849.8083199235033,116258.16186440708,NaN,NaN,10000.0,10000.0,879466.9508070378,2.890660981511797e6,intermediate
B,0.2,7.200900789478258e-7,2060.087916626186,2629.736931425408,2665.1546391078737,3.4258853352367162,633.2577099494072,210430.70252591764,741.8657083512131,120011.04920651669,NaN,NaN,10000.0,10000.0,787321.967942733,2.476226977741609e6,intermediate
B,0.2,7.559841542785492e-7,1904.0787846141645,2303.72305393665,2315.2639343235096,3.3647880449903567,615.7631716001509,212667.53098765385,665.4152517142376,122584.72522206913,NaN,NaN,10000.0,10000.0,709381.1418375407,2.1786994066241477e6,intermediate
B,0.2,7.936674288796335e-7,1756.0712330032952,2040.7149752083649,2044.9601153231554,3.310897163167,602.2479806478094,214428.39758104482,602.6949661181271,124649.84345746979,NaN,NaN,10000.0,10000.0,641642.7240596918,1.939922984104358e6,intermediate
B,0.2,8.33229088333924e-7,1615.934044372191,1820.1061451975245,1821.7780462831001,3.260733789256734,591.0888892777498,215904.42497885166,548.3533005695972,126408.13533042141,NaN,NaN,10000.0,10000.0,581688.9336827159,1.7384254152371136e6,intermediate
B,0.2,8.747627638264501e-7,1483.5171589241231,1630.1420318776986,1630.8285462929043,3.212674526163842,581.5414170544332,217183.5079185055,499.9307181687975,127952.34736734764,NaN,NaN,10000.0,10000.0,527946.7075637229,1.5634888347064017e6,intermediate
B,0.2,9.183667537427913e-7,1358.6537187580752,1463.5632653814662,1463.8524040947095,3.1657938681601516,573.1926053225741,218314.4914534364,456.06544994905295,129333.94210917197,NaN,NaN,10000.0,10000.0,479334.34725309635,1.4088675880147053e6,intermediate
B,0.2,9.641442563133607e-7,1241.162045453541,1315.5998804200508,1315.723264567295,3.1194945089784287,565.7861590425798,219327.72511959643,415.9168899820582,130584.80978170653,NaN,NaN,10000.0,10000.0,435075.1960688103,1.2705543695097403e6,intermediate
B,0.2,1.0122036138542432e-6,1130.8475679081598,1182.957434078452,1183.0103895071604,3.0733555132702057,559.1505136002461,220243.5327936258,378.9270373825852,131726.2286120629,NaN,NaN,10000.0,10000.0,394591.74207336555,1.1458012533317446e6,intermediate
B,0.2,1.0626585691826105e-6,1027.504615013597,1063.2651642834821,1063.2876935599636,3.0270590403997537,553.1643772759414,221076.2846154359,344.7056102091886,132773.17576449507,NaN,NaN,10000.0,10000.0,357441.7487579467,1.0326286208658641e6,intermediate
B,0.2,1.1156285348135952e-6,930.9180962055019,954.7568334873935,954.76625034514,2.9803516908137193,547.7383054524025,221836.58615590914,312.9678549370748,133736.65649450102,NaN,NaN,10000.0,10000.0,323277.8267643484,929554.0835410646,controlled
B,0.2,1.1712388755757056e-6,840.8650301534904,856.0765868027635,856.0804126584047,2.9330215700393167,542.8040156328875,222532.5351663291,283.49867642341013,134625.03586744092,NaN,NaN,10000.0,10000.0,291820.7958893253,835431.7353593654,controlled
B,0.2,1.229621205313694e-6,757.1159427192156,766.1558047724109,766.1572651653145,2.8848844022702558,538.3078611608976,223170.50214740788,256.13025783544623,135444.87267268196,NaN,NaN,10000.0,10000.0,262841.5276092594,749351.3474578144,controlled
B,0.2,1.2909136983810517e-6,679.4361100840124,684.1318355918667,684.1323225231419,2.835774456736013,534.2066118648336,223755.63312149743,230.727528998131,136201.45700152044,NaN,NaN,10000.0,10000.0,236148.2043329393,670572.2357466447,controlled
B,0.2,1.3552614166593774e-6,607.5866583597835,609.2929356666871,609.2930818259917,2.7855384468993654,530.464650528941,224292.189490886,207.17832387480811,136899.1758444357,NaN,NaN,10000.0,10000.0,211577.15760031014,598478.2639597701,controlled
B,0.2,1.4228166528785383e-6,541.3255232203614,541.0395911338637,541.0395226400086,2.7340309541374275,527.0519581536062,224783.77674365626,185.38659181004596,137541.7552462195,NaN,NaN,10000.0,10000.0,188986.14040796342,532546.2784340935,controlled
B,0.2,1.4937392910502137e-6,480.40828088915697,478.85691670131524,478.85680011652937,2.681111653630065,523.9428237365911,225233.52157195745,165.26736316962416,138132.457394698,NaN,NaN,10000.0,10000.0,168249.2904541413,472323.3967760601,controlled
B,0.2,1.568197184867829e-6,424.5888668005352,422.2945441287896,422.2945024828482,2.6266426281317776,521.1147225937227,225644.18382287832,146.7432565251179,138674.19529889507,NaN,NaN,10000.0,10000.0,149253.31682045804,417410.3316533564,controlled
B,0.2,1.646366554968472e-6,373.6201946113589,370.9517715627504,370.9517297850714,2.5704865827630847,518.5475828454973,226018.24788951155,129.741833411918,139169.6318737976,NaN,NaN,10000.0,10000.0,131894.5787268225,367448.93316838675,controlled
B,0.2,1.7284324059969565e-6,327.254704480358,324.46609343901497,324.46606305925815,2.5125057105862942,516.2232978583744,226357.99650385618,114.19359584929202,139621.26290034046,NaN,NaN,10000.0,10000.0,116076.82382355648,322112.7811360641,controlled
B,0.2,1.8145889644591558e-6,285.2448536602558,282.5048536619372,282.5048341252034,2.4525604685763733,514.1252401052249,226665.5565273849,100.03059473748687,140031.462342205,NaN,NaN,10000.0,10000.0,101709.44523518952,281100.0166868128,controlled
B,0.2,1.9050401384008434e-6,247.34358248708108,244.75864521302634,244.75863408777977,2.3905087845746094,512.2379298608051,226942.93674030362,87.18540614446998,140402.52127638104,NaN,NaN,10000.0,10000.0,88706.13668258271,244127.8710420135,controlled
B,0.2,2.0000000000000003e-6,213.3047741794258,210.93643981365852,210.9364325810793,2.3262056198013026,510.5468199051983,227192.05871613364,75.59042165063876,140736.68045082781,NaN,NaN,10000.0,10000.0,76983.87028718126,210928.5063582311,controlled
B,0.5,3.000000000000001e-7,6133.8190003996915,9.746109881721325e6,9.746112134521276e6,6.988831448437963,487331.1356422071,716.6844619916909,15.762163997036938,205.1161309750345,185.0,195.0,185.0,195.0,1.5136748596622486e9,7.702456040947811e9,tumor_dominant
B,0.5,3.14953993832204e-7,5846.7094426485255,9.745801755986296e6,9.745805328747911e6,6.988817776715724,487315.825211048,716.7069312196356,15.762657506492559,205.12257221739847,185.0,200.0,185.0,200.0,1.4664802807586348e9,7.655066626234496e9,tumor_dominant
B,0.5,3.306533941028525e-7,5565.065299794635,9.745477225604227e6,9.745483219120966e6,6.988803422567832,487299.7510755285,716.7305227582134,15.763174736228631,205.12933594780725,195.0,205.0,195.0,205.0,1.4135302822753766e9,7.601912062197969e9,tumor_dominant
B,0.5,3.471353568228903e-7,5289.286285290883,9.745134292537514e6,9.74514504170845e6,6.988788351881845,487282.87511324126,716.7552927857931,15.763718518927838,205.13643697531424,200.0,215.0,200.0,215.0,1.3537345784637196e9,7.541901564766294e9,tumor_dominant
B,0.5,3.644388901057883e-7,5019.744032928364,9.744769101707347e6,9.74478999438777e6,6.98877252883512,487265.1572959435,716.7813003051234,15.764289213211146,205.14389297241374,205.0,220.0,205.0,220.0,1.2856981565346837e9,7.473639579081269e9,tumor_dominant
B,0.5,3.8260494648864557e-7,4756.780235089774,9.744372438594615e6,9.74441723493056e6,6.988755915808551,487246.5555939878,716.8086072865879,15.764887650170408,205.15172212525025,215.0,230.0,215.0,230.0,1.2076022921081467e9,7.395306756209675e9,tumor_dominant
B,0.5,4.0167651985518443e-7,4500.705053863793,9.743917392553799e6,9.744025878990885e6,6.988738473295914,487227.02587592887,716.8372788188656,15.765517395228402,205.1599413874003,225.0,240.0,225.0,240.0,1.1170265710774658e9,7.304481841507183e9,tumor_dominant
B,0.5,4.2169874719003627e-7,4251.7958434004995,9.743308523343178e6,9.743614997992236e6,6.988720159808584,487206.52180306386,716.8673832673622,15.766177705386513,205.16857214799282,235.0,250.0,235.0,250.0,1.0106661250813965e9,7.197858363822142e9,tumor_dominant
B,0.5,4.427190154051293e-7,4010.296293975144,9.742126807061344e6,9.743183616907177e6,6.988700931775356,487184.9947186423,716.8989924408701,15.766870843389553,205.1776344454598,245.0,260.0,245.0,260.0,8.838737684630364e8,7.070784036557551e9,tumor_dominant
B,0.5,4.6478707349102155e-7,3776.415929233784,9.737978423466882e6,9.74273071192517e6,6.9886807434371505,487162.3935314769,716.9321817668626,15.767599540839205,205.18714904924974,265.0,275.0,265.0,275.0,7.298836165440841e8,6.916466667295666e9,tumor_dominant
B,0.5,4.879551502585967e-7,3550.3299495053816,9.711445690444794e6,9.742255208002428e6,6.9886595467363195,487138.6645936645,716.9670304759021,15.768364200491868,205.19713973600594,285.0,295.0,285.0,295.0,5.385234420234375e8,6.724524954319786e9,tumor_dominant
B,0.5,5.122780779497939e-7,3332.1793980533766,9.406822072881136e6,9.741755976287412e6,6.988637291200254,487113.7515721168,717.0036217956714,15.769167035290051,205.20763005761268,310.0,320.0,310.0,320.0,2.957304224299126e8,6.478125150425816e9,tumor_dominant
B,0.5,5.378134220099089e-7,3122.071728573023,4.127673311344525e6,9.741231831416167e6,6.988613923819004,487087.59531358216,717.0420431551162,15.770009892221903,205.21864513436086,340.0,355.0,340.0,355.0,3.580729825992344e7,6.147730160943045e9,tumor_dominant
B,0.5,5.646216173286177e-7,2920.0816117546588,22667.007137400815,9.740681528670391e6,6.9885893889166075,487060.1337028221,717.0823863992857,15.770894823548451,205.23021126927276,390.0,405.0,390.0,405.0,1.9058267141384538e6,5.675405992826932e9,tumor_dominant
B,0.5,5.927661112721535e-7,2726.2520023327697,7257.831264598239,9.740103760991283e6,6.988563628015757,487031.30151358974,717.1247480154317,15.77182415078472,205.2423559647479,465.0,480.0,465.0,480.0,1.3612543446813982e6,4.92636621973933e9,tumor_dominant
B,0.5,6.223135138451644e-7,2540.5955594585807,4730.613910571518,9.739497155841745e6,6.988536579695486,487001.0302520396,717.1692293709996,15.772800363852452,205.25510807460495,615.0,630.0,615.0,630.0,1.132860562584376e6,3.475942638500833e9,tumor_dominant
B,0.5,6.533337553376234e-7,2363.0961271103374,3673.708976127354,9.738860271909077e6,6.988508179441482,486969.24799217394,717.2159369641612,15.773825230730349,205.26849858109742,1140.0,1155.0,1140.0,1155.0,984006.929624607,3.902510137202833e6,tumor_dominant
B,0.5,6.859002518299215e-7,2193.7104679569657,3055.6989539348206,3203.1233724256285,3.5057092299253485,660.1561407453037,207081.8353971395,849.8083477523523,116258.16348336461,NaN,NaN,10000.0,10000.0,871548.7681401903,2.8822532407765253e6,intermediate
B,0.5,7.200900789478258e-7,2032.3701584017936,2628.347233807772,2665.154601311693,3.4258853290800317,633.2576970969895,210430.70178037946,741.8656982689729,120011.0480623171,NaN,NaN,10000.0,10000.0,780206.9712111593,2.4689766193404356e6,intermediate
B,0.5,7.559841542785492e-7,1878.9834427462692,2303.0761900027037,2315.26389538699,3.364788037689843,615.7631603272529,212667.53028179274,665.4152452331101,122584.72411949752,NaN,NaN,10000.0,10000.0,702842.5002978779,2.1721118200329463e6,intermediate
B,0.5,7.936674288796335e-7,1733.4372893136883,2040.3987390462162,2044.9601352859968,3.310897167404498,602.2479801246475,214428.39766210996,602.6949617898902,124649.84361042832,NaN,NaN,10000.0,10000.0,635549.44748063,1.9338096460616325e6,intermediate
B,0.5,8.33229088333924e-7,1595.5993773933503,1819.9461031196931,1821.77803672333,3.260733786979026,591.0888898392435,215904.42495255193,548.3533030848002,126408.13527502173,NaN,NaN,10000.0,10000.0,575958.8587844395,1.732686480649194e6,intermediate
B,0.5,8.747627638264501e-7,1465.3200513003553,1630.0589745762372,1630.8285437881248,3.2126745254972207,581.541418420586,217183.50796966878,499.9307200761223,127952.34744044574,NaN,NaN,10000.0,10000.0,522525.18868231215,1.5580632032767562e6,intermediate
B,0.5,9.183667537427913e-7,1342.4343135177662,1463.5193529078806,1463.8524066511407,3.165793868918074,573.1926011680298,218314.49126604278,456.0654454016299,129333.9418284366,NaN,NaN,10000.0,10000.0,474183.45448197535,1.4037147180958206e6,intermediate
B,0.5,9.641442563133607e-7,1226.7636516782932,1315.5763367194434,1315.7232825063163,3.1194945148952513,565.7861535048447,219327.72495724648,415.9168806519784,130584.80956598236,NaN,NaN,10000.0,10000.0,430167.7509171822,1.2656459490408131e6,intermediate
B,0.5,1.0122036138542432e-6,1118.1178084460569,1182.9446848212367,1183.0103067061914,3.073355482898846,559.1505100476962,220243.5320779098,378.92705520550334,131726.227353819,NaN,NaN,10000.0,10000.0,389907.795121433,1.1411168163604015e6,intermediate
B,0.5,1.0626585691826105e-6,1016.2964480700653,1063.258207807567,1063.2876941717225,3.0270590406493887,553.1643783029981,221076.28467190015,344.70561089097254,132773.17585301615,NaN,NaN,10000.0,10000.0,352966.3812285988,1.0281530024182056e6,intermediate
B,0.5,1.1156285348135952e-6,921.0906674596815,954.7530055451307,954.7662574647084,2.980351694048809,547.7383073522245,221836.58630376818,312.96785443760234,133736.65673867165,NaN,NaN,10000.0,10000.0,318999.71331436536,925275.8402520361,controlled
B,0.5,1.1712388755757056e-6,832.2843766118987,856.0744789996983,856.080420068971,2.933021573794353,542.8040171663165,222532.5353002432,283.4986753955382,134625.0360920008,NaN,NaN,10000.0,10000.0,287731.22567743587,831342.0979353316,controlled
B,0.5,1.229621205313694e-6,749.6555432000207,766.1546361595413,766.1572622425606,2.884884400615659,538.3078610493185,223170.5021195446,256.13025865085075,135444.87262262127,NaN,NaN,10000.0,10000.0,258933.71261078696,745443.4970699673,controlled
B,0.5,1.2909136983810517e-6,672.9772895640076,684.1312076789688,684.1323262255255,2.8357744590828946,534.2066066879871,223755.63287269263,230.72752437873322,136201.45661885064,NaN,NaN,10000.0,10000.0,232416.77676268393,666840.7887634677,controlled
B,0.5,1.3552614166593774e-6,602.0188474732173,609.2925910196541,609.2930990772617,2.78553845917565,530.4646553851629,224292.18989365688,207.17832114098792,136899.17652109533,NaN,NaN,10000.0,10000.0,208017.7925979733,594918.8874696773,controlled
B,0.5,1.4228166528785383e-6,536.5463881167992,541.0393871364656,541.0395905250159,2.734031008528447,527.0519776086173,224783.77837966188,185.3865795266178,137541.7580055969,NaN,NaN,10000.0,10000.0,185595.26290225954,529155.3944993301,controlled
B,0.5,1.4937392910502137e-6,476.32373255502955,478.8567826738325,478.85685674179626,2.68111170487877,523.9428402108131,225233.52297773267,165.26735158773357,138132.45977535096,NaN,NaN,10000.0,10000.0,165023.84931213313,469097.95267008693,controlled
B,0.5,1.568197184867829e-6,421.11295858578904,422.29456507620347,422.2945052220428,2.6266426309421544,521.1147233282737,225644.1838887395,146.74325585973983,138674.19541132983,NaN,NaN,10000.0,10000.0,146190.6031262015,414347.61602818535,controlled
B,0.5,1.646366554968472e-6,370.67492726612124,370.9517554581539,370.951722410606,2.5704865741525866,518.5475798490378,226018.24765072129,129.7418349016562,139169.63147101842,NaN,NaN,10000.0,10000.0,128992.07083987669,364546.42436322285,controlled
B,0.5,1.7284324059969565e-6,324.7697461392365,324.466130640473,324.46607031442244,2.5125057202674195,516.2233015151223,226357.9967837073,114.19359447737023,139621.26337074125,NaN,NaN,10000.0,10000.0,113332.06870825481,319368.02530760376,controlled
B,0.5,1.8145889644591558e-6,283.15719350703375,282.50482682226277,282.5048330834243,2.452560466980496,514.1252394731556,226665.55648031642,100.03059492586587,140031.4622632531,NaN,NaN,10000.0,10000.0,99119.95395995156,278510.5248096205,controlled
B,0.5,1.9050401384008434e-6,245.59712810266677,244.7586362741704,244.75863376239056,2.390508783999595,512.2379296261956,226942.93672318917,87.18540620137935,140402.52124771438,NaN,NaN,10000.0,10000.0,86269.29967201003,241691.03387151298,controlled
B,0.5,2.0000000000000003e-6,211.84990934111673,210.9364422766931,210.9364312467037,2.3262056170669356,510.54681876881637,227192.05863458427,75.59042187804806,140736.68031437183,NaN,NaN,10000.0,10000.0,74696.88898173072,208641.52493395895,controlled
B,1.0,3.000000000000001e-7,5992.164473416788,9.74610950382722e6,9.746112134521265e6,6.988831448437962,487331.1356422071,716.6844619916907,15.76216441990706,205.11613063098739,185.0,200.0,185.0,200.0,1.497782471521694e9,7.686563648758688e9,tumor_dominant
B,1.0,3.14953993832204e-7,5710.76926983028,9.745801117819285e6,9.74580532874792e6,6.988817776715725,487315.825211048,716.7069312196354,15.762657171257153,205.12257248844924,190.0,205.0,190.0,205.0,1.4496373545528996e9,7.638223693191369e9,tumor_dominant
B,1.0,3.306533941028525e-7,5434.987756679525,9.745476084619062e6,9.745483219120966e6,6.988803422567832,487299.7510755285,716.7305227582133,15.763174764169332,205.12933592533855,195.0,210.0,195.0,210.0,1.395670229110793e9,7.584051996808e9,tumor_dominant
B,1.0,3.471353568228903e-7,5165.186498951624,9.745132109519353e6,9.745145041708458e6,6.988788351881846,487282.87511324126,716.7552927857929,15.763718312986388,205.13643714111674,200.0,215.0,200.0,215.0,1.334784916132055e9,7.522951879042593e9,tumor_dominant
B,1.0,3.644388901057883e-7,4901.703490452533,9.744764570544794e6,9.744789994387776e6,6.98877252883512,487265.1572959435,716.7813003051231,15.76428907635063,205.14389308222783,210.0,220.0,210.0,220.0,1.2655794369511209e9,7.453520810940977e9,tumor_dominant
B,1.0,3.8260494648864557e-7,4644.84670537107,9.744362051955068e6,9.744417234930553e6,6.98875591580855,487246.5555939878,716.808607286588,15.764887813267002,205.15172199515035,215.0,230.0,215.0,230.0,1.186228556729359e9,7.373932909517838e9,tumor_dominant
B,1.0,4.0167651985518443e-7,4394.892847293946,9.743890467989298e6,9.744025878990885e6,6.988738473295914,487227.02587592887,716.8372788188657,15.765517405714553,205.15994137907032,225.0,240.0,225.0,240.0,1.0943030184302306e9,7.281758000288669e9,tumor_dominant
B,1.0,4.2169874719003627e-7,4152.086513423203,9.743227001542978e6,9.743614997992227e6,6.988720159808584,487206.52180306386,716.8673832673625,15.766177898247275,205.16857199478503,235.0,250.0,235.0,250.0,9.864893384239833e8,7.1736807033568e9,tumor_dominant
B,1.0,4.427190154051293e-7,3916.6397247676655,9.74182509977858e6,9.743183616907151e6,6.988700931775355,487184.9947186423,716.8989924408709,15.766871412762924,205.17763399377236,250.0,265.0,250.0,265.0,8.581310095344205e8,7.045038043336832e9,tumor_dominant
B,1.0,4.6478707349102155e-7,3688.731737750865,9.736520294042183e6,9.742730711925166e6,6.98868074343715,487162.3935314769,716.9321817668626,15.767599605017365,205.18714899871333,265.0,280.0,265.0,280.0,7.024590966508095e8,6.889026512054482e9,tumor_dominant
B,1.0,4.879551502585967e-7,3468.5092137496463,9.701283547696799e6,9.742255208002465e6,6.988659546736321,487138.6645936645,716.9670304759009,15.768363528689646,205.1971402653074,285.0,300.0,285.0,300.0,5.093585248513012e8,6.695250908539435e9,tumor_dominant
B,1.0,5.122780779497939e-7,3256.0867488578974,9.290197957569098e6,9.741755976287432e6,6.988637291200255,487113.75157211686,717.0036217956712,15.769166692127337,205.20763032763304,310.0,325.0,310.0,325.0,2.657426983170892e8,6.446862383295933e9,tumor_dominant
B,1.0,5.378134220099089e-7,3051.5475618188298,3.0119089137577354e6,9.741231831416175e6,6.988613923819004,487087.59531358216,717.0420431551161,15.770009768706979,205.21864523127527,345.0,360.0,345.0,360.0,2.3552043103323348e7,6.114306012348962e9,tumor_dominant
B,1.0,5.646216173286177e-7,2854.9446246186603,19956.579927103627,9.740681528670387e6,6.9885893889166075,487060.1337028221,717.0823863992857,15.770894880282352,205.23021122494865,395.0,410.0,395.0,410.0,1.8299471205118117e6,5.639627762897291e9,tumor_dominant
B,1.0,5.927661112721535e-7,2666.3018267382117,7082.713381478947,9.740103760991272e6,6.988563628015757,487031.30151358974,717.124748015432,15.771824329841468,205.24235582435074,470.0,485.0,470.0,485.0,1.3357359953111878e6,4.8880177911191025e9,tumor_dominant
B,1.0,6.223135138451644e-7,2485.6155053140924,4692.875265215568,9.739497155841734e6,6.988536579695485,487001.0302520396,717.1692293709996,15.772800521030831,205.255107950017,620.0,635.0,620.0,635.0,1.1157935867156524e6,3.4347801605282316e9,tumor_dominant
B,1.0,6.533337553376234e-7,2312.856001418156,3661.593187605666,9.738860271909095e6,6.9885081794414825,486969.24799217394,717.2159369641612,15.773825004825884,205.2684987704122,1145.0,1160.0,1145.0,1160.0,970326.6050123977,3.8756871602642606e6,tumor_dominant
B,1.0,6.859002518299215e-7,2147.969431620265,3050.985072579931,3203.1233133663586,3.505709221920315,660.1561125453218,207081.83394155581,849.8083178507479,116258.16131299558,NaN,NaN,10000.0,10000.0,859737.8646696361,2.8697246686370145e6,intermediate
B,1.0,7.200900789478258e-7,1990.8794827189477,2626.2984282089287,2665.1546631571177,3.4258853391541386,633.2577003494171,210430.70221571843,741.8656925947168,120011.04879035236,NaN,NaN,10000.0,10000.0,769619.5826021042,2.458189770564567e6,intermediate
B,1.0,7.559841542785492e-7,1841.489283413274,2302.1205933051433,2315.2640419892336,3.364788065177447,615.7631693535519,212667.53142540142,665.4152304090467,122584.72603612435,NaN,NaN,10000.0,10000.0,693145.879328045,2.162342902512958e6,intermediate
B,1.0,7.936674288796335e-7,1699.6832805467793,2039.9311156797844,2044.960112324079,3.3108971625303885,602.2479859745367,214428.39781186683,602.6949726010654,124649.84379658014,NaN,NaN,10000.0,10000.0,626550.3916940578,1.9247809264231315e6,intermediate
B,1.0,8.33229088333924e-7,1565.329104885356,1819.7093484817,1821.7780056894082,3.2607337795848945,591.0888879649117,215904.42469269354,548.3533073480936,126408.13483308694,NaN,NaN,10000.0,10000.0,567535.6857472952,1.724250200668245e6,intermediate
B,1.0,8.747627638264501e-7,1438.2793742528684,1629.9361199426994,1630.8285248646062,3.2126745204609195,581.5414201301624,217183.50794266965,499.9307258431454,127952.34736713649,NaN,NaN,10000.0,10000.0,514596.67338795867,1.5501286046901175e6,intermediate
B,1.0,9.183667537427913e-7,1318.3734536737636,1463.4544250643066,1463.8523985811514,3.1657938665255108,573.1926076743599,218314.49153509733,456.0654534457354,129333.94222371514,NaN,NaN,10000.0,10000.0,466692.9879833828,1.3962213285986786e6,intermediate
B,1.0,9.641442563133607e-7,1205.4390744164896,1315.5415532768857,1315.7232266714993,3.1194944964792684,565.7861442217609,219327.7241486383,415.91688559159024,130584.80822582978,NaN,NaN,10000.0,10000.0,423074.552216965,1.2585513082327694e6,intermediate
B,1.0,1.0122036138542432e-6,1099.2939074348556,1182.9258595834256,1183.0103105095411,3.0733554842939133,559.1505103971133,220243.53212014787,378.92705454778826,131726.2274260241,NaN,NaN,10000.0,10000.0,383181.6991062455,1.1343899961979564e6,intermediate
B,1.0,1.0626585691826105e-6,999.7469350096876,1063.2479414129832,1063.287708736291,3.0270590465926235,553.1643775982824,221076.28473405808,344.7056064481436,132773.17597769556,NaN,NaN,10000.0,10000.0,346584.57129831833,1.0217708237390454e6,intermediate
B,1.0,1.1156285348135952e-6,906.5997744632571,954.7473763001256,954.7662700012911,2.980351699745357,547.7383086393921,221836.58645782777,312.9678519514879,133736.65700348734,NaN,NaN,10000.0,10000.0,312944.57660248753,919220.5127863882,controlled
B,1.0,1.1712388755757056e-6,819.6477810966326,856.0713790809469,856.0804454719607,2.9330215866663987,542.804018216803,222532.53553923836,283.4986687574716,134625.0365184839,NaN,NaN,10000.0,10000.0,281988.8855220373,825599.659080087,controlled
B,1.0,1.229621205313694e-6,738.6810888026804,766.152923573523,766.1572180007267,2.8848843755699667,538.3078537529643,223170.50140070138,256.1302670603728,135444.8713995584,NaN,NaN,10000.0,10000.0,253492.99061417498,740002.7231191124,controlled
B,1.0,1.2909136983810517e-6,663.4854558066874,684.1302602214938,684.1323605743556,2.835774480856071,534.2066139872871,223755.63353157576,230.72751822866724,136201.45773330607,NaN,NaN,10000.0,10000.0,227268.43302841604,661692.4173293483,controlled
B,1.0,1.3552614166593774e-6,593.8430317664062,609.2920714658443,609.2930873825073,2.7855384508534726,530.464653843074,224292.1897155905,207.17832409023097,136899.17621222135,NaN,NaN,10000.0,10000.0,203153.95523840497,590055.0352420639,controlled
B,1.0,1.4228166528785383e-6,529.5329772239339,541.0390949112976,541.0396113387065,2.7340310252048505,527.0519817125266,224783.77877907953,185.38657466256987,137541.75868987187,NaN,NaN,10000.0,10000.0,181008.98968480687,524569.1133665262,controlled
B,1.0,1.4937392910502137e-6,470.3320059915541,478.8566233594853,478.8568603778343,2.6811117081695666,523.9428418571546,225233.52310068475,165.26735117024913,138132.45998012196,NaN,NaN,10000.0,10000.0,160708.78373504544,464782.88260972704,controlled
B,1.0,1.568197184867829e-6,416.01483302702695,422.29439488548906,422.2945020710992,2.6266426277093284,521.1147224833115,225644.1838129788,146.7432566251275,138674.19528199505,NaN,NaN,10000.0,10000.0,142140.69965876086,410297.7108475699,controlled
B,1.0,1.646366554968472e-6,366.3545608728428,370.95168162560924,370.95172550189574,2.570486577762007,518.5475811051188,226018.2477508195,129.741834277175,139169.63163985894,NaN,NaN,10000.0,10000.0,125201.37705476281,360755.72963255196,controlled
B,1.0,1.7284324059969565e-6,321.12303674036923,324.46604601740256,324.46606148982715,2.512505708492081,516.2232970673455,226357.99644331867,114.19359614606704,139621.26279858325,NaN,NaN,10000.0,10000.0,109794.54532222402,315830.50155064074,controlled
B,1.0,1.8145889644591558e-6,280.0911748834446,282.50482754490594,282.50483398140375,2.45256046835609,514.1252400179818,226665.55652088823,100.03059476348795,140031.46233130744,NaN,NaN,10000.0,10000.0,95829.33439971379,275219.9052444223,controlled
B,1.0,1.9050401384008434e-6,243.02929963428295,244.75863224284282,244.75863228836474,2.3905087813947574,512.2379285634098,226942.9366456611,87.18540645917753,140402.52111785454,NaN,NaN,10000.0,10000.0,83218.97830446078,238640.71230652038,controlled
B,1.0,2.0000000000000003e-6,209.70751487638012,210.9364322027434,210.9364328303433,2.3262056203120878,510.5468201174817,227192.05873136746,75.5904216081571,140736.6804763186,NaN,NaN,10000.0,10000.0,71879.83463328955,205824.47050142963,controlled
B,2.0,3.000000000000001e-7,5742.279228542827,9.746108635134608e6,9.74611213452127e6,6.988831448437963,487331.1356422071,716.6844619916908,15.76216423382723,205.11613078259026,185.0,200.0,185.0,200.0,1.46854003787275e9,7.657321205803024e9,tumor_dominant
B,2.0,3.14953993832204e-7,5471.757601864537,9.74579963982051e6,9.745805328747917e6,6.988817776715725,487315.825211048,716.7069312196359,15.762657301512707,205.12257238329317,190.0,205.0,190.0,205.0,1.4188056014388542e9,7.607391924241887e9,tumor_dominant
B,2.0,3.306533941028525e-7,5207.040911473362,9.745473421122046e6,9.745483219120957e6,6.988803422567832,487299.7510755285,716.7305227582141,15.763175012450606,205.12933572487353,200.0,210.0,200.0,210.0,1.3631568980973601e9,7.551538637255844e9,tumor_dominant
B,2.0,3.471353568228903e-7,4948.4344802262385,9.745126970740108e6,9.745145041708456e6,6.988788351881846,487282.87511324126,716.7552927857928,15.763718362474616,205.1364371013945,205.0,220.0,205.0,220.0,1.3004920037452862e9,7.488658911591467e9,tumor_dominant
B,2.0,3.644388901057883e-7,4696.215179792721,9.74475380951571e6,9.74478999438777e6,6.98877252883512,487265.1572959435,716.7813003051238,15.764289214494838,205.14389297146056,210.0,225.0,210.0,225.0,1.2294030617406595e9,7.417344320413361e9,tumor_dominant
B,2.0,3.8260494648864557e-7,4450.630650268686,9.744337152709093e6,9.744417234930538e6,6.98875591580855,487246.5555939878,716.8086072865885,15.764888199344925,205.15172168683102,220.0,235.0,220.0,235.0,1.148057604652504e9,7.335761690596892e9,tumor_dominant
B,2.0,4.0167651985518443e-7,4211.898742753926,9.743825280178925e6,9.744025878990907e6,6.988738473295915,487227.02587592887,716.8372788188644,15.765516877605275,205.15994180090206,230.0,245.0,230.0,245.0,1.0540199898793476e9,7.241474273068527e9,tumor_dominant
B,2.0,4.2169874719003627e-7,3980.2073963984108,9.743027543258153e6,9.743614997992229e6,6.988720159808584,487206.52180306386,716.8673832673621,15.766177857383267,205.1685720273305,240.0,255.0,240.0,255.0,9.439698200134284e8,7.131159046999671e9,tumor_dominant
B,2.0,4.427190154051293e-7,3755.7146859923178,9.741078672667183e6,9.743183616907174e6,6.988700931775356,487184.9947186423,716.8989924408704,15.766870954829827,205.17763435744763,255.0,270.0,255.0,270.0,8.132457687362859e8,7.000144800685164e9,tumor_dominant
B,2.0,4.6478707349102155e-7,3538.5492850991473,9.732870682249265e6,9.742730711925168e6,6.9886807434371505,487162.3935314769,716.9321817668631,15.767599571157913,205.18714902547458,270.0,285.0,270.0,285.0,6.550912909363362e8,6.841619567551821e9,tumor_dominant
B,2.0,4.879551502585967e-7,3328.8110515771373,9.67556648416477e6,9.742255208002454e6,6.988659546736321,487138.6645936645,716.9670304759018,15.76836369129991,205.19714013746326,290.0,305.0,290.0,305.0,4.5956293798297626e8,6.645178920214277e9,tumor_dominant
B,2.0,5.122780779497939e-7,3126.5720134705934,8.997252855657475e6,9.741755976287438e6,6.988637291200255,487113.75157211686,717.0036217956708,15.769166615174157,205.2076303884632,315.0,330.0,315.0,330.0,2.1608237260436857e8,6.393964218798232e9,tumor_dominant
B,2.0,5.378134220099089e-7,2931.877368357506,1.4109052456831064e6,9.74123183141617e6,6.988613923819004,487087.59531358216,717.0420431551162,15.770009855797857,205.21864516314517,350.0,365.0,350.0,365.0,1.0928671556124456e7,6.058410214861182e9,tumor_dominant
B,2.0,5.646216173286177e-7,2744.7468824957214,16722.10450269656,9.740681528670393e6,6.9885893889166075,487060.1337028221,717.082386399285,15.770894794066953,205.2302112926877,400.0,415.0,400.0,415.0,1.722281830274145e6,5.580551729583408e9,tumor_dominant
B,2.0,5.927661112721535e-7,2565.1762131057794,6823.442693070345,9.740103760991268e6,6.988563628015756,487031.30151358974,717.1247480154321,15.771824377425217,205.24235578723085,475.0,490.0,475.0,490.0,1.294594667246386e6,4.825567050297054e9,tumor_dominant
B,2.0,6.223135138451644e-7,2393.1385075068447,4633.847382831215,9.739497155841738e6,6.988536579695485,487001.0302520396,717.169229371,15.772800455819562,205.25510800207337,625.0,640.0,625.0,640.0,1.087676631461615e6,3.368748090656497e9,tumor_dominant
B,2.0,6.533337553376234e-7,2228.586024842835,3642.208729928092,9.73886027190907e6,6.988508179441481,486969.24799217394,717.215936964161,15.773825299172813,205.26849852393494,1150.0,1165.0,1150.0,1165.0,947699.7146088317,3.833056032185382e6,tumor_dominant
B,2.0,6.859002518299215e-7,2071.4517128673037,3043.3560782674417,3203.1231969838063,3.5057092061455473,660.1561083715286,207081.8332585476,849.8083281323762,116258.16016676225,NaN,NaN,10000.0,10000.0,840237.1066621157,2.8490657455635993e6,intermediate
B,2.0,7.200900789478258e-7,1921.6509959032428,2622.9612384538386,2665.1546056514035,3.4258853297869347,633.257687661345,210430.70138443692,741.8656858185001,120011.04749142045,NaN,NaN,10000.0,10000.0,752215.2066499802,2.4404607523778994e6,intermediate
B,2.0,7.559841542785492e-7,1779.0833370980577,2300.5581620530857,2315.2639948937285,3.3647880563471415,615.7631747305971,212667.531433014,665.4152448865949,122584.72597389316,NaN,NaN,10000.0,10000.0,677299.6784822373,2.14637853353863e6,intermediate
B,2.0,7.936674288796335e-7,1643.6338570062212,2039.164865627371,2044.9601058177548,3.310897161149296,602.2479840327729,214428.39768764176,602.6949716642087,124649.8436009926,NaN,NaN,10000.0,10000.0,611946.4143815578,1.9101283474783225e6,intermediate
B,2.0,8.33229088333924e-7,1515.174950467666,1819.3209690694284,1821.778000953106,3.2607337784564243,591.0888811315342,215904.42434403682,548.3533010890027,126408.13430149021,NaN,NaN,10000.0,10000.0,553972.9210451194,1.710665935947069e6,intermediate
B,2.0,8.747627638264501e-7,1393.567639865371,1629.7344787469356,1630.8284527258604,3.212674501261929,581.5414153501454,217183.507297247,499.9307364899493,127952.34626702416,NaN,NaN,10000.0,10000.0,501939.4540912907,1.5374614003528338e6,intermediate
B,2.0,9.183667537427913e-7,1278.6629922266202,1463.3478528062037,1463.8523678120412,3.1657938574031887,573.1926085852443,218314.4913947922,456.06546129558274,129333.94195563199,NaN,NaN,10000.0,10000.0,454845.46516729024,1.384369007796522e6,intermediate
B,2.0,9.641442563133607e-7,1170.3033696790824,1315.484474543513,1315.7232900523434,3.119494517384155,565.786155389257,219327.72509773445,415.916880556728,130584.80979487787,NaN,NaN,10000.0,10000.0,411966.43223491387,1.2474408227412684e6,intermediate
B,2.0,1.0122036138542432e-6,1068.323472831456,1182.8949785977732,1183.010269662563,3.0733554693112586,559.1505043785759,220243.531552642,378.92705965200423,131726.22647529704,NaN,NaN,10000.0,10000.0,372759.7288371433,1.1239668376339755e6,intermediate
B,2.0,1.0626585691826105e-6,972.5514152288755,1063.2311076434605,1063.2876967562222,3.027059041704023,553.1643823204649,221076.2848940523,344.7056135072366,132773.17620163967,NaN,NaN,10000.0,10000.0,336807.17580823036,1.0119928225788071e6,intermediate
B,2.0,1.1156285348135952e-6,882.8095325376885,954.7381479209972,954.7662662332027,2.9803516980331604,547.7383093333316,221836.58646734437,312.9678535424294,133736.65701061048,NaN,NaN,10000.0,10000.0,303778.32367297105,910053.9473571486,controlled
B,2.0,1.1712388755757056e-6,798.9151063452008,856.0662987695223,856.0804340966044,2.9330215809023485,542.8040224226465,222532.53567687186,283.49867519281764,134625.0367091774,NaN,NaN,10000.0,10000.0,273406.0630229967,817016.6739018162,controlled
B,2.0,1.229621205313694e-6,720.6810336403812,766.1501196527076,766.1572193285485,2.8848843763216583,538.3078481893854,223170.50111592442,256.1302627515458,135444.8709564481,NaN,NaN,10000.0,10000.0,245469.89231850233,731979.5401228933,controlled
B,2.0,1.2909136983810517e-6,647.9162689515435,684.1287090606808,684.132382299886,2.8357744946275383,534.2066158817177,223755.6338023216,230.72751253256558,136201.4582086767,NaN,NaN,10000.0,10000.0,219784.11056234172,654208.049903046,controlled
B,2.0,1.3552614166593774e-6,580.4262727286002,609.2912105484859,609.2930819248318,2.7855384469697015,530.4646530108624,224292.18962638377,207.17832539603828,136899.1760584415,NaN,NaN,10000.0,10000.0,196189.29071784863,583090.346869181,controlled
B,2.0,1.4228166528785383e-6,518.0133270869568,541.0386174124544,541.0396038891963,2.734031019236133,527.0519822603584,224783.77874685315,185.38657759320935,137541.7586202437,NaN,NaN,10000.0,10000.0,174545.99440717185,518106.10525497113,controlled
B,2.0,1.4937392910502137e-6,460.476781856415,478.8563559252891,478.85686116401183,2.6811117088810965,523.9428420067402,225233.52311580814,165.26735096553972,138132.46000619626,NaN,NaN,10000.0,10000.0,154730.06405072808,458804.15624759113,controlled
B,2.0,1.568197184867829e-6,407.61329735033866,422.29424711639126,422.29450679109425,2.62664263255198,521.114723749035,225644.18392646543,146.74325547860496,138674.1954757339,NaN,NaN,10000.0,10000.0,136629.048792508,404786.05635395413,controlled
B,2.0,1.646366554968472e-6,359.217002876823,370.9515995920895,370.95173126000833,2.5704865844852356,518.5475834448165,226018.24793727172,129.74183311395743,139169.63195435688,NaN,NaN,10000.0,10000.0,120139.46726834305,355693.8177553288,controlled
B,2.0,1.7284324059969565e-6,315.0797135592478,324.4660002859476,324.46606960729963,2.512505719323851,516.2233011587181,226357.99675643168,114.19359461108348,139621.26332489384,NaN,NaN,10000.0,10000.0,105164.70118877267,311200.65632989,controlled
B,2.0,1.8145889644591558e-6,274.9911186018753,282.50479738035534,282.50483299754,2.452560466848932,514.1252394210545,226665.55647643658,100.03059494139389,140031.4622567449,NaN,NaN,10000.0,10000.0,91613.37493673785,271003.9451967946,controlled
B,2.0,1.9050401384008434e-6,238.73902997738367,244.75861557851135,244.75862797680432,2.3905087737755464,512.2379254547473,226942.9364188905,87.18540721324169,140402.5207380123,NaN,NaN,10000.0,10000.0,79398.11847781873,234819.85221168835,controlled
B,2.0,2.0000000000000003e-6,206.10970574784855,210.93642321233423,210.93642680967548,2.3262056079746958,510.5468149901291,227192.05836341705,75.59042263422666,140736.67986062935,NaN,NaN,10000.0,10000.0,68434.63935482319,202379.27506440404,controlled
B,5.0,3.000000000000001e-7,5182.166033455977,9.746105113015758e6,9.746112134521276e6,6.988831448437963,487331.1356422071,716.6844619916911,15.762164015195697,205.11613096105663,195.0,210.0,195.0,210.0,1.3971701108359683e9,7.585951241032058e9,tumor_dominant
B,5.0,3.14953993832204e-7,4939.414249549444,9.745793572415546e6,9.745805328747923e6,6.988817776715725,487315.825211048,716.7069312196359,15.76265708308808,205.12257256033377,200.0,215.0,200.0,215.0,1.3444121571602256e9,7.532998414956416e9,tumor_dominant
B,5.0,3.306533941028525e-7,4702.515933356608,9.745462346766265e6,9.74548321912097e6,6.988803422567832,487299.7510755285,716.7305227582134,15.763174668472745,205.12933600321887,205.0,220.0,205.0,220.0,1.2856478057219543e9,7.474029426221248e9,tumor_dominant
B,5.0,3.471353568228903e-7,4471.6373862644905,9.745105323290741e6,9.745145041708468e6,6.988788351881846,487282.87511324126,716.7552927857931,15.7637181085945,205.13643730624466,215.0,225.0,215.0,225.0,1.219776213379436e9,7.40794288926326e9,tumor_dominant
B,5.0,3.644388901057883e-7,4246.921409181311,9.744707866720473e6,9.744789994387783e6,6.98877252883512,487265.1572959435,716.781300305123,15.76428888705332,205.143893234512,220.0,235.0,220.0,235.0,1.1453916758458655e9,7.333332442186742e9,tumor_dominant
B,5.0,3.8260494648864557e-7,4028.4878887844516,9.744229383346738e6,9.744417234930545e6,6.98875591580855,487246.5555939878,716.8086072865883,15.764888017612497,205.15172183239466,230.0,245.0,230.0,245.0,1.0606645170350206e9,7.248367448017206e9,tumor_dominant
B,5.0,4.0167651985518443e-7,3816.434527775891,9.743539166125955e6,9.744025878990885e6,6.988738473295914,487227.0258759288,716.8372788188658,15.765517400651921,205.1599413832593,240.0,255.0,240.0,255.0,9.631630996085017e8,7.15061431626508e9,tumor_dominant
B,5.0,4.2169874719003627e-7,3610.8377034298323,9.742139591856606e6,9.743614997992227e6,6.988720159808584,487206.52180306386,716.8673832673622,15.76617788032358,205.16857200922095,250.0,265.0,250.0,265.0,8.495740875028306e8,7.036753796527391e9,tumor_dominant
B,5.0,4.427190154051293e-7,3411.7535782501727,9.737707804360516e6,9.743183616907157e6,6.988700931775355,487184.9947186423,716.8989924408712,15.76687129487929,205.17763408765722,265.0,280.0,265.0,280.0,7.152563578804475e8,6.902119250188609e9,tumor_dominant
B,5.0,4.6478707349102155e-7,3219.219147339096,9.716158700954901e6,9.742730711925201e6,6.988680743437151,487162.3935314769,716.9321817668626,15.767598932447733,205.18714952970973,280.0,295.0,280.0,295.0,5.535550825169775e8,6.739904055723831e9,tumor_dominant
B,5.0,4.879551502585967e-7,3033.25358062434,9.556797780604392e6,9.742255208002437e6,6.98865954673632,487138.6645936645,716.9670304759015,15.768364043761066,205.19713985990347,300.0,315.0,300.0,315.0,3.553748843506813e8,6.539709912188655e9,tumor_dominant
B,5.0,5.122780779497939e-7,2853.8593782907446,7.737373154329956e6,9.741755976287454e6,6.988637291200256,487113.75157211686,717.0036217956704,15.769166311992194,205.20763062793998,330.0,340.0,330.0,340.0,1.2137746481003958e8,6.284685105827713e9,tumor_dominant
B,5.0,5.378134220099089e-7,2681.0238185458475,191513.69365814113,9.741231831416178e6,6.988613923819005,487087.59531358216,717.0420431551164,15.770009718540665,205.2186452711784,360.0,375.0,360.0,375.0,3.477354789748157e6,5.945272383192708e9,tumor_dominant
B,5.0,5.646216173286177e-7,2514.720132399308,12835.529279950375,9.740681528670417e6,6.988589388916608,487060.1337028221,717.0823863992847,15.770894407489388,205.2302115967234,410.0,425.0,410.0,425.0,1.5502427828477328e6,5.463515220157397e9,tumor_dominant
B,5.0,5.927661112721535e-7,2354.908893356647,6394.6234106515085,9.740103760991255e6,6.988563628015756,487031.30151358974,717.1247480154318,15.77182456183327,205.24235564264566,490.0,505.0,490.0,505.0,1.216028672088181e6,4.70460118781257e9,tumor_dominant
B,5.0,6.223135138451644e-7,2201.5392262539335,4526.668405171933,9.73949715584178e6,6.988536579695487,487001.0302520396,717.169229370999,15.772799909577666,205.25510843713298,640.0,655.0,640.0,655.0,1.032244108478715e6,3.2438327040659003e9,tumor_dominant
B,5.0,6.533337553376234e-7,2054.5499392378597,3605.5156351011974,9.738860271909079e6,6.988508179441482,486969.24799217394,717.2159369641611,15.773825197515063,205.26849860948533,1165.0,1180.0,1165.0,1180.0,902907.9722248863,3.753411011460038e6,tumor_dominant
B,5.0,6.859002518299215e-7,1913.8706843528983,3028.5822082418736,3203.123306533207,3.505709220994133,660.1561139791008,207081.8339728348,849.8083207149969,116258.1613479554,NaN,NaN,10000.0,10000.0,801835.3867572522,2.808432747543716e6,intermediate
B,5.0,7.200900789478258e-7,1779.4229410334137,2616.406993617039,2665.154672684253,3.42588534070603,633.2576924179994,210430.70191063796,741.8656812040416,120011.04835978134,NaN,NaN,10000.0,10000.0,718267.3316821996,2.405876179099119e6,intermediate
B,5.0,7.559841542785492e-7,1651.1208787339165,2297.4603379738655,2315.2639521611354,3.364788048334873,615.7631773319346,212667.53133673142,665.4152553494638,122584.72576512373,NaN,NaN,10000.0,10000.0,646760.6288132011,2.1156053071726025e6,intermediate
B,5.0,7.936674288796335e-7,1528.8721339062688,2037.6352472372655,2044.9600994524792,3.3108971597981434,602.2479836829109,214428.39763787252,602.6949724700079,124649.84351657605,NaN,NaN,10000.0,10000.0,584184.8682879147,1.8822697998195754e6,intermediate
B,5.0,8.33229088333924e-7,1412.5785440972938,1818.541632812451,1821.7780146761982,3.260733781726084,591.0888818774217,215904.42445503047,548.3532991162862,126408.13449103238,NaN,NaN,10000.0,10000.0,528575.0205303289,1.6852248942595182e6,intermediate
B,5.0,8.747627638264501e-7,1302.1366057939542,1629.328105086677,1630.8285444725975,3.212674525679386,581.5414095075284,217183.50754560166,499.9307109844689,127952.34680012646,NaN,NaN,10000.0,10000.0,478616.15194145136,1.514117977787993e6,intermediate
B,5.0,9.183667537427913e-7,1197.4379524312517,1463.1322744565884,1463.8523702650082,3.1657938581304363,573.192609707501,218314.49146428803,456.06546181086105,129333.94206576765,NaN,NaN,10000.0,10000.0,433384.1070411529,1.362897942906169e6,intermediate
B,5.0,9.641442563133607e-7,1098.3696213514431,1315.3685961608205,1315.7233638997102,3.1194945417412114,565.7861636952694,219327.7259704159,415.91687041397677,130584.81126609122,NaN,NaN,10000.0,10000.0,392203.4059801497,1.2276729962051495e6,intermediate
B,5.0,1.0122036138542432e-6,1004.8143546315301,1182.8320708368626,1183.010260894624,3.0733554660951823,559.1504990823635,220243.53122954527,378.92705728586793,131726.22596144586,NaN,NaN,10000.0,10000.0,354564.0380544358,1.1057687260956154e6,intermediate
B,5.0,1.0626585691826105e-6,916.6506090875142,1063.196696443388,1063.2876714177576,3.027059031364379,553.1643780171171,221076.2845041096,344.70561669218114,132773.17554892218,NaN,NaN,10000.0,10000.0,320070.0756172421,995254.484957771,intermediate
B,5.0,1.1156285348135952e-6,833.7526589695325,954.7192118286771,954.7662633458485,2.9803516967211636,547.7383106420723,221836.586514768,312.9678553680198,133736.6570784117,NaN,NaN,10000.0,10000.0,288406.5189045974,894681.5018961261,controlled
B,5.0,1.1712388755757056e-6,755.9905387350283,856.0558328981141,856.0804111038309,2.933021569251593,542.8040174975729,222532.535252625,283.49867825806007,134625.0359987835,NaN,NaN,10000.0,10000.0,259317.10597495205,802927.3818019213,controlled
B,5.0,1.229621205313694e-6,683.2299564007558,766.14431354784,766.1572804337188,2.8848844109138336,538.3078591898833,223170.50215766695,256.13025178407105,135444.87272229092,NaN,NaN,10000.0,10000.0,232588.99365928792,719098.4657918289,controlled
B,5.0,1.2909136983810517e-6,615.3321605245922,684.1254773383391,684.1324085981068,2.8357745112975605,534.2066265274561,223755.63457799176,230.72751117911199,136201.45948830314,NaN,NaN,10000.0,10000.0,208041.89909647033,642465.7456218274,controlled
B,5.0,1.3552614166593774e-6,552.1537669850858,609.2894073077215,609.293080098191,2.7855384456698347,530.4646522701055,224292.18957144037,207.17832554362928,136899.17596739467,NaN,NaN,10000.0,10000.0,185520.22768207145,572421.2336958345,controlled
B,5.0,1.4228166528785383e-6,493.5466456639321,541.037610298882,541.0396099950277,2.734031024128264,527.0519868721954,224783.77905114746,185.38657817674553,137541.75911718933,NaN,NaN,10000.0,10000.0,164887.25833956784,508447.34218908235,controlled
B,5.0,1.4937392910502137e-6,439.35773816753385,478.85579138280696,478.85686967054545,2.6811117165799354,523.9428434772293,225233.52327121346,165.26734866879755,138132.46027525314,NaN,NaN,10000.0,10000.0,146020.7799075716,450094.8584719412,controlled
B,5.0,1.568197184867829e-6,389.4289607377632,422.29392946606407,422.29449850384384,2.626642624049372,521.1147215267019,225644.1837272074,146.74325749165135,138674.19513557092,NaN,NaN,10000.0,10000.0,128809.77760539735,396966.7773799793,controlled
B,5.0,1.646366554968472e-6,343.59714130687473,370.95142150993325,370.9517268606737,2.5704865793485294,518.5475816572306,226018.2477948177,129.741834002684,139169.63171407284,NaN,NaN,10000.0,10000.0,113151.8955988504,348706.2420282887,controlled
B,5.0,1.7284324059969565e-6,301.694013840348,324.4658995566657,324.46607038610574,2.512505720363072,516.2233015512594,226357.9967864727,114.1935944638127,139621.2633753898,NaN,NaN,10000.0,10000.0,98951.4854213795,304987.4382540187,controlled
B,5.0,1.8145889644591558e-6,263.5463148308928,282.5047399441617,282.5048331984274,2.4525604671566668,514.1252395429349,226665.5564855128,100.03059490506931,140031.46227196915,NaN,NaN,10000.0,10000.0,86118.10770891869,265508.6767301856,controlled
B,5.0,1.9050401384008434e-6,228.9759614801722,244.75858301644033,244.75863014130553,2.390508777600563,512.2379270153758,226942.93653273533,87.18540683468157,140402.52092870284,NaN,NaN,10000.0,10000.0,74565.38944246598,229987.12249663562,controlled
B,5.0,2.0000000000000003e-6,197.80036041190968,210.93640452856522,210.93642864235687,2.3262056117301775,510.546816550882,227192.05847542014,75.59042232189353,140736.6800480437,NaN,NaN,10000.0,10000.0,64210.168166406744,198154.80351089552,controlled
B,10.0,3.000000000000001e-7,4600.595258281149,9.746096375825053e6,9.746112134521272e6,6.988831448437963,487331.1356422071,716.6844619916908,15.762164184858005,205.11613082310424,205.0,215.0,205.0,215.0,1.3143169900279593e9,7.503098026618223e9,tumor_dominant
B,10.0,3.14953993832204e-7,4390.6188541974125,9.745778395056752e6,9.745805328747913e6,6.988817776715724,487315.825211048,716.7069312196363,15.762657429086945,205.1225722804148,210.0,225.0,210.0,225.0,1.259448085101126e9,7.4480341802852955e9,tumor_dominant
B,10.0,3.306533941028525e-7,4185.925894131828,9.745434421947557e6,9.745483219120957e6,6.988803422567832,487299.7510755285,716.7305227582139,15.763175047963262,205.12933569647072,215.0,230.0,215.0,230.0,1.1986044293738813e9,7.386985750664996e9,tumor_dominant
B,10.0,3.471353568228903e-7,3986.564236771668,9.745050319456803e6,9.745145041708449e6,6.988788351881845,487282.87511324126,716.7552927857938,15.76371859933451,205.13643691088285,220.0,235.0,220.0,235.0,1.1306918172639918e9,7.318857903755511e9,tumor_dominant
B,10.0,3.644388901057883e-7,3792.569012077171,9.744590285807544e6,9.744789994387776e6,6.98877252883512,487265.1572959435,716.7813003051231,15.764289092309248,205.14389306986783,230.0,245.0,230.0,245.0,1.0543107271782568e9,7.242250233495174e9,tumor_dominant
B,10.0,3.8260494648864557e-7,3603.963780652565,9.743951700424418e6,9.744417234930534e6,6.988755915808549,487246.5555939878,716.8086072865888,15.764888314156623,205.1517215953734,240.0,255.0,240.0,255.0,9.676388077351508e8,7.155338762770913e9,tumor_dominant
B,10.0,4.0167651985518443e-7,3420.761708446812,9.742797329595238e6,9.744025878990885e6,6.988738473295914,487227.02587592887,716.8372788188651,15.765517388337292,205.1599413932296,250.0,265.0,250.0,265.0,8.682524354346741e8,7.055695701013368e9,tumor_dominant
B,10.0,4.2169874719003627e-7,3242.966655247183,9.739824234817723e6,9.743614997992236e6,6.988720159808584,487206.52180306386,716.8673832673625,15.766177698675977,205.16857215408731,260.0,275.0,260.0,275.0,7.528527049762081e8,6.940007593950344e9,tumor_dominant
B,10.0,4.427190154051293e-7,3070.5742926444723,9.728875932831343e6,9.74318361690715e6,6.988700931775354,487184.9947186423,716.898992440871,15.766871422494907,205.17763398636293,275.0,290.0,275.0,290.0,6.168450157217348e8,6.803613194415003e9,tumor_dominant
B,10.0,4.6478707349102155e-7,2903.5731540172687,9.672272677790193e6,9.742730711925182e6,6.9886807434371505,487162.3935314769,716.9321817668616,15.767599296607626,205.18714924270162,290.0,305.0,290.0,305.0,4.53833344390525e8,6.639710799675084e9,tumor_dominant
B,10.0,4.879551502585967e-7,2741.945612802737,9.249651673107158e6,9.74225520800244e6,6.98865954673632,487138.6645936645,716.9670304759014,15.768363956354856,205.19713992922138,310.0,325.0,310.0,325.0,2.5691995443597734e8,6.437906557826477e9,tumor_dominant
B,10.0,5.122780779497939e-7,2585.6686958027426,5.215720774068105e6,9.741755976287441e6,6.988637291200255,487113.75157211686,717.0036217956706,15.769166527243062,205.20763045883288,340.0,355.0,340.0,355.0,5.166260577547036e7,6.181352676122861e9,tumor_dominant
B,10.0,5.378134220099089e-7,2434.714990348751,57568.09173459086,9.74123183141616e6,6.988613923819004,487087.59531358216,717.0420431551165,15.770009994985257,205.21864505429582,375.0,390.0,375.0,390.0,2.29986421185949e6,5.840495172818887e9,tumor_dominant
B,10.0,5.646216173286177e-7,2289.0532213263396,10762.372394578471,9.7406815286704e6,6.988589388916608,487060.1337028221,717.0823863992852,15.77089468130749,205.23021138221938,425.0,435.0,425.0,435.0,1.422950935586698e6,5.357380144103832e9,tumor_dominant
B,10.0,5.927661112721535e-7,2148.648863209324,6075.74791564202,9.740103760991262e6,6.988563628015756,487031.30151358974,717.1247480154321,15.771824462322737,205.24235572111894,500.0,515.0,500.0,515.0,1.1478120543715986e6,4.597197256843366e9,tumor_dominant
B,10.0,6.223135138451644e-7,2013.4645927106521,4437.5265157169515,9.739497155841792e6,6.988536579695488,487001.0302520396,717.1692293709992,15.7727997575222,205.2551085590948,650.0,665.0,650.0,665.0,982672.4582063139,3.1352498871723146e9,tumor_dominant
B,10.0,6.533337553376234e-7,1883.460616881809,3573.2536022507315,9.738860271909079e6,6.988508179441482,486969.24799217394,717.215936964161,15.77382518740808,205.26849861827523,1175.0,1190.0,1175.0,1190.0,862782.5606061545,3.6854056480824e6,tumor_dominant
B,10.0,6.859002518299215e-7,1758.5948674846757,3015.1432941023136,3203.123431825952,3.505709237976609,660.1561313877296,207081.8352572875,849.8083270363999,116258.16336864496,NaN,NaN,10000.0,10000.0,767697.8008637341,2.772278599620467e6,intermediate
B,10.0,7.200900789478258e-7,1638.8231493539033,2610.3011569110913,2665.1546678641207,3.42588533992087,633.2577071099137,210430.70253628405,741.865700285496,120011.04926494598,NaN,NaN,10000.0,10000.0,688444.1575861287,2.3754609422386936e6,intermediate
B,10.0,7.559841542785492e-7,1524.0991344164213,2294.520679912947,2315.263979600688,3.36478805347973,615.7631752261196,212667.53137882726,665.4152481199233,122584.72587005945,NaN,NaN,10000.0,10000.0,620305.2964325674,2.0889278912747551e6,intermediate
B,10.0,7.936674288796335e-7,1414.374181740176,2036.1610754267683,2044.959994183468,3.3108971374527654,602.2479776192919,214428.3968019051,602.6949854886223,124649.84210130651,NaN,NaN,10000.0,10000.0,560500.5772575708,1.8584920477218183e6,intermediate
B,10.0,8.33229088333924e-7,1309.5972840964405,1817.780134185329,1821.778095805153,3.2607338010558413,591.0888769572241,215904.42467089926,548.3532776074966,126408.13495018311,NaN,NaN,10000.0,10000.0,507253.6589562382,1.6638613838451523e6,intermediate
B,10.0,8.747627638264501e-7,1209.714659147985,1628.9259438653605,1630.8285671612377,3.2126745317177354,581.5414053705989,217183.5074777436,499.9307019752815,127952.34673640391,NaN,NaN,10000.0,10000.0,459360.23322530865,1.494842147605576e6,intermediate
B,10.0,9.183667537427913e-7,1114.6694982829777,1462.9162815056488,1463.8523033192541,3.165793838282585,573.1925986258161,218314.4905215112,456.06546641472187,129333.94051202887,NaN,NaN,10000.0,10000.0,415965.24260454805,1.345469352182732e6,intermediate
B,10.0,9.641442563133607e-7,1024.4015486934545,1315.2510824547637,1315.7232739450633,3.1194945120714954,565.786155772242,219327.72501612545,415.91688476347724,130584.80964045723,NaN,NaN,10000.0,10000.0,376438.5877879994,1.21190330863836e6,intermediate
B,10.0,1.0122036138542432e-6,938.8466816412802,1182.7674840105162,1183.0103286353701,3.07335549094246,559.1505055273417,220243.5319929507,378.9270457639028,131726.22726457685,NaN,NaN,10000.0,10000.0,340301.31194347155,1.0915035143027955e6,intermediate
B,10.0,1.0626585691826105e-6,857.9363983185616,1063.1609176327013,1063.2876575943437,3.0270590257235805,553.1643740659258,221076.28420965324,344.7056171118693,132773.1750664477,NaN,NaN,10000.0,10000.0,307179.4975132161,982362.6193927213,intermediate
B,10.0,1.1156285348135952e-6,781.5974045762362,954.699271962259,954.7662535242232,2.980351692258276,547.7383140713667,221836.58662327248,312.9678607797718,133736.65722700354,NaN,NaN,10000.0,10000.0,276774.2429615058,883048.5515166258,controlled
B,10.0,1.1712388755757056e-6,709.7510902138592,856.044660824608,856.0803924630619,2.9330215598060576,542.8040153591844,222532.53500570325,283.49868211636453,134625.03557421343,NaN,NaN,10000.0,10000.0,248841.4118190126,792451.3300403776,controlled
B,10.0,1.229621205313694e-6,642.3130615590396,766.1380280858718,766.1572770869393,2.8848844090191923,538.3078611839728,223170.50223817318,256.13025420629333,135444.87284102978,NaN,NaN,10000.0,10000.0,223177.56055665377,709686.841822927,controlled
B,10.0,1.2909136983810517e-6,579.1927034141328,684.1219301493218,684.1323576503272,2.835774479002576,534.2066164145106,223755.63363898025,230.72752077477847,136201.45789546228,NaN,NaN,10000.0,10000.0,199609.90606961428,634033.6506233878,controlled
B,10.0,1.3552614166593774e-6,520.2927708357353,609.2874009961278,609.293042311465,2.785538418780185,530.4646467613662,224292.18896754482,207.17833474311928,136899.17492435826,NaN,NaN,10000.0,10000.0,177989.01604933772,564889.9674860596,controlled
B,10.0,1.4228166528785383e-6,465.5090264409206,541.0364698717361,541.0395841072965,2.734031003386424,527.0519781503837,224783.77835573305,185.38658209249988,137541.75795168182,NaN,NaN,10000.0,10000.0,158183.38312558513,501743.4372295421,controlled
B,10.0,1.4937392910502137e-6,414.7299378625217,478.85514323392937,478.85686708567584,2.6811117142404988,523.9428435604276,225233.5232534288,165.26734966048062,138132.46024024396,NaN,NaN,10000.0,10000.0,140075.33684576422,444149.39903990104,controlled
B,10.0,1.568197184867829e-6,367.83646006444155,422.2935597360175,422.2944998490413,2.6266426254295268,521.1147218874308,225644.18375955112,146.74325716488934,138674.19519078638,NaN,NaN,10000.0,10000.0,123557.92592869196,391714.91668620805,controlled
B,10.0,1.646366554968472e-6,324.7018991436932,370.9512099492843,370.95173527777433,2.5704865891764186,518.5475850773522,226018.24806736966,129.74183230231674,139169.63217379965,NaN,NaN,10000.0,10000.0,108532.52065731103,344086.86199418403,controlled
B,10.0,1.7284324059969565e-6,285.19188301529886,324.4657782939058,324.46607054088327,2.5125057205696035,516.2233016292693,226357.99679244295,114.19359443454535,139621.26338542489,NaN,NaN,10000.0,10000.0,94906.96249558803,300942.91256906174,controlled
B,10.0,1.8145889644591558e-6,249.16443864183046,282.5046703587693,282.50483388753656,2.452560468212297,514.125239961031,226665.55651664725,100.03059478046141,140031.4623241937,NaN,NaN,10000.0,10000.0,82594.13689383175,261984.70439676824,controlled
B,10.0,1.9050401384008434e-6,216.47020530491628,244.75854242596566,244.75862993016767,2.390508777227449,512.2379268631427,226942.93652163024,87.1854068716087,140402.5209101017,NaN,NaN,10000.0,10000.0,71510.88079619374,226932.61298857266,controlled
B,10.0,2.0000000000000003e-6,186.952780357636,210.93638105081885,210.9364282451813,2.326205610916296,510.54681621263586,227192.05845114694,75.59042238958195,140736.6800074274,NaN,NaN,10000.0,10000.0,61577.16049868261,195521.79535368868,controlled
