seed,branch_index,step,q,b6,T,M,NK,CTL,B,logT,residual,max_real_eig,stable,n_unstable,n_imag
low_seed,1,0,-4.522878745280337,3.000000000000001e-5,196521.59127509658,10325.886463826535,30821.17421236376,633.1659653827043,9500.43495929213,5.293412481948923,3.4171621813971186e-11,0.10676247546962203,false,1,0
low_seed,2,1,-4.529299741995561,2.955971605579332e-5,193360.48468951456,10167.837296705167,31256.19236589373,641.4056362146977,9645.261289139558,5.286369972060268,4.515477477748368e-16,0.10682270486726095,false,1,0
low_seed,3,2,-4.537677179662981,2.899498045519113e-5,189327.08564567324,9966.175061949989,31829.409470761937,652.2308914253622,9836.590370420663,5.2772150436319665,2.305837304589505e-16,0.10688903489956557,false,1,0
low_seed,4,3,-4.546072803089487,2.8439843152971503e-5,185385.39600579673,9769.097964750157,32410.27739456522,663.1633175977281,10031.047950364744,5.268077861651067,2.748372680891176e-16,0.10694170257031711,false,1,0
low_seed,5,4,-4.554486565621353,2.7894169422712256e-5,181533.17141407673,9576.493802233308,32998.81837706597,674.2016750759902,10228.667016682286,5.25895838727695,7.98331036892797e-16,0.1069807396423886,false,1,0
low_seed,6,5,-4.562918420771166,2.735782575967985e-5,177768.22671661852,9388.253330927599,33595.05220196509,685.3446382143903,10429.480347378885,5.249856583271644,2.45576763021282e-16,0.10700618214285046,false,1,0
low_seed,7,6,-4.571368322097814,2.6830679893668955e-5,174088.43422969614,9204.270180208128,34198.99613862203,696.5907942767308,10633.520491299849,5.2407724138802045,2.2695642837309226e-16,0.10701807040132637,false,1,0
low_seed,8,7,-4.579836223089853,2.631260080024483e-5,170491.72206572568,9024.440768627654,34810.664885140905,707.9386424071037,10840.819748431275,5.231705844711761,7.07867276118075e-16,0.10701644908126243,false,1,0
low_seed,9,8,-4.5883220770522435,2.580345871048095e-5,166976.07251474806,8848.664223021133,35430.070512942744,719.3865926755776,11051.410149974687,5.222656842621173,4.552036799749969e-16,0.10700136720409442,false,1,0
low_seed,10,9,-4.59682583699643,2.530312511928082e-5,163539.5204792966,8676.842300277947,36057.22241294519,730.9329652025858,11265.323438213569,5.213625375591254,3.6582596940173643e-16,0.10697287816631183,false,1,0
low_seed,11,10,-4.6053474555337415,2.4811472792368468e-5,160180.1519606255,8508.879311680756,36692.12724347126,742.5759893656814,11482.591046191212,5.2046114126154865,4.0881231367384155e-16,0.10693103974944088,false,1,0
low_seed,12,11,-4.613886884772116,2.4328375772027198e-5,156896.10259436115,8344.68204971409,37334.78888000743,754.3138030922647,11703.24407721955,5.195614923581204,2.782462085624143e-16,0.10687591412297442,false,1,0
low_seed,13,12,-4.622444076216128,2.3853709381663894e-5,153685.5562337233,8184.159717250127,37985.20836693211,766.1444522418119,11927.313284240088,5.186635879153181,4.146262719052388e-16,0.10680756784030045,false,1,0
low_seed,14,13,-4.631018980670333,2.3387350229270127e-5,150546.74357854426,8027.223859023198,38643.38387133358,778.0658900810397,12154.82904905852,5.177674250657607,2.6254979062216935e-16,0.10672607182769055,false,1,0
low_seed,15,14,-4.639611548145903,2.292917620985027e-5,147477.94084838827,7873.788295308009,39309.31063903577,790.0759768553442,12385.821361475595,5.168730009966407,9.867180911704386e-17,0.10663150136643362,false,1,0
low_seed,16,15,-4.648221727770584,2.247906650688179e-5,144477.46849814407,7723.769057720555,39982.98095294905,802.1724794597369,12620.31979833767,5.159803129381873,6.73365751065211e-16,0.10652393606820201,false,1,0
low_seed,17,16,-4.65684946770195,2.203690159286985e-5,141543.68997454082,7577.084327064051,40664.38409385965,814.353071212349,12858.35350253066,5.150893581521596,2.7484511285900026e-16,0.10640345984376395,false,1,0
low_seed,18,17,-4.665494715043979,2.160256322905653e-5,138675.010512087,7433.654373145038,41353.50630377183,826.6153317334863,13099.951161942758,5.142001339203653,5.771446020481227e-16,0.10627016086516372,false,1,0
low_seed,19,18,-4.674157415766949,2.1175934464339743e-5,135869.8759670151,7293.401496488882,42050.33075191028,838.9567469329822,13345.140988420806,5.133126375332072,2.4279060654940825e-16,0.10612413152150398,false,1,0
low_seed,20,19,-4.682837514630648,2.0756899633457152e-5,133126.7716878506,7156.249971885502,42754.83750349241,851.3747091085319,13593.95069674719,5.1242686627825,4.631934847580542e-16,0.1059654683684823,false,1,0
low_seed,21,20,-4.691534955110931,2.0345344354484288e-5,130444.22142130327,7022.125993700438,43467.003491370684,863.8665171574021,13846.407483663465,5.1154281742881285,3.9891953212588495e-16,0.10579427207184039,false,1,0
low_seed,22,21,-4.700249679329599,1.9941155525696838e-5,127820.78625221134,6890.957622887738,44186.802490647424,876.4293769038169,14102.53800696865,5.106604882325807,4.702201884158036e-16,0.10561064734489858,false,1,0
low_seed,23,22,-4.708981627987628,1.954422132184186e-5,125255.06357633809,6762.674735644685,44914.20509635553,889.060401544047,14362.3683647199,5.097798759002381,2.957063567049579e-16,0.10541470288035965,false,1,0
low_seed,24,23,-4.717730740301731,1.9154431189862285e-5,122745.68610485594,6637.208973650173,45649.1787042975,901.756612211057,14625.924074564184,5.0890097759412205,4.742134958921759e-16,0.10520655127657567,false,1,0
low_seed,25,24,-4.7264969539442765,1.87716758441155e-5,120291.32089940668,6514.49369583121,46391.687495128186,914.5149386603208,14893.230053230078,5.0802379041689445,3.1078452881304667e-16,0.10498630895847734,false,1,0
low_seed,26,25,-4.7352802049865454,1.839584726112565e-5,117890.66843666871,6394.463931604138,47141.69242176331,927.3322200781881,15164.310596208954,5.071483114002347,4.3202489200105497e-16,0.10475409609338303,false,1,0
low_seed,27,26,-4.744080427845333,1.802683867390621e-5,115542.4617014042,6277.056335539166,47899.151200188644,940.205206013937,15439.189357655603,5.062745374935501,5.403480568059531e-16,0.10451003650189644,false,1,0
low_seed,28,27,-4.75289755523289,1.7664544565888357e-5,113245.4653070011,6162.2091433991445,48664.01830374007,953.1305574363815,15717.889330538148,5.054024655527065,1.4104268639074396e-16,0.10425425756412865,false,1,0
low_seed,29,28,-4.7617315181101905,1.730886066448829e-5,110998.47464255839,6049.862129504832,49436.244960919816,966.1048479156806,16000.432827068382,5.045320923287758,3.277503424084767e-16,0.1039868901214685,false,1,0
low_seed,30,29,-4.77058224564353,1.6959683934344283e-5,108800.31504560952,5939.956565381658,50215.7791568041,979.1245649306535,16286.84145944237,5.036634144568045,6.687441678025763e-16,0.10370806837414193,false,1,0
low_seed,31,30,-4.779449665164413,1.661691257025402e-5,106649.84099960075,5832.435179643637,51002.56563809644,992.1861113017156,16577.136120923275,5.02796428444598,3.688113598328484e-16,0.1034179297748037,false,1,0
low_seed,32,31,-4.788333702132752,1.6280445989838905e-5,104545.93535528993,5727.242119072828,51796.54592186827,1005.2858067491754,16871.33696729645,5.01931130661525,1.886768939756021e-16,0.10311661491839573,false,1,0
low_seed,33,32,-4.797234280103314,1.595018482596259e-5,102487.5085752479,5624.322910853565,52597.65830802657,1018.419889576426,17169.463398728956,5.010675173273381,4.604762833105232e-16,0.102804267428536,false,1,0
low_seed,34,33,-4.806151320695424,1.5626030918927923e-5,100473.49800068783,5523.624425922519,53405.83789553761,1031.5845184772134,17471.53404206415,5.002055845010121,5.069167921170149e-16,0.10248103384067501,false,1,0
low_seed,35,34,-4.815084743565876,1.5307887308475214e-5,98502.86713987295,5425.094843397348,54221.01660242992,1044.7757744658786,17777.56673358257,4.993453280695988,1.5982141525916178e-16,0.10214706348227515,false,1,0
low_seed,36,35,-4.824034466385028,1.4995658225604315e-5,96574.60497737522,5328.68361604748,55043.12318959298,1057.9896629292089,18087.578502260916,4.984867437370964,1.9812112952870577e-16,0.10180250835026777,false,1,0
low_seed,37,36,-4.833000404816038,1.4689249084239868e-5,94687.72530349567,5234.341436772636,55872.08328837831,1071.222115798169,18401.58555355949,4.97629827013333,3.8420806872603227e-16,0.1014475229860347,false,1,0
low_seed,38,37,-4.841982472497207,1.438856647275942e-5,92841.2660631751,5142.020206055453,56707.819432004195,1084.4689938375373,18719.603253769492,4.967745732028626,3.91849331806419e-16,0.10108226434816675,false,1,0
low_seed,39,38,-4.850980581027371,1.4093518145401837e-5,91034.28872374959,5051.673000356069,57550.25109075627,1097.7260890511375,19041.64611495088,4.959209773938716,3.365887230708241e-16,0.1007068916832525,false,1,0
low_seed,40,39,-4.859994639954297,1.380401301357237e-5,89265.87766093067,4963.25404141761,58399.294710969094,1110.9891272000782,19367.72778049131,4.950690344470924,1.6301766822526682e-16,0.10032156639493446,false,1,0
low_seed,41,40,-4.869024556766034,1.351996113705984e-5,87535.13956241304,4876.718666452721,59254.86375776551,1124.2537704310953,19697.86101131635,4.94218738984723,2.0780105139935339e-16,0.09992645191149119,false,1,0
low_seed,42,41,-4.878070236885143,1.3241273715179996e-5,85841.20284853174,4792.023299182318,60116.8687615233,1137.5156200118242,20032.057672781055,4.93370085379348,3.716634042993317e-16,0.0995217135521687,false,1,0
low_seed,43,42,-4.8871315836657585,1.2967863077858064e-5,84183.21710941456,4709.125421698805,60985.2173680308,1150.7702191695114,20370.328722272374,4.925230677428575,3.543936032524321e-16,0.09910751839251564,false,1,0
low_seed,44,43,-4.896208498393395,1.2699642676662745e-5,82560.35255809367,4627.9835471269835,61859.81439228606,1164.013056029433,20712.684197551727,4.916776799153593,1.3219343284169646e-16,0.09868403512894124,false,1,0
low_seed,45,44,-4.905300880287438,1.2436527075802294e-5,80971.79949906052,4548.557193056896,62740.561875885134,1177.2395666489576,21059.133205866263,4.908339154540803,1.4845758402219277e-16,0.0982514339427291,false,1,0
low_seed,46,45,-4.914408626506234,1.2178431943093255e-5,79416.76781176627,4470.806855723701,63627.359147940166,1190.4451381429828,21409.683913857498,4.899917676222499,3.664695914811799e-16,0.09780988636372845,false,1,0
low_seed,47,46,-4.923531632154697,1.192527404091064e-5,77894.48644858734,4394.693984910586,64520.10288945826,1203.6251118961768,21764.343538294837,4.891512293779598,1.8804730548279282e-16,0.09735956513393547,false,1,0
low_seed,48,47,-4.932669790294342,1.1676971217128198e-5,76404.20294679438,4320.180959551587,65418.687201107496,1216.7747868572155,22123.118337661454,4.883122933629939,3.8091923394581773e-16,0.09690064407118065,false,1,0
low_seed,49,48,-4.941822991955661,1.1433442396056033e-5,74945.18295407662,4247.231064012063,66323.00367428733,1229.8894229099744,22486.013604619242,4.8747495189161825,1.9416745219347424e-16,0.09643329793311547,false,1,0
low_seed,50,49,-4.950991126152737,1.1194607569382625e-5,73516.7097671916,4175.808465025171,67232.94146541666,1242.9642443164082,22853.033659379234,4.866391969393244,1.4845518054108722e-16,0.09595770228170228,false,1,0
low_seed,51,50,-4.960174079900002,1.0960387787126988e-5,72118.08388332499,4105.878189263675,68148.38737334454,1255.9944432256245,23224.18184400288,4.858050201315149,2.036596469461334e-16,0.09547403334839243,false,1,0
low_seed,52,51,-4.969371738231025,1.0730705148606519e-5,70748.62256375894,4037.4061015270336,69069.22591978348,1268.9751832434674,23599.460517659514,4.849724127321219,2.0568478510309665e-16,0.09498246790017104,false,1,0
low_seed,53,52,-4.978583984219245,1.0505482793425122e-5,69407.65940946162,3970.35888352434,69995.33943266045,1281.901603056737,23978.871052864444,4.841413656321452,1.5797209334066624e-16,0.09448318310664669,false,1,0
low_seed,54,53,-4.987810699000503,1.0284644892485737e-5,68094.5439482249,3904.7040132345387,70926.60813227374,1294.7688201059907,24362.4138327216,4.833118693380995,3.2055244924096874e-16,0.0939763564083437,false,1,0
low_seed,55,54,-4.997051761797293,1.0068116639030775e-5,66808.64123298932,3840.4097448258435,71862.91022014059,1307.5719343007186,24750.088249194006,4.824839139603553,2.7226858232339874e-16,0.09346216538636008,false,1,0
low_seed,56,55,-5.006307049944591,9.855824239713304e-6,65549.3314510087,3777.4450891169918,72804.12197041484,1320.3060317705397,25141.892702424884,4.8165748920135965,4.359137973443009e-16,0.09294078763353406,false,1,0
low_seed,57,56,-5.015576438917153,9.64769490570177e-6,64316.00954351658,3715.779794563434,73750.11782375109,1332.9661886459357,25537.824601131724,4.808325843437201,1.8390357229259643e-16,0.09241240062725825,false,1,0
low_seed,58,57,-5.0248598023581454,9.443656843819896e-6,63108.084835572416,3655.384328752428,74700.77048348615,1345.5474748619263,25937.880364094533,4.8000918823813565,1.2440479850764914e-16,0.09187718160407914,false,1,0
low_seed,59,58,-5.034157012109,9.243639247723626e-6,61924.98067577145,3596.2298603911445,75655.95101400791,1358.0449579779925,26342.05542276005,4.791872892911548,4.406112162722599e-16,0.0913353074361918,false,1,0
low_seed,60,59,-5.043467938240342,9.04757228911612e-6,60766.13408551851,3538.288241772856,76615.52894117599,1370.4537070074782,26750.344224981494,4.783668754527426,1.8146541998786247e-16,0.0907869545099538,false,1,0
low_seed,61,60,-5.052792449083878,8.855387109001818e-6,59630.99541756951,3481.531991706421,77579.37235465978,1382.7687962496323,27162.74023991518,4.775479342036335,2.1352864790631017e-16,0.09023229860651602,false,1,0
low_seed,62,61,-5.062130411265096,8.667015808979822e-6,58519.0280235619,3425.9342788950876,78547.34801205338,1394.9853091173961,27579.2359640926,4.767304525424486,1.2479197388205215e-16,0.08967151478466637,false,1,0
low_seed,63,62,-5.071481689736651,8.482391442577113e-6,57429.7079302584,3371.4689057508626,79519.32144462918,1407.098341954036,27999.822928687718,4.7591441697255314,2.8505986225444916e-16,0.08910477726597574,false,1,0
low_seed,64,63,-5.080846147812287,8.301448006621239e-6,56362.52352424234,3318.1102926313492,80495.15706458897,1419.1030078316758,28424.49170799824,4.750998134886275,1.9363817903896543e-16,0.088532259322319,false,1,0
low_seed,65,64,-5.090223647201169,8.124120432652363e-6,55316.97524480774,3265.833462486268,81474.71827367051,1430.9944403247912,28853.231929159367,4.7428662756292495,2.0488919841071927e-16,0.08795413316584416,false,1,0
low_seed,66,65,-5.099614048042466,7.95034457837417e-6,54292.575284799444,3214.6140259013346,82457.86757296998,1442.7677972517693,29286.032283108543,4.734748441311864,1.280463229422828e-16,0.08737056984144626,false,1,0
low_seed,67,66,-5.109017208940056,7.780057219142771e-6,53288.84729916451,3164.428166527653,83444.46667383728,1454.4182643776194,29722.88053681873,4.726644475781815,2.7602558049300185e-16,0.08678173912179847,false,1,0
low_seed,68,67,-5.1184329869972,7.613196039492912e-6,52305.32612098485,3115.252626885088,84434.376609706,1465.941059071014,30163.763546818645,4.718554217228432,2.4343459393349536e-16,0.08618780940498531,false,1,0
low_seed,69,68,-5.127861237851031,7.449699624700514e-6,51341.55748476766,3067.0646945284257,85427.45784871888,1477.3314339088718,30608.667274017997,4.71047749802959,2.1257509425017256e-16,0.0855889476147673,false,1,0
low_seed,70,69,-5.137301815706726,7.2895074523802735e-6,50397.097756780306,3019.8421885657017,86423.57040701105,1488.5846802217636,31057.57679985467,4.7024141445938525,3.3174276741831117e-16,0.08498531910350647,false,1,0
low_seed,71,70,-5.1467545733711955,7.132559884117354e-6,49471.513672219175,2973.563446518172,87422.57396251804,1499.6961315735357,31510.476343782906,4.694363977197412,5.051068447007638e-17,0.08437708755777187,false,1,0
low_seed,72,71,-5.15621936228614,6.978798157131796e-6,48564.38207901282,2928.2073115118756,88424.32796917579,1510.6611671686082,31967.349282120045,4.686326809815438,2.2473129388362206e-16,0.08376441490662968,false,1,0
low_seed,73,72,-5.165696032560326,6.8281643759744015e-6,47675.28968806312,2883.7531197911026,89428.69177138421,1521.475215180546,32428.178168270526,4.678302449947376,8.873172461005148e-17,0.0831474612326219,false,1,0
low_seed,74,73,-5.17518443300092,6.680601504252725e-6,46803.83282973716,2840.1806885442834,90435.52471860907,1532.1337559955928,32892.9447543456,4.670290698435742,8.34768452403877e-17,0.08252638468543068,false,1,0
low_seed,75,74,-5.184684411143727,6.5360533563859054e-6,45949.61721642526,2797.4703040331583,91444.68628000216,1542.632325365019,33361.6300141989,4.662291349277894,1.1875981871480987e-16,0.08190134139820712,false,1,0
low_seed,76,75,-5.1941958132821595,6.394464589386996e-6,45112.25771099062,2755.602710016457,92456.0361589212,1552.9665174602342,33834.21416789691,4.654304189430293,2.4192840205858717e-16,0.081272485406549,false,1,0
low_seed,77,76,-5.203718484494796,6.25578069467148e-6,44291.37810093653,2714.559096459399,93469.4344072401,1563.1319878248037,34310.67670764606,4.646328998604644,2.8748091323335367e-16,0.08063996857009599,false,1,0
low_seed,78,77,-5.213252268671347,6.119947989890638e-6,43486.61087812742,2674.3210885208614,94484.7415393408,1573.1244562176232,34790.99642519711,4.638365549055387,5.019446768046278e-16,0.08000394049670317,false,1,0
low_seed,79,78,-5.2227970085368645,5.986913610788766e-6,42697.597023901246,2634.8707358100246,95501.81864568766,1582.9397093416903,35275.15144075084,4.630413605357858,7.406444522714884e-17,0.0793645484691566,false,1,0
low_seed,80,79,-5.232352545674024,5.856625503082798e-6,41923.98579941766,2596.1905019047986,96520.52750588757,1592.5736034530514,35763.11923338744,4.622472924176499,4.378986736073688e-17,0.07872193737436968,false,1,0
low_seed,81,80,-5.241918720543302,5.729032414363528e-6,41165.43454109032,2558.2632541243897,97540.7307011493,1602.0220668447032,36254.87667304671,4.614543254022391,2.209364997386565e-16,0.07807624963501149,false,1,0
low_seed,82,81,-5.251495372500874,5.604083886017217e-6,40421.60846095615,2521.072253548678,98562.29172605842,1611.2811022003486,36750.40005408489,4.606624334999369,4.500042113125821e-16,0.0774276251434971,false,1,0
low_seed,83,82,-5.261082339814036,5.481730245166797e-6,39692.18045183928,2484.6011452772855,99585.075099594,1620.3467888131177,37249.66513043726,4.598715898537932,1.1456849830616743e-16,0.07677620119826975,false,1,0
low_seed,84,83,-5.270679459673974,5.361922596631819e-6,38976.83089717009,2448.833948921377,100608.94647531916,1629.215284664506,37752.64715241764,4.590817667116107,1.0238626358913251e-16,0.07612211244229612,false,1,0
low_seed,85,84,-5.280286568205675,5.244612814906464e-6,38275.24748532523,2413.755049321447,101633.77275068655,1637.8828283589642,38259.32090518781,4.582929353966359,5.2058136769552246e-17,0.07546549080368933,false,1,0
low_seed,86,85,-5.289903500474778,5.129753536154934e-6,37587.125028356466,2379.3491874845336,102659.42217540683,1646.3457409097225,38769.66074893236,4.5750506627676195,2.1579389981823473e-16,0.07480646543836568,false,1,0
low_seed,87,86,-5.299530090491153,5.017298150223904e-6,36912.16528498148,2345.6014517344893,103685.76445883673,1654.6004273716094,39283.64066077816,4.567181287321395,1.2024169867335898e-16,0.07414516267464086,false,1,0
low_seed,88,87,-5.309166171208993,4.907200792671482e-6,36250.07678771153,2312.497269069058,104712.67087635312,1662.6433783167463,39801.23427849908,4.559320911210899,1.1111289029680992e-16,0.07348170595965282,false,1,0
low_seed,89,88,-5.318811574523178,4.799416336812599e-6,35600.57467399427,2280.0223967176867,105740.01437468796,1670.4711711491848,40322.414946052675,4.55146920744204,1.1059221762596188e-16,0.07281621580750565,false,1,0
low_seed,90,89,-5.328466131261678,4.693900385780642e-6,34963.38052125367,2248.162913894166,106767.66967620797,1678.0804712546503,40847.15576099644,4.543625838065047,1.270277703480183e-16,0.07214880974900831,false,1,0
low_seed,91,90,-5.338129671173741,4.590609264605343e-6,34338.222185711355,2216.905213738298,107795.51338213329,1685.4680329816945,41375.42962383778,4.535790453775416,1.8540455816200286e-16,0.07147960228288719,false,1,0
low_seed,92,91,-5.347802022913589,4.489500012307138e-6,33724.83364487475,2186.2359954408935,108823.4240747008,1692.630700450685,41907.209289375794,4.527962693492773,2.4271290415098364e-16,0.0708087048283322,false,1,0
low_seed,93,92,-5.357483014019346,4.39053037400821e-6,33122.954843582775,2156.14225654662,109851.28241828545,1699.5654081871228,42442.467420097375,4.520142183916165,1.3729069554148387e-16,0.07013622567873816,false,1,0
low_seed,94,93,-5.367172470886895,4.293658793060662e-6,32532.331543498753,2126.6112854291755,110878.97125950771,1706.2691815758915,42981.17664169743,4.512328539054141,1.3978320314313304e-16,0.06946226995649277,false,1,0
low_seed,95,94,-5.376870218738341,4.198844403192374e-6,31952.715175944908,2097.630653933521,111906.37572636273,1712.739137133075,43523.309600797176,4.5045213597279385,1.7078261363984996e-16,0.06878693956864776,false,1,0
low_seed,96,95,-5.386576081584732,4.1060470206712525e-6,31383.86269797165,2069.1882101798487,112933.38332642382,1718.9724825920548,44068.83902494415,4.496720233045876,2.0285785002564279e-16,0.06811033316331296,false,1,0
low_seed,97,96,-5.396289882182683,4.015227136488629e-6,30825.536451560136,2041.2720715241644,113959.88404417949,1724.9665168005672,44617.73778498162,4.488924731847005,3.835596224457486e-16,0.06743254608659242,false,1,0
low_seed,98,97,-5.406011441984495,3.926345908562804e-6,30277.504025854352,2013.8706176703456,114985.77043758146,1730.7186294254413,45169.97895988669,4.481134414111852,5.747669281137729e-17,0.06675367033988056,false,1,0
low_seed,99,98,-5.415740581081347,3.839365153963844e-6,29739.538122321654,1986.9724839285943,116010.93773389304,1736.2263004616746,45725.535904183984,4.473348822337939,1.1443222152411204e-16,0.0660737945373213,false,1,0
low_seed,100,99,-5.425477118139108,3.7542473411608097e-6,29211.41642274281,1960.5665546153557,117035.28392493958,1741.4870995424305,46284.3823180512,4.465567482877612,8.698009061767374e-17,0.06539300386322267,false,1,0
low_seed,101,100,-5.435220870326264,3.670955582292778e-6,28692.921459931098,1934.6419565896574,118058.70986188136,1746.4986850464663,46846.49232024541,4.457789905235496,3.4867281581881256e-16,0.06471138002921176,false,1,0
low_seed,102,101,-5.444971653233422,3.5894536254651942e-6,28183.840491081555,1909.1880529209475,119081.11934964382,1751.2588029993265,47411.84052399044,4.4500155813226385,2.258905387441818e-16,0.06402900123089572,false,1,0
low_seed,103,102,-5.454729280783813,3.5097058470731398e-6,27683.965373652136,1884.1944366835214,120102.41924115532,1755.765285764485,47980.40211597842,4.442243984664235,6.160552330547596e-17,0.06334594210378457,false,1,0
low_seed,104,103,-5.464493565134141,3.4316772441533004e-6,27193.092443677444,1859.650924872542,121122.51953156441,1760.016050520378,48552.15293865466,4.434474569557521,1.2226685793669366e-16,0.06266227367821917,false,1,0
low_seed,105,104,-5.474264316565101,3.3553334267665388e-6,26711.0223964163,1835.5475524367566,122141.33345262361,1764.009097518986,49127.06957597019,4.426706770176141,1.0876450435646468e-16,0.061978063333023976,false,1,0
low_seed,106,105,-5.484041343360779,3.2806406104131358e-6,26237.560169233093,1811.8745664228684,123158.77756745095,1767.7425081213112,49705.12944280451,4.418939999616981,1.254908477975544e-16,0.061293374747593186,false,1,0
low_seed,107,106,-5.493824451676132,3.207565608482857e-6,25772.514826612478,1788.6224202265807,124174.77186589893,1771.2144426046807,50286.31087828121,4.411173648885124,2.1173596163781233e-16,0.06060826785209851,false,1,0
low_seed,108,107,-5.5036134453916,3.13607582474226e-6,25315.69944720482,1765.7817679451607,125189.23986078816,1774.4231377363615,50870.593243220574,4.403407085812162,5.587060739495448e-17,0.059922798775478896,false,1,0
low_seed,109,108,-5.5134081259538705,3.0661392458616715e-6,24866.93101279976,1743.3434588263851,126202.10868528383,1777.3669041074388,51457.957021997216,4.395639653902731,3.474574189470927e-16,0.059237019790860566,false,1,0
low_seed,110,109,-5.523208292201673,2.99772443398459e-6,24426.030299120906,1721.2985318085516,127213.30919172487,1780.0441232202754,52048.383929098076,4.387870671103594,2.420252283784646e-16,0.05855097925801634,false,1,0
low_seed,111,110,-5.5330137401753845,2.9308005193422964e-6,23992.82176833406,1699.6382101461263,128222.77605224357,1782.4532443221867,52641.85702070564,4.380099428489137,1.7058127624570586e-16,0.05786472156245676,false,1,0
low_seed,112,111,-5.542824262909105,2.8653371929167414e-6,23567.133463157388,1678.3538961155164,129230.44786154496,1784.5927809771404,53238.36081166285,4.372325188856527,1.1944619691407378e-16,0.057178287050702874,false,1,0
low_seed,113,112,-5.552639650203699,2.8013046991549524e-6,23148.796902458853,1657.4371657951554,130236.2672422535,1786.4613073663706,53837.881398214115,4.3645471852231585,2.946680249534876e-16,0.05649171196126596,false,1,0
low_seed,114,113,-5.562459688379162,2.7386738287384057e-6,22737.646978221106,1636.8797639139827,131240.18095327096,1788.0574543077691,54440.40658695619,4.356764619218275,2.399970505243766e-16,0.05580502835080722,false,1,0
low_seed,115,114,-5.572284160004465,2.677415911411074e-6,22333.521853750794,1616.6735987621173,132242.14000163335,1789.3799049826953,55045.92603047785,4.34897665935989,1.6289319843572877e-16,0.055118264014920246,false,1,0
low_seed,116,115,-5.582112843602841,2.61750280887011e-6,21936.262863001815,1596.8107371572255,133242.09975840215,1790.427390357543,55654.4313702177,4.3411824392072145,1.4239237634888495e-16,0.05443144240291998,false,1,0
low_seed,117,116,-5.5919455133302565,2.558906907723396e-6,21545.714410877612,1577.2833994598338,134240.02007917452,1791.1986842858564,56265.9163871236,4.333381055377826,1.4774313793921617e-16,0.053744582525971855,false,1,0
low_seed,118,117,-5.6017819386245,2.5016011125186045e-6,21161.72387436794,1558.0839546303482,135235.86542985844,1791.6925982750863,56880.37716076252,4.3255715654176825,2.1489144910225163e-16,0.05305769885783349,false,1,0
low_seed,119,118,-5.6116218838221,2.4455588388486185e-6,20784.141504369716,1539.2049153202845,136229.60501841863,1791.9079759001318,57497.81223759543,4.317752985510876,7.534043132243034e-17,0.05237080122740967,false,1,0
low_seed,120,119,-5.621465107739873,2.390754006538783e-6,20412.82032802967,1520.6389329895671,137221.21293337288,1791.843686843632,58118.22280921325,4.309924288014589,3.787181213001981e-16,0.05168389470225123,false,1,0
low_seed,121,120,-5.631311363217563,2.3371610329217014e-6,20047.616051437493,1502.3787930413564,138210.66828989465,1791.4986205404941,58741.612901414475,4.30208439880317,3.1756708109710617e-16,0.05099697946203426,false,1,0
low_seed,122,121,-5.641160396617596,2.284754826206003e-6,19688.386962484637,1484.417409965142,139197.95538446872,1790.87167940134,59367.98957510503,4.294232194403491,6.893826432846554e-17,0.05031005066096304,false,1,0
low_seed,123,122,-5.651011947277444,2.2335107789460174e-6,19334.99383369059,1466.7478224782105,140183.06385914353,1789.9617715864151,59997.363140110516,4.286366498901736,2.3519394668442137e-16,0.0496230982779325,false,1,0
low_seed,124,123,-5.6608657469095585,2.1834047616200005e-6,18987.299824781756,1449.3631886547369,141165.98887653576,1788.7678032978863,60629.74738311582,4.278486080599526,9.580032023151372e-17,0.04893610695315621,false,1,0
low_seed,125,124,-5.670721518943162,2.134413116325365e-6,18645.17038479089,1432.2567810308933,142146.7313068667,1787.2886705544247,61265.15981108652,4.270589648394767,2.2262991903944904e-16,0.04824905580983147,false,1,0
low_seed,126,125,-5.680578977801433,2.0865126506002497e-6,18308.47315342376,1415.4219816733107,143125.2979284519,1785.52325040737,61903.62191168648,4.262675847859712,4.016005092248728e-17,0.04756191825925213,false,1,0
low_seed,127,126,-5.690437828106765,2.039680631381908e-6,17977.077861415724,1398.8522771970495,144101.70164322283,1783.470391552485,62545.15943238549,4.254743256985406,8.127151063400064e-17,0.04687466178759731,false,1,0
low_seed,128,127,-5.700297763805769,1.9938947791134773e-6,17650.856229576006,1382.5412537179216,145075.96170904048,1781.1289042854305,63189.80268015351,4.246790381558065,2.5763472602789857e-17,0.04618724772242532,false,1,0
low_seed,129,128,-5.7101584672045504,1.949133262012288e-6,17329.681866184124,1366.4825917224412,146048.1039907658,1778.497549742228,63837.58684387315,4.238815650128547,1.312047602483185e-16,0.04549963097665892,false,1,0
low_seed,130,129,-5.720019607903435,1.9053746905143655e-6,17013.430162370914,1350.6700608369792,147018.16123228188,1775.5750283582784,64488.55234186309,4.230817408531327,8.417069498909816e-17,0.04481175976759171,false,1,0
low_seed,131,130,-5.729880841618764,1.8625981119118572e-6,16701.97818507455,1335.0975144756806,147986.1733519298,1772.3599674705777,65142.745197209595,4.2227939139037485,1.2252219804824003e-16,0.04412357530813062,false,1,0
low_seed,132,131,-5.7397418088775725,1.8207830052022836e-6,16395.204567117366,1319.758884344408,148952.18776412244,1768.8509079776616,65800.21744394783,4.214743328149955,1.5255134021882488e-16,0.04343501146714479,false,1,0
low_seed,133,132,-5.749602133568821,1.7799092761712604e-6,16092.989393896853,1304.6481747753887,149916.25973024537,1765.0462899600639,66461.02756753053,4.206663710786538,4.356992173050356e-17,0.04274599439538581,false,1,0
low_seed,134,133,-5.759461421332371,1.7399572527334037e-6,15795.21408612336,1289.759456864198,150878.45274235477,1760.9444371506543,67125.24098347872,4.198553011098437,1.8713629107178988e-16,0.04205644211298153,false,1,0
low_seed,135,134,-5.769319257763954,1.700907680559902e-6,15501.761277968582,1275.0868623772785,151838.83894363587,1756.5435401286745,67792.93055863115,4.190409059523828,8.916007299271965e-17,0.0413662640539672,false,1,0
low_seed,136,135,-5.779175206410928,1.6627417190256173e-6,15212.51468990812,1260.6245773941505,152797.4995901175,1751.8416380933443,68464.1771800185,4.182229558175303,7.473244236012808e-17,0.04067536056269918,false,1,0
low_seed,137,136,-5.789028806529514,1.6254409375137599e-6,14927.358995449826,1246.3668356439214,153754.52555874386,1746.8365990520472,69139.07037708626,4.174012070391454,3.046401918953518e-17,0.039983622336279015,false,1,0
low_seed,138,137,-5.798879570569335,1.5889873121224654e-6,14646.179680831918,1232.3079114902707,154710.01790761473,1741.5260982338975,69817.70900380798,4.165754009197509,6.919141514566605e-17,0.03929092980627163,false,1,0
low_seed,139,138,-5.808726981345277,1.5533632228250046e-6,14368.86289665106,1218.442112512932,155664.08849502497,1735.9075945112431,70500.20198817525,4.157452624535622,9.494432944846005e-17,0.03859715245202737,false,1,0
low_seed,140,139,-5.818570488849762,1.5185514511442916e-6,14095.295300235937,1204.7637716264487,156616.86066489044,1729.9783045786114,71186.66915765766,4.14910498910427,1.1291822513828304e-16,0.03790214803677732,false,1,0
low_seed,141,140,-5.828409506650161,1.4845351784131323e-6,13825.363887413898,1191.2672386685826,157568.47000726327,1723.7351745999263,71877.24215051836,4.1407079826213655,9.867675554647412e-17,0.037205761756325936,false,1,0
low_seed,142,141,-5.8382434078060435,1.4512979847046548e-6,13558.955812120252,1177.9468713808456,158519.06520395025,1717.1748489892273,72572.0654243895,4.132258274296265,4.1378589732917626e-17,0.03650782528858782,false,1,0
low_seed,143,142,-5.848071520228778,1.4188238485331545e-6,13295.95819207123,1164.7970256922156,159468.80897077615,1710.2936359364846,73271.2973752938,4.123752303261271,1.5390865776107772e-16,0.03580815573035563,false,1,0
low_seed,144,143,-5.857893121391207,1.3870971474448407e-6,13036.257898448606,1151.812045203438,160417.87910984913,1703.0874692264847,73975.11158240872,4.1151862566718584,3.139494623273168e-16,0.03510655440548175,false,1,0
low_seed,145,144,-5.867707432277055,1.3561026596415216e-6,12779.741327227795,1138.9862497534916,161366.4696873081,1695.5518658233716,74683.6981963578,4.10655604513591,1.0675036510737625e-16,0.03440280552603777,false,1,0
low_seed,146,145,-5.877513610437565,1.3258255668092742e-6,12526.294149403804,1126.313922930947,162314.79235456415,1687.6818786035706,75397.26549177634,4.097857275073462,5.0468539634924696e-17,0.03369667468490484,false,1,0
low_seed,147,146,-5.887310741995524,1.2962514583599315e-6,12275.801036927036,1113.7892983708216,163263.07783403413,1679.4720435125212,76116.04160841467,4.089085217538177,2.40787364659174e-16,0.032987907154516986,false,1,0
low_seed,148,147,-5.897097832403007,1.2673663373377174e-6,12028.145360633596,1101.4065446511456,164211.5775939354,1670.916320291946,76840.27650925388,4.080234772947019,2.268416304851722e-16,0.03227622596202267,false,1,0
low_seed,149,148,-5.906873795716991,1.239156628298844e-6,11783.208855831546,1089.1597485723398,165160.5657409539,1662.0080257696095,77570.24418913889,4.071300431062286,1.7366772532223574e-16,0.03156132970575455,false,1,0
low_seed,150,149,-5.916637442104213,1.2116091875415932e-6,11540.871250461692,1077.0428965653064,166110.34116468576,1652.739758516718,78306.24517348675,4.0622762254460545,2.3641924826166235e-16,0.030842890071420617,false,1,0
low_seed,151,150,-5.926387463220136,1.1847113161523184e-6,11301.009849868864,1065.0498539300463,167061.22997383642,1643.1033134518545,79048.60935390892,4.053155681456113,8.047906460177822e-17,0.030120548998581728,false,1,0
low_seed,152,151,-5.936122415022643,1.1584507764445112e-6,11063.499071165177,1053.1743415538774,168013.58827148387,1633.089584695387,79797.69921638932,4.043931756667853,2.1579281353909852e-16,0.029393915438452576,false,1,0
low_seed,153,152,-5.945840697473677,1.1328158125107096e-6,10828.20991891361,1041.4099096956645,168967.8053254977,1622.6884546432218,80553.91352830348,4.034596772380372,8.187470418456974e-17,0.028662561632449242,false,1,0
low_seed,154,153,-5.955540530444171,1.1077951757905458e-6,10595.009392363563,1029.7499083476512,169924.30720080214,1611.888666818905,81317.69156348734,4.025142334586486,2.7600594280226563e-16,0.027926018826722215,false,1,0
low_seed,155,154,-5.965219924959537,1.0833781567957735e-6,10363.759812693876,1018.187453597662,170883.56093291484,1600.677679560774,82089.5179602512,4.015559242442393,1.6748414644068997e-16,0.02718377232053367,false,1,0
low_seed,156,155,-5.974876648691179,1.0595546244428794e-6,10134.318056614164,1006.7153893092146,171846.07933752326,1589.0414969834912,82869.92832630932,4.0058373818465025,3.1055331730745644e-16,0.02643525572500764,false,1,0
low_seed,157,156,-5.98450818429569,1.0363150748508346e-6,9906.534680198589,995.3262433132662,172812.42656925615,1576.9644728934932,83659.51572777134,3.9959656012073395,4.854378788491331e-16,0.025679844282568406,false,1,0
low_seed,158,157,-5.9941116788019375,1.0136506920001904e-6,9680.252913946744,984.0121771613059,173783.22456474483,1564.4290824022141,84458.93822744086,3.985931565820988,5.199028849654253e-16,0.024916847065155772,false,1,0
low_seed,159,158,-6.003683881711713,9.9155342336853e-7,9455.307506769866,972.764928324712,174759.1605310313,1551.4156548293615,85268.92767159507,3.9757215864561593,7.59653667266914e-16,0.024145497829736406,false,1,0
low_seed,160,159,-6.013221068761774,9.700160746243782e-7,9231.523392944244,961.5757435424797,175740.99567061223,1537.9020600756912,86090.29996503756,3.965320416719846,1.0640675436810693e-15,0.023364944261234186,false,1,0
low_seed,161,160,-6.022718947323019,9.490324287739423e-7,9008.714152209875,950.4353018261983,176729.57536878457,1523.8633389214463,86923.96712219436,3.9547110125010163,1.6148098732158342e-15,0.022574235274199432,false,1,0
low_seed,162,161,-6.03217253808458,9.285973969511807e-7,8786.680229505615,939.3336254468624,177725.84110634716,1509.271265628786,87770.95143733751,3.9438742452116187,2.1785263760951675e-15,0.02177230597403824,false,1,0
low_seed,163,162,-6.041576025840525,9.087072105217679e-7,8565.206878085057,928.2599770907082,178730.84439817525,1494.0938287695135,88632.40217820718,3.9327885586113145,3.1230629709869756e-15,0.02095795979591678,false,1,0
low_seed,164,163,-6.050922569652978,8.893596676256675e-7,8344.061789456473,917.2027413562565,179745.76308909644,1478.2946133948556,89509.61526974132,3.921429556679812,4.772056443933088e-15,0.02012984724624728,false,1,0
low_seed,165,164,-6.0602040590993225,8.705544521344033e-7,8122.992378546965,906.1492890125588,180771.92034944086,1461.8320646680152,90404.05648751995,3.9097695073033565,6.900381814019413e-15,0.019286440574325832,false,1,0
low_seed,166,165,-6.069410798273941,8.522935498653033e-7,7901.722707935739,895.0858232108783,181810.80667729056,1444.6586103150123,91317.38870094958,3.8977767436087007,1.0415002060619406e-14,0.018426003616511862,false,1,0
low_seed,167,166,-6.078531092053818,8.345817966753401e-7,7679.950070536068,883.9972086187946,182864.10508246542,1426.719617678537,92251.50364786029,3.8854149420200432,1.5754164702236673e-14,0.01754655601843702,false,1,0
low_seed,168,167,-6.087550698915139,8.174276070466812e-7,7457.34132335407,872.8667881081061,183933.71930329286,1407.9521628326227,93208.55849396116,3.872642254522373,2.4453563903487448e-14,0.016645831127815088,false,1,0
low_seed,169,168,-6.096452099992548,8.008439517930317e-7,7233.529208245168,861.6761987925603,185021.8042115774,1388.2835983358755,94191.01685559224,3.8594102743750476,3.789885827332215e-14,0.015721227215060796,false,1,0
low_seed,170,169,-6.105213513369074,7.848496819755173e-7,7008.109168302797,850.4052128470898,186130.7961562317,1367.6299312201115,95201.69270142072,3.8456628242612276,5.912240802717787e-14,0.01476975262767205,false,1,0
low_seed,171,170,-6.11380755376713,7.6947133583467e-7,6780.637679650132,839.031654097042,187263.4382482556,1345.894080528393,96243.7929439343,3.831334583151888,9.146093009408113e-14,0.013787967622562972,false,1,0
low_seed,172,171,-6.122199399406572,7.547456186503168e-7,6550.634066854958,827.5314887882838,188422.79031788788,1322.964207175021,97320.9493384421,3.8163496324666832,1.3803323710140723e-13,0.01277193013262765,false,1,0
low_seed,173,172,-6.1303442815372815,7.407228097174563e-7,6317.589512787926,815.8792760790305,189612.20330859194,1298.712562168515,98437.22018437028,3.800620142336341,1.9748347026938467e-13,0.011717161893882062,false,1,0
low_seed,174,173,-6.13818407061824,7.274714089691661e-7,6080.990123276004,804.0493212706776,190835.21937211664,1272.9958029510838,99597.02301620274,3.7840457105450067,2.56345265565995e-13,0.010618669462129231,false,1,0
low_seed,175,174,-6.145642739864544,7.150843281923592e-7,5840.3664060059145,792.0181497498938,192095.32569670465,1245.6586944057324,100804.92383669231,3.7665144486837376,2.7843306815650943e-13,0.009471089150468645,false,1,0
low_seed,176,175,-6.152620665407629,7.036866867969223e-7,5595.390381345456,779.7693625245272,193395.43455570005,1216.544855999739,102065.14690129396,3.747908001486482,2.2197359725801746e-13,0.008269086663470003,false,1,0
low_seed,177,176,-6.158988378834082,6.934443614541733e-7,5346.052991142753,767.3025066553769,194736.88499672423,1185.5209587655786,103380.57873425694,3.728114488130049,1.1056760783900334e-13,0.007008237784941761,false,1,0
low_seed,178,177,-6.164582147506735,6.845699833195892e-7,5092.958825000162,754.6478115587269,196117.71307775372,1152.5235767671295,104750.96667254157,3.7070554301942447,8.267084380011488e-14,0.0056867090187368964,false,1,0
low_seed,179,178,-6.16920734842035,6.773180534442138e-7,4837.73635678606,741.8867008207336,197530.1242221021,1117.6354167397487,106170.16704993477,3.6847319597998336,3.1560509254696945e-13,0.004307949364623747,false,1,0
low_seed,180,179,-6.172659761704544,6.719550749405394e-7,4583.410807710753,729.1704353472733,198957.9536896615,1081.1764927075883,107623.15620011427,3.661283527704526,3.9326712958913403e-13,0.0028838182746122646,false,1,0
low_seed,181,180,-6.1747714748416325,6.686956917611816e-7,4334.354840926406,716.7176481132008,200376.34498032424,1043.7512474325717,109085.1050404267,3.637024649482239,1.9475211445830298e-14,0.0014359940310453804,false,1,0
low_seed,182,181,-6.1754671251725055,6.676254363528133e-7,4096.841065823552,704.8419693706783,201747.97013443496,1006.3935901529463,110516.78668184699,3.6125551103427878,2.4688413292122558e-17,1.3888635575064385e-6,false,1,0
low_seed,183,182,-6.1750920613127445,6.682022577040462e-7,3927.4566256957837,696.3727541601426,202737.6800218126,978.713244143491,111560.9728502416,3.5942219624382843,4.716861819818422e-14,-0.0010567933445976216,true,0,0
low_seed,184,183,-6.173487566037704,6.706754880384757e-7,3714.39979162304,685.7199205971359,203996.44036772338,942.616052942695,112902.73661847871,3.5700055524045275,9.575417073148792e-14,-0.0024331006548322523,true,0,0
low_seed,185,184,-6.170788462945686,6.748566582330183e-7,3518.004109475176,675.9001435917481,205170.6892329717,908.0278178383714,114168.48220744987,3.546419774002384,9.34085902711905e-14,-0.003750542873149588,true,0,0
low_seed,186,185,-6.167185909101749,6.804780030802501e-7,3337.7229138076395,666.8860899881913,206260.55263347918,875.1224743670869,115355.61463855271,3.5235803777253203,7.13860492978189e-14,-0.005005091347230506,true,0,0
low_seed,187,186,-6.162852979216152,6.873010712003582e-7,3172.2698389546945,658.613441631098,207271.013789522,843.9135945371677,116467.04024621892,3.5015070038956466,5.251824240200637e-14,-0.0061981421080122105,true,0,0
low_seed,188,187,-6.157934041354444,6.951298826970458e-7,3020.0956456516424,651.0047366775945,208209.1575026424,814.3260928087079,117508.34187731647,3.480164474932725,3.466462840640874e-14,-0.00733389766634444,true,0,0
low_seed,189,188,-6.1525447538636,7.038096969062869e-7,2879.6594790156546,643.9829324885314,209082.50368774385,786.2454325264416,118485.98078296824,3.4594919236310173,2.1625786831153294e-14,-0.008417639288915488,true,0,0
low_seed,190,189,-6.14677622183574,7.132204353186578e-7,2749.552732213207,637.4775988104276,209898.17677383922,759.5459831046657,119406.34150658728,3.4394199754409156,1.3174761203149281e-14,-0.009454773230561361,true,0,0
low_seed,191,190,-6.140699947941766,7.232693344740646e-7,2628.5397161204855,631.4269512599026,210662.57230362116,734.1054451728769,120275.3017345753,3.419879734708978,8.10213705206092e-15,-0.010450375188249955,true,0,0
low_seed,192,191,-6.134372257949493,7.33884545230258e-7,2515.558023010117,625.7778695103375,211381.2796195899,709.8112386951693,121098.0857721024,3.4008069481576024,4.927875566471902e-15,-0.011409012265493146,true,0,0
low_seed,193,192,-6.12783786174959,7.450100619021612e-7,2409.702227795623,620.4850823564544,212059.12135331178,686.562645605406,121879.25629410737,3.3821435692278015,3.0918799518376756e-15,-0.012334705403804418,true,0,0
low_seed,194,193,-6.121132590377964,7.566018687310349e-7,2310.2025841411887,615.5101025218798,212700.23758005197,664.2708699078928,122622.76602920725,3.3638380144183624,1.8932103337899984e-15,-0.013230956458576644,true,0,0
low_seed,195,194,-6.114285459181464,7.68625061529421e-7,2216.4039300325203,610.8201719393959,213308.18014222744,642.8581709063376,123332.0300478062,3.3458448129183904,1.186525304451161e-15,-0.014100800745265695,true,0,0
low_seed,196,195,-6.107320213617927,7.81051707886055e-7,2127.7468278067827,606.3873187538085,213886.00207946677,622.2566588089267,124010.00018107521,3.328124013798826,8.671052447848898e-16,-0.014946865932217989,true,0,0
low_seed,197,196,-6.100256488742456,7.938592531729502e-7,2043.751483841652,602.1875533074843,214436.33659778317,602.4070387623631,124659.23369336198,3.31064053202319,6.135666879295162e-16,-0.015771428589837367,true,0,0
low_seed,198,197,-6.093110683366542,8.070293262623199e-7,1964.004359263539,598.2001986766141,214961.4644022443,583.2574320878349,125281.95349367055,3.2933635181730234,4.341392008069915e-16,-0.016576464939101126,true,0,0
low_seed,199,198,-6.085896623890296,8.205468377279898e-7,1888.1471494209975,594.4073396455542,215463.37008971276,564.7623241637123,125880.09956159232,3.276265787298541,2.3907603031409326e-16,-0.01736369486567334,true,0,0
low_seed,200,199,-6.078626072626509,8.343992928839371e-7,1815.8677564145812,590.7933713338529,215943.78896896128,546.8816498338701,126455.37227517796,3.259323317649516,2.1648464360400553e-16,-0.018134619410796114,true,0,0
low_seed,201,200,-6.071309120478221,8.485762636375134e-7,1746.892900361907,587.3446297599235,216404.24579926778,529.5800096189344,127009.26867619932,3.2425148183402546,1.693656125656154e-16,-0.018890552410206547,true,0,0
low_seed,202,201,-6.063954492979406,8.630689786652818e-7,1680.9820625041048,584.0490889967036,216846.08683315196,512.8260029813322,127543.11275034424,3.225821359953555,2.3670920761219273e-16,-0.019632647082821163,true,0,0
low_seed,203,202,-6.056569790900934,8.778700025006874e-7,1617.922505168674,580.8961121700697,217270.50636419564,496.5916630432206,128058.08071288405,3.209226060375904,1.0540075685803362e-16,-0.020361918351417926,true,0,0
low_seed,204,203,-6.0491616810145965,8.929729820283519e-7,1557.5251612963125,577.8762459353944,217678.56878451037,480.85197770033267,128555.22215923193,3.1927138180494565,2.0072793140255787e-16,-0.021079261597176165,true,0,0
low_seed,205,204,-6.041736048567177,9.083724445394989e-7,1499.6212269069883,574.9810501010318,218071.22697629174,465.58448360546197,129035.47780368594,3.1762710854323997,9.476296054112477e-17,-0.021785468451724306,true,0,0
low_seed,206,205,-6.034298120090933,9.240636355776276e-7,1444.0593232755796,572.202955737244,218449.33770727346,450.76892131738407,129499.69440498046,3.159885676326056,1.1809089407463394e-16,-0.022481240133986693,true,0,0
low_seed,207,206,-6.0268525630448355,9.400423877574988e-7,1390.7031224629625,569.5351464528733,218813.67457163372,436.38694169845553,129948.63736961833,3.143546601634422,1.839324157269579e-16,-0.023167198752627783,true,0,0
low_seed,208,207,-6.019403567216032,9.563050138979618e-7,1339.4293512439217,566.9714585918423,219164.93891352182,422.4218552584417,130383.00143388924,3.1272439289690457,3.784655399712007e-17,-0.023843896920720482,true,0,0
low_seed,209,208,-6.011954911653512,9.72848219397499e-7,1290.1261054183165,564.5062969487902,219503.76908628634,408.8584175394372,130803.41975143555,3.1109686622607353,1.982716137587928e-16,-0.024511825967204415,true,0,0
low_seed,210,209,-6.00451002004305,9.896690299600934e-7,1242.6914198877348,562.1345632729781,219830.74833310198,395.682644817232,131210.4716529603,3.0947126381809933,7.58404960858157e-17,-0.025171422978520593,true,0,0
low_seed,211,210,-5.99707200678427,1.0067647316605581e-6,1197.0320504734511,559.8515953592449,220146.4115208147,382.8816553777015,131604.68929587596,3.078468436715706,1.1871741203237887e-16,-0.025823076861951854,true,0,0
low_seed,212,211,-5.989643715539853,1.0241328210030394e-6,1153.062431845276,557.6531149444995,220451.2509157274,370.4435324392091,131986.5633822665,3.0622293036832233,7.644997042623715e-17,-0.026467133588084862,true,0,0
low_seed,213,212,-5.982227751652503,1.0417709631310558e-6,1110.7037825988405,555.5351829616284,220745.7211555463,358.3572054600359,132356.54809169675,3.0459890833608947,3.8383378911210454e-16,-0.027103900742078264,true,0,0
low_seed,214,213,-5.974826509537601,1.0596769567335556e-6,1069.8833338348338,553.4941609684907,221030.2435440052,346.6123471182055,132715.06534965723,3.029742159691229,7.969572531389208e-17,-0.02773365149085977,true,0,0
low_seed,215,214,-5.967442195936817,1.0778487044888874e-6,1030.5336618468798,551.5266777823466,221305.20977238598,335.19928370081203,133062.50853158065,3.013483404791784,4.4127365046133937e-16,-0.028356628055004038,true,0,0
low_seed,216,215,-5.960076849744467,1.0962841881192648e-6,992.5921089421275,549.6296005209113,221570.98515414706,324.10891700921877,133399.24568543216,2.997208133701568,5.726765138339644e-17,-0.028973044759056286,true,0,0
low_seed,217,216,-5.9527323589823355,1.1149814473083e-6,956.000279174986,547.8000093890668,221827.91144426633,313.33265618992914,133725.6223420832,2.980912064468733,1.0488086983498044e-16,-0.029583090721813456,true,0,0
low_seed,218,217,-5.945410475391262,1.133938561875664e-6,920.7035980079659,546.0351756619227,222076.30930303023,302.8623581509855,134041.96397141114,2.9645912828267327,1.3012764880921009e-16,-0.030186932238013307,true,0,0
low_seed,219,218,-5.938112827022502,1.1531536367144763e-6,886.6509267302364,544.3325424057625,222316.4804542968,292.69027543007,134348.57813282794,2.9482422108238864,1.0442774302925132e-16,-0.030784714894618103,true,0,0
low_seed,220,219,-5.930840929143719,1.1726247890858388e-6,853.7942239488981,542.6897075526224,222548.70958030573,282.80901055135746,134645.7563613448,2.9318615788692006,2.6630969039776614e-16,-0.031376565458052036,true,0,0
low_seed,221,220,-5.923596193719711,1.1923501379357102e-6,822.088247685701,541.1044090051399,222773.2659885608,273.211476049997,134933.7758240035,2.9154464007387917,4.1487092672226302e-16,-0.03196259356309877,true,0,0
low_seed,222,221,-5.916379937683779,1.2123277949561137e-6,791.4902926149463,539.574511498463,222990.4050809001,263.8908594611701,135212.90077630975,2.8989939511553,1.0772732033075336e-16,-0.032542893229470446,true,0,0
low_seed,223,222,-5.909193390179678,1.2325558571586051e-6,761.9599578078846,538.0979949874796,223200.36965038153,254.84059266934906,135483.3838439819,2.88250174560965,2.4245514400666895e-16,-0.033117544228152364,true,0,0
low_seed,224,223,-5.902037698924857,1.253032400764923e-6,733.4589410377157,536.6729443620757,223403.39102787658,246.05432509600612,135745.46715172258,2.865967522142379,9.687559807435259e-17,-0.03368661331634986,true,0,0
low_seed,225,224,-5.894913935821559,1.2737554762501107e-6,705.9508562734017,535.2975403218373,223599.69009714015,237.52590027357192,135999.38331769907,2.8493892248420347,8.052036250919089e-17,-0.03425015535712735,true,0,0
low_seed,226,225,-5.887823101922637,1.2947231043979647e-6,679.4010714708359,533.9700512656127,223789.47819451042,229.2493354120733,136245.35632988167,2.8327649888522086,3.7650129741459557e-16,-0.034808214337520973,true,0,0
low_seed,227,226,-5.880766131842463,1.3159332732490326e-6,653.7765641732838,532.6888260715455,223972.95790718234,221.21880361456735,136483.6023182462,2.8160931267075786,1.5215593286401112e-16,-0.03536082429695982,true,0,0
low_seed,228,227,-5.873743897689723,1.3373839358380524e-6,629.0457927729228,531.4522876601533,224150.32378214214,213.42861843969274,136714.33023503367,2.79937211584381,6.777338730408741e-17,-0.035908010176189865,true,0,0
low_seed,229,228,-5.866757212587469,1.3590730086315939e-6,605.1785815729319,530.2589272474409,224321.76295626417,205.873220545734,136937.7424537188,2.782600587147045,3.0526710118765554e-16,-0.03644978859549604,true,0,0
low_seed,230,229,-5.85980683383627,1.3809983705881818e-6,582.1460180335797,529.107299207209,224487.45571673277,198.5471661814313,137154.0352960242,2.7657773144264874,1.7087806138815844e-16,-0.03698616856983682,true,0,0
low_seed,231,230,-5.852893465768269,1.4031578627727365e-6,559.9203607936299,527.9960164721274,224647.57599980297,191.4451173153539,137363.3994951915,2.748901204708805,5.3829401252508073e-17,-0.03751715216749629,true,0,0
low_seed,232,231,-5.846017762333143,1.4255492884653678e-6,538.4749572360768,526.9237464120274,224802.29183492684,184.56183321862306,137566.02060275237,2.7319712892661707,7.917278895277418e-17,-0.03804273511799972,true,0,0
low_seed,233,232,-5.839180329451225,1.4481704137112524e-6,517.7841695194968,525.8892071354727,224951.76574043185,177.89216333568854,137762.079345207,2.7149867153009737,7.738826290719501e-17,-0.0385629073743035,true,0,0
low_seed,234,233,-5.832381727164451,1.4710189682631276e-6,497.8233081283172,524.8911641672756,225096.15507619546,171.43104129555965,137951.75193628526,2.6979467382207245,2.5691382936182565e-16,-0.03907765363361999,true,0,0
low_seed,235,234,-5.825622496172575,1.4940925623762196e-6,478.56864102097313,523.9284309059088,225235.61185870654,165.17350237099026,138135.2096923668,2.680850776852137,5.938899249597601e-17,-0.03958695197457585,true,0,0
low_seed,236,235,-5.8209220549129705,1.5103512004172986e-6,465.5183870724963,523.2759182225734,225330.22993860717,160.91830542947187,138259.8297397171,2.6688687654389076,7.533430602849614e-11,-0.03993965666098827,true,0,0
low_seed,237,236,-5.817747136445665,1.521433110884601e-6,456.85852751842583,522.8429253224923,225393.06028790097,158.08837885866237,138342.64901897457,2.660731307241177,1.593303048359112e-11,-0.04017720299085567,true,0,0
low_seed,238,237,-5.815600251755241,1.5289727603634965e-6,451.0726920171831,522.5536335814793,225435.05811209185,156.19485059828187,138398.03765218068,2.655208273757493,3.363145183802747e-12,-0.04033751487616557,true,0,0
low_seed,239,238,-5.81414741710852,1.5340961601398808e-6,447.18909274547224,522.3594536369551,225463.25689744213,154.92260914652712,138435.24079038049,2.6514612832162365,7.240022358074953e-13,-0.04044585459931649,true,0,0
low_seed,240,239,-5.813163745237189,1.5375748078816695e-6,444.5741066630939,522.2287043448925,225482.2482676419,154.06538744115537,138460.30245437872,2.64891994504701,5.536354906378339e-14,-0.04051914098445062,true,0,0
low_seed,241,240,-5.812497492828864,1.5399354160423085e-6,442.80956604170865,522.140477321684,225495.06507512796,153.48669210474424,138477.21869531446,2.6471966589468092,9.627742355861935e-17,-0.040568747755315465,true,0,0
low_seed,242,241,-5.812497492828864,1.5399354160423085e-6,442.80956604170865,522.140477321684,225495.06507512796,153.48669210474424,138477.21869531446,2.6471966589468092,9.627742355861935e-17,-0.040568747755315465,true,0,0
low_seed,243,242,-5.811831646781937,1.5422982052970453e-6,441.0514287502038,522.0525704648466,225507.83682138124,152.90988898209662,138494.07766072336,2.645472798586925,5.606350097202822e-14,-0.04061829923784612,true,0,0
low_seed,244,243,-5.81085005838551,1.545788035881368e-6,438.46927383397673,521.923462730001,225526.59715391026,152.0623690023591,138518.84566236893,2.642928516108691,7.289690825071343e-13,-0.0406913021492661,true,0,0
low_seed,245,244,-5.809403527341657,1.5509452700933877e-6,434.6850095128244,521.7342495289082,225554.09690782166,150.8194810040907,138555.16029478257,2.6391726175491144,3.432855439487526e-12,-0.0407987841937309,true,0,0
low_seed,246,245,-5.807272971712443,1.5585725687639509e-6,429.1565188608283,521.4578250129247,225594.28378798775,149.0019954590413,138608.24715019934,2.6336265088567083,1.611969571249405e-11,-0.04095687416423676,true,0,0
low_seed,247,246,-5.804137439988107,1.5698659145362405e-6,421.11753587793834,521.055875864304,225652.74513350485,146.35551583976786,138685.51342517065,2.6254333942696246,7.692051446318391e-11,-0.041189060169926725,true,0,0
low_seed,248,247,-5.799528382860977,1.586615223987059e-6,409.5086040093347,520.4754293619806,225737.22145871384,142.52609314246553,138797.2442103986,2.6133222640976443,2.429154895220382e-16,-0.04152932301782065,true,0,0
low_seed,249,248,-5.792968803831197,1.6107613349623652e-6,393.4066937177695,519.6703339120445,225854.4972627961,137.19948115824363,138952.51629755888,2.595944277009594,1.8061277225492368e-16,-0.042011414602095766,true,0,0
low_seed,250,249,-5.786450792980577,1.6351184050266339e-6,377.8856015175354,518.894279361889,225967.65819500753,132.04834360385416,139102.51671294952,2.5785081014473397,8.216040500202368e-17,-0.04248786777020037,true,0,0
low_seed,251,250,-5.779974630761069,1.6596838547584761e-6,362.9265111291095,518.1463248978773,226076.82908282225,127.0681854408911,139247.39258867266,2.5610136939970665,1.9578143617822612e-16,-0.04295863841903769,true,0,0
low_seed,252,251,-5.773540540816869,1.6844551777663292e-6,348.51112557770614,517.4255556715851,226182.13190981615,122.25455505840294,139387.28861541048,2.543461004688575,8.354741319595024e-17,-0.043423682304450796,true,0,0
low_seed,253,252,-5.767148715513057,1.709429854580196e-6,334.6217033509706,516.7310846076903,226283.68549006913,117.60306425517962,139522.34653117319,2.5258500372007595,3.822157712904579e-16,-0.04388295350515275,true,0,0
low_seed,254,253,-5.76079931700038,1.7346053558298275e-6,321.2410358440281,516.0620512762224,226381.60557401142,113.10938835520757,139652.70518545224,2.508180844915674,8.405098024896608e-16,-0.04433640466990675,true,0,0
low_seed,255,254,-5.754492478235438,1.7599791455015146e-6,308.352426701654,515.4176208596766,226476.004944195,108.76926650738604,139778.50059424763,2.490453527173553,1.3825921398327472e-16,-0.04478398725022304,true,0,0
low_seed,256,255,-5.748228303961033,1.785548684258098e-6,295.93967284980926,514.7969832045889,226566.99350222226,104.57850213126522,139899.86598733114,2.4726682257156427,1.4405829314828713e-16,-0.04522565171982445,true,0,0
low_seed,257,256,-5.742006871650444,1.8113114328092655e-6,283.987047029892,514.1993519482513,226654.67834794254,100.53296347435416,140016.93184896765,2.4548251213022625,1.5012150938390716e-16,-0.045661347782120484,true,0,0
low_seed,258,257,-5.7358282324188075,1.8372648553203858e-6,272.47928166869934,513.6239637122102,226739.16385190983,96.6285842502819,140129.82595318864,2.436924430494748,1.5646167255183043e-16,-0.04609102456689656,true,0,0
low_seed,259,258,-5.729692411904291,1.8634064228493087e-6,261.4015539347048,513.0700773550813,226820.55172198417,92.86136433053849,140238.67339458913,2.4189664025910815,1.0872815789573859e-16,-0.046514630817415574,true,0,0
low_seed,260,259,-5.7235994111213175,1.8897336168015304e-6,250.73947184704915,512.5369732780009,226898.94106486815,89.22737046568172,140343.59661551344,2.400951316705931,1.1335155658196978e-16,-0.04693211506913224,true,0,0
low_seed,261,260,-5.717549207287716,1.916243932395165e-6,240.47906131786775,512.0239527767425,226974.42844327987,85.72273701482133,140444.7154303938,2.3828794789867085,7.25274198469179e-17,-0.04734342582122309,true,0,0
low_seed,262,261,-5.7115417546273335,1.9429348821282346e-6,230.60675402139583,511.5303374351726,227047.1079293843,82.34366666488306,140542.14704791605,2.364751219958048,4.313663033355241e-16,-0.04774851170215982,true,0,0
low_seed,263,262,-5.705576985149398,1.9698039992415183e-6,221.1093759947952,511.0554685552928,227117.07115503753,79.08643112362161,140636.00609160445,2.346566891987715,3.213535077665933e-16,-0.04814732163058301,true,0,0
low_seed,264,263,-5.699654809405637,1.996848841171287e-6,211.97413688607597,510.59870661963856,227184.40735932952,75.94737177263465,140726.40461934055,2.3283268668676493,3.800763339996841e-17,-0.04853980497275849,true,0,0
low_seed,265,264,-5.693775117225982,2.0240669929869504e-6,203.18861977384822,510.15943078226405,227249.2034338552,72.92290026871017,140813.4521422654,2.3100315335043358,3.1472651514432735e-16,-0.04892591169795149,true,0,0
low_seed,266,265,-5.687937778433506,2.0514560708094843e-6,194.7407714920961,509.7370383849852,227311.54396609034,70.00949908375081,140897.25564344818,2.2916812957131913,3.283793410513653e-16,-0.04930559253307696,true,0,0
low_seed,267,266,-5.682142643539075,2.079013725207348e-6,186.61889340082263,509.33094449590794,227371.51128119972,67.2037219752686,140977.9195966517,2.2732765701121664,5.580204724952138e-17,-0.04967879911804674,true,0,0
low_seed,268,267,-5.676389544416111,2.10673764456718e-6,178.81163255026175,508.940581467645,227429.18548256418,64.50219438102069,141055.54598546965,2.2548177841100725,4.768432963512317e-16,-0.05004548416325557,true,0,0
low_seed,269,268,-5.670678294955704,2.134625558437424e-6,171.3079731925946,508.5653985128976,227484.6444912709,61.90161373281387,141130.23432306727,2.236305373985642,8.295501050161463e-17,-0.0504056016106901,true,0,0
low_seed,270,269,-5.665008691702293,2.162675240843554e-6,164.09722860067276,508.204861295394,227537.9640847802,59.39874968579881,141202.0816727133,2.217739783053605,4.3300105786014906e-16,-0.05075910680017331,true,0,0
low_seed,271,270,-5.659380514470025,2.1908845135741995e-6,157.1690331582824,507.8584515344036,227589.21793494586,56.9904442607531,141271.18266925318,2.1991214599144286,1.8083530107219635e-16,-0.05110595664225306,true,0,0
low_seed,272,271,-5.653793526939864,2.219251249438153e-6,150.51333469102485,507.5256666212802,227638.47764554218,54.67361189790919,141337.6295416408,2.180450856784736,1.8883183665253547e-16,-0.05144610979925062,true,0,0
low_seed,273,272,-5.648247477237479,2.247773375492664e-6,144.1203870109211,507.2060192466926,227685.81278942194,52.445239421816844,141401.51213661412,2.1617284279056794,4.930202801261261e-16,-0.05177952687593849,true,0,0
low_seed,274,273,-5.642742098491954,2.2764488762439067e-6,137.98074265150535,506.89903703738173,227731.29094540884,50.30238591756603,141462.9179435743,2.1429546280269047,5.149579007229298e-16,-0.05210617062125793,true,0,0
low_seed,275,274,-5.637277109375274,2.3052757968210604e-6,132.08524577341404,506.6042622014381,227774.97773500765,48.24218251942598,141521.9321207035,2.1241299109640432,1.0758850946592513e-16,-0.05242600614238814,true,0,0
low_seed,276,275,-5.631852214622605,2.3342522461258183e-6,126.4250252233904,506.3212511812531,227816.93685899564,46.26183211359937,141578.6375223355,2.1052547282280063,1.1240539355314913e-16,-0.052739001132322515,true,0,0
low_seed,277,276,-5.6264671055333615,2.3633763999594073e-6,120.99148773219501,506.049574313415,227857.23013394623,44.35860895733685,141633.11472757524,2.0863295277246574,1.7618001458073557e-16,-0.05304512611191324,true,0,0
low_seed,278,277,-5.621121460453062,2.3926465041296442e-6,115.7763112392227,505.7888154949404,227895.9175287184,42.52985821713881,141685.4420701469,2.0673547525238254,6.137203095821061e-17,-0.05334435468709434,true,0,0
low_seed,279,278,-5.615814945236001,2.422060877540792e-6,110.77143833364617,505.5385718553306,227933.05720093576,40.77299542916321,141735.69566943677,2.048330839696959,1.9243482249095534e-16,-0.05363666382165019,true,0,0
low_seed,280,279,-5.610547213688788,2.451617915269142e-6,105.96906980369869,505.29845343403764,227968.70553346857,39.08550588529167,141783.94946268585,2.0292582192231037,4.023113935470064e-16,-0.053922034125527415,true,0,0
low_seed,281,280,-5.605317907994829,2.481316091627524e-6,101.36165828728129,505.068082862993,228002.91717092026,37.46494394857517,141830.27523827646,2.0101373129633116,8.890094906980739e-17,-0.05420045015820132,true,0,0
low_seed,282,281,-5.600126659119875,2.5111539632219406e-6,96.94190201845039,504.8470950539336,228035.74505611675,35.908932301989594,141874.74267004975,1.9909685337040155,5.130701014483981e-16,-0.05447190074606811,true,0,0
low_seed,283,282,-5.594973087198778,2.541130172003735e-6,92.70273866554173,504.63513689030793,228067.24046658532,34.415161134593475,141917.41935258405,1.9717522842703947,8.431218112724812e-16,-0.05473637931222889,true,0,0
low_seed,284,283,-5.5898568019036885,2.5712434483204907e-6,88.6373392577047,504.4318669236023,228097.45305100907,32.98138726928802,141958.3708373594,1.9524889567112307,3.20651653901417e-16,-0.05499388421634058,true,0,0
low_seed,285,284,-5.584777402793892,2.6014926139691313e-6,84.73910219752355,504.23695507397264,228126.43086563415,31.60543323645482,141997.6606697293,1.9331789315573664,6.708050638571579e-16,-0.05524441910148102,true,0,0
low_seed,286,285,-5.579734479647671,2.6318765852540695e-6,81.00164735813885,504.05008233510046,228154.22041060744,30.28518629777293,142035.35042661743,1.9138225771564366,1.7543908276791522e-16,-0.05548799324419124,true,0,0
low_seed,287,286,-5.574727612776484,2.662394376053636e-6,77.4188102639281,503.87094048322797,228180.86666621597,29.018597424519566,142071.49975485742,1.8944202490872373,9.177908228475642e-17,-0.055724621903104385,true,0,0
low_seed,288,287,-5.569756373321957,2.6930451008972082e-6,73.98463635432213,503.6992317903476,228206.41312899944,27.803680234622277,142106.16641008997,1.8749722896577852,1.4405884196494886e-16,-0.055954326660757364,true,0,0
low_seed,289,288,-5.5648203235361695,2.7238279780554287e-6,70.69337533077805,503.53466874155123,228230.90184770586,26.63850989267661,142139.40629613376,1.855479027491963,1.0051051211452743e-16,-0.056177135752498567,true,0,0
low_seed,290,289,-5.559919017045819,2.7547423326453416e-6,67.5394755872646,503.376973756555,228254.3734590569,25.521221977058197,142171.27350474763,1.8359407772104441,1.1292415391312444e-16,-0.05639308437575125,true,0,0
low_seed,291,290,-5.555051999100953,2.7857875997516546e-6,64.51757872489948,503.22587891543236,228276.8672232927,24.450011318159948,142201.82035569975,1.8163578392125936,5.5065824679334883e-17,-0.05660221497240436,true,0,0
low_seed,292,291,-5.5502188068090135,2.8169633275648007e-6,61.6225141515791,503.0811256885922,228298.4210594624,23.423130811666134,142231.09743706536,1.7967304995670492,5.188756666200572e-16,-0.05680457747676908,true,0,0
low_seed,293,292,-5.545418969355063,2.848269180535584e-6,58.84929376759082,502.9424646710632,228319.07158042997,22.43889021064488,142259.15364567327,1.777059030019825,2.4147876389687674e-16,-0.05700022952140624,true,0,0
low_seed,294,293,-5.540652008209169,2.8797049425452415e-6,56.19310673829351,502.80965532112623,228338.854127563,21.495654900094898,142286.03622762702,1.757343688130017,2.5289320238843167e-16,-0.05718923659332326,true,0,0
low_seed,295,294,-5.535917437322018,2.911270520088926e-6,53.64931435500788,502.6824657033592,228357.80280507484,20.59184465743293,142311.79081882647,1.7375847175445582,6.622104534815689e-17,-0.05737167213337294,true,0,0
low_seed,296,295,-5.531214763309982,2.9429659454690805e-6,51.21344498526874,502.56067223614934,228375.9505139904,19.72593240224621,142336.4614854219,1.7177823484249388,6.937072246989866e-17,-0.05754761757245718,true,0,0
low_seed,297,296,-5.5265434856309925,2.9747913799939945e-6,48.881189113573654,502.44405944373193,228393.32898570932,18.89644293846984,142360.09076413317,1.697936798040423,2.90722361155814e-16,-0.05771716229910119,true,0,0
low_seed,298,297,-5.5219030967527205,3.0067471171752245e-6,46.64839447371713,502.3324197128055,228409.96881513757,18.101951691980737,142382.71970237244,1.6780482715440737,5.331157917045852e-16,-0.05788040355424697,true,0,0
low_seed,299,298,-5.517293082314717,3.0388335859157716e-6,44.51106127372556,502.2255530537799,228425.89949336526,17.34108344642787,142404.38789811046,1.658116962949786,7.981642264049168e-16,-0.05803744625063133,true,0,0
low_seed,300,299,-5.512712921286389,3.0710513536787497e-6,42.465337514320964,502.1232668666992,228441.14943986703,16.612511079946696,142425.13353943249,1.638143056330644,4.183074816728335e-16,-0.05818840271584307,true,0,0
low_seed,301,300,-5.508162086122811,3.103401129624333e-6,40.50751440173229,502.0253757118822,228455.74603420237,15.914954305234051,142444.99344373122,1.6181267272611357,1.7541010507663094e-16,-0.058333392359939215,true,0,0
low_seed,302,301,-5.503640042920646,3.1358837676999376e-6,38.634021855556654,501.9317010853146,228469.7156471983,15.247178415289774,142464.00309648959,1.5980681445282539,2.758744889737273e-16,-0.058472541270475215,true,0,0
low_seed,303,302,-5.499146251576648,3.168500269665868e-6,36.84142411223974,501.84207119882575,228483.08367159608,14.607993036962085,142482.19668960958,1.577967472139091,1.92865165471179e-16,-0.05860598173956702,true,0,0
low_seed,304,303,-5.494680165951457,3.2012517880356463e-6,35.1264154246105,501.7563207650612,228495.87455214624,13.996250894269078,142499.6071592464,1.557824871655417,6.068447866123069e-16,-0.05873385172943558,true,0,0
low_seed,305,304,-5.490241234041692,3.2341396289064615e-6,33.485815857758446,501.67429078728156,228508.11181513767,13.410846583306407,142516.2662231119,1.5376405048887194,4.2438430574805423e-16,-0.05885629428435316,true,0,0
low_seed,306,305,-5.485828898163611,3.267165254651646e-6,31.91656718139988,501.59582835397674,228519.81809734987,12.850715360394188,142532.20441721354,1.5174145369924754,2.782813122263762e-16,-0.05897345689825228,true,0,0
low_seed,307,306,-5.481442595151919,3.3003302864425878e-6,30.41572885872428,501.5207864383106,228531.01517441674,12.3148319449614,142547.45113200083,1.4971471399917984,5.840257347279482e-17,-0.059085490848175465,true,0,0
low_seed,308,307,-5.4770817565776575,3.33363650656287e-6,28.98047413156803,501.4490237023793,228541.7239885953,11.802209338519384,142562.03464789107,1.4768384967942974,1.1033091785884625e-15,-0.05919255050440057,true,0,0
low_seed,309,308,-5.4727458089894165,3.367085860472394e-6,27.608086201607758,501.38040430626927,228551.96467593015,11.311897660930764,142575.98217015358,1.456488805729714,3.860514256066335e-16,-0.05929479262826413,true,0,0
low_seed,310,309,-5.468434174182522,3.4006804585736094e-6,26.295954507121632,501.3147977218985,228561.75659281216,10.842983005043354,142589.31986313153,1.436098285669928,5.404198091137301e-16,-0.0593923756686305,true,0,0
low_seed,311,310,-5.46414626950122,3.4344225776258576e-6,25.041571094716705,501.2520785516002,228571.1183419238,10.394586310624659,142602.07288378538,1.4156671817849176,4.2561790536577664e-16,-0.059485459067461825,true,0,0
low_seed,312,311,-5.459881508179281,3.468314661747487e-6,23.842527085278775,501.1921263514215,228580.0677975741,9.965862258405703,142614.2654145446,1.3951957719944332,7.450371485567218e-17,-0.05957420258421219,true,0,0
low_seed,313,312,-5.455639299724871,3.5023593229382975e-6,22.69650923325953,501.13482545908715,228588.6221304189,9.555998184920227,142625.9206954564,1.3746843741792554,3.913282040740371e-16,-0.05965876564773968,true,0,0
low_seed,314,313,-5.451419050355953,3.536559341047509e-6,21.60129657827852,501.0800648265807,228596.79783157073,9.16421301870915,142637.0610556237,1.354133354219954,9.868056760184424e-16,-0.05973930674327889,true,0,0
low_seed,315,314,-5.447220163492907,3.5709176631045626e-6,20.55475718788378,501.0277378572816,228604.61073609904,8.789756238347914,142647.70794392744,1.3335431349349236,9.506278792201337e-16,-0.05981598284068178,true,0,0
low_seed,316,315,-5.443042040315462,3.6054374019220664e-6,19.554844990186254,500.97774224759723,228612.07604592675,8.431906852648947,142657.8819590298,1.3129142059930123,1.152106117303496e-16,-0.05988894886879437,true,0,0
low_seed,317,316,-5.4388840803914364,3.6401218338714707e-6,18.59959669495558,500.9299798330181,228619.20835212653,8.08997240328926,142667.6028786581,1.2922471348790585,6.685358870805048e-16,-0.05995835723946469,true,0,0
low_seed,318,317,-5.4347456823851,3.674974395723975e-6,17.687128801648363,500.8843564385184,228626.02165662605,7.763287990018399,142676.88968817116,1.2715425789930845,6.025930582587385e-16,-0.06002435742337652,true,0,0
low_seed,319,318,-5.430626244853331,3.7099986804401187e-6,16.81563469271981,500.8407817332221,228632.52939332704,7.451215318509823,142685.76060841227,1.25080129896522,3.169116489256232e-16,-0.06008709557866402,true,0,0
low_seed,320,319,-5.426525167137896,3.7451984317837245e-6,15.983381810462319,500.79916908924554,228638.74444865057,7.153141770833384,142694.23312285426,1.2300241732686847,1.0002396078743129e-15,-0.06014671423220041,true,0,0
low_seed,321,320,-5.42244185036235,3.7805775376278556e-6,15.188708915508624,500.75943544462183,228644.67918151594,6.868479498445246,142702.32400404525,1.2092122142117658,3.50857373582256e-16,-0.06020335201246761,true,0,0
low_seed,322,321,-5.418375698542026,3.816140021813487e-6,14.430023425038838,500.7215011702109,228650.34544276597,6.596664537515896,142710.04933936408,1.1883665853863747,7.386087134070482e-16,-0.06025714343213266,true,0,0
low_seed,323,322,-5.4143261198154,3.851890034416196e-6,13.705798828640896,500.6852899404928,228655.7545940499,6.337155946346126,142717.42455609763,1.167488620645054,6.480311223043096e-16,-0.060308218717806124,true,0,0
low_seed,324,323,-5.410292527804749,3.88783184027196e-6,13.0145721796912,500.65072860813774,228660.91752617757,6.089434964556087,142724.46444585212,1.1465798446695998,8.18939023830009e-16,-0.0603567036839811,true,0,0
low_seed,325,324,-5.406274343113377,3.923969805611569e-6,12.354941660050882,500.61774708223913,228665.8446769581,5.853004193673629,142731.18318831307,1.1256419951823025,5.761660722785665e-16,-0.060402719647781725,true,0,0
low_seed,326,325,-5.40227099496572,3.960308382654733e-6,11.725564215812279,500.5862782101031,228670.5460485373,5.627386798695205,142737.59437436992,1.1046770468344698,5.647405308493068e-16,-0.06044638338097122,true,0,0
low_seed,327,326,-5.3982819229954275,3.996852092019358e-6,11.125153261786986,500.55625766247044,228675.03122424902,5.412125730148469,142743.71102862063,1.083687236785865,7.205409793554231e-16,-0.060487807095512,true,0,0
low_seed,328,327,-5.394306579184709,4.033605502811654e-6,10.552476452396277,500.5276238220629,228679.30938499587,5.206782966147949,142749.54563127508,1.0626750919620231,1.0941810207479464e-15,-0.06052709845903049,true,0,0
low_seed,329,328,-5.390344429956179,4.070573210277066e-6,10.006353516619837,500.50031767533034,228683.3893251745,5.010938773908088,142755.1101394741,1.0416434579437535,9.859414936991537e-16,-0.06056436063655134,true,0,0
low_seed,330,329,-5.386394958415671,4.107759810913604e-6,9.485654154672874,500.4742827072837,228687.27946816053,4.824190990160346,142760.4160080427,1.0205955294034421,1.03849151263692e-15,-0.06059969235503984,true,0,0
low_seed,331,330,-5.382457666741316,4.145169874977409e-6,8.98929599412961,500.4494647993024,228690.98788136957,4.6461543199160715,142765.474209696,0.999534881955876,1.2813975945723533e-15,-0.06063318798745505,true,0,0
low_seed,332,331,-5.378532078710261,4.182807916347385e-6,8.516242603286049,500.4258121298018,228694.52229090856,4.476459653024421,142770.29525471485,0.9784655052363291,1.3888763486788783e-15,-0.060664937653244225,true,0,0
low_seed,333,332,-5.374617742350036,4.220678359761058e-6,8.065501559673507,500.4032750776583,228697.8900958311,4.314753397997818,142774.88921010905,0.9573918369558226,1.633909416385448e-15,-0.06069502733242154,true,0,0
low_seed,334,333,-5.370714232696401,4.258785505489623e-6,7.636122571789217,500.3818061282976,228701.09838201085,4.160696832616616,142779.26571828316,0.9363187976123937,1.817819144131764e-15,-0.06072353899064735,true,0,0
low_seed,335,334,-5.3668211546339295,4.297133491585081e-6,7.22719565231502,500.36135978235467,228704.15393564448,4.013965470881531,142783.434015219,0.915251825458671,2.0882550925579014e-15,-0.060750550712947333,true,0,0
low_seed,336,335,-5.362938145789364,4.335726253908015e-6,6.837849341347486,500.34189246683366,228707.06325639275,3.874248445958773,142787.4029481866,0.8941969112407975,2.331920626389108e-15,-0.060776136843958946,true,0,0
low_seed,337,336,-5.359064879441262,4.374567484229073e-6,6.46724897846671,500.3233624487141,228709.83257016953,3.741247908857937,142791.18099299227,0.8731606321333327,2.578033522877484e-15,-0.06080036813282576,true,0,0
low_seed,338,337,-5.355201067402661,4.413660586790266e-6,6.114595022826514,500.30572975095424,228712.46784158234,3.614678442698071,142794.77627076942,0.8521501842014203,2.921697376174865e-15,-0.06082331188107129,true,0,0
low_seed,339,338,-5.351346462826749,4.4530086338117174e-6,5.779121420852752,500.28895607087566,228714.97478602687,3.494266492550653,142798.19656431337,0.8311734126281458,3.2011001441774858e-15,-0.06084503209197649,true,0,0
low_seed,340,339,-5.347500862879096,4.492614320531873e-6,5.460094021583962,500.27300470092996,228717.35888143498,3.37974981099821,142801.44933395734,0.8102388388554473,3.440960672622603e-15,-0.06086558962017358,true,0,0
low_seed,341,340,-5.3436641112142444,4.532479920472137e-6,5.156809040169721,500.25784045187544,228719.62537967073,3.2708769197103416,142804.54173298276,0.7893556837057151,3.767636592828618e-15,-0.06088504232032082,true,0,0
low_seed,342,341,-5.339836100189719,4.572607241714563e-6,4.86859157054339,500.2434295784084,228721.77931756724,3.167406587509834,142807.48062255024,0.7685338854836679,4.136075154429846e-15,-0.06090344519387108,true,0,0
low_seed,343,342,-5.336016772747385,4.612997585068679e-6,4.594794148788229,500.2297397073339,228723.8255275906,3.069107325573481,142810.27258613484,0.7477841120100331,4.356722373770599e-15,-0.060920850533065556,true,0,0
low_seed,344,343,-5.33220612389085,4.653651705074392e-6,4.334795369197594,500.21673976836587,228725.76864811764,2.9757569005776854,142812.9239434428,0.7271177655163054,4.742897579371285e-15,-0.06093730806139818,true,0,0
low_seed,345,344,-5.328404201688797,4.6945697748361e-6,4.08799855546293,500.2043999276898,228727.61313330647,2.887141866747273,142815.44076378367,0.7065469793395384,5.0446909007316205e-15,-0.060952865069893766,true,0,0
low_seed,346,345,-5.324611107738181,4.735751355701333e-6,3.8538304897781304,500.19269152441467,228729.3632625404,2.8030571178867536,142817.82887886767,0.6860846054035307,5.3371210887427924e-15,-0.06096756654862371,true,0,0
low_seed,347,346,-5.320826997028275,4.777195372780329e-6,3.63174020289369,500.1815870100786,228731.02314942004,2.7233054605552702,142820.0938949956,0.6657441915626584,5.633556221934331e-15,-0.06098145531297189,true,0,0
low_seed,348,347,-5.317052077156946,4.818900097245261e-6,3.42119782825803,500.1710598913542,228732.59675028242,2.647697209578121,142822.24120460893,0.6455399480202445,5.8651890030200155e-15,-0.06099457212423073,true,0,0
low_seed,349,348,-5.313286606864051,4.8608631362469605e-6,3.2216935233191872,500.1610846761143,228734.0878722208,2.576049807059404,142824.27599716667,0.6254867022159589,5.9986870912411095e-15,-0.061006955804187454,true,0,0
low_seed,350,349,-5.309530893863417,4.903081431141324e-6,3.0327364608047875,500.1516368229943,228735.5001805859,2.5081874659638346,142826.20326931938,0.6055998418048082,6.174822019361869e-15,-0.06101864334342139,true,0,0
low_seed,351,350,-5.305785291973849,4.94555126452975e-6,2.853853892341466,500.14269269457617,228736.83720594947,2.443940839167076,142828.02783435554,0.5858952456197242,6.27184438677126e-15,-0.06102967000313702,true,0,0
low_seed,352,351,-5.30205019757043,4.988268276392692e-6,2.684590286113067,500.13422951426963,228738.1023505179,2.3831467146319083,142829.75433090187,0.5663892028130207,6.265875109378136e-15,-0.06104006941039146,true,0,0
low_seed,353,352,-5.2983260453989915,5.031227489340919e-6,2.5245065394050803,500.12622532693825,228739.29889398842,2.32564773705751,142831.38723086778,0.5470983206990154,6.349184355063589e-15,-0.06104987364671158,true,0,0
low_seed,354,353,-5.294613303818096,5.074423342736287e-6,2.373179265866543,500.11865896326526,228740.42999884958,2.271292155980289,142832.93084663575,0.5280394221580235,6.217011341879416e-15,-0.06105911333012632,true,0,0
low_seed,355,354,-5.290912469552858,5.117849735156458e-6,2.230200156181956,500.1115100077843,228741.49871513544,2.219933599891984,142834.38933750888,0.5092294337961562,6.0420194175651505e-15,-0.061067817690763145,true,0,0
low_seed,356,355,-5.287224062062437,5.1615000744101136e-6,2.0951754096374935,500.1047587704597,228742.50798465178,2.171430875503486,142835.76671544265,0.49068526637034565,5.90535765106835e-15,-0.06107601464022606,true,0,0
low_seed,357,356,-5.283548617636878,5.205367334065787e-6,1.9677252328504065,500.0983862616232,228743.46064470208,2.1256477908429265,142837.06685009605,0.47242368926844835,5.73875669131035e-15,-0.06108373083504514,true,0,0
low_seed,358,357,-5.279886683348371,5.2494441152526955e-6,1.847483400773802,500.09237417002174,228744.3594313502,2.082453000458199,142838.2934732537,0.45446120106602694,5.457942249884736e-15,-0.06109099173457053,true,0,0
low_seed,359,358,-5.27623881098626,5.293722712337273e-6,1.7340968740566673,500.0867048436876,228745.2069822628,2.0417198706204527,142839.450182677,0.4368138983528348,5.175996750445128e-15,-0.06109782165373939,true,0,0
low_seed,360,359,-5.272605551104164,5.3381951809823345e-6,1.6272254659889187,500.08136127328635,228746.0058391833,2.0033263621173263,142840.5404454543,0.41949734512451037,4.8249148970050245e-15,-0.06110424381118953,true,0,0
low_seed,361,360,-5.26898744730127,5.382853407062842e-6,1.5265415516415068,500.07632707757034,228746.75845009089,1.9671549279996898,142841.5676009245,0.40252644506395036,4.515040513882012e-15,-0.06111028037322916,true,0,0
low_seed,362,361,-5.265385030848878,5.4276891749413175e-6,1.4317298114531398,500.07158649056254,228747.46717110433,1.9330924235149545,142842.53486325263,0.38591531899148207,4.113601769448023e-15,-0.06111595249418902,true,0,0
low_seed,363,362,-5.26179881575818,5.472694233695324e-6,1.3424870014328039,500.0671243500628,228748.1342681867,1.9010300254286019,142843.44532373792,0.3696771896466169,3.770522983254887e-15,-0.06112128035368043,true,0,0
low_seed,364,363,-5.258229294367218,5.5178603600288105e-6,1.2585217423360076,500.062926087109,228748.76191871092,1.8708631580018888,142844.3019529307,0.35382427578344394,3.4270480659087337e-15,-0.061126283191269976,true,0,0
low_seed,365,364,-5.254676933504894,5.563179416780999e-6,1.1795543206122066,500.05897771602366,228749.35221293668,1.8424914230501983,142845.10760263272,0.33836769732624405,3.099449805558233e-15,-0.06113097933904897,true,0,0
low_seed,366,365,-5.251142171269129,5.608643406155684e-6,1.1053164945744405,500.0552658247225,228749.90715545014,1.8158185317402376,142845.86500784624,0.3233173930529552,2.7895918349273176e-15,-0.061135386252534486,true,0,0
low_seed,367,366,-5.247625414435825,5.654244517019086e-6,1.0355513000647087,500.0517775649978,228750.42866660818,1.7907522360787875,142846.57678873162,0.30868205196438886,2.460528899647975e-15,-0.061139520540294354,true,0,0
low_seed,368,367,-5.244127036496067,5.699975165843135e-6,0.9700128508267178,500.04850064253645,228750.91858402267,1.7672042583819387,142847.24545262035,0.2944690591691707,2.167417499584233e-15,-0.06114339799261798,true,0,0
low_seed,369,368,-5.240647376301992,5.745828031090198e-6,0.9084661297983982,500.045423306486,228751.3786641138,1.7450902173726246,142847.8733961233,0.2806844567806982,1.916546679585868e-15,-0.06114703360951487,true,0,0
low_seed,370,369,-5.237186737287259,5.791796081037892e-6,0.8506867685476404,500.0425343384237,228751.8105837519,1.7243295499169384,142848.46290736186,0.26733291999401454,1.6740302711650766e-15,-0.061150441628241854,true,0,0
low_seed,371,370,-5.233745387216628,5.837872595219218e-6,0.7964608130513022,500.03982304064937,228752.21594200292,1.7048454277600686,142849.01616834014,0.25441774819739055,1.4367458235187126e-15,-0.061153635550524194,true,0,0
low_seed,372,371,-5.230323558410769,5.884051179801063e-6,0.7455844749214469,500.03727922374316,228752.59626198266,1.6865646689470695,142849.5352574675,0.2419408706835826,1.193123079821998e-15,-0.06115662816956878,true,0,0
low_seed,373,372,-5.226921448387033,5.9303257773398334e-6,0.6978638679861985,500.0348931933967,228752.952992821,1.6694176439018855,142850.02215223195,0.22990286626572534,1.0224930271921216e-15,-0.06115943159692547,true,0,0
low_seed,374,373,-5.223539220854368,5.9766906714367755e-6,0.6531147308169882,500.03265573653874,228753.2875117321,1.653338176383648,142850.4787320181,0.21830299587732563,1.1899228122836193e-15,-0.06116205728921906,true,0,0
low_seed,375,374,-5.220177007000324,6.023140486869471e-6,0.6111621363500045,500.03055810681536,228753.60112618096,1.6382634397386455,142850.90678105873,0.2071392470479987,1.634919218212844e-15,-0.06116451607473346,true,0,0
low_seed,376,375,-5.2168349070100275,6.06967018580221e-6,0.5718401901761139,500.0285920095072,228753.89507613555,1.6241338490192891,142851.30799150266,0.19640838899808025,5.938588455782191e-16,-0.061166818179812406,true,0,0
low_seed,377,376,-5.213512991760417,6.116275060680841e-6,0.5349917193758199,500.02674958596737,228754.17053638972,1.6108929496496993,142851.68396658034,0.1861060369864378,5.188038358427607e-16,-0.061168973255019216,true,0,0
low_seed,378,377,-5.210211304637673,6.162950724401371e-6,0.5004679539642176,500.02502339769694,228754.42861894172,1.5984873033848865,142852.03622384564,0.17622672447588258,4.3409127424495217e-16,-0.06117099040098741,true,0,0
low_seed,379,378,-5.206929863431184,6.209693098309709e-6,0.4681282030991024,500.0234064101536,228754.67037541227,1.5868663723418779,142852.36619847247,0.1667639816477757,8.30067609783688e-16,-0.06117287819389069,true,0,0
low_seed,380,379,-5.203668662263178,6.2564983985479275e-6,0.4378395282087446,500.0218919764095,228754.89679948587,1.5759824018820392,142852.67524658318,0.15771041879906914,2.8618854069395176e-16,-0.0611746447104543,true,0,0
low_seed,381,380,-5.200427673519119,6.303363121212215e-6,0.40947641513072314,500.0204738207556,228755.1088293597,1.565790303100149,142852.9646485879,0.1490578131879124,1.0845293976413503e-15,-0.061176297552437746,true,0,0
low_seed,382,381,-5.197206849749756,6.350284026734681e-6,0.38292044723487995,500.01914602236076,228755.30735018555,1.556247535632931,142853.23561251466,0.14079719795412543,1.7396141145904738e-15,-0.06117784387051918,true,0,0
low_seed,383,382,-5.19400612552126,6.3972581238458195e-6,0.35805998134678235,500.01790299906673,228755.49319649063,1.5473139914431848,142853.4892773114,0.13291895182419677,1.550331065271857e-16,-0.0611792903875217,true,0,0
low_seed,384,383,-5.1908254191949705,6.4442826534206975e-6,0.33478982810604846,500.0167394914047,228755.6671545662,1.5389518801699749,142853.72671610327,0.12541288841259782,6.632358162766408e-16,-0.06118064342092821,true,0,0
low_seed,385,384,-5.1876646346228785,6.491355072460629e-6,0.3130109381971891,500.01565054690946,228755.82996481136,1.531125616564355,142853.94893939048,0.11826834404751,5.320371698603757e-16,-0.061181908904643416,true,0,0
low_seed,386,385,-5.184523662749024,6.5384730384139365e-6,0.2926300956891124,500.0146315047839,228755.98232402492,1.523801710457461,142854.15689817435,0.11147426317535392,1.896973416235095e-15,-0.06118309240996582,true,0,0
low_seed,387,386,-5.181402383110477,6.5856343939964816e-6,0.27355961951969415,500.0136779809756,228756.1248876357,1.516948659635815,142854.3514869999,0.10501928053037791,1.623372669657086e-15,-0.061184199165747924,true,0,0
low_seed,388,387,-5.178300665234517,6.632837152633882e-6,0.2557170739700364,500.01278585369795,228756.25827186616,1.510536845929479,142854.53354690797,0.09889179938934398,4.3416069462582963e-16,-0.06118523407772525,true,0,0
low_seed,389,388,-5.175218369931116,6.680079484613113e-6,0.23902498879271278,500.01195124943945,228756.38305582386,1.5045384347537638,142854.70386828846,0.09308006536342961,8.128398218560057e-16,-0.06118620174700752,true,0,0
low_seed,390,389,-5.172155350481716,6.727359704003284e-6,0.22341058949250175,500.0111705294744,228756.49978351715,1.4989272782853726,142854.86319363053,0.0875722353069986,1.6150643701483363e-15,-0.06118710648773072,true,0,0
low_seed,391,390,-5.169111453726937,6.7746762563799146e-6,0.20880553810806757,500.01044027690506,228756.60896579252,1.4936788223997743,142855.012220166,0.0823564410432988,5.317019053635249e-16,-0.06118795234387475,true,0,0
low_seed,392,391,-5.166086521056949,6.822027707367904e-6,0.1951456847097666,500.0097572842354,228756.71108219132,1.4887700174485738,142855.15160240323,0.07742084771861343,1.2800702250330535e-15,-0.061188743105256356,true,0,0
low_seed,393,392,-5.1630803893091635,6.869412732001044e-6,0.18237082971192847,500.00911854148546,228756.8065827269,1.4841792329134573,142855.28195455132,0.07275370669738783,1.5219306541222302e-16,-0.06118948232271558,true,0,0
low_seed,394,393,-5.160092891578438,6.9168301048841105e-6,0.1704244969973133,500.00852122484946,228756.89588957967,1.4798861759370467,142855.40385283355,0.06834340300055866,1.302891361495594e-15,-0.061190173322512836,true,0,0
low_seed,395,394,-5.157123857945383,6.964278691132698e-6,0.15925371776595013,500.0079626858883,228756.9793987129,1.4758718137001061,142855.51783769243,0.06417849736719342,1.5685673404986578e-15,-0.06119081921995881,true,0,0
low_seed,396,395,-5.154173116128525,7.0117574380589996e-6,0.1488088249491759,500.0074404412472,228757.05748140908,1.4721182995887938,142855.624415886,0.06024776308555917,1.4921467527269858e-15,-0.061191422932304465,true,0,0
low_seed,397,396,-5.151240492066113,7.059265367566634e-6,0.13904325797115155,500.0069521628984,228757.1304857297,1.468608903074529,142855.72406247974,0.05654021779413934,3.9923655444534523e-16,-0.06119198719091516,true,0,0
low_seed,398,397,-5.148325810433268,7.1068015692137966e-6,0.12991337759311322,500.0064956688797,228757.1987378985,1.4653279432120225,142855.81722273465,0.053045150496430445,4.2729357253044356e-16,-0.06119251455275834,true,0,0
low_seed,399,398,-5.145428895100024,7.1543651939022e-6,0.12137829053883102,500.0060689145266,228757.26254361283,1.4622607256477618,142855.90431389632,0.049752144066333034,1.8293601264222403e-15,-0.06119300741123538,true,0,0
low_seed,400,399,-5.14254956953555,7.201955448148707e-6,0.11339968357190927,500.00566998417867,228757.32218928338,1.4593934830211215,142855.98572688774,0.046651093544484164,7.342765360900275e-16,-0.06119346800638255,true,0,0
low_seed,401,400,-5.139687657163576,7.249571588896435e-6,0.10594166667547053,500.0052970833338,228757.3779432071,1.4567133186330214,142856.06182790862,0.043732220540954166,9.16962302965107e-16,-0.06119389843447482,true,0,0
low_seed,402,401,-5.136842981673759,7.297212918823e-6,0.09897062497131597,500.0049485312483,228757.43005667318,1.4542081532521494,142856.13295994606,0.040986084067383334,7.011064046446392e-16,-0.06119430065705962,true,0,0
low_seed,403,402,-5.134015367293364,7.344878782105147e-6,0.0924550790078283,500.0046227539502,228757.47876500795,1.451866674925885,142856.19944419988,0.03840358812290493,4.503091000540729e-16,-0.06119467650944985,true,0,0
low_seed,404,403,-5.131204639023347,7.392568560600841e-6,0.08636555304275247,500.00431827765215,228757.52428855927,1.4496782916619326,142856.2615814262,0.03597598635410915,3.2137321695710577e-16,-0.061195027708703276,true,0,0
low_seed,405,404,-5.128410622842568,7.440281670411655e-6,0.080674450947763,500.0040337225475,228757.5668336244,1.4476330868468568,142856.31965320362,0.03369488410080712,1.0321325508716787e-15,-0.06119535586111895,true,0,0
low_seed,406,405,-5.125633145883594,7.4880175587908735e-6,0.07535593936568721,500.0037677969683,228757.60659332288,1.4457217772691515,142856.37392312515,0.031552238127373775,1.841631585331097e-16,-0.06119566246927199,true,0,0
low_seed,407,406,-5.12287203658316,7.535775701365155e-6,0.0703858377577509,500.003519291888,228757.64374841863,1.443935673616735,142856.42463791967,0.029540354324767055,5.684301876645835e-17,-0.06119594893861714,true,0,0
low_seed,408,407,-5.120127124810196,7.583555599639174e-6,0.06574151498674694,500.0032870757492,228757.67846809345,1.4422666433218363,142856.4720285075,0.027651883651701896,1.4776738058787495e-15,-0.06119621658368354,true,0,0
low_seed,409,408,-5.1173982419739215,7.631356778756163e-6,0.061401792092125144,500.00307008960453,228757.71091067328,1.4407070756298155,142856.516310992,0.02587981656552044,1.1300800298298052e-15,-0.06119646663388374,true,0,0
low_seed,410,409,-5.114685221114348,7.679178785488525e-6,0.0573468509242457,500.0028673425463,228757.74122431123,1.4392498487724996,142856.5576875917,0.024217476174594237,7.259921469522433e-16,-0.06119670023896081,true,0,0
low_seed,411,410,-5.1119878969772605,7.727021186435399e-6,0.0535581483171405,500.0026779074159,228757.7695476292,1.4378882991309299,142856.59634751614,0.022658510325090857,6.477906837647836e-16,-0.061196918474093774,true,0,0
low_seed,412,411,-5.109306106075533,7.774883566405969e-6,0.050018335491793756,500.0025009167747,228757.79601032083,1.4366161922769662,142856.63246778795,0.021196882816017476,1.2485430496864676e-15,-0.06119712234468257,true,0,0
low_seed,413,412,-5.106639686738445,7.82276552696919e-6,0.04671118239493534,500.0023355591196,228757.8207337162,1.435427695787834,142856.66621401496,0.019826863917914838,1.1883910529585871e-15,-0.06119731279083147,true,0,0
low_seed,414,413,-5.103988479150481,7.87066668515244e-6,0.04362150669149023,500.00218107533465,228757.84383131334,1.4343173537324132,142856.69774111462,0.018543020352672333,4.772114328591645e-16,-0.061197490691548534,true,0,0
low_seed,415,414,-5.10135232538092,7.918586672273661e-6,0.04073510714195701,500.00203675535704,228757.86540927604,1.4332800627327855,142856.72719399375,0.017340204874841773,6.813674386298784e-16,-0.06119765686867984,true,0,0
low_seed,416,415,-5.098731069405406,7.966525132892233e-6,0.038038701109010496,500.0019019350551,228757.88556690092,1.4323110495092082,142856.75470818623,0.01621354557868495,1.8241668883545456e-16,-0.06119781209059387,true,0,0
low_seed,417,416,-5.096124557120523,8.014481723866255e-6,0.03551986595039417,500.00177599329766,228757.90439705565,1.431405849821282,142856.78041045077,0.015158435040069695,5.860574401038999e-16,-0.06119795707563089,true,0,0
low_seed,418,417,-5.093532636352295,8.062456113504545e-6,0.033166984067660554,500.0016583492033,228757.9219865898,1.4305602887225473,142856.80441933172,0.014170519388299939,4.184217588039904e-16,-0.06119809249533391,true,0,0
low_seed,419,418,-5.090955156859426,8.110447980803181e-6,0.030969191392445042,500.0015484595697,228757.93841671976,1.4297704620501057,142856.82684568487,0.013245687390041613,2.2405796186205805e-16,-0.06119821897747199,true,0,0
low_seed,420,419,-5.088391970331997,8.158457014757171e-6,0.02891632910368732,500.0014458164552,228757.9537633897,1.4290327190750667,142856.84779316964,0.01238005961567929,4.799291001998177e-16,-0.06119833710887168,true,0,0
low_seed,421,420,-5.0858429303862405,8.206482913739371e-6,0.026998898380511328,500.0013499449189,228757.96809761005,1.4283436462436647,142856.8673587111,0.011569977747695283,1.5420393394085912e-15,-0.06119844743806674,true,0,0
low_seed,422,421,-5.083307892555963,8.254525384939028e-6,0.025208018006323482,500.0012604009003,228757.98148577398,1.4277000519428138,142856.8856329325,0.010811994080959134,1.513959426001531e-15,-0.061198550477777454,true,0,0
low_seed,423,422,-5.080786714281093,8.302584143853403e-6,0.02353538465008198,500.00117676923253,228757.99398995494,1.427098952227575,142856.9027005604,0.010102861256110242,1.0318985232132462e-15,-0.061198646707232726,true,0,0
low_seed,424,423,-5.078279254893777,8.350658913826956e-6,0.021973235660606258,500.001098661783,228758.00566818408,1.426537557451554,142856.9186408044,0.009439522259443608,9.473653326825212e-16,-0.06119873657434103,true,0,0
low_seed,425,424,-5.075785375602418,8.39874942563252e-6,0.020514314219257798,500.00102571571074,228758.0165747114,1.426013259744707,142856.93352771268,0.00881910071582066,8.456161183045235e-16,-0.06119882049772352,true,0,0
low_seed,426,425,-5.073304939473956,8.446855417090174e-6,0.019151836705321654,500.0009575918353,228758.0267602492,1.425523621286193,142856.94743050504,0.008238891495050138,1.8115478976434523e-16,-0.061198898868615584,true,0,0
low_seed,427,426,-5.070837811414707,8.494976632719448e-6,0.017879462136964355,500.0008939731066,228758.03627220105,1.4250663633230216,142856.96041388466,0.0076963516468604555,7.761859781633612e-16,-0.06119897205264595,true,0,0
low_seed,428,427,-5.068383858149987,8.54311282342158e-6,0.016691263558751786,500.00083456317793,228758.04515487514,1.4246393558881378,142856.97253833,0.0071890916749443885,4.1572010887509683e-16,-0.06119904039150142,true,0,0
low_seed,429,428,-5.065942948202759,8.591263746188124e-6,0.015581701254390597,500.00077908506273,228758.0534496847,1.4242406081743708,142856.98386036826,0.006714867156550337,2.2266162695013787e-16,-0.06119910420448442,true,0,0
low_seed,430,429,-5.063514951871469,8.63942916383356e-6,0.01454559767062533,500.00072727988356,228758.06119533585,1.4238682595232415,142856.99443283104,0.006271570710641551,2.842166808938909e-17,-0.06119916378996944,true,0,0
low_seed,431,430,-5.061099741207266,8.687608844749048e-6,0.013578113945090906,500.0006789056971,228758.06842800262,1.4235205709901197,142857.0043050941,0.005857224314713183,7.665527699908515e-16,-0.061199219426766496,true,0,0
low_seed,432,431,-5.058697189990721,8.735802562675106e-6,0.012674727937414382,500.00063373639705,228758.07518149127,1.42319591744957,142857.0135233014,0.005469971967870414,2.7372950086859014e-16,-0.061199271375394805,true,0,0
low_seed,433,432,-5.056307173708194,8.784010096491383e-6,0.011831213668978678,500.00059156068323,228758.08148739414,1.4228927802068652,142857.0221305748,0.005108072695699352,4.3986784226335995e-16,-0.06119931987927608,true,0,0
low_seed,434,433,-5.053929569527931,8.832231230021644e-6,0.011043622082540894,500.0005521811039,228758.08737523315,1.4226097400837818,142857.0301672105,0.0047698938907416895,4.71237641874563e-16,-0.06119936516584942,true,0,0
low_seed,435,434,-5.051564256276014,8.880465751852346e-6,0.01030826303834125,500.00051541315196,228758.092872595,1.4223454709487313,142857.0376708628,0.0044539049809894735,1.8511322581476774e-15,-0.061199407447613825,true,0,0
low_seed,436,435,-5.049211114412216,8.928713455163609e-6,0.009621688468465282,500.0004810844236,228758.0980052564,1.4220987336630857,142857.04467671574,0.004158671417694067,3.6058608250772144e-16,-0.06119944692310419,true,0,0
low_seed,437,436,-5.046870026005847,8.97697413757124e-6,0.008980676616052853,500.00044903383076,228758.10279730242,1.421868370417358,142857.05121764433,0.0038828489729075483,1.5452942357381042e-15,-0.061199483777803015,true,0,0
low_seed,438,437,-5.044540874711649,9.02524760097856e-6,0.008382217290491205,500.00041911086464,228758.10727123654,1.4216532994324587,142857.05732436458,0.00362517833650959,1.4486697148274542e-15,-0.0611995181849939,true,0,0
low_seed,439,438,-5.042223545745774,9.073533651437586e-6,0.007823498074002478,500.0003911749035,228758.11144808354,1.4214525100028517,142857.06302557446,0.003384480001992927,8.869298411365635e-16,-0.061199550306558534,true,0,0
low_seed,440,439,-5.039917925861917,9.121832099017978e-6,0.0073018914190576475,500.0003650945708,228758.11534748628,1.4212650578598196,142857.0683480856,0.003159649429953172,7.127153951300539e-16,-0.061199580293723375,true,0,0
low_seed,441,440,-5.037623903327616,9.170142757683647e-6,0.006814942579827555,500.0003407471291,228758.11898779587,1.4210900608344517,142857.0733169463,0.0029496524780411285,5.090940842588002e-16,-0.061199608287756266,true,0,0
low_seed,442,441,-5.035341367900759,9.218465445176012e-6,0.006360358324432015,500.0003180179161,228758.12238615594,1.4209266948012094,142857.07795555677,0.0027535210860604007,3.272878767184965e-15,-0.061199634420618945,true,0,0
low_seed,443,442,-5.0330702108063194,9.266799982903374e-6,0.005935996378084133,500.0002967998188,228758.12555858155,1.420774189884148,142857.0822857769,0.0025703492049107698,2.9223796065332106e-16,-0.061199658815576645,true,0,0
low_seed,444,443,-5.030810324713358,9.31514619583586e-6,0.005539855550360796,500.0002769927776,228758.1285200331,1.4206318269089864,142857.08632802696,0.0023992889581808583,1.2525405835636485e-15,-0.06119968158776792,true,0,0
low_seed,445,444,-5.028561603712286,9.36350391240545e-6,0.005170066502772857,500.0002585033253,228758.13128448522,1.4204989340852654,142857.09010138168,0.0022395470253591806,2.0131928380957085e-15,-0.061199702844737566,true,0,0
low_seed,446,445,-5.026323943292409,9.411872964410972e-6,0.004824883115569039,500.0002412441554,228758.1338649916,1.4203748839038592,142857.09362365864,0.0020903812358535486,5.3930533686272e-16,-0.061199722686935035,true,0,0
low_seed,447,446,-5.02409724031979,9.460253186926918e-6,0.004502674415302046,500.0002251337207,228758.13627374484,1.4202590902359922,142857.09691150038,0.001951097363274248,5.778977056662576e-16,-0.061199741208179496,true,0,0
low_seed,448,447,-5.021881393015398,9.50864441821674e-6,0.004201917027116225,500.00021009585123,228758.13852213343,1.42015100562083,142857.09998045137,0.0018210461097317354,8.2568192793057e-16,-0.06119975849609569,true,0,0
low_seed,449,448,-5.019676300933586,9.55704649964944e-6,0.003921188117999846,500.00019605940594,228758.140620794,1.4200501187294918,142857.10284503043,0.0016996202702284195,3.1761421502327065e-17,-0.061199774632520944,true,0,0
low_seed,450,449,-5.01748186494088,9.605459275619933e-6,0.003659158799385165,500.0001829579397,228758.14257966113,1.4199559519941594,142857.10551879753,0.001586252067563719,3.318539860548825e-15,-0.06119978969388463,true,0,0
low_seed,451,450,-5.015297987195103,9.65388259347212e-6,0.003414587959488306,500.00017072939767,228758.1444080129,1.419868059391588,142857.10801441708,0.0014804106485337809,2.5401651627635396e-15,-0.06119980375156465,true,0,0
low_seed,452,451,-5.0131245711248065,9.702316303425508e-6,0.003186316497663436,500.00015931582476,228758.14611451456,1.419786024371112,142857.11034371663,0.0013815997325674798,2.1777164663320804e-15,-0.061199816872219086,true,0,0
low_seed,453,452,-5.010961521409057,9.750760258503905e-6,0.0029732619348118725,500.0001486630969,228758.1477072584,1.4197094579177858,142857.11251774177,0.0012893554043162721,2.9172059408324017e-16,-0.061199829118097106,true,0,0
low_seed,454,453,-5.008808743957525,9.799214314467295e-6,0.0027744133755417087,500.00013872066853,228758.14919380168,1.4196379967419248,142857.11454680792,0.0012032440420831527,1.7194588236170012e-15,-0.06119984054732898,true,0,0
low_seed,455,454,-5.006666145890916,9.84767832974574e-6,0.002588826799325142,500.0001294413398,228758.15058120163,1.4195713015868816,142857.11644054775,0.0011228603743449789,2.3452832640258352e-15,-0.061199851214197167,true,0,0
low_seed,456,455,-5.004533635521727,9.896152165375703e-6,0.0024156206593555583,500.00012078103276,228758.15187604848,1.4195090556474097,142857.11820795672,0.0010478256569876302,7.181274382872675e-16,-0.061199861169390316,true,0,0
low_seed,457,456,-5.0024111223353165,9.944635684938614e-6,0.002253971769168302,500.0001126985882,228758.15308449607,1.4194509630914154,142857.11985743462,0.0009777859642308758,2.5012963223603047e-15,-0.06119987046023969,true,0,0
low_seed,458,457,-5.000298516971315,9.993128754501122e-6,0.00210311145836704,500.0001051555727,228758.15421229094,1.419396747678449,142857.12139682507,0.0009124105865686693,1.8558825331960286e-15,-0.06119987913094033,true,0,0
low_seed,459,458,-4.9981957312053344,1.0041631242557763e-5,0.0019623219799936894,500.0000981160988,228758.1552647988,1.4193461514686028,142857.12283345198,0.000851390529391015,1.3260235784412804e-15,-0.061199887222758445,true,0,0
low_seed,460,459,-4.996102677931008,1.0090143019974912e-5,0.0018309331532008807,500.0000915466574,228758.15624702963,1.4192989336159867,142857.12417415393,0.0007944371062816351,8.526511267973991e-17,-0.06119989477422445,true,0,0
low_seed,461,460,-4.994019271142335,1.0138663959936854e-5,0.0017083192259360852,500.00008541596134,228758.15716366147,1.4192548692412565,142857.12542531616,0.00074128062130754,2.5386406850075893e-15,-0.061199901821313366,true,0,0
low_seed,462,461,-4.991945425916335,1.0187193937893332e-5,0.0015938959433300314,500.0000796947972,228758.15801906207,1.419213748378078,142857.12659290037,0.0006916691349178141,2.9335513040951924e-17,-0.061199908397613696,true,0,0
low_seed,463,462,-4.98988105839601,1.023573283150861e-5,0.001487117808403004,500.00007435589015,228758.15881730942,1.419175374988697,142857.12768247296,0.0006453673083693884,1.1665003715070182e-15,-0.06119991453448508,true,0,0
low_seed,464,463,-4.987826085773597,1.028428052061219e-5,0.001387475522565621,500.00006937377617,228758.15956221093,1.4191395660441226,142857.1286992308,0.000602155321874343,3.125683026049137e-16,-0.06119992026120546,true,0,0
low_seed,465,464,-4.985780426274127,1.033283688715079e-5,0.0012944935941981003,500.0000647246797,228758.1602573212,1.4191061506647193,142857.12964802576,0.0005618278619396557,1.5075886966307028e-15,-0.061199925605109,true,0,0
low_seed,466,465,-4.983743999139268,1.038140181514179e-5,0.0012077281043485785,500.000060386405,228758.1609059588,1.4190749693172517,142857.13053338774,0.0005241931736216514,5.386322477294501e-16,-0.06119993059171412,true,0,0
low_seed,467,466,-4.981716724611457,1.0429975190627917e-5,0.0011267646192989473,500.00005633823076,228758.16151122213,1.419045873064722,142857.13135954563,0.0004890721736692087,5.684341245589344e-17,-0.06119993524484402,true,0,0
low_seed,468,467,-4.979698523918312,1.0478556901633255e-5,0.0010512162404098593,500.0000525608119,228758.16207600344,1.4190187228655329,142857.1321304473,0.000456297620759864,4.1255153062048746e-16,-0.06119993958673858,true,0,0
low_seed,469,468,-4.9776893192573235,1.0527146838120453e-5,0.0009807217822768795,500.0000490360892,228758.16260300286,1.4189933889187656,142857.13284977843,0.00042571333925747843,1.5477203309951305e-15,-0.061199943638159504,true,0,0
low_seed,470,469,-4.975689033780816,1.0575744891948963e-5,0.0009149440708106749,500.00004574720333,228758.16309474103,1.4189697500525567,142857.13352097946,0.0003971734931311246,7.109957037209021e-16,-0.06119994741848777,true,0,0
low_seed,471,470,-4.973697591581179,1.0624350956834612e-5,0.0008535683533977885,500.00004267841746,228758.1635535709,1.418947693152746,142857.13414726223,0.0003705419068731151,1.2701995899562522e-15,-0.06119995094581558,true,0,0
low_seed,472,471,-4.97171491767636,1.0672964928310025e-5,0.000796300813807353,500.0000398150405,228758.16398168914,1.4189271126291776,142857.1347316248,0.0003456914304474409,1.3615484923362174e-15,-0.06119995423703104,true,0,0
low_seed,473,472,-4.9697409379956135,1.0721586703686332e-5,0.0007428671849852197,500.00003714335924,228758.16438114597,1.4189079099171726,142857.13527686588,0.0003225033454755234,8.756899169051944e-16,-0.061199957307898796,true,0,0
low_seed,474,473,-4.967775579365511,1.0770216182015574e-5,0.0006930114533225304,500.00003465057256,228758.16475385524,1.4188899930118783,142857.13578559778,0.0003008668100382462,1.5644794429983428e-15,-0.06119996017313402,true,0,0
low_seed,475,474,-4.965818769496189,1.0818853264054395e-5,0.0006464946484026659,500.0000323247325,228758.16510160355,1.4188732760333298,142857.13626025902,0.00028067833963174647,3.3540948101095947e-16,-0.06119996284647207,true,0,0
low_seed,476,475,-4.963870436967855,1.0867497852228387e-5,0.0006030937126206104,500.00003015468553,228758.16542605846,1.4188576788202267,142857.13670312564,0.00026184132196827915,7.1909366640507235e-16,-0.06119996534073359,true,0,0
low_seed,477,476,-4.9619305112175205,1.0916149850597504e-5,0.0005626004454336485,500.0000281300223,228758.16572877628,1.418843126550518,142857.1371163222,0.0002442655634517848,1.156275841534191e-15,-0.06119996766788505,true,0,0
low_seed,478,477,-4.959998922525978,1.0964809164822334e-5,0.0005248205173438069,500.00002624102575,228758.16601120983,1.41882954938706,142857.13750183166,0.0002278668652978306,2.0658532520275877e-16,-0.061199969839095834,true,0,0
low_seed,479,478,-4.958075602005004,1.1013475702131184e-5,0.0004895725490317535,500.0000244786274,228758.16627471507,1.4188168821466711,142857.13786150477,0.00021256662738762088,2.842170803895521e-17,-0.061199971864790696,true,0,0
low_seed,480,479,-4.956160481584795,1.1062149371287939e-5,0.0004566872513607134,500.00002283436254,228758.16652055757,1.418805063991079,142857.138197069,0.00019829147807205285,2.374058328221538e-16,-0.061199973754699634,true,0,0
low_seed,481,480,-4.9542534940016205,1.111083008256075e-5,0.0004260066222482636,500.00002130033096,228758.1667499185,1.4187940381382933,142857.13851013663,0.00018497292824735018,3.054043151057867e-15,-0.06119997551790361,true,0,0
low_seed,482,481,-4.9523545727856915,1.1159517747691687e-5,0.00039738319666537844,500.0000198691597,228758.16696390026,1.418783751593077,142857.1388022124,0.00017254704813419276,1.3641771740520656e-15,-0.06119997716287799,true,0,0
low_seed,483,482,-4.950463652249258,1.1208212279866631e-5,0.00037067934626643285,500.00001853396725,228758.16716353173,1.4187741548952486,142857.13907470062,0.0001609541652892157,1.7549434842904035e-15,-0.06119997869753278,true,0,0
low_seed,484,483,-4.948580667474896,1.125691359368651e-5,0.0003457666253825263,500.00001728833115,228758.1673497732,1.4187652018846473,142857.13932891208,0.00015013858247000367,3.762776715489079e-15,-0.06119998012925019,true,0,0
low_seed,485,484,-4.946705554304015,1.1305621605138836e-5,0.0003225251603242252,500.000016126258,228758.16752352077,1.41875684948167,142857.13956606988,0.00014004831406513803,3.361604940822562e-16,-0.06119998146491971,true,0,0
low_seed,486,485,-4.9448382493255645,1.1354336231569905e-5,0.0003008430791397648,500.0000150421541,228758.16768561074,1.418749057482335,142857.1397873156,0.00013063483988059015,1.0811638169497085e-15,-0.06119998271097098,true,0,0
low_seed,487,486,-4.942978689864937,1.140305739165793e-5,0.00028061597916165384,500.0000140307991,228758.16783682362,1.4187417883669342,142857.13999371452,0.00012185287515138247,3.863650871645233e-16,-0.061199983873404196,true,0,0
low_seed,488,487,-4.941126813973063,1.145178500538663e-5,0.0002617464298493576,500.0000130873213,228758.1679778878,1.4187350071213651,142857.14018626098,0.00011366015572028381,1.656874056482059e-15,-0.06119998495781893,true,0,0
low_seed,489,488,-4.939282560415702,1.1500518994019474e-5,0.0002441435085992673,500.0000122071755,228758.16810948294,1.41872868107032,142857.1403658826,0.0001060172373935877,8.881679293510065e-16,-0.061199985969440714,true,0,0
low_seed,490,489,-4.937445868662921,1.154925928007443e-5,0.0002277223673457611,500.0000113861181,228758.1682322434,1.4187227797215205,142857.14053344526,9.888730854546801e-5,4.76107017998505e-16,-0.06119998691314572,true,0,0
low_seed,491,490,-4.9356166788787466,1.1598005787299569e-5,0.00021240382792014185,500.0000106201912,228758.1683467611,1.4187172746203136,142857.14068975692,9.223601510621926e-5,2.5522190044831383e-16,-0.061199987793484546,true,0,0
low_seed,492,491,-4.93379493191101,1.164675844064897e-5,0.00019811400426766667,500.0000099057001,228758.16845358835,1.418712139213896,142857.14083557142,8.603129712020766e-5,8.20892629342346e-16,-0.06119998861470364,true,0,0
low_seed,493,492,-4.93198056928136,1.1695517166259325e-5,0.00018478394974772168,500.00000923919765,228758.16855324057,1.4187073487245676,142857.1409715924,8.024323611698408e-5,8.80110670298251e-16,-0.06119998938076517,true,0,0
low_seed,494,493,-4.9301735331754495,1.1744281891427033e-5,0.00017234932785887156,500.00000861746645,228758.16864619876,1.4187028800313932,142857.14109847625,7.484391258509984e-5,6.290724692429926e-16,-0.061199990095366794,true,0,0
low_seed,495,494,-4.928373766433296,1.1793052544585845e-5,0.00016075010483953772,500.00000803750504,228758.16873291178,1.4186987115597414,142857.14121683568,6.980727288426217e-5,1.3489287283112697e-15,-0.06119999076195857,true,0,0
low_seed,496,495,-4.926581212539804,1.1841829055285036e-5,0.0001499302626970205,500.000007496513,228758.1688137983,1.4186948231781413,142857.14132724225,6.510900497648098e-5,2.5309817614123853e-15,-0.06119999138375998,true,0,0
low_seed,497,496,-4.924795815615455,1.1890611354167973e-5,0.00013983753131281872,500.0000069918766,228758.1688892491,1.4186911961020179,142857.1414302293,6.072642239460061e-5,3.876649431332306e-16,-0.06119999196377498,true,0,0
low_seed,498,497,-4.923017520407148,1.1939399372951402e-5,0.00013042313836124887,500.0000065211571,228758.1689596288,1.4186878128038154,142857.14152629455,5.6638355906990405e-5,2.0782396937161132e-16,-0.06119999250480639,true,0,0
low_seed,499,498,-4.921246272279214,1.1988193044404871e-5,0.00012164157586156569,500.000006082079,228758.1690252776,1.4186846569290983,142857.1416159023,5.282505237052736e-5,4.456544420796479e-16,-0.061199993009469815,true,0,0
low_seed,500,499,-4.919482017204566,1.203699230233091e-5,0.00011345038226155288,500.000005672519,228758.169086513,1.4186817132182474,142857.1416994859,4.9268080297560156e-5,2.389154956714784e-16,-0.06119999348020524,true,0,0
low_seed,501,500,-4.917724701756011,1.2085797081545504e-5,0.00010580993902322345,500.0000052904971,228758.16914363115,1.4186789674333473,142857.14177744964,4.595024169502979e-5,7.685021245363874e-16,-0.061199993919289694,true,0,0
low_seed,502,501,-4.915974273097707,1.2134607317859066e-5,9.868328074914238e-5,500.0000049341639,228758.16919690833,1.4186764062899537,142857.14185017062,4.28554897601198e-5,1.0986685528236523e-15,-0.06119999432884747,true,0,0
low_seed,503,502,-4.914230678976766,1.218342294805778e-5,9.203591795138263e-5,500.000004601796,228758.1692466023,1.4186740173934096,142857.14191800085,3.996885204644777e-5,8.835155311795449e-16,-0.06119999471086083,true,0,0
low_seed,504,503,-4.912493867714998,1.223224390988538e-5,8.583567162436353e-5,500.0000042917835,228758.16929295388,1.4186717891793792,142857.14198126868,3.727635873920305e-5,9.473353140669363e-16,-0.06119999506717886,true,0,0
low_seed,505,504,-4.910763788200795,1.2281070142025388e-5,8.005251883825155e-5,500.00000400262593,228758.16933618736,1.4186697108583717,142857.14204028042,3.476497570053574e-5,3.385908988935647e-16,-0.06119999539952707,true,0,0
low_seed,506,505,-4.909040389881152,1.2329901584083654e-5,7.465844862133485e-5,500.0000037329225,228758.1693765121,1.4186677723639427,142857.14209532196,3.24225419704107e-5,1.4522163164473742e-15,-0.0611999957095153,true,0,0
low_seed,507,506,-4.907323622753829,1.2378738176571282e-5,6.962732744815175e-5,500.0000034813665,228758.1694141235,1.4186659643043538,142857.14214665993,3.0237711427072342e-5,3.892875872956849e-16,-0.061199995998645375,true,0,0
low_seed,508,507,-4.905613437359627,1.2427579860888072e-5,6.493477369532443e-5,500.00000324673863,228758.16944920394,1.418664277917458,142857.14219454312,2.8199898332449775e-5,6.261295628590746e-16,-0.06119999626831833,true,0,0
low_seed,509,508,-4.903909784774817,1.2476426579306128e-5,6.0558040469252636e-5,500.00000302790204,228758.16948192328,1.4186627050285898,142857.14223920365,2.629922650393299e-5,8.951760691761407e-16,-0.061199996519841746,true,0,0
low_seed,510,509,-4.902212616603677,1.2525278274953908e-5,5.6475906249253914e-5,500.0000028237951,228758.16951244036,1.4186612380112618,142857.1422808581,2.4526481873453e-5,4.799401392960504e-16,-0.06119999675443492,true,0,0
low_seed,511,510,-4.900521884971161,1.2574134891800704e-5,5.26685728265616e-5,500.0000026334288,228758.16954090307,1.4186598697504922,142857.14231970845,2.2873068207668798e-5,1.0292686077291275e-15,-0.06119999697323562,true,0,0
low_seed,512,511,-4.898837542515691,1.2622996374641268e-5,4.91175700540031e-5,500.0000024558783,228758.16956744948,1.4186585936085703,142857.14235594316,2.1330965780678443e-5,2.7592014713203975e-16,-0.06119999717730552,true,0,0
low_seed,513,512,-4.897159542382068,1.2671862669080974e-5,4.580566695331891e-5,500.0000022902832,228758.16959220843,1.4186574033931125,142857.1423897381,1.9892692802131085e-5,1.1834803907455682e-15,-0.06119999736763463,true,0,0
low_seed,514,513,-4.895487838214498,1.2720733721521101e-5,4.271678875709495e-5,500.00000213583957,228758.16961530023,1.4186562933272497,142857.14242125725,1.855126941933358e-5,1.5863232642713374e-15,-0.06119999754514691,true,0,0
low_seed,515,514,-4.893822384149734,1.2769609479144588e-5,3.983593949033381e-5,500.00000199179703,228758.16963683668,1.4186552580217981,142857.1424506537,1.730018411986424e-5,3.74229403458479e-15,-0.061199997710704175,true,0,0
low_seed,516,515,-4.892163134810336,1.281848988990202e-5,3.714912972286959e-5,500.0000018574566,228758.16965692266,1.4186542924493086,142857.1424780701,1.6133362377814624e-5,1.0944423670624233e-15,-0.061199997865110135,true,0,0
low_seed,517,516,-4.890510045298032,1.2867374902497971e-5,3.4643309148298636e-5,500.00000173216523,228758.16967565555,1.418653391919825,142857.1425036397,1.5045137392790991e-5,1.173605595647988e-15,-0.06119999800911515,true,0,0
low_seed,518,517,-4.888863071187202,1.2916264466377407e-5,3.230630366793852e-5,500.0000016153151,228758.1696931264,1.4186525520582793,142857.1425274867,1.4030222782612004e-5,6.292515214075062e-16,-0.06119999814341846,true,0,0
low_seed,519,518,-4.887222168518451,1.2965158531712823e-5,3.0126756679673095e-5,500.0000015063378,228758.1697094202,1.418651768783393,142857.14254972697,1.3083687100040558e-5,2.699101127977616e-15,-0.06119999826867303,true,0,0
low_seed,520,519,-4.885587293792307,1.301405704939115e-5,2.8094074291460552e-5,500.0000014047036,228758.1697246161,1.418651038287985,142857.14257046863,1.2200930052813283e-5,2.4119903392204345e-16,-0.06119999838548754,true,0,0
low_seed,521,520,-4.883958403963005,1.3062959971001237e-5,2.61983741978971e-5,500.00000130991856,228758.1697387878,1.4186503570206002,142857.14258981252,1.1377660311497896e-5,5.684341871188752e-17,-0.0611999984944299,true,0,0
low_seed,522,521,-4.882335456432378,1.311186724882161e-5,2.4430437975601964e-5,500.0000012215217,228758.16975200453,1.4186497216683673,142857.1426078527,1.0609874801826738e-5,5.684341872193708e-17,-0.06119999859602978,true,0,0
low_seed,523,522,-4.880718409043854,1.3160778835808252e-5,2.278166656942588e-5,500.0000011390832,228758.16976433035,1.4186491291410015,142857.14262467687,9.893839381019694e-6,8.923311502322419e-16,-0.06119999869078171,true,0,0
low_seed,524,523,-4.879107220076534,1.3209694685582906e-5,2.1244038756632766e-5,500.000001062202,228758.16977582528,1.418648576555873,142857.14264036695,9.22607080616772e-6,9.569174189044539e-16,-0.06119999877914622,true,0,0
low_seed,525,524,-4.877501848239385,1.3258614752421434e-5,1.9810072390363975e-5,500.0000009905034,228758.16978654524,1.4186480612240857,142857.14265499928,8.603319909284234e-6,3.4206152529409815e-16,-0.06119999886155355,true,0,0
low_seed,526,525,-4.875902252665512,1.3307538991242446e-5,1.8472788236901587e-5,500.00000092363956,228758.16979654244,1.4186475806374768,142857.142668645,8.022555897374011e-6,2.5677685706095025e-15,-0.06119999893840472,true,0,0
low_seed,527,526,-4.874308392906523,1.3356467357596327e-5,1.7225676233592643e-5,500.0000008612836,228758.16980586556,1.418647132456492,142857.14268137066,7.480951703278343e-6,3.9338157098411474e-16,-0.061199999010073815,true,0,0
low_seed,528,527,-4.872720228927001,1.3405399807654127e-5,1.606266400581519e-5,500.0000008031333,228758.1698145599,1.4186467144988715,142857.1426932381,6.975870316994898e-6,3.796778179524308e-15,-0.061199999076910004,true,0,0
low_seed,529,528,-4.871137721099035,1.3454336298197174e-5,1.4978087492122081e-5,500.0000007489042,228758.169822668,1.4186463247290924,142857.14270430524,6.504852032269414e-6,9.04823607366223e-16,-0.061199999139238535,true,0,0
low_seed,530,529,-4.869560830196868,1.3503276786606361e-5,1.3966663536748765e-5,500.0000006983331,228758.1698302291,1.4186459612485194,142857.14271462586,6.06560254662087e-6,4.851741119276521e-16,-0.06119999919736307,true,0,0
low_seed,531,530,-4.867989517391608,1.3552221230852138e-5,1.3023464318044166e-5,500.000000651173,228758.16983728026,1.4186456222862183,142857.14272425039,5.655981858449142e-6,1.3007797719086557e-15,-0.06119999925156693,true,0,0
low_seed,532,531,-4.866423744246039,1.360116958948436e-5,1.2143893490140258e-5,500.00000060719486,228758.16984385572,1.418645306190376,142857.14273322557,5.273993908241221e-6,3.34798567701674e-15,-0.06119999930211416,true,0,0
low_seed,533,532,-4.864863472709501,1.3650121821622493e-5,1.1323663923354092e-5,500.0000005661832,228758.16984998755,1.4186450114203029,142857.14274159528,4.917776913295909e-6,1.1968323369362697e-15,-0.061199999349251216,true,0,0
low_seed,534,533,-4.863308665112857,1.3699077886946015e-5,1.0558776936442053e-5,500.0000005279387,228758.1698557057,1.4186447365389747,142857.14274940023,4.585594350009516e-6,6.417659563057094e-16,-0.06119999939320779,true,0,0
low_seed,535,534,-4.861759284163547,1.3748037745684876e-5,9.845502920955437e-6,500.00000049227515,228758.16986103795,1.4186444802060638,142857.14275667854,4.2758265413277995e-6,1.720649425539151e-15,-0.0611999994341982,true,0,0
low_seed,536,535,-4.860215292940701,1.3797001358610388e-5,9.180363264596035e-6,500.0000004590182,228758.16986601037,1.418644241171441,142857.14276346567,3.98696280686832e-6,1.8453146631372923e-15,-0.06119999947242256,true,0,0
low_seed,537,536,-4.858676654890344,1.3845968687026157e-5,8.560113486680473e-6,500.0000004280057,228758.16987064722,1.4186440182691227,142857.14276979477,3.717594140252945e-6,3.1664363275455454e-15,-0.06119999950806704,true,0,0
low_seed,538,537,-4.857143333820674,1.3894939692758986e-5,7.98172750461712e-6,500.0000003990863,228758.16987497103,1.4186438104116095,142857.14277569667,3.466406377415271e-6,4.244860259959136e-16,-0.06119999954130582,true,0,0
low_seed,539,538,-4.855615293897405,1.3943914338150488e-5,7.442382955713586e-6,500.0000003721189,228758.1698790031,1.4186436165846161,142857.14278120018,3.232173822344794e-6,8.526512822775449e-17,-0.06119999957230095,true,0,0
low_seed,540,539,-4.854092499639194,1.3992892586048316e-5,6.939447503680963e-6,500.00000034697234,228758.1698827629,1.418643435842143,142857.14278633217,3.013753301452203e-6,1.7088480394541494e-15,-0.061199999601203585,true,0,0
low_seed,541,540,-4.852574915913129,1.4041874399797819e-5,6.470466063917694e-6,500.0000003235231,228758.16988626888,1.4186432673018972,142857.1427911177,2.8100786156163673e-6,2.0945210162903033e-15,-0.06119999962815504,true,0,0
low_seed,542,541,-4.851062507930294,1.4090859743233954e-5,6.03314888605784e-6,500.00000030165745,228758.16988953814,1.4186431101409984,142857.14279558012,2.6201553658182547e-6,1.9655509064203985e-15,-0.06119999965328684,true,0,0
low_seed,543,542,-4.849555241241398,1.4139848580673123e-5,5.625360436375392e-6,500.00000028126794,228758.16989258674,1.4186429635919877,142857.14279974124,2.4430561246973186e-6,1.2228048356751491e-17,-0.061199999676721545,true,0,0
low_seed,544,543,-4.848053081732474,1.4188840876905309e-5,5.245109026472466e-6,500.0000002622552,228758.16989542934,1.4186428269391047,142857.14280362136,2.277915933211034e-6,1.2919204431850859e-15,-0.06119999969857391,true,0,0
low_seed,545,544,-4.846555995620641,1.4237836597186422e-5,4.8905371382578485e-6,500.00000024452675,228758.16989808006,1.4186426995148007,142857.14280723938,2.123928099069734e-6,1.0391900807313425e-15,-0.061199999718950404,true,0,0
low_seed,546,545,-4.845063949449938,1.4286835707230536e-5,4.5599123985637034e-6,500.0000002279955,228758.16990055173,1.4186425806965057,142857.14281061312,1.9803402775714654e-6,7.430256313880957e-16,-0.06119999973795081,true,0,0
low_seed,547,546,-4.843576910087208,1.4335838173202666e-5,4.251619159866433e-6,500.00000021258074,228758.16990285646,1.418642469903596,142857.142813759,1.8464508150748498e-6,1.593807752585084e-15,-0.06119999975566792,true,0,0
low_seed,548,547,-4.842094844718064,1.438484396171124e-5,3.9641506464884695e-6,500.0000001982074,228758.16990500546,1.418642366594574,142857.14281669236,1.7216053388186542e-6,1.2820394926281934e-15,-0.06119999977218813,true,0,0
low_seed,549,548,-4.8406177208428955,1.4433853039801186e-5,3.696101628373457e-6,500.0000001848052,228758.16990700937,1.4186422702644346,142857.14281942754,1.6051935752530807e-6,3.437539192991782e-15,-0.06119999978759228,true,0,0
low_seed,550,549,-4.839145506272954,1.4482865374946721e-5,3.4461615870637755e-6,500.00000017230803,228758.16990887784,1.4186421804422096,142857.14282197793,1.4966463821329828e-6,2.842170942060943e-17,-0.06119999980195591,true,0,0
low_seed,551,550,-4.837678169126486,1.4531880935044474e-5,3.2131083408740994e-6,500.0000001606556,228758.1699106201,1.418642096688679,142857.14282435604,1.3954329803940906e-6,2.636179230183916e-15,-0.06119999981534895,true,0,0
low_seed,552,551,-4.836215677824928,1.4580899688406841e-5,2.995802098464609e-6,500.00000014979014,228758.1699122446,1.4186420185942292,142857.14282657346,1.3010583713506841e-6,3.110139493050153e-15,-0.06119999982783719,true,0,0
low_seed,553,552,-4.834758001089161,1.4629921603755254e-5,2.793179912077036e-6,500.000000139659,228758.16991375943,1.4186419457768624,142857.14282864102,1.2130609286100024e-6,2.122752854244562e-15,-0.061199999839481475,true,0,0
low_seed,554,553,-4.833305107935815,1.4678946650213738e-5,2.6042505036210834e-6,500.00000013021236,228758.16991517172,1.4186418778803398,142857.14283056886,1.131010150530314e-6,1.3010007233582825e-15,-0.061199999850338915,true,0,0
low_seed,555,554,-4.831856967673638,1.47279747973025e-5,2.4280894385930888e-6,500.0000001214043,228758.16991648867,1.4186418145724424,142857.14283236643,1.0545045645458925e-6,1.395390027716768e-15,-0.061199999860462505,true,0,0
low_seed,556,555,-4.8304135498999115,1.4777006014931658e-5,2.2638346244846384e-6,500.0000001131918,228758.16991771667,1.418641755543354,142857.1428340425,9.831697724639062e-7,1.1224754733757913e-15,-0.06119999986990194,true,0,0
low_seed,557,556,-4.828974824496922,1.4826040273395104e-5,2.1106821119011613e-6,500.00000010553396,228758.1699188616,1.4186417005041554,142857.14283560528,9.166566268987513e-7,3.210461461641326e-15,-0.06119999987870324,true,0,0
low_seed,558,557,-4.8275407616284856,1.4875077543364524e-5,1.967882178070486e-6,500.0000000983943,228758.1699199291,1.4186416491854168,142857.14283706242,8.546395300698888e-7,1.7217147585224204e-15,-0.061199999886909696,true,0,0
low_seed,559,558,-4.826111331736526,1.4924117795883358e-5,1.8347356737814888e-6,500.0000000917365,228758.16992092447,1.4186416013358807,142857.14283842107,7.968148479248526e-7,9.233296756131851e-16,-0.06119999989456141,true,0,0
low_seed,560,559,-4.8246865055377,1.497316100236107e-5,1.710590616064373e-6,500.00000008552945,228758.16992185262,1.4186415567212398,142857.14283968785,7.428994299452524e-7,4.951698783447698e-16,-0.0611999999016957,true,0,0
low_seed,561,560,-4.823266254020071,1.5022207134567503e-5,1.5948390101087156e-6,500.0000000797421,228758.16992271788,1.418641515122996,142857.142840869,6.926292293329162e-7,2.9210981048056275e-15,-0.06119999990834777,true,0,0
low_seed,562,561,-4.821850548439836,1.5071256164627205e-5,1.486913885022329e-6,500.0000000743455,228758.16992352472,1.4186414763373938,142857.14284197026,6.457580152837879e-7,3.1331210615661797e-15,-0.061199999914549996,true,0,0
low_seed,563,562,-4.820439360318105,1.5120308065013831e-5,1.3862865290655014e-6,500.00000006931447,228758.16992427697,1.4186414401744294,142857.14284299707,6.020561726250917e-7,2.1385299887379737e-15,-0.061199999920332884,true,0,0
low_seed,564,563,-4.819032661437708,1.5169362808545054e-5,1.2924639109588462e-6,500.0000000646231,228758.16992497837,1.4186414064569173,142857.14284395444,5.613095818732345e-7,9.830444085195864e-16,-0.06119999992572467,true,0,0
low_seed,565,564,-4.817630423840078,1.5218420368376953e-5,1.2049862747616007e-6,500.00000006024925,228758.16992563233,1.4186413750196338,142857.14284484708,5.233185746020519e-7,1.0544098696334289e-15,-0.06119999993075184,true,0,0
low_seed,566,565,-4.816232619822153,1.5267480717998975e-5,1.1234248966556588e-6,500.00000005617125,228758.16992624206,1.4186413457085063,142857.1428456793,4.878969593966702e-7,1.1309607118942878e-15,-0.06119999993543905,true,0,0
low_seed,567,566,-4.814839221933338,1.531654383122883e-5,1.0473799927532098e-6,500.00000005236893,228758.1699268106,1.4186413183798625,142857.1428464553,4.548711130895907e-7,2.021789973827301e-15,-0.061199999939809145,true,0,0
low_seed,568,567,-4.813450202972506,1.5365609682207395e-5,9.764787677760239e-7,500.0000000488237,228758.1699273406,1.4186412928997294,142857.14284717877,4.240791335184814e-7,2.168590283799661e-15,-0.06119999994388373,true,0,0
low_seed,569,568,-4.812065535985043,1.5414678245393983e-5,9.103735951355263e-7,500.00000004551885,228758.1699278348,1.418641269143176,142857.14284785333,3.9537004888791445e-7,1.3956351850168779e-15,-0.06119999994768268,true,0,0
low_seed,570,569,-4.810685194259939,1.5463749495561183e-5,8.487403195783779e-7,500.00000004243685,228758.1699282955,1.4186412469937126,142857.14284848224,3.6860308093877133e-7,7.484912590888881e-16,-0.06119999995122461,true,0,0
low_seed,571,570,-4.809309151326914,1.5512823407790475e-5,7.912766741554327e-7,500.00000003956364,228758.16992872514,1.4186412263427106,142857.14284906862,3.4364695729678013e-7,8.0284776638814e-16,-0.061199999954526824,true,0,0
low_seed,572,571,-4.807937380953593,1.5561899957467315e-5,7.377008038252576e-7,500.0000000368848,228758.16992912564,1.4186412070888774,142857.14284961528,3.2037927020383897e-7,2.8705165524495645e-16,-0.06119999995760577,true,0,0
low_seed,573,572,-4.806569857142713,1.5610979120276706e-5,6.877498885194576e-7,500.0000000343873,228758.16992949907,1.4186411891377628,142857.14285012498,2.9868587883575424e-7,3.0790006708606553e-16,-0.0611999999604764,true,0,0
low_seed,574,573,-4.805206554129379,1.566006087219863e-5,6.411788589789366e-7,500.0000000320589,228758.16992984718,1.4186411724012944,142857.1428506002,2.784603510599411e-7,4.6236947364595535e-15,-0.06119999996315269,true,0,0
low_seed,575,574,-4.803847446378356,1.5709145189503583e-5,5.977591991193766e-7,500.00000002988776,228758.1699301718,1.4186411567973505,142857.14285104326,2.5960344405462295e-7,3.542534136246484e-16,-0.06119999996564795,true,0,0
low_seed,576,575,-4.802492508581392,1.57582320487484e-5,5.572778291036674e-7,500.000000027864,228758.16993047443,1.4186411422493548,142857.14285145633,2.420226185822802e-7,3.799868319796064e-16,-0.06119999996797435,true,0,0
low_seed,577,576,-4.801141715654592,1.5807321426771873e-5,5.195360636899746e-7,500.00000002597665,228758.1699307566,1.4186411286859035,142857.14285184146,2.2563158701388195e-7,4.0759102517267913e-16,-0.061199999970143366,true,0,0
low_seed,578,577,-4.799795042735819,1.5856413300690576e-5,4.843486407891853e-7,500.0000000242172,228758.16993101963,1.4186411160404209,142857.14285220052,2.1034989105381389e-7,8.526512828708226e-17,-0.06119999997216543,true,0,0
low_seed,579,578,-4.7984524651821365,1.5905507647894784e-5,4.515428155058372e-7,500.00000002257724,228758.16993126494,1.4186411042508242,142857.14285253527,1.9610250887628114e-7,2.3448300974111903e-15,-0.06119999997405073,true,0,0
low_seed,580,579,-4.797113958548597,1.5954604446731003e-5,4.209575152610687e-7,500.00000002104775,228758.16993149352,1.418641093259229,142857.14285284738,1.8281948752664537e-7,9.970191588617848e-11,-0.06119999997580839,true,0,0
low_seed,581,580,-4.795779498679205,1.6003703673064942e-5,3.924425518381353e-7,500.00000001962223,228758.16993170668,1.4186410830116627,142857.14285313833,1.704356012627827e-7,2.697952041919701e-16,-0.061199999977447114,true,0,0
low_seed,582,581,-4.794449061499306,1.6052805307818546e-5,3.658578866630609e-7,500.00000001829255,228758.1699319055,1.4186410734577966,142857.1428534096,1.5889003226850214e-7,9.79446829465589e-11,-0.06119999997897488,true,0,0
low_seed,583,582,-4.7931226232731,1.6101909327402795e-5,3.410729454707261e-7,500.00000001705354,228758.16993209074,1.4186410645507055,142857.14285366255,1.4812607287117358e-7,9.817179065417371e-11,-0.06119999998039918,true,0,0
low_seed,584,583,-4.7918001603984335,1.6151015711183417e-5,3.1796597934450615e-7,500.0000000158981,228758.16993226352,1.4186410562466372,142857.14285389832,1.38090848299276e-7,9.741921115254989e-11,-0.061199999981727204,true,0,0
low_seed,585,584,-4.790481649495876,1.6200124438108225e-5,2.964234687557141e-7,500.0000000148212,228758.1699324245,1.4186410485047953,142857.14285411814,1.2873505766551343e-7,9.536010045422155e-11,-0.06119999998296513,true,0,0
low_seed,586,585,-4.789167067387556,1.624923548739843e-5,2.7633956783725497e-7,500.0000000138171,228758.16993257464,1.4186410412871424,142857.1428543231,1.2001273288622904e-7,9.553925273428897e-11,-0.0611999999841193,true,0,0
low_seed,587,586,-4.787856391096807,1.6298348838472752e-5,2.5761558613933663e-7,500.00000001288043,228758.16993271466,1.4186410345582094,142857.14285451415,1.118810131263246e-7,9.485759388778216e-11,-0.06119999998519533,true,0,0
low_seed,588,587,-4.786549597843958,1.6347464471017004e-5,2.401595053491567e-7,500.0000000120079,228758.16993284514,1.4186410282849289,142857.14285469224,1.0429993544473517e-7,9.417379741382325e-11,-0.061199999986198565,true,0,0
low_seed,589,588,-4.785246665045056,1.6396582364945252e-5,2.238855286169884e-7,500.0000000111943,228758.16993296682,1.418641022436467,142857.1428548583,9.723223874749684e-8,9.318579461273127e-11,-0.061199999987133706,true,0,0
low_seed,590,589,-4.783947570309522,1.6445702500402016e-5,2.0871366029222616e-7,500.00000001043577,228758.1699330802,1.4186410169840755,142857.14285501314,9.0643181530587e-8,9.123372252726256e-11,-0.061199999988005606,true,0,0
low_seed,591,590,-4.782652291437396,1.6494824857781367e-5,1.9456931401970612e-7,500.00000000972835,228758.16993318597,1.4186410119009492,142857.14285515746,8.450037119459881e-8,9.055806481551247e-11,-0.06119999998881847,true,0,0
low_seed,592,591,-4.781360806418194,1.654394941768629e-5,1.8138294728435867e-7,500.00000000906937,228758.16993328452,1.418641007162098,142857.142855292,7.877360599202202e-8,9.086788461536203e-11,-0.06119999998957628,true,0,0
low_seed,593,592,-4.78007309342866,1.6593076160930673e-5,1.690897206218443e-7,500.0000000084547,228758.1699333764,1.4186410027442187,142857.14285541745,7.343472642486107e-8,9.01138671923995e-11,-0.0611999999902828,true,0,0
low_seed,594,593,-4.778789130829813,1.6642205068569585e-5,1.5762917983211651e-7,500.0000000078814,228758.1699334621,1.4186409986255855,142857.1428555344,6.845747763552326e-8,8.933744031972405e-11,-0.06119999999094137,true,0,0
low_seed,595,594,-4.777508897165651,1.6691336121867613e-5,1.469449596447019e-7,500.0000000073471,228758.169933542,1.418640994785943,142857.1428556434,6.381738038016687e-8,8.85135118143017e-11,-0.06119999999155545,true,0,0
low_seed,596,595,-4.776232371161119,1.674046930229614e-5,1.369845073895774e-7,500.00000000684935,228758.16993361647,1.418640991206405,142857.14285574507,5.949161154884364e-8,8.662200584554212e-11,-0.061199999992127836,true,0,0
low_seed,597,596,-4.774959531719353,1.67896045915598e-5,1.2769882532451398e-7,500.00000000638477,228758.1699336859,1.4186409878693629,142857.1428558398,5.5458891628757807e-8,8.590382717221592e-11,-0.06119999999266145,true,0,0
low_seed,598,597,-4.773690357920922,1.6838741971547066e-5,1.1904223036038867e-7,500.0000000059523,228758.16993375059,1.4186409847583972,142857.14285592813,5.1699380653570973e-8,8.513485763915595e-11,-0.06119999999315889,true,0,0
low_seed,599,598,-4.772424829021036,1.688788142436007e-5,1.1097213001145292e-7,500.00000000554854,228758.16993381086,1.418640981858204,142857.14285601047,4.8194580999400755e-8,8.437393368534884e-11,-0.061199999993622724,true,0,0
low_seed,600,599,-4.771162924447834,1.6937022932304168e-5,1.0344881347578718e-7,500.0000000051724,228758.16993386718,1.4186409791545114,142857.14285608724,4.492724654535364e-8,8.38568141850687e-11,-0.06119999999405504,true,0,0
low_seed,601,600,-4.769904623800474,1.6986166477885984e-5,9.643525682539977e-8,500.0000000048216,228758.16993391956,1.4186409766340138,142857.14285615884,4.188129790929732e-8,8.412555819966568e-11,-0.061199999994458104,true,0,0
low_seed,602,601,-4.768649906847721,1.7035312043792937e-5,8.989694135400802e-8,500.0000000044948,228758.16993396843,1.4186409742843074,142857.14285622552,3.904174385530829e-8,8.345183742314782e-11,-0.06119999999483382,true,0,0
low_seed,603,602,-4.76739875352524,1.7084459612924723e-5,8.380168419486372e-8,500.0000000041901,228758.16993401403,1.4186409720938231,142857.14285628774,3.6394607522738985e-8,8.282631886437888e-11,-0.0611999999951841,true,0,0
low_seed,604,603,-4.76615114393446,1.713360916836393e-5,7.811948038046536e-8,500.0000000039058,228758.1699340565,1.41864097005178,142857.14285634572,3.392685795907056e-8,8.204974699157517e-11,-0.06119999999551067,true,0,0
low_seed,605,604,-4.764907058340676,1.7182760693377882e-5,7.282235557219272e-8,500.0000000036412,228758.16993409613,1.418640968148126,142857.14285639976,3.162634599222572e-8,8.040526141107711e-11,-0.061199999995815095,true,0,0
low_seed,606,605,-4.763666477170554,1.723191417144488e-5,6.788422873975632e-8,500.00000000339435,228758.16993413304,1.4186409663734865,142857.1428564502,2.948174492450727e-8,8.082255051514959e-11,-0.06119999999609882,true,0,0
low_seed,607,606,-4.7624293810120895,1.7281069586184308e-5,6.328078411871805e-8,500.00000000316385,228758.1699341674,1.4186409647191234,142857.14285649714,2.7482494505239836e-8,8.013827255169971e-11,-0.061199999996363406,true,0,0
low_seed,608,607,-4.761195750611251,1.7330226921418886e-5,5.898935182016104e-8,500.0000000029494,228758.16993419954,1.4186409631768895,142857.14285654092,2.5618749242876383e-8,7.846520426910647e-11,-0.06119999999661008,true,0,0
low_seed,609,608,-4.759965566870377,1.737938616116895e-5,5.498879650813539e-8,500.00000000274946,228758.16993422943,1.4186409617391897,142857.14285658175,2.3881330188675894e-8,7.872175954718109e-11,-0.06119999999683994,true,0,0
low_seed,610,609,-4.758738810847962,1.7428547289591484e-5,5.125941360028465e-8,500.00000000256296,228758.16993425734,1.418640960398941,142857.1428566198,2.2261679902655035e-8,7.81512916967463e-11,-0.06119999999705428,true,0,0
low_seed,611,610,-4.757515463755587,1.7477710291034504e-5,4.778283248389173e-8,500.00000000238884,228758.16993428327,1.4186409591495452,142857.1428566553,2.075182002321819e-8,7.655506113140682e-11,-0.06119999999725407,true,0,0
low_seed,612,611,-4.7562955069561905,1.7526875150038756e-5,4.454192627346173e-8,500.0000000022272,228758.1699343075,1.4186409579848445,142857.14285668833,1.934431240479406e-8,7.687224894642601e-11,-0.061199999997440295,true,0,0
low_seed,613,612,-4.755078921963999,1.757604185127343e-5,4.152072766812599e-8,500.00000000207626,228758.1699343301,1.418640956899101,142857.14285671918,1.8032222569853774e-8,7.618885247806098e-11,-0.061199999997613906,true,0,0
low_seed,614,613,-4.7538656904414225,1.7625210379594867e-5,3.870435049710235e-8,500.000000001935,228758.16993435117,1.4186409558869646,142857.1428567479,1.6809085475311168e-8,7.461245177029207e-11,-0.0611999999977758,true,0,0
low_seed,615,614,-4.752655794197529,1.767438072004302e-5,3.607891656888162e-8,500.00000000180404,228758.16993437076,1.418640954943449,142857.14285677474,1.5668874075469354e-8,7.502771794462565e-11,-0.061199999997926684,true,0,0
low_seed,616,615,-4.751449215188139,1.772355285777234e-5,3.36314874659402e-8,500.00000000168137,228758.16993438912,1.4186409540639042,142857.14285679968,1.4605969138590143e-8,7.344586410229106e-11,-0.06119999999806727,true,0,0
low_seed,617,616,-4.7502459355117805,1.777272677815215e-5,3.135000095107823e-8,500.00000000156734,228758.16993440618,1.4186409532439954,142857.14285682296,1.3615132245741588e-8,7.384814985510838e-11,-0.061199999998198425,true,0,0
low_seed,618,617,-4.749045937410702,1.78219024666617e-5,2.9223211673607197e-8,500.0000000014612,228758.16993442207,1.4186409524796795,142857.14285684464,1.2691479368239856e-8,7.329067747594112e-11,-0.06119999999832065,true,0,0
low_seed,619,618,-4.747849203267553,1.78710799089628e-5,2.724063588514704e-8,500.0000000013621,228758.16993443685,1.4186409517671912,142857.14285686487,1.183045772380256e-8,7.271731705694336e-11,-0.061199999998434555,true,0,0
low_seed,620,619,-4.746655715604729,1.792025909086471e-5,2.5392499893963367e-8,500.0000000012697,228758.16993445065,1.4186409511030178,142857.14285688376,1.1027822439835002e-8,7.21983634092428e-11,-0.06119999999854074,true,0,0
low_seed,621,620,-4.745465457082971,1.796943999831963e-5,2.3669692005323477e-8,500.00000000118365,228758.16993446354,1.4186409504838835,142857.14285690137,1.0279616495428324e-8,7.055288931540254e-11,-0.06119999999863977,true,0,0
low_seed,622,621,-4.744278410499174,1.8018622617452396e-5,2.2063717712312387e-8,500.00000000110316,228758.16993447556,1.4186409499067365,142857.1428569177,9.582150759789203e-9,6.993694611627622e-11,-0.06119999999873204,true,0,0
low_seed,623,622,-4.743094558785889,1.8067806934520585e-5,2.0566657917410024e-8,500.0000000010282,228758.16993448677,1.4186409493687302,142857.14285693297,8.93198595932339e-9,7.038122191638904e-11,-0.061199999998818116,true,0,0
low_seed,624,623,-4.741913885009892,1.8116992935913877e-5,1.9171129980056072e-8,500.00000000095844,228758.16993449721,1.4186409488672123,142857.1428569472,8.325915898344004e-9,6.994195917446054e-11,-0.0611999999988983,true,0,0
low_seed,625,624,-4.740736372370046,1.8166180608183833e-5,1.7870251399198625e-8,500.00000000089364,228758.16993450694,1.4186409483997084,142857.1428569605,7.760951547673744e-9,6.930592874446282e-11,-0.06119999999897309,true,0,0
low_seed,626,625,-4.739562004196604,1.8215369938014254e-5,1.665760595269312e-8,500.0000000008328,228758.169934516,1.418640947963914,142857.14285697287,7.234306290439364e-9,6.777261304977334e-11,-0.061199999999042756,true,0,0
low_seed,627,626,-4.738390763949196,1.8264560912247564e-5,1.552721212752432e-8,500.0000000007764,228758.16993452446,1.418640947557679,142857.1428569844,6.74338251792395e-9,6.734469779166716e-11,-0.06119999999910766,true,0,0
low_seed,628,627,-4.737222635216331,1.8313753517848184e-5,1.4473493685953e-8,500.0000000007235,228758.16993453234,1.418640947178998,142857.14285699517,6.285758418284198e-9,6.768053190333759e-11,-0.06119999999916821,true,0,0
low_seed,629,628,-4.736057601713876,1.836294774190948e-5,1.3491252223225123e-8,500.00000000067473,228758.16993453962,1.418640946826006,142857.14285700518,5.8591763081911425e-9,6.735629529271543e-11,-0.061199999999224784,true,0,0
low_seed,630,629,-4.734895647283307,1.84121435716712e-5,1.2575641582183715e-8,500.000000000629,228758.16993454655,1.418640946496958,142857.14285701452,5.461531735932468e-9,6.666518535146312e-11,-0.06119999999927727,true,0,0
low_seed,631,630,-4.73373675589066,1.8461340994508243e-5,1.1722143999225045e-8,500.00000000058634,228758.1699345529,1.4186409461902318,142857.14285702322,5.090862391648978e-9,6.622162072873205e-11,-0.06119999999932634,true,0,0
low_seed,632,631,-4.732580911625477,1.851053999792009e-5,1.092654786453843e-8,500.0000000005463,228758.16993455883,1.4186409459043152,142857.14285703134,4.7453394283894105e-9,6.569450018274726e-11,-0.061199999999372104,true,0,0
low_seed,633,632,-4.731428098699351,1.8559740569538012e-5,1.0184926987473e-8,500.00000000050903,228758.1699345644,1.4186409456377949,142857.14285703894,4.423257529539304e-9,6.508500258303915e-11,-0.061199999999414764,true,0,0
low_seed,634,633,-4.730278301444706,1.8608942697123012e-5,9.493621265240399e-9,500.00000000047487,228758.16993456954,1.418640945389357,142857.14285704604,4.123027290635531e-9,6.467496521416304e-11,-0.06119999999945452,true,0,0
low_seed,635,634,-4.729131504313854,1.865814636855244e-5,8.84921866004602e-9,500.00000000044247,228758.16993457434,1.4186409451577742,142857.1428570526,3.843166829718672e-9,6.331509651595098e-11,-0.061199999999491474,true,0,0
low_seed,636,635,-4.727987691876952,1.8707351571854798e-5,8.24853839616402e-9,500.00000000041223,228758.16993457882,1.4186409449419048,142857.1428570587,3.5822946513109223e-9,6.37208400885212e-11,-0.06119999999952599,true,0,0
low_seed,637,636,-4.726846848822299,1.8756558295144193e-5,7.688615294418577e-9,500.00000000038426,228758.16993458304,1.4186409447406818,142857.14285706438,3.339123185423057e-9,6.318431166436449e-11,-0.06119999999955822,true,0,0
low_seed,638,637,-4.725708959953714,1.8805766526681376e-5,7.166685167168383e-9,500.000000000358,228758.16993458694,1.4186409445531136,142857.14285706973,3.1124518443975563e-9,6.265519162161707e-11,-0.061199999999588146,true,0,0
low_seed,639,638,-4.724574010190253,1.8854976254834557e-5,6.6801712020224716e-9,500.00000000033407,228758.16993459055,1.4186409443782726,142857.14285707468,2.9011615262427983e-9,6.1287064166184e-11,-0.06119999999961612,true,0,0
low_seed,640,639,-4.723441984564199,1.8904187468115434e-5,6.226671267422765e-9,500.0000000003114,228758.16993459396,1.4186409442152956,142857.14285707928,2.704208925101666e-9,6.185995675317228e-11,-0.061199999999642166,true,0,0
low_seed,641,640,-4.722312868221471,1.8953400155111137e-5,5.8039460777050915e-9,500.00000000029013,228758.16993459713,1.4186409440633792,142857.14285708367,2.520621709614785e-9,6.116860782470181e-11,-0.061199999999666424,true,0,0
low_seed,642,641,-4.721186646418927,1.900261430455128e-5,5.4099081595120135e-9,500.0000000002705,228758.1699346001,1.4186409439217722,142857.14285708766,2.349493219119957e-9,5.991274558938445e-11,-0.061199999999689135,true,0,0
low_seed,643,642,-4.720063304523787,1.905182990528392e-5,5.042611565313771e-9,500.0000000002519,228758.16993460286,1.4186409437897738,142857.1428570914,2.189978413477231e-9,5.946415315315676e-11,-0.06119999999971021,true,0,0
low_seed,644,643,-4.718942828012864,1.9101046946260382e-5,4.700242283493398e-9,500.00000000023505,228758.1699346054,1.4186409436667355,142857.1428570949,2.041289244297441e-9,5.98242498469326e-11,-0.06119999999972996,true,0,0
low_seed,645,644,-4.7178252024716425,1.9150265416526717e-5,4.381109297859815e-9,500.000000000219,228758.16993460772,1.4186409435520473,142857.14285709814,1.902691569094637e-9,5.864660524116825e-11,-0.0611999999997483,true,0,0
low_seed,646,645,-4.716710413591991,1.9199485305276573e-5,4.083636252642954e-9,500.00000000020395,228758.16993460996,1.418640943445142,142857.1428571012,1.7735007153800236e-9,5.90538839658914e-11,-0.061199999999765366,true,0,0
low_seed,647,646,-4.715598447172843,1.9248706601773498e-5,3.806353681979323e-9,500.0000000001902,228758.16993461203,1.4186409433454945,142857.14285710402,1.6530783948143143e-9,5.860353882595051e-11,-0.0611999999997813,true,0,0
low_seed,648,647,-4.71448928911775,1.92979292954119e-5,3.5478917657023067e-9,500.0000000001773,228758.169934614,1.4186409432526093,142857.14285710664,1.5408298102255435e-9,5.829236603896767e-11,-0.06119999999979609,true,0,0
low_seed,649,648,-4.713382925434619,1.9347153375682102e-5,3.3069735757979296e-9,500.00000000016536,228758.16993461578,1.4186409431660294,142857.14285710914,1.436200376895869e-9,5.770850268656495e-11,-0.06119999999980996,true,0,0
low_seed,650,649,-4.7122793422343285,1.9396378832185608e-5,3.0824087803232058e-9,500.00000000015416,228758.16993461747,1.418640943085326,142857.1428571114,1.3386731188775717e-9,5.7418365050769826e-11,-0.06119999999982281,true,0,0
low_seed,651,650,-4.711178525730043,1.9445605654619838e-5,2.8730877738156008e-9,500.0000000001436,228758.169934619,1.4186409430101021,142857.14285711353,1.2477661617417847e-9,5.695193414653628e-11,-0.06119999999983491,true,0,0
low_seed,652,651,-4.710080462235952,1.9494833832789023e-5,2.6779762053251062e-9,500.0000000001338,228758.16993462053,1.4186409429399829,142857.14285711554,1.1630303217599478e-9,5.653666014589385e-11,-0.06119999999984611,true,0,0
low_seed,653,652,-4.7089851381664465,1.9544063356596324e-5,2.4961098771478517e-9,500.0000000001249,228758.1699346219,1.418640942874625,142857.1428571174,1.0840467915179947e-9,5.618582443044474e-11,-0.061199999999856515,true,0,0
low_seed,654,653,-4.707892540035142,1.9593294216043012e-5,2.3265899891648624e-9,500.0000000001165,228758.1699346231,1.4186409428137037,142857.1428571191,1.0104252112615112e-9,5.5707117309916216e-11,-0.061199999999866285,true,0,0
low_seed,655,654,-4.706802654453841,1.9642526401231238e-5,2.1685787053861472e-9,500.00000000010846,228758.1699346243,1.418640942756919,142857.14285712075,9.418017402408834e-10,5.531247739747393e-11,-0.06119999999987541,true,0,0
low_seed,656,655,-4.705715468131708,1.9691759902357515e-5,2.021295020883217e-9,500.00000000010095,228758.16993462536,1.4186409427039888,142857.14285712226,8.778373209219253e-10,5.4833128826266354e-11,-0.06119999999988384,true,0,0
low_seed,657,656,-4.704630967874226,1.974099470971675e-5,1.884010908770472e-9,500.00000000009425,228758.16993462646,1.418640942654652,142857.14285712363,8.182155574655159e-10,5.447374285483501e-11,-0.06119999999989175,true,0,0
low_seed,658,657,-4.70354914058238,1.979023081369635e-5,1.7560477282707772e-9,500.0000000000876,228758.16993462737,1.4186409426086655,142857.14285712494,7.62641847832929e-10,5.413599227880611e-11,-0.061199999999899085,true,0,0
low_seed,659,658,-4.702469973251712,1.9839468204776867e-5,1.6367728761850719e-9,500.00000000008185,228758.1699346283,1.4186409425658013,142857.14285712613,7.108414551309474e-10,5.367009384788104e-11,-0.06119999999990588,true,0,0
low_seed,660,659,-4.701393452971354,1.9888706873533882e-5,1.5255966652817426e-9,500.00000000007657,228758.16993462914,1.4186409425258466,142857.1428571273,6.625582539861956e-10,5.330652837270865e-11,-0.06119999999991233,true,0,0
low_seed,661,660,-4.700319566923271,1.9937946810631124e-5,1.4219694142371856e-9,500.0000000000711,228758.1699346299,1.4186409424886057,142857.14285712832,6.175534769194675e-10,5.283598924472679e-11,-0.06119999999991828,true,0,0
low_seed,662,661,-4.699248302381367,1.9987188006820056e-5,1.325378734799072e-9,500.0000000000663,228758.1699346306,1.418640942453894,142857.14285712934,5.756046535855436e-10,5.168869586701756e-11,-0.06119999999992384,true,0,0
low_seed,663,662,-4.698179646710127,2.0036430452961384e-5,1.2353470028147386e-9,500.0000000000618,228758.16993463127,1.4186409424215383,142857.14285713024,5.3650435714751e-10,5.2217932558756164e-11,-0.06119999999992901,true,0,0
low_seed,664,663,-4.69711358736496,2.008567413996888e-5,1.1514290006678777e-9,500.00000000005736,228758.1699346319,1.4186409423913813,142857.14285713108,5.000592399493149e-10,5.172119319256165e-11,-0.061199999999933793,true,0,0
low_seed,665,664,-4.696050111890013,2.0134919058869957e-5,1.0732097195163643e-9,500.0000000000539,228758.16993463252,1.4186409423632704,142857.1428571319,4.660890691883211e-10,5.135340768970411e-11,-0.06119999999993833,true,0,0
low_seed,666,665,-4.6949892079181,2.0184165200769407e-5,1.000302310501692e-9,500.0000000000499,228758.16993463304,1.4186409423370687,142857.14285713265,4.3442576258785776e-10,5.10323695212525e-11,-0.06119999999994251,true,0,0
low_seed,667,666,-4.6939308631696655,2.0233412556857967e-5,9.323461748406402e-10,500.0000000000467,228758.16993463348,1.4186409423126471,142857.14285713335,4.0491280980075345e-10,5.0822998022052335e-11,-0.06119999999994646,true,0,0
low_seed,668,667,-4.692875065452181,2.0282661118401374e-5,8.690051833886781e-10,500.0000000000436,228758.16993463397,1.4186409422898851,142857.14285713396,3.774041152163908e-10,4.9503465973571904e-11,-0.061199999999950065,true,0,0
low_seed,669,668,-4.691821802658535,2.0331910876776887e-5,8.099660169041733e-10,500.0000000000406,228758.16993463447,1.4186409422686665,142857.14285713463,3.5176380509522346e-10,4.998627277817078e-11,-0.06119999999995336,true,0,0
low_seed,670,669,-4.690771062767661,2.038116182340556e-5,7.549366188333361e-10,500.00000000003786,228758.16993463488,1.4186409422488908,142857.14285713513,3.278647810775865e-10,4.9673352880992334e-11,-0.061199999999956636,true,0,0
low_seed,671,670,-4.689722833842417,2.0430413949813503e-5,7.036447529946042e-10,500.00000000003524,228758.16993463523,1.4186409422304582,142857.14285713568,3.055890094819444e-10,4.944899416694347e-11,-0.06119999999995955,true,0,0
low_seed,672,671,-4.68867710402949,2.0479667247598914e-5,6.558366590516526e-10,500.00000000003297,228758.16993463557,1.4186409422132766,142857.14285713615,2.8482626767919214e-10,4.903779282873052e-11,-0.0611999999999623,true,0,0
low_seed,673,672,-4.687633861558394,2.0528921708441904e-5,6.112757991500831e-10,500.00000000003035,228758.16993463598,1.4186409421972634,142857.14285713664,2.6547366192892846e-10,4.8587113591221195e-11,-0.06119999999996487,true,0,0
low_seed,674,673,-4.68659309474077,2.057817732410069e-5,5.697416895392505e-10,500.00000000002854,228758.16993463624,1.418640942182336,142857.14285713705,2.474356273794609e-10,4.8220360540828976e-11,-0.06119999999996722,true,0,0
low_seed,675,674,-4.68555479196965,2.062743408640972e-5,5.310288114199359e-10,500.0000000000268,228758.16993463656,1.4186409421684243,142857.14285713743,2.306228673075978e-10,4.7921300337149895e-11,-0.06119999999996946,true,0,0
low_seed,676,675,-4.684518941718812,2.0676691987273966e-5,4.949455956484762e-10,500.0000000000245,228758.16993463683,1.4186409421554564,142857.1428571378,2.1495216025315912e-10,4.682900052584867e-11,-0.061199999999971555,true,0,0
low_seed,677,676,-4.683485532541592,2.0725951018689627e-5,4.6131347629189187e-10,500.0000000000232,228758.1699346371,1.4186409421433703,142857.14285713813,2.003458778552468e-10,4.6360567892940237e-11,-0.06119999999997352,true,0,0
low_seed,678,677,-4.682454553070749,2.0775211172714894e-5,4.29966008366762e-10,500.0000000000215,228758.16993463726,1.4186409421321047,142857.14285713845,1.8673188841950104e-10,4.610549807283798e-11,-0.06119999999997531,true,0,0
low_seed,679,678,-4.681425992017471,2.082447244148205e-5,4.0074804541215237e-10,500.00000000002007,228758.16993463752,1.418640942121605,142857.14285713874,1.740426890233835e-10,4.5709821095447954e-11,-0.06119999999997692,true,0,0
low_seed,680,679,-4.6803998381705885,2.0873734817200165e-5,3.7351497284033e-10,500.00000000001876,228758.1699346377,1.4186409421118173,142857.14285713903,1.622155019489261e-10,4.5372968736073326e-11,-0.06119999999997851,true,0,0
low_seed,681,680,-4.679376080395873,2.0922998292154268e-5,3.4813199328430247e-10,500.00000000001745,228758.16993463793,1.418640942102696,142857.14285713932,1.5119179251899982e-10,4.587686157913948e-11,-0.06119999999998,true,0,0
low_seed,682,681,-4.678354707635868,2.0972262858678883e-5,3.244734604172859e-10,500.00000000001603,228758.1699346381,1.4186409420941934,142857.14285713955,1.4091707623182327e-10,4.484412173973906e-11,-0.06119999999998141,true,0,0
low_seed,683,682,-4.677335708907969,2.102152850921673e-5,3.0242225795855197e-10,500.0000000000152,228758.16993463825,1.4186409420862682,142857.14285713978,1.3134034016448437e-10,4.535995456684581e-11,-0.06119999999998258,true,0,0
low_seed,684,683,-4.6763190733054385,2.1070795236235972e-5,2.818692208011766e-10,500.00000000001387,228758.16993463843,1.418640942078882,142857.14285714,1.224142358384349e-10,4.414006948194864e-11,-0.06119999999998372,true,0,0
low_seed,685,684,-4.675304789994948,2.1120063032315635e-5,2.6271259540731583e-10,500.000000000013,228758.16993463854,1.4186409420719985,142857.1428571402,1.1409459705575844e-10,4.395819664270196e-11,-0.06119999999998486,true,0,0
low_seed,686,685,-4.6742928482172434,2.116933189008052e-5,2.448575368072625e-10,500.00000000001216,228758.1699346387,1.4186409420655814,142857.14285714034,1.0634024703367808e-10,4.438970264371459e-11,-0.06119999999998594,true,0,0
low_seed,687,686,-4.673283237286264,2.121860180221088e-5,2.2821563972139635e-10,500.0000000000112,228758.16993463883,1.4186409420596002,142857.14285714054,9.911280553906406e-11,4.329895886899652e-11,-0.061199999999986855,true,0,0
low_seed,688,687,-4.672275946587628,2.1267872761483907e-5,2.1270450149103368e-10,500.00000000001074,228758.16993463892,1.4186409420540258,142857.1428571407,9.237639959019452e-11,4.292828747305399e-11,-0.061199999999987695,true,0,0
low_seed,689,688,-4.6712709655790094,2.1317144760723085e-5,1.9824731466091853e-10,500.0000000000099,228758.16993463904,1.4186409420488308,142857.1428571408,8.609775988950284e-11,4.2735462235198755e-11,-0.06119999999998856,true,0,0
low_seed,690,689,-4.67026828378894,2.136641779282494e-5,1.847724872031547e-10,500.000000000009,228758.16993463918,1.4186409420439887,142857.14285714098,8.02456422270983e-11,4.332656602204405e-11,-0.06119999999998937,true,0,0
low_seed,691,690,-4.669267890816781,2.1415691850728587e-5,1.722132885077451e-10,500.0000000000086,228758.1699346392,1.4186409420394754,142857.14285714112,7.479130964449981e-11,4.217599133384147e-11,-0.061199999999990026,true,0,0
low_seed,692,691,-4.668269776330827,2.1464966927477722e-5,1.6050751939268259e-10,500.00000000000813,228758.1699346393,1.418640942035268,142857.1428571412,6.970756810716992e-11,4.267446463404867e-11,-0.06119999999999077,true,0,0
low_seed,693,692,-4.667273930069336,2.1514243016138785e-5,1.495972045041213e-10,500.0000000000073,228758.16993463945,1.4186409420313468,142857.14285714133,6.496924866824838e-11,4.244425422641293e-11,-0.0611999999999914,true,0,0
low_seed,694,693,-4.666280341838684,2.1563520109861206e-5,1.394283055887062e-10,500.0000000000067,228758.16993463945,1.4186409420276929,142857.1428571414,6.055291817031251e-11,4.209629535374837e-11,-0.06119999999999201,true,0,0
low_seed,695,694,-4.665289001513235,2.161279820185328e-5,1.2995045422197068e-10,500.0000000000063,228758.1699346396,1.4186409420242871,142857.14285714156,5.643678281263086e-11,4.186811436437187e-11,-0.0611999999999925,true,0,0
low_seed,696,695,-4.664299899034757,2.166207728538099e-5,1.211167026733855e-10,500.00000000000585,228758.16993463962,1.4186409420211121,142857.14285714165,5.2600302420176865e-11,4.156931360208602e-11,-0.06119999999999299,true,0,0
low_seed,697,696,-4.66331302441183,2.1711357353767087e-5,1.1288329167784137e-10,500.00000000000546,228758.16993463968,1.4186409420181534,142857.1428571417,4.902457617461564e-11,4.051559125903612e-11,-0.0611999999999935,true,0,0
low_seed,698,697,-4.662328367718907,2.1760638400408626e-5,1.052094339668062e-10,500.000000000005,228758.16993463977,1.4186409420153951,142857.14285714176,4.5691860450570896e-11,4.01779533062859e-11,-0.061199999999993974,true,0,0
low_seed,699,698,-4.6613459190962026,2.1809920418752676e-5,9.805711249003883e-11,500.000000000005,228758.16993463977,1.4186409420128248,142857.14285714185,4.25856652483718e-11,4.075498689401835e-11,-0.06119999999999435,true,0,0
low_seed,700,699,-4.660365668749212,2.1859203402291157e-5,9.139089233141639e-11,500.00000000000455,228758.1699346398,1.4186409420104296,142857.14285714194,3.969056132855975e-11,4.0531024342864455e-11,-0.06119999999999476,true,0,0
low_seed,701,700,-4.659387606947547,2.1908487344590347e-5,8.517774538989632e-11,500.00000000000415,228758.16993463988,1.418640942008197,142857.14285714197,3.6992180211888574e-11,4.023544364181508e-11,-0.061199999999995064,true,0,0
low_seed,702,701,-4.658411724024909,2.1957772239263404e-5,7.938688695950854e-11,500.00000000000415,228758.16993463994,1.4186409420061155,142857.14285714203,3.447731061207118e-11,3.915104335134088e-11,-0.06119999999999543,true,0,0
low_seed,703,702,-4.657438010377905,2.2007058080001777e-5,7.398962340125697e-11,500.0000000000037,228758.16993463994,1.4186409420041748,142857.1428571421,3.213331983929987e-11,3.97385363183769e-11,-0.061199999999995765,true,0,0
low_seed,704,703,-4.656466456466626,2.205634486051735e-5,6.89592101542528e-11,500.00000000000324,228758.16993464003,1.4186409420023682,142857.14285714214,2.994863596397954e-11,3.939378834421261e-11,-0.061199999999996,true,0,0
low_seed,705,704,-4.655497052812929,2.21056325746018e-5,6.427071938477234e-11,500.00000000000324,228758.16993464006,1.4186409420006836,142857.1428571422,2.7912458518487918e-11,3.90813367712307e-11,-0.061199999999996244,true,0,0
low_seed,706,705,-4.654529790000601,2.2154921216090083e-5,5.990091661913318e-11,500.00000000000284,228758.16993464006,1.4186409419991122,142857.14285714223,2.6014662064428874e-11,3.816589537799293e-11,-0.0611999999999966,true,0,0
low_seed,707,706,-4.653564658674249,2.2204210778889832e-5,5.58281457509461e-11,500.00000000000284,228758.16993464011,1.4186409419976496,142857.1428571423,2.4245892625379185e-11,3.872722524405136e-11,-0.06119999999999674,true,0,0
low_seed,708,707,-4.652601649539732,2.2253501256931618e-5,5.203222185441299e-11,500.00000000000284,228758.16993464011,1.4186409419962849,142857.14285714232,2.2597278388648595e-11,3.846690602675369e-11,-0.06119999999999698,true,0,0
low_seed,709,708,-4.651640753362751,2.2302792644214063e-5,4.8494331274086675e-11,500.0000000000023,228758.16993464014,1.4186409419950134,142857.14285714235,2.106081543626647e-11,3.733408664803859e-11,-0.06119999999999722,true,0,0
low_seed,710,709,-4.650681960968276,2.235208493480642e-5,4.519693849724516e-11,500.0000000000023,228758.16993464023,1.418640941993828,142857.1428571424,1.9628789148501923e-11,3.7913106388750775e-11,-0.06119999999999745,true,0,0
low_seed,711,710,-4.64972526324111,2.240137812279289e-5,4.2123699348595264e-11,500.0000000000023,228758.16993464014,1.4186409419927228,142857.14285714243,1.8294063502103794e-11,3.755503663203973e-11,-0.06119999999999762,true,0,0
low_seed,712,711,-4.648770651124261,2.245067220232989e-5,3.925938007835811e-11,500.0000000000019,228758.16993464023,1.4186409419916945,142857.14285714246,1.7050177503047325e-11,3.663811130426398e-11,-0.0611999999999978,true,0,0
low_seed,713,712,-4.647818115618636,2.249996716763591e-5,3.658978194367666e-11,500.0000000000019,228758.1699346402,1.4186409419907358,142857.14285714246,1.5890766590054277e-11,3.723493541886413e-11,-0.06119999999999785,true,0,0
low_seed,714,713,-4.646867647783355,2.254926301294903e-5,3.4101670910559725e-11,500.0000000000019,228758.1699346403,1.4186409419898411,142857.14285714252,1.4810141231072858e-11,3.705984766332881e-11,-0.06119999999999804,true,0,0
low_seed,715,714,-4.645919238734396,2.2598559732571595e-5,3.178271212888472e-11,500.0000000000014,228758.1699346403,1.4186409419890071,142857.14285714255,1.3803094057784435e-11,3.595345522496231e-11,-0.06119999999999814,true,0,0
low_seed,716,715,-4.6449728796440235,2.2647857320874125e-5,2.962140885645094e-11,500.0000000000014,228758.1699346403,1.4186409419882309,142857.14285714255,1.2864417701870285e-11,3.656529198880027e-11,-0.06119999999999831,true,0,0
low_seed,717,716,-4.644028561741388,2.2697155772239047e-5,2.7607045530109658e-11,500.0000000000014,228758.16993464032,1.4186409419875077,142857.14285714258,1.1989579824238176e-11,3.6284317204901085e-11,-0.0611999999999984,true,0,0
low_seed,718,717,-4.643086276310875,2.2746455081121453e-5,2.572963470254716e-11,500.0000000000014,228758.16993464032,1.4186409419868322,142857.1428571426,1.1174240951289115e-11,3.6096232724443274e-11,-0.061199999999998506,true,0,0
low_seed,719,718,-4.642146014692374,2.2795755242010194e-5,2.397986758225997e-11,500.0000000000014,228758.16993464032,1.4186409419862036,142857.14285714264,1.0414350907664011e-11,3.502515231119865e-11,-0.06119999999999863,true,0,0
low_seed,720,719,-4.6412077682801005,2.284505624946497e-5,2.2349067932191776e-11,500.00000000000097,228758.16993464032,1.4186409419856176,142857.14285714264,9.70605238349703e-12,3.5563194348923026e-11,-0.0611999999999987,true,0,0
low_seed,721,720,-4.640271528523342,2.2894358098052667e-5,2.0829149098995955e-11,500.00000000000097,228758.16993464038,1.4186409419850707,142857.1428571426,9.045970232655555e-12,3.4577303958469503e-11,-0.0611999999999988,true,0,0
low_seed,722,721,-4.639337286924536,2.2943660782423967e-5,1.9412573960466115e-11,500.00000000000097,228758.16993464038,1.4186409419845616,142857.14285714267,8.430729309006937e-12,3.440003626678684e-11,-0.06119999999999892,true,0,0
low_seed,723,722,-4.6384050350398764,2.2992964297257617e-5,1.8092317592967083e-11,500.00000000000097,228758.16993464038,1.4186409419840877,142857.14285714267,7.857436630151759e-12,3.487649564340287e-11,-0.06119999999999899,true,0,0
low_seed,724,723,-4.637474764478782,2.304226863726436e-5,1.686183247425977e-11,500.00000000000097,228758.16993464043,1.4186409419836457,142857.1428571427,7.323006348197267e-12,3.400412586791911e-11,-0.061199999999999095,true,0,0
low_seed,725,724,-4.636546466902598,2.3091573797231964e-5,1.5715016049587433e-11,500.00000000000097,228758.16993464038,1.4186409419832338,142857.14285714272,6.824931211730607e-12,3.447226612298395e-11,-0.06119999999999922,true,0,0
low_seed,726,725,-4.635620134025499,2.3140879771954108e-5,1.4646180500547976e-11,500.00000000000057,228758.16993464043,1.4186409419828492,142857.1428571427,6.360800402085556e-12,3.350619795214146e-11,-0.06119999999999919,true,0,0
low_seed,727,726,-4.634695757612691,2.3190186556302334e-5,1.3650024567246618e-11,500.00000000000057,228758.16993464046,1.4186409419824901,142857.1428571427,5.928106667849218e-12,3.3290740400177214e-11,-0.061199999999999234,true,0,0
low_seed,728,727,-4.633773329481002,2.3239494145171547e-5,1.272160728427557e-11,500.00000000000057,228758.16993464046,1.4186409419821575,142857.14285714272,5.524921354088605e-12,3.3162086179202386e-11,-0.06119999999999932,true,0,0
low_seed,729,728,-4.632852841497951,2.3288802533507065e-5,1.1856323500610788e-11,500.00000000000057,228758.16993464046,1.4186409419818464,142857.14285714272,5.149122940377407e-12,3.361136230585837e-11,-0.06119999999999944,true,0,0
low_seed,730,729,-4.631934285581688,2.333811171628468e-5,1.1049881062280633e-11,500.00000000000057,228758.16993464038,1.4186409419815567,142857.14285714272,4.798879204529264e-12,3.342327548380231e-11,-0.0611999999999994,true,0,0
low_seed,731,730,-4.631017653700122,2.3387421688535105e-5,1.0298279544916324e-11,500.00000000000057,228758.16993464046,1.4186409419812869,142857.14285714275,4.472454357104461e-12,3.331552077272366e-11,-0.06119999999999944,true,0,0
low_seed,732,731,-4.630102937870877,2.3436732445323926e-5,9.597790430931518e-12,500.00000000000057,228758.16993464043,1.4186409419810349,142857.14285714275,4.16830547415658e-12,3.307531555281322e-11,-0.061199999999999484,true,0,0
low_seed,733,732,-4.629190130160707,2.3486043981760818e-5,8.944938633243146e-12,500.00000000000057,228758.16993464043,1.4186409419808006,142857.14285714275,3.884696766245888e-12,3.2958564868973066e-11,-0.06119999999999954,true,0,0
low_seed,734,733,-4.628279222685234,2.3535356292991757e-5,8.336485274091087e-12,500.00000000000057,228758.16993464043,1.4186409419805812,142857.14285714278,3.6204710404125704e-12,3.2631565061392214e-11,-0.06119999999999957,true,0,0
low_seed,735,734,-4.627370207608395,2.358466937420711e-5,7.76941163372792e-12,500.00000000000057,228758.16993464046,1.4186409419803785,142857.14285714278,3.374181805456844e-12,3.238946460977237e-11,-0.06119999999999957,true,0,0
low_seed,736,735,-4.626463077142165,2.3633983220635e-5,7.2409041895303895e-12,500.00000000000057,228758.16993464043,1.4186409419801882,142857.14285714278,3.144671868418884e-12,3.227156246727214e-11,-0.06119999999999964,true,0,0
low_seed,737,736,-4.625557823546156,2.368329782754137e-5,6.748340671482777e-12,500.00000000000057,228758.16993464046,1.4186409419800106,142857.14285714278,2.930784036338861e-12,3.210901122898843e-11,-0.06119999999999964,true,0,0
low_seed,738,737,-4.6246544391272,2.37326131902317e-5,6.28927706500573e-12,500.0000000000001,228758.16993464052,1.4186409419798456,142857.14285714278,2.7313611162569413e-12,3.185564229453179e-11,-0.06119999999999966,true,0,0
low_seed,739,738,-4.62375291623895,2.3781929304051302e-5,5.8614354967925946e-12,500.0000000000001,228758.16993464052,1.418640941979692,142857.1428571428,2.5456316461999065e-12,3.1663265371530054e-11,-0.06119999999999978,true,0,0
low_seed,740,739,-4.622853247281566,2.383124616438175e-5,5.462692943681056e-12,500.0000000000001,228758.16993464046,1.418640941979548,142857.14285714278,2.3724384332079168e-12,3.1431634760737544e-11,-0.061199999999999734,true,0,0
low_seed,741,740,-4.621955424701278,2.3880563766643813e-5,5.091070708661469e-12,500.0000000000001,228758.16993464046,1.4186409419794146,142857.14285714278,2.2110100153077486e-12,3.1307873053974116e-11,-0.061199999999999734,true,0,0
low_seed,742,741,-4.6210594409900745,2.3929882106294117e-5,4.744724611917782e-12,500.0000000000001,228758.16993464052,1.4186409419792911,142857.14285714284,2.0605749305261756e-12,3.1213116356148193e-11,-0.061199999999999734,true,0,0
low_seed,743,742,-4.6201652886854285,2.397920117881942e-5,4.421935848334257e-12,500.0000000000001,228758.16993464046,1.418640941979175,142857.14285714278,1.920458149636625e-12,3.011860541118951e-11,-0.06119999999999979,true,0,0
low_seed,744,743,-4.61927296036944,2.4028520979763867e-5,4.121102466201139e-12,500.0000000000001,228758.16993464052,1.4186409419790669,142857.14285714278,1.7897917779192129e-12,3.0005423222343366e-11,-0.0611999999999998,true,0,0
low_seed,745,744,-4.618382448669141,2.4077841504691765e-5,3.840731424919216e-12,500.0000000000001,228758.16993464046,1.418640941978966,142857.14285714284,1.6679972188940176e-12,3.0541821870038627e-11,-0.061199999999999824,true,0,0
low_seed,746,745,-4.617493746255989,2.4127162749195886e-5,3.579431192379727e-12,500.0000000000001,228758.16993464046,1.4186409419788715,142857.14285714278,1.5544958760811167e-12,3.0361615989169835e-11,-0.061199999999999824,true,0,0
low_seed,747,746,-4.6166068458451255,2.4176484708918294e-5,3.3359048453572096e-12,500.0000000000001,228758.16993464055,1.4186409419787847,142857.1428571428,1.4488055857472419e-12,3.009455879408877e-11,-0.06119999999999976,true,0,0
low_seed,748,747,-4.61572174019533,2.42258073795336e-5,3.108943638744511e-12,500.0000000000001,228758.16993464046,1.4186409419787025,142857.1428571428,1.3501548859191585e-12,3.001128325190422e-11,-0.061199999999999845,true,0,0
low_seed,749,748,-4.6148384221087975,2.4275130756741606e-5,2.8974210117823317e-12,500.0000000000001,228758.16993464046,1.4186409419786272,142857.1428571428,1.2583509111035613e-12,2.9019468159577484e-11,-0.06119999999999986,true,0,0
low_seed,750,749,-4.6139568844302685,2.432445483629663e-5,2.7002870015973866e-12,500.0000000000001,228758.16993464055,1.418640941978555,142857.1428571428,1.1727186320738692e-12,2.8908756398577537e-11,-0.061199999999999845,true,0,0
low_seed,751,750,-4.613077120047303,2.437377961397289e-5,2.5165630363751613e-12,500.0000000000001,228758.16993464046,1.4186409419784896,142857.14285714287,1.0929687505901203e-12,2.946695488005132e-11,-0.06119999999999979,true,0,0
low_seed,752,751,-4.61219912188983,2.442310508557064e-5,2.345337082380183e-12,500.0000000000001,228758.16993464046,1.418640941978428,142857.14285714284,1.0185226701723875e-12,2.9366394972563774e-11,-0.06119999999999986,true,0,0
low_seed,753,752,-4.611322882929548,2.447243124693082e-5,2.1857591207821835e-12,500.0000000000001,228758.16993464052,1.4186409419783712,142857.1428571428,9.492839580740183e-13,2.8342413425201224e-11,-0.061199999999999866,true,0,0
low_seed,754,753,-4.610448396179377,2.4521758093947143e-5,2.0370369318810536e-12,500.0000000000001,228758.16993464052,1.4186409419783184,142857.14285714287,8.846740178150846e-13,2.897019593001126e-11,-0.061199999999999845,true,0,0
low_seed,755,754,-4.609575654694116,2.457108562251066e-5,1.8984321658443195e-12,500.0000000000001,228758.16993464052,1.418640941978268,142857.14285714284,8.244999839022779e-13,2.8747585591075315e-11,-0.06119999999999993,true,0,0
low_seed,756,755,-4.6087046515690595,2.462041382856899e-5,1.7692566804946094e-12,500.0000000000001,228758.16993464055,1.4186409419782213,142857.14285714287,7.683761253489794e-13,2.864534521697757e-11,-0.061199999999999886,true,0,0
low_seed,757,756,-4.607835379940252,2.466974270809376e-5,1.6488691279976144e-12,500.0000000000001,228758.16993464052,1.4186409419781785,142857.14285714287,7.161095766618806e-13,2.848518924820003e-11,-0.06119999999999994,true,0,0
low_seed,758,757,-4.60696783298401,2.4719072257089613e-5,1.5366717735421935e-12,500.0000000000001,228758.16993464052,1.418640941978138,142857.14285714284,6.674110396010172e-13,2.8266197529057244e-11,-0.061199999999999935,true,0,0
low_seed,759,758,-4.606102003916612,2.476840247159349e-5,1.4321075302477372e-12,500.0000000000001,228758.16993464052,1.4186409419781005,142857.14285714287,6.219912159264248e-13,2.8136405860142152e-11,-0.061199999999999935,true,0,0
low_seed,760,759,-4.605237885994037,2.4817733347671847e-5,1.3346571956067762e-12,500.0000000000001,228758.16993464046,1.418640941978065,142857.14285714287,5.796572401447941e-13,2.7984072227887553e-11,-0.061200000000000004,true,0,0
low_seed,761,760,-4.604375472511624,2.4867064881422186e-5,1.243836875768457e-12,500.0000000000001,228758.16993464052,1.4186409419780324,142857.14285714284,5.402162467628155e-13,2.7761479241335944e-11,-0.06119999999999994,true,0,0
low_seed,762,761,-4.603514756803735,2.491639706897456e-5,1.1591955848985148e-12,500.0000000000001,228758.16993464052,1.4186409419780022,142857.14285714287,5.034753702871794e-13,2.769031006876115e-11,-0.06119999999999988,true,0,0
low_seed,763,762,-4.60265573224355,2.496572990648601e-5,1.0803130077187686e-12,500.0000000000001,228758.16993464046,1.4186409419779744,142857.14285714287,4.691453124779208e-13,2.7537779579567386e-11,-0.061199999999999984,true,0,0
low_seed,764,763,-4.601798392242764,2.501506339014032e-5,1.006797414137237e-12,500.0000000000001,228758.16993464052,1.418640941977948,142857.14285714284,4.3722607333504027e-13,2.6623236971046654e-11,-0.06119999999999995,true,0,0
low_seed,765,764,-4.600942730250977,2.506439751616609e-5,9.382837156336524e-13,500.0000000000001,228758.16993464052,1.4186409419779227,142857.14285714287,4.075247873652279e-13,2.6433895490523127e-11,-0.061199999999999914,true,0,0
low_seed,766,765,-4.600088739755836,2.511373228081129e-5,8.744316537660996e-13,500.0000000000001,228758.16993464052,1.4186409419779,142857.14285714287,3.7975215632851845e-13,2.7041721427391404e-11,-0.06119999999999991,true,0,0
low_seed,767,766,-4.599236414282767,2.5163067680341735e-5,8.14924111820831e-13,500.0000000000001,228758.16993464055,1.4186409419778787,142857.14285714284,3.5390818022491215e-13,2.689558761856006e-11,-0.061199999999999914,true,0,0
low_seed,768,767,-4.598385747394222,2.5212403711067785e-5,7.594655412361749e-13,500.0000000000001,228758.16993464046,1.4186409419778585,142857.14285714287,3.2979999356109895e-13,2.6702006213995492e-11,-0.0612,true,0,0
low_seed,769,768,-4.597536732689837,2.5261740369318462e-5,7.077804949996291e-13,500.0000000000001,228758.16993464052,1.4186409419778396,142857.14285714287,3.074275963370791e-13,2.5778090140563325e-11,-0.06119999999999989,true,0,0
low_seed,770,769,-4.596689363805701,2.531107765146733e-5,6.596122607486899e-13,500.0000000000001,228758.16993464052,1.4186409419778232,142857.14285714287,2.865016903128871e-13,2.57641679403097e-11,-0.06119999999999996,true,0,0
low_seed,771,770,-4.595843634414604,2.536041555390159e-5,6.147215867982114e-13,500.0000000000001,228758.16993464052,1.4186409419778068,142857.14285714287,2.6692584274186785e-13,2.6248098243970986e-11,-0.0612,true,0,0
low_seed,772,771,-4.594999538225589,2.5409754073031773e-5,5.728854947791783e-13,500.0000000000001,228758.16993464052,1.4186409419777917,142857.14285714287,2.4879648637067683e-13,2.6191561215581984e-11,-0.06119999999999998,true,0,0
low_seed,773,772,-4.594157068983435,2.5459093205305698e-5,5.338961730017005e-13,500.0000000000001,228758.16993464052,1.4186409419777777,142857.14285714284,2.3182432295934835e-13,2.597394936510107e-11,-0.061200000000000025,true,0,0
low_seed,774,773,-4.593316220468574,2.5508432947197252e-5,4.975599450554394e-13,500.0000000000001,228758.16993464052,1.418640941977764,142857.14285714284,2.1610578525453787e-13,2.5824768349453058e-11,-0.061200000000000004,true,0,0
low_seed,775,774,-4.59247698649684,2.5557773295205064e-5,4.63696308533665e-13,500.0000000000001,228758.16993464055,1.4186409419777526,142857.14285714287,2.0135157501627966e-13,2.5638112070253468e-11,-0.06119999999999996,true,0,0
low_seed,776,775,-4.59163936091915,2.5607114245855517e-5,4.3213703911453243e-13,500.0000000000001,228758.16993464055,1.4186409419777413,142857.14285714287,1.8765812499122914e-13,2.549677835376617e-11,-0.06120000000000002,true,0,0
low_seed,777,776,-4.5908033376212645,2.565645579570095e-5,4.0272535555692204e-13,500.0000000000001,228758.16993464052,1.41864094197773,142857.14285714284,1.7492900243273106e-13,2.5395655401343946e-11,-0.06119999999999995,true,0,0
low_seed,778,777,-4.589968910523532,2.570579794131905e-5,3.7531514147027406e-13,500.0000000000001,228758.16993464055,1.4186409419777213,142857.14285714284,1.6297134184747495e-13,2.5224504983018144e-11,-0.061200000000000004,true,0,0
low_seed,779,778,-4.589136073580673,2.5755140679310232e-5,3.497702199991579e-13,500.0000000000001,228758.16993464052,1.418640941977711,142857.14285714287,1.5188157598211616e-13,2.4423517013168236e-11,-0.061200000000000025,true,0,0
low_seed,780,779,-4.58830482078126,2.5804484006312953e-5,3.2596367782559976e-13,500.0000000000001,228758.16993464055,1.4186409419777024,142857.14285714287,1.4156327208999948e-13,2.418818306007071e-11,-0.061199999999999935,true,0,0
low_seed,781,780,-4.587475146147784,2.585382791898448e-5,3.037772351364698e-13,500.0000000000001,228758.16993464052,1.4186409419776946,142857.14285714284,1.3191999742446965e-13,2.4792053195325433e-11,-0.061199999999999984,true,0,0
low_seed,782,781,-4.586647043736594,2.5903172413989335e-5,2.8310065843139665e-13,500.0000000000001,228758.16993464052,1.418640941977687,142857.14285714284,1.229517519855267e-13,2.391702554017482e-11,-0.061199999999999984,true,0,0
low_seed,783,782,-4.585820507636728,2.595251748805372e-5,2.6383121325898526e-13,500.0000000000001,228758.16993464052,1.4186409419776809,142857.14285714287,1.145621030265154e-13,2.45302291189829e-11,-0.06119999999999996,true,0,0
low_seed,784,783,-4.584995531970891,2.600186313789244e-5,2.458731541664037e-13,500.0000000000001,228758.16993464052,1.4186409419776733,142857.14285714287,1.0675105054743577e-13,2.4399902029394874e-11,-0.061200000000000004,true,0,0
low_seed,785,784,-4.5841721108942615,2.6051209360265024e-5,2.2913724933311113e-13,500.0000000000001,228758.16993464055,1.4186409419776682,142857.14285714284,9.951859454828783e-14,2.42091559297366e-11,-0.06119999999999999,true,0,0
low_seed,786,785,-4.583350238594653,2.6100556151951773e-5,2.1354033753020361e-13,500.0000000000001,228758.16993464052,1.418640941977662,142857.14285714284,9.276830228241631e-14,2.4141750592327095e-11,-0.06119999999999997,true,0,0
low_seed,787,786,-4.582529909292258,2.6149903509754138e-5,1.9900491520793486e-13,500.0000000000001,228758.16993464046,1.4186409419776567,142857.14285714287,8.640374100316592e-14,2.3971899783544263e-11,-0.06119999999999998,true,0,0
low_seed,788,787,-4.581711117239314,2.619925143050041e-5,1.8545875166301493e-13,500.0000000000001,228758.16993464052,1.4186409419776518,142857.14285714287,8.052134345719201e-14,2.3896733861920616e-11,-0.06120000000000004,true,0,0
low_seed,789,788,-4.580893856719969,2.624859991103941e-5,1.7283453037657462e-13,500.0000000000001,228758.16993464055,1.418640941977648,142857.14285714284,7.502467689783926e-14,2.3690310226422752e-11,-0.06119999999999998,true,0,0
low_seed,790,789,-4.58007812204994,2.6297948948246844e-5,1.6106951474347244e-13,500.0000000000001,228758.16993464052,1.418640941977643,142857.14285714284,6.991374132510768e-14,2.3610868543586454e-11,-0.06119999999999997,true,0,0
low_seed,791,790,-4.579263907576396,2.6347298539017977e-5,1.501052365345207e-13,500.0000000000001,228758.16993464055,1.4186409419776391,142857.14285714287,6.518853673899732e-14,2.3428425116215195e-11,-0.06119999999999995,true,0,0
low_seed,792,791,-4.578451207677689,2.6396648680270034e-5,1.3988720554599046e-13,500.0000000000001,228758.16993464052,1.4186409419776356,142857.14285714287,6.075263039285284e-14,2.2741122237834584e-11,-0.061200000000000004,true,0,0
low_seed,793,792,-4.5776400167628735,2.6445999368957118e-5,1.303646389958246e-13,500.0000000000001,228758.16993464055,1.418640941977633,142857.14285714284,5.660602228667426e-14,2.320790249646195e-11,-0.061199999999999984,true,0,0
low_seed,794,793,-4.576830329272111,2.649535060203206e-5,1.2149020932376485e-13,500.0000000000001,228758.16993464052,1.4186409419776291,142857.14285714284,5.27487124204616e-14,2.3055554920658443e-11,-0.06119999999999995,true,0,0
low_seed,795,794,-4.576022139675769,2.6544702376487198e-5,1.1321980914419929e-13,500.0000000000001,228758.16993464052,1.4186409419776267,142857.14285714287,4.918070079421486e-14,2.2972961454638956e-11,-0.061199999999999956,true,0,0
low_seed,796,795,-4.575215442474655,2.659405468932642e-5,1.0551233218519745e-13,500.0000000000001,228758.16993464052,1.418640941977624,142857.14285714287,4.580555466127872e-14,2.2156699803935795e-11,-0.0612,true,0,0
low_seed,797,796,-4.574410232199371,2.6643407537591248e-5,9.832946912684319e-14,500.0000000000001,228758.16993464046,1.4186409419776203,142857.14285714284,4.271970676830852e-14,2.203360653613558e-11,-0.06119999999999998,true,0,0
low_seed,798,797,-4.573606503410517,2.669276091833472e-5,9.163551732562133e-14,500.0000000000001,228758.16993464055,1.4186409419776191,142857.14285714284,3.9826724368648934e-14,2.2583117524934297e-11,-0.06119999999999996,true,0,0
low_seed,799,798,-4.572804250698457,2.674211482862223e-5,8.539720348066249e-14,500.0000000000001,228758.16993464052,1.4186409419776165,142857.14285714287,3.712660746229997e-14,2.247636235178301e-11,-0.06120000000000003,true,0,0
low_seed,800,799,-4.572003468682742,2.679146926555396e-5,7.958351836176415e-14,500.0000000000001,228758.16993464055,1.418640941977614,142857.14285714287,3.452292330260631e-14,2.2299491352166233e-11,-0.06119999999999995,true,0,0
low_seed,801,800,-4.571204152012165,2.6840824226247983e-5,7.41655627789218e-14,500.0000000000001,228758.16993464052,1.4186409419776127,142857.14285714284,3.2208537382878595e-14,2.218311300736944e-11,-0.06120000000000002,true,0,0
low_seed,802,801,-4.5704062953646005,2.6890179707837324e-5,6.911640402893049e-14,500.0000000000001,228758.16993464055,1.4186409419776103,142857.14285714284,2.9990584209806193e-14,2.1407000448673967e-11,-0.06119999999999994,true,0,0
low_seed,803,802,-4.569609893446383,2.693953570749509e-5,6.441094210656363e-14,500.0000000000001,228758.16993464052,1.4186409419776091,142857.14285714287,2.7965496530044427e-14,2.201615999387396e-11,-0.06119999999999997,true,0,0
low_seed,804,803,-4.568814940992892,2.6988892222385613e-5,6.002578501623387e-14,500.0000000000001,228758.16993464052,1.4186409419776065,142857.14285714287,2.6036841596937973e-14,2.186077469959737e-11,-0.06120000000000002,true,0,0
low_seed,805,804,-4.568021432767539,2.7038249249714124e-5,5.593913256531091e-14,500.0000000000001,228758.16993464052,1.4186409419776052,142857.14285714284,2.4301052157142157e-14,2.1719084878867815e-11,-0.06120000000000002,true,0,0
low_seed,806,805,-4.5672293635619825,2.7087606786700845e-5,5.213066806219422e-14,500.0000000000001,228758.16993464052,1.4186409419776038,142857.14285714284,2.2661695464001657e-14,2.1627434856028552e-11,-0.061200000000000004,true,0,0
low_seed,807,806,-4.566438728195928,2.7136964830580717e-5,4.8581457381585086e-14,500.0000000000001,228758.16993464055,1.4186409419776027,142857.14285714287,2.1118771517516473e-14,2.0872847721354466e-11,-0.06119999999999996,true,0,0
low_seed,808,807,-4.565649521516618,2.7186323378622725e-5,4.5273854895907354e-14,500.0000000000001,228758.16993464052,1.4186409419776014,142857.14285714287,1.967228031768661e-14,2.077578505794769e-11,-0.06119999999999996,true,0,0
low_seed,809,808,-4.564861738399076,2.723568242810206e-5,4.2191415805864965e-14,500.0000000000001,228758.16993464052,1.4186409419776003,142857.14285714284,1.832222186451207e-14,2.072366591336199e-11,-0.06120000000000004,true,0,0
low_seed,810,809,-4.564075373745651,2.728504197631625e-5,3.9318814434957344e-14,500.0000000000001,228758.16993464055,1.4186409419776003,142857.14285714284,1.7068596157992848e-14,2.0524163431079945e-11,-0.06119999999999995,true,0,0
low_seed,811,810,-4.563290422485821,2.7334402020585346e-5,3.664176808228976e-14,500.0000000000001,228758.16993464046,1.418640941977599,142857.14285714287,1.5911403198128947e-14,2.0443256732771056e-11,-0.06120000000000002,true,0,0
low_seed,812,811,-4.5625068795760955,2.7383762558245534e-5,3.4146966055635995e-14,500.0000000000001,228758.16993464052,1.4186409419775976,142857.14285714287,1.4850642984920367e-14,2.0316393895222208e-11,-0.06119999999999998,true,0,0
low_seed,813,812,-4.561724739999679,2.7433123586658454e-5,3.182200353242345e-14,500.0000000000001,228758.16993464052,1.4186409419775976,142857.14285714284,1.3789882771711787e-14,2.0901167568117922e-11,-0.06119999999999999,true,0,0
low_seed,814,813,-4.560943998766631,2.748248510318896e-5,2.9655319920239233e-14,500.0000000000001,228758.16993464052,1.4186409419775963,142857.14285714284,1.2921988051813855e-14,2.0734302222796207e-11,-0.06119999999999996,true,0,0
low_seed,815,814,-4.560164650913179,2.753184710523648e-5,2.7636141410833616e-14,500.0000000000001,228758.16993464055,1.4186409419775952,142857.14285714287,1.1957660585260595e-14,2.0637016337942632e-11,-0.0612,true,0,0
low_seed,816,815,-4.559386691501957,2.7581209590208073e-5,2.5754427442356626e-14,500.0000000000001,228758.16993464055,1.4186409419775952,142857.14285714287,1.1186198612017987e-14,1.98806556598906e-11,-0.061199999999999984,true,0,0
low_seed,817,816,-4.558610115621348,2.7630572555548476e-5,2.4000820804009047e-14,500.0000000000001,228758.16993464052,1.4186409419775938,142857.14285714284,1.0414736638775376e-14,2.049600897979164e-11,-0.06119999999999997,true,0,0
low_seed,818,817,-4.55783491838607,2.7679935998690986e-5,2.2366601135322525e-14,500.0000000000001,228758.16993464055,1.4186409419775938,142857.14285714284,9.73970741218809e-15,2.029779149954724e-11,-0.06119999999999996,true,0,0
low_seed,819,818,-4.557061094936185,2.7729299917108928e-5,2.084364158919223e-14,500.0000000000001,228758.16993464052,1.4186409419775925,142857.14285714287,9.064678185600804e-15,2.024702112755293e-11,-0.061199999999999984,true,0,0
low_seed,820,819,-4.55628864043747,2.77786643082805e-5,1.9424368443414755e-14,500.0000000000001,228758.16993464055,1.4186409419775925,142857.14285714287,8.389648959013516e-15,1.9450835608416436e-11,-0.0612,true,0,0
low_seed,821,820,-4.555517550080784,2.7828029169717564e-5,1.8101723460191708e-14,500.0000000000001,228758.16993464052,1.4186409419775925,142857.14285714284,7.907485225736882e-15,1.931156814238041e-11,-0.06119999999999999,true,0,0
low_seed,822,821,-4.5547478190823,2.7877394498939694e-5,1.686912880664455e-14,500.0000000000001,228758.16993464052,1.4186409419775914,142857.14285714284,7.32888874580492e-15,1.9825514543378598e-11,-0.06119999999999997,true,0,0
low_seed,823,822,-4.553979442683309,2.792676029347518e-5,1.572045436214072e-14,500.0000000000001,228758.16993464052,1.4186409419775914,142857.14285714287,6.846725012528284e-15,1.9755075394978457e-11,-0.061200000000000004,true,0,0
low_seed,824,823,-4.553212416149719,2.7976126550881954e-5,1.464998725005665e-14,500.0000000000001,228758.16993464052,1.4186409419775914,142857.14285714287,6.364561279251649e-15,1.9633984234641155e-11,-0.06120000000000003,true,0,0
low_seed,825,824,-4.552446734772199,2.8025493268727378e-5,1.365240344264832e-14,500.0000000000001,228758.16993464055,1.41864094197759,142857.14285714284,5.8823975459750115e-15,1.8908527257413665e-11,-0.06119999999999996,true,0,0
low_seed,826,825,-4.551682393865619,2.8074860444613e-5,1.2722741298006068e-14,500.0000000000001,228758.16993464052,1.41864094197759,142857.14285714284,5.496666559353702e-15,1.9507947825925938e-11,-0.061200000000000025,true,0,0
low_seed,827,826,-4.55091938876958,2.812422807612943e-5,1.1856376897640336e-14,500.0000000000001,228758.16993464046,1.41864094197759,142857.14285714287,5.110935572732392e-15,1.938077014115081e-11,-0.06120000000000008,true,0,0
low_seed,828,827,-4.550157714847585,2.817359616089896e-5,1.1049001062217621e-14,500.0000000000001,228758.16993464052,1.41864094197759,142857.14285714287,4.821637332766409e-15,1.86396483345549e-11,-0.06119999999999995,true,0,0
low_seed,829,828,-4.549397367486922,2.8222964696572505e-5,1.0296597931260923e-14,500.0000000000001,228758.16993464055,1.418640941977589,142857.14285714284,4.435906346145098e-15,1.9134435482092394e-11,-0.06119999999999997,true,0,0
low_seed,830,829,-4.548638342099075,2.8272333680791802e-5,9.595425000418612e-15,500.0000000000001,228758.16993464052,1.418640941977589,142857.14285714284,4.1466081061791144e-15,1.9068624244637418e-11,-0.06119999999999997,true,0,0
low_seed,831,830,-4.547880634118989,2.8321703111226714e-5,8.941994517144435e-15,500.0000000000001,228758.16993464055,1.418640941977589,142857.14285714287,3.857309866213131e-15,1.833913056678014e-11,-0.06119999999999994,true,0,0
low_seed,832,831,-4.547124239004874,2.8371072985577214e-5,8.333056142359864e-15,500.0000000000001,228758.16993464052,1.418640941977589,142857.14285714287,3.664444372902476e-15,1.8877248958959226e-11,-0.061199999999999956,true,0,0
low_seed,833,832,-4.546369152238666,2.8420443301532963e-5,7.765580791966114e-15,500.0000000000001,228758.16993464055,1.4186409419775876,142857.14285714284,3.3751461329364917e-15,1.8832912161835375e-11,-0.06119999999999996,true,0,0
low_seed,834,833,-4.545615369325213,2.8469814056815655e-5,7.236745577942756e-15,500.0000000000001,228758.16993464052,1.4186409419775876,142857.14285714284,3.1822806396258358e-15,1.871007959500846e-11,-0.06119999999999995,true,0,0
low_seed,835,834,-4.544862885792478,2.851918524915562e-5,6.7439197742065e-15,500.0000000000001,228758.16993464052,1.4186409419775876,142857.14285714287,2.8929823996598517e-15,1.7985400390892594e-11,-0.06119999999999997,true,0,0
low_seed,836,835,-4.544111697191088,2.856855687631085e-5,6.2846517375159564e-15,500.0000000000001,228758.16993464052,1.4186409419775876,142857.14285714287,2.7001169063491955e-15,1.7884348484251137e-11,-0.061200000000000004,true,0,0
low_seed,837,836,-4.543361799094564,2.8617928936041767e-5,5.856656718434637e-15,500.0000000000001,228758.16993464046,1.4186409419775876,142857.14285714284,2.507251413038539e-15,1.7795870205221296e-11,-0.061200000000000004,true,0,0
low_seed,838,837,-4.5426131870988975,2.8667301426128674e-5,5.457805501797895e-15,500.0000000000001,228758.16993464055,1.4186409419775876,142857.14285714284,2.410818666383211e-15,1.7735404547185246e-11,-0.06119999999999998,true,0,0
low_seed,839,838,-4.541865856822494,2.8716674344365488e-5,5.086113820238858e-15,500.0000000000001,228758.16993464052,1.4186409419775876,142857.14285714287,2.2179531730725548e-15,1.754129303631779e-11,-0.06119999999999995,true,0,0
low_seed,840,839,-4.541119803905874,2.8766047688569374e-5,4.73973248817409e-15,500.0000000000001,228758.16993464055,1.4186409419775876,142857.14285714287,2.025087679761898e-15,1.8206738958210867e-11,-0.061200000000000025,true,0,0
low_seed,841,840,-4.540375024011996,2.8815421456549328e-5,4.416938207225412e-15,500.0000000000001,228758.16993464052,1.4186409419775876,142857.14285714284,1.92865493310657e-15,1.7437695464284326e-11,-0.0612,true,0,0
low_seed,842,841,-4.539631512825221,2.886479564616471e-5,4.1161249973939185e-15,500.0000000000001,228758.16993464055,1.4186409419775863,142857.14285714284,1.8322221864512418e-15,1.803822489511633e-11,-0.061199999999999956,true,0,0
low_seed,843,842,-4.538889266052225,2.8914170255255205e-5,3.835796211399935e-15,500.0000000000001,228758.16993464052,1.4186409419775863,142857.14285714287,1.639356693140585e-15,1.7910315023960618e-11,-0.06119999999999999,true,0,0
low_seed,844,843,-4.538148279421028,2.8963545281695014e-5,3.574557092514939e-15,500.0000000000001,228758.16993464052,1.4186409419775863,142857.14285714287,1.5429239464852566e-15,1.7803320886732627e-11,-0.06119999999999998,true,0,0
low_seed,845,844,-4.537408548681305,2.90129207233629e-5,3.331107838896063e-15,500.0000000000001,228758.16993464052,1.4186409419775863,142857.14285714284,1.4464911998299282e-15,1.709198552764049e-11,-0.061199999999999984,true,0,0
low_seed,846,845,-4.536670069603837,2.9062296578168752e-5,3.104237139960576e-15,500.0000000000001,228758.16993464052,1.4186409419775863,142857.14285714284,1.3500584531745999e-15,1.7541665829785016e-11,-0.06119999999999998,true,0,0
low_seed,847,846,-4.535932837980984,2.9111672844012714e-5,2.8928161526758014e-15,500.0000000000001,228758.16993464055,1.4186409419775863,142857.14285714287,1.2536257065192714e-15,1.75136614644699e-11,-0.06119999999999994,true,0,0
low_seed,848,847,-4.535196849625969,2.916104951882316e-5,2.6957928878317596e-15,500.0000000000001,228758.16993464052,1.4186409419775863,142857.14285714287,1.157192959863943e-15,1.740250827326219e-11,-0.061199999999999984,true,0,0
low_seed,849,848,-4.5344621003729815,2.9210426600540486e-5,2.5121869783938548e-15,500.0000000000001,228758.16993464052,1.4186409419775863,142857.14285714284,1.0607602132086145e-15,1.7321618823779784e-11,-0.06119999999999996,true,0,0
low_seed,850,849,-4.533728586077024,2.925980408711804e-5,2.34108480393651e-15,500.0000000000001,228758.16993464055,1.4186409419775863,142857.14285714284,1.0607602132086145e-15,1.7292983828637186e-11,-0.061199999999999956,true,0,0
low_seed,851,850,-4.532996302613768,2.930918197652238e-5,2.18163494692502e-15,500.0000000000001,228758.16993464046,1.4186409419775863,142857.14285714287,9.64327466553286e-16,1.7242857783970967e-11,-0.06120000000000001,true,0,0
low_seed,852,851,-4.532265245879413,2.9358560266733285e-5,2.0330439582625383e-15,500.0000000000001,228758.16993464052,1.4186409419775863,142857.14285714287,8.678947198979575e-16,1.7070534320346223e-11,-0.06120000000000002,true,0,0
low_seed,853,852,-4.531535411790577,2.9407938955742197e-5,1.894572411055494e-15,500.0000000000001,228758.16993464052,1.4186409419775863,142857.14285714284,8.678947198979575e-16,1.6418672114699028e-11,-0.061199999999999956,true,0,0
low_seed,854,853,-4.530806796283925,2.9457318041567965e-5,1.7655312229829064e-15,500.0000000000001,228758.16993464052,1.4186409419775863,142857.14285714284,7.71461973242629e-16,1.693507633309993e-11,-0.061199999999999984,true,0,0
low_seed,855,854,-4.5300793953166,2.950669752221876e-5,1.645278228989302e-15,500.0000000000001,228758.16993464055,1.4186409419775863,142857.14285714287,6.750292265873004e-16,1.6861507655728972e-11,-0.06119999999999996,true,0,0
low_seed,856,855,-4.529353204865491,2.95560773957322e-5,1.5332149872660207e-15,500.0000000000001,228758.16993464055,1.4186409419775863,142857.14285714287,6.750292265873004e-16,1.676493117351822e-11,-0.06119999999999994,true,0,0
low_seed,857,856,-4.528628220927411,2.9605457660154828e-5,1.4287838026429602e-15,500.0000000000001,228758.16993464052,1.4186409419775863,142857.14285714284,5.785964799319719e-16,1.6646986835462022e-11,-0.061200000000000004,true,0,0
low_seed,858,857,-4.527904439518954,2.96548383135424e-5,1.3314649525948124e-15,500.0000000000001,228758.16993464055,1.4186409419775863,142857.14285714284,5.785964799319719e-16,1.5955376171337173e-11,-0.06119999999999996,true,0,0
low_seed,859,858,-4.527181856676135,2.9704219353975893e-5,1.2407741020723008e-15,500.0000000000001,228758.16993464052,1.4186409419775863,142857.14285714287,5.785964799319719e-16,1.5937764286869368e-11,-0.06119999999999993,true,0,0
low_seed,860,859,-4.526460468454652,2.9753600779534615e-5,1.1562598943063298e-15,500.0000000000001,228758.16993464055,1.4186409419775863,142857.14285714287,4.821637332766433e-16,1.5790045888764637e-11,-0.0612,true,0,0
low_seed,861,860,-4.525740270929382,2.9802982588321977e-5,1.0775017056093062e-15,500.0000000000001,228758.16993464052,1.4186409419775863,142857.14285714284,4.821637332766433e-16,1.6351907589926255e-11,-0.06120000000000002,true,0,0
low_seed,862,861,-4.525021260194706,2.9852364778434365e-5,1.0041075530107461e-15,500.0000000000001,228758.16993464052,1.4186409419775863,142857.14285714284,4.821637332766433e-16,1.5662396881021948e-11,-0.06119999999999992,true,0,0
low_seed,863,862,-4.524303432363654,2.9901747348011432e-5,9.357121443261972e-16,500.0000000000001,228758.16993464052,1.4186409419775863,142857.14285714287,3.857309866213147e-16,1.6193484672998886e-11,-0.06119999999999992,true,0,0
low_seed,864,863,-4.523586783568658,2.995113029517541e-5,8.719750609635834e-16,500.0000000000001,228758.16993464052,1.4186409419775863,142857.14285714287,3.857309866213147e-16,1.616215956474694e-11,-0.06119999999999996,true,0,0
low_seed,865,864,-4.522878745280337,3.000000000000001e-5,8.131755049443905e-16,500.0000000000001,228758.16993464055,1.4186409419775863,142857.14285714284,3.857309866213147e-16,4.850495990253411e-16,-0.061200000000000004,true,0,0
